2026-03-30 05:07:34,421 [INFO] Activator:176 - 


2026-03-30 05:07:34,425 [INFO] Activator:177 - !SESSION log4j initialized
2026-03-30 05:07:39,337 [INFO] LogOutputStream:77 - [STDOUT_REDIRECT] 
2026-03-30 05:07:41,222 [INFO] ApplicationProperties:184 - Using Application install path: /opt/st/stm32cubeide_1.19.0/plugins/com.st.stm32cube.common.mx_6.15.0.202507011659
2026-03-30 05:07:41,244 [INFO] DbMcusXml:78 - Set database path to: /opt/st/stm32cubeide_1.19.0/plugins/com.st.stm32cube.common.mx_6.15.0.202507011659//db//mcu/
2026-03-30 05:07:41,244 [INFO] ApiDb:274 - Set plugin database path to: /opt/st/stm32cubeide_1.19.0/plugins/com.st.stm32cube.common.mx_6.15.0.202507011659//db//plugins/boardmanager/
2026-03-30 05:07:41,244 [WARN] ApiDb:259 - Overriding images path with different value:  => /opt/st/stm32cubeide_1.19.0/plugins/com.st.stm32cube.common.mx_6.15.0.202507011659//db//plugins/mcufinder/images/
2026-03-30 05:07:41,251 [INFO] ApiDb:250 - Set database path to: /home/sunbeam/.stmcufinder/plugins/mcufinder//mcu/
2026-03-30 05:07:41,254 [INFO] DbMcusAds:125 - Set database path to: /home/sunbeam/.stmcufinder/plugins/mcufinder//mcu/
2026-03-30 05:07:41,366 [INFO] CrossReferenceDbSqlite:203 - Set database path to: /home/sunbeam/.stmcufinder/plugins/mcufinder//mcu/cs/
2026-03-30 05:07:41,522 [INFO] RulesReader:64 - Compatibility file has been processed (317 Rules)
2026-03-30 05:07:41,583 [INFO] DbMcusXml:78 - Set database path to: /opt/st/stm32cubeide_1.19.0/plugins/com.st.stm32cube.common.mx_6.15.0.202507011659//db//mcu/
2026-03-30 05:07:41,583 [INFO] ApiDb:274 - Set plugin database path to: /opt/st/stm32cubeide_1.19.0/plugins/com.st.stm32cube.common.mx_6.15.0.202507011659//db//plugins/boardmanager/
2026-03-30 05:07:41,583 [INFO] ApiDb:261 - Set plugin images path to: /opt/st/stm32cubeide_1.19.0/plugins/com.st.stm32cube.common.mx_6.15.0.202507011659//db//plugins/mcufinder/images/
2026-03-30 05:07:41,584 [WARN] DbFile:41 - Overriding database path with different value: /home/sunbeam/.stmcufinder/plugins/mcufinder/ => /home/sunbeam/.stmcufinder/plugins/mcufinder
2026-03-30 05:07:41,584 [INFO] ApiDb:250 - Set database path to: /home/sunbeam/.stmcufinder/plugins/mcufinder//mcu/
2026-03-30 05:07:41,584 [WARN] DbFile:41 - Overriding database path with different value: /home/sunbeam/.stmcufinder/plugins/mcufinder/ => /home/sunbeam/.stmcufinder/plugins/mcufinder
2026-03-30 05:07:41,584 [INFO] DbMcusAds:125 - Set database path to: /home/sunbeam/.stmcufinder/plugins/mcufinder//mcu/
2026-03-30 05:07:41,584 [WARN] DbFile:41 - Overriding database path with different value: /home/sunbeam/.stmcufinder/plugins/mcufinder/ => /home/sunbeam/.stmcufinder/plugins/mcufinder
2026-03-30 05:07:41,584 [WARN] DbFile:41 - Overriding database path with different value: /home/sunbeam/.stmcufinder/plugins/mcufinder/ => /home/sunbeam/.stmcufinder/plugins/mcufinder
2026-03-30 05:07:41,981 [INFO] CrossReferenceDbSqlite:203 - Set database path to: /home/sunbeam/.stmcufinder/plugins/mcufinder//mcu/cs/
2026-03-30 05:07:42,096 [INFO] MainPanel:274 - HeapMemory: 268435456
2026-03-30 05:07:42,256 [INFO] DbMcusXml:78 - Set database path to: /opt/st/stm32cubeide_1.19.0/plugins/com.st.stm32cube.common.mx_6.15.0.202507011659//db//mcu/
2026-03-30 05:07:42,256 [INFO] ApiDb:274 - Set plugin database path to: /opt/st/stm32cubeide_1.19.0/plugins/com.st.stm32cube.common.mx_6.15.0.202507011659//db//plugins/boardmanager/
2026-03-30 05:07:42,256 [INFO] ApiDb:261 - Set plugin images path to: /opt/st/stm32cubeide_1.19.0/plugins/com.st.stm32cube.common.mx_6.15.0.202507011659//db//plugins/mcufinder/images/
2026-03-30 05:07:42,257 [WARN] DbFile:41 - Overriding database path with different value: /home/sunbeam/.stmcufinder/plugins/mcufinder/ => /home/sunbeam/.stmcufinder/plugins/mcufinder
2026-03-30 05:07:42,257 [INFO] ApiDb:250 - Set database path to: /home/sunbeam/.stmcufinder/plugins/mcufinder//mcu/
2026-03-30 05:07:42,257 [WARN] DbFile:41 - Overriding database path with different value: /home/sunbeam/.stmcufinder/plugins/mcufinder/ => /home/sunbeam/.stmcufinder/plugins/mcufinder
2026-03-30 05:07:42,257 [INFO] DbMcusAds:125 - Set database path to: /home/sunbeam/.stmcufinder/plugins/mcufinder//mcu/
2026-03-30 05:07:42,257 [WARN] DbFile:41 - Overriding database path with different value: /home/sunbeam/.stmcufinder/plugins/mcufinder/ => /home/sunbeam/.stmcufinder/plugins/mcufinder
2026-03-30 05:07:42,257 [WARN] DbFile:41 - Overriding database path with different value: /home/sunbeam/.stmcufinder/plugins/mcufinder/ => /home/sunbeam/.stmcufinder/plugins/mcufinder
2026-03-30 05:07:42,390 [INFO] CrossReferenceDbSqlite:203 - Set database path to: /home/sunbeam/.stmcufinder/plugins/mcufinder//mcu/cs/
2026-03-30 05:07:42,419 [INFO] ApplicationProperties:184 - Using Application install path: /opt/st/stm32cubeide_1.19.0/plugins/com.st.stm32cube.common.mx_6.15.0.202507011659
2026-03-30 05:07:42,423 [INFO] PluginManage:196 - Search for loadable plugins [exclusion list=, ]
2026-03-30 05:07:42,425 [INFO] PluginManage:310 - Check plugin analytics
2026-03-30 05:07:42,841 [INFO] AnalyticsPlugin:253 - Accepted Software Licenses: 
2026-03-30 05:07:42,841 [INFO] AnalyticsPlugin:255 - Accepted CMSIS Pack Licenses: 
2026-03-30 05:07:42,841 [INFO] AnalyticsPlugin:257 - Accepted Firmware Licenses: FW.F4.1.28.0
2026-03-30 05:07:42,843 [INFO] PluginManage:359 - Loaded plugin analytics (category:tool,tabindex:-1)
2026-03-30 05:07:42,844 [INFO] PluginManage:310 - Check plugin cadmodel
2026-03-30 05:07:42,850 [INFO] CADModel:105 - Init CAD model plugin
2026-03-30 05:07:42,850 [INFO] PluginManage:359 - Loaded plugin cadmodel (category:power,tabindex:5)
2026-03-30 05:07:42,851 [INFO] PluginManage:310 - Check plugin clock
2026-03-30 05:07:42,860 [INFO] PluginManage:359 - Loaded plugin clock (category:base,tabindex:2)
2026-03-30 05:07:42,861 [INFO] PluginManage:310 - Check plugin ddr
2026-03-30 05:07:42,863 [INFO] PluginManage:359 - Loaded plugin ddr (category:tool,tabindex:6)
2026-03-30 05:07:42,863 [INFO] PluginManage:310 - Check plugin filemanager
2026-03-30 05:07:43,034 [INFO] PluginManage:359 - Loaded plugin filemanager (category:base,tabindex:10)
2026-03-30 05:07:43,034 [INFO] PluginManage:310 - Check plugin ipmanager
2026-03-30 05:07:43,041 [INFO] PluginManage:359 - Loaded plugin ipmanager (category:base,tabindex:5)
2026-03-30 05:07:43,041 [INFO] PluginManage:310 - Check plugin lpbam
2026-03-30 05:07:43,054 [INFO] PluginManage:359 - Loaded plugin lpbam (category:base,tabindex:0)
2026-03-30 05:07:43,054 [INFO] PluginManage:310 - Check plugin memorymap
2026-03-30 05:07:43,065 [INFO] PluginManage:359 - Loaded plugin memorymap (category:base,tabindex:4)
2026-03-30 05:07:43,065 [INFO] PluginManage:310 - Check plugin pinoutandconfiguration
2026-03-30 05:07:43,075 [INFO] PluginManage:359 - Loaded plugin pinoutandconfiguration (category:base,tabindex:1)
2026-03-30 05:07:43,075 [INFO] PluginManage:310 - Check plugin pinoutconfig
2026-03-30 05:07:43,160 [WARN] SupportedApi:132 - Cannot load RTOS API schema: s4s-elt-must-match.1: The content of 'definitions' must match (annotation?, (simpleType | complexType)?, (unique | key | keyref)*)). A problem was found starting at: attribute.
2026-03-30 05:07:43,293 [INFO] PluginManage:359 - Loaded plugin pinoutconfig (category:base,tabindex:0)
2026-03-30 05:07:43,294 [INFO] PluginManage:310 - Check plugin power
2026-03-30 05:07:43,304 [INFO] PluginManage:359 - Loaded plugin power (category:power,tabindex:4)
2026-03-30 05:07:43,304 [INFO] PluginManage:310 - Check plugin projectmanager
2026-03-30 05:07:43,318 [INFO] PluginManage:359 - Loaded plugin projectmanager (category:projectmanager,tabindex:4)
2026-03-30 05:07:43,318 [INFO] PluginManage:310 - Check plugin rif
2026-03-30 05:07:43,329 [INFO] PluginManage:359 - Loaded plugin rif (category:base,tabindex:3)
2026-03-30 05:07:43,329 [INFO] PluginManage:310 - Check plugin thirdparty
2026-03-30 05:07:43,475 [INFO] PluginManage:359 - Loaded plugin thirdparty (category:base,tabindex:-1)
2026-03-30 05:07:43,474 [WARN] IntegrityCheckThread:84 - waiting for thirdparty lock release [integrity check]
2026-03-30 05:07:43,475 [INFO] IntegrityCheckThread:86 - entering critical section [integrity check]
2026-03-30 05:07:43,475 [INFO] PluginManage:310 - Check plugin tools
2026-03-30 05:07:43,475 [INFO] ThirdPartyUpdaterWithRetryManager:70 - Updater plugin not ready yet. [1/15]
2026-03-30 05:07:43,477 [INFO] PluginManage:359 - Loaded plugin tools (category:base,tabindex:7)
2026-03-30 05:07:43,477 [INFO] PluginManage:310 - Check plugin tutovideos
2026-03-30 05:07:43,675 [INFO] PluginManage:359 - Loaded plugin tutovideos (category:base,tabindex:-1)
2026-03-30 05:07:43,675 [INFO] PluginManage:310 - Check plugin updater
2026-03-30 05:07:43,702 [INFO] PluginManage:359 - Loaded plugin updater (category:base,tabindex:12)
2026-03-30 05:07:43,702 [INFO] PluginManage:310 - Check plugin userauth
2026-03-30 05:07:43,707 [INFO] UserAuth:118 - Init User Auth plugin
2026-03-30 05:07:43,708 [INFO] PluginManage:359 - Loaded plugin userauth (category:base,tabindex:14)
2026-03-30 05:07:43,708 [INFO] PluginManage:283 - PluginManage : Loaded plugins [18]
2026-03-30 05:07:43,887 [INFO] PinOutPanel:1589 - setPackage(No Configuration,No Configuration)
2026-03-30 05:07:43,967 [INFO] CADModel:165 - CPN selected for project level
2026-03-30 05:07:43,967 [INFO] CADModel:114 - Register for checkConnection events
2026-03-30 05:07:43,977 [INFO] IPUIPlugin:80 - create IPUIPlugin
2026-03-30 05:07:43,977 [INFO] PluginManager:220 - loadIPPluginJar : add dfsdm
2026-03-30 05:07:43,982 [INFO] IPUIPlugin:80 - create IPUIPlugin
2026-03-30 05:07:43,982 [INFO] PluginManager:220 - loadIPPluginJar : add gfxmmu
2026-03-30 05:07:43,985 [INFO] IPUIPlugin:80 - create IPUIPlugin
2026-03-30 05:07:43,985 [INFO] PluginManager:220 - loadIPPluginJar : add i3c
2026-03-30 05:07:43,988 [INFO] IPUIPlugin:80 - create IPUIPlugin
2026-03-30 05:07:43,988 [INFO] PluginManager:220 - loadIPPluginJar : add sai
2026-03-30 05:07:43,993 [INFO] IPUIPlugin:80 - create IPUIPlugin
2026-03-30 05:07:43,994 [INFO] PluginManager:220 - loadIPPluginJar : add dma
2026-03-30 05:07:43,995 [INFO] IPUIPlugin:80 - create IPUIPlugin
2026-03-30 05:07:43,995 [INFO] PluginManager:220 - loadIPPluginJar : add quadspi
2026-03-30 05:07:43,999 [INFO] IPUIPlugin:80 - create IPUIPlugin
2026-03-30 05:07:43,999 [INFO] PluginManager:220 - loadIPPluginJar : add opamp
2026-03-30 05:07:44,000 [INFO] IPUIPlugin:80 - create IPUIPlugin
2026-03-30 05:07:44,001 [INFO] PluginManager:220 - loadIPPluginJar : add comp
2026-03-30 05:07:44,007 [INFO] IPUIPlugin:80 - create IPUIPlugin
2026-03-30 05:07:44,009 [INFO] PluginManager:220 - loadIPPluginJar : add plateformsettings
2026-03-30 05:07:44,011 [INFO] IPUIPlugin:80 - create IPUIPlugin
2026-03-30 05:07:44,011 [INFO] PluginManager:220 - loadIPPluginJar : add ltdc
2026-03-30 05:07:44,014 [INFO] IPUIPlugin:80 - create IPUIPlugin
2026-03-30 05:07:44,014 [INFO] PluginManager:220 - loadIPPluginJar : add nvic
2026-03-30 05:07:44,015 [INFO] IPUIPlugin:80 - create IPUIPlugin
2026-03-30 05:07:44,015 [INFO] PluginManager:220 - loadIPPluginJar : add fatfs
2026-03-30 05:07:44,020 [INFO] IPUIPlugin:80 - create IPUIPlugin
2026-03-30 05:07:44,020 [INFO] PluginManager:220 - loadIPPluginJar : add gpio
2026-03-30 05:07:44,022 [INFO] IPUIPlugin:80 - create IPUIPlugin
2026-03-30 05:07:44,022 [INFO] PluginManager:220 - loadIPPluginJar : add aes
2026-03-30 05:07:44,028 [INFO] IPUIPlugin:80 - create IPUIPlugin
2026-03-30 05:07:44,028 [INFO] PluginManager:220 - loadIPPluginJar : add mdma
2026-03-30 05:07:44,030 [INFO] IPUIPlugin:80 - create IPUIPlugin
2026-03-30 05:07:44,030 [INFO] PluginManager:220 - loadIPPluginJar : add pdm2pcm
2026-03-30 05:07:44,037 [INFO] IPUIPlugin:80 - create IPUIPlugin
2026-03-30 05:07:44,037 [INFO] PluginManager:220 - loadIPPluginJar : add linkedlist
2026-03-30 05:07:44,039 [INFO] IPUIPlugin:80 - create IPUIPlugin
2026-03-30 05:07:44,039 [INFO] PluginManager:220 - loadIPPluginJar : add usart
2026-03-30 05:07:44,041 [INFO] IPUIPlugin:80 - create IPUIPlugin
2026-03-30 05:07:44,042 [INFO] PluginManager:220 - loadIPPluginJar : add i2c
2026-03-30 05:07:44,044 [INFO] IPUIPlugin:80 - create IPUIPlugin
2026-03-30 05:07:44,044 [INFO] PluginManager:220 - loadIPPluginJar : add lorawan
2026-03-30 05:07:44,046 [INFO] IPUIPlugin:80 - create IPUIPlugin
2026-03-30 05:07:44,047 [INFO] PluginManager:220 - loadIPPluginJar : add usbx
2026-03-30 05:07:44,050 [INFO] IPUIPlugin:80 - create IPUIPlugin
2026-03-30 05:07:44,051 [INFO] PluginManager:220 - loadIPPluginJar : add fmc
2026-03-30 05:07:44,053 [INFO] IPUIPlugin:80 - create IPUIPlugin
2026-03-30 05:07:44,054 [INFO] PluginManager:220 - loadIPPluginJar : add extmemmanager
2026-03-30 05:07:44,059 [INFO] IPUIPlugin:80 - create IPUIPlugin
2026-03-30 05:07:44,060 [INFO] PluginManager:220 - loadIPPluginJar : add freertos
2026-03-30 05:07:44,062 [INFO] IPUIPlugin:80 - create IPUIPlugin
2026-03-30 05:07:44,062 [INFO] PluginManager:220 - loadIPPluginJar : add can
2026-03-30 05:07:44,065 [INFO] IPUIPlugin:80 - create IPUIPlugin
2026-03-30 05:07:44,065 [INFO] PluginManager:220 - loadIPPluginJar : add touchsensing
2026-03-30 05:07:44,067 [INFO] IPUIPlugin:80 - create IPUIPlugin
2026-03-30 05:07:44,067 [INFO] PluginManager:220 - loadIPPluginJar : add tracer_emb
2026-03-30 05:07:44,069 [INFO] IPUIPlugin:80 - create IPUIPlugin
2026-03-30 05:07:44,069 [INFO] PluginManager:220 - loadIPPluginJar : add ucpd
2026-03-30 05:07:44,070 [INFO] IPUIPlugin:80 - create IPUIPlugin
2026-03-30 05:07:44,071 [INFO] PluginManager:220 - loadIPPluginJar : add ts
2026-03-30 05:07:44,072 [INFO] IPUIPlugin:80 - create IPUIPlugin
2026-03-30 05:07:44,072 [INFO] PluginManager:220 - loadIPPluginJar : add tsc
2026-03-30 05:07:44,074 [INFO] IPUIPlugin:80 - create IPUIPlugin
2026-03-30 05:07:44,075 [INFO] PluginManager:220 - loadIPPluginJar : add resmgrutility
2026-03-30 05:07:44,076 [INFO] IPUIPlugin:80 - create IPUIPlugin
2026-03-30 05:07:44,077 [INFO] PluginManager:220 - loadIPPluginJar : add cryp
2026-03-30 05:07:44,079 [INFO] IPUIPlugin:80 - create IPUIPlugin
2026-03-30 05:07:44,079 [INFO] PluginManager:220 - loadIPPluginJar : add openamp
2026-03-30 05:07:44,084 [INFO] IPUIPlugin:80 - create IPUIPlugin
2026-03-30 05:07:44,084 [INFO] PluginManager:220 - loadIPPluginJar : add adc
2026-03-30 05:07:44,086 [INFO] IPUIPlugin:80 - create IPUIPlugin
2026-03-30 05:07:44,086 [INFO] PluginManager:220 - loadIPPluginJar : add spi
2026-03-30 05:07:44,089 [INFO] IPUIPlugin:80 - create IPUIPlugin
2026-03-30 05:07:44,090 [INFO] PluginManager:220 - loadIPPluginJar : add ipddr
2026-03-30 05:07:44,096 [INFO] IPUIPlugin:80 - create IPUIPlugin
2026-03-30 05:07:44,096 [INFO] PluginManager:220 - loadIPPluginJar : add stm32_wpan
2026-03-30 05:07:44,102 [INFO] IPUIPlugin:80 - create IPUIPlugin
2026-03-30 05:07:44,102 [INFO] PluginManager:220 - loadIPPluginJar : add gic
2026-03-30 05:07:44,104 [INFO] IPUIPlugin:80 - create IPUIPlugin
2026-03-30 05:07:44,105 [INFO] PluginManager:220 - loadIPPluginJar : add ddr_ctrl_phy
2026-03-30 05:07:44,106 [INFO] IPUIPlugin:80 - create IPUIPlugin
2026-03-30 05:07:44,106 [INFO] PluginManager:220 - loadIPPluginJar : add genericplugin
2026-03-30 05:07:44,108 [INFO] IPUIPlugin:80 - create IPUIPlugin
2026-03-30 05:07:44,108 [INFO] PluginManager:220 - loadIPPluginJar : add hash
2026-03-30 05:07:44,109 [INFO] IPUIPlugin:80 - create IPUIPlugin
2026-03-30 05:07:44,110 [INFO] PluginManager:220 - loadIPPluginJar : add tim
2026-03-30 05:07:44,111 [INFO] IPUIPlugin:80 - create IPUIPlugin
2026-03-30 05:07:44,111 [INFO] PluginManager:220 - loadIPPluginJar : add radio
2026-03-30 05:07:44,114 [INFO] IPUIPlugin:80 - create IPUIPlugin
2026-03-30 05:07:44,114 [INFO] PluginManager:220 - loadIPPluginJar : add gtzc
2026-03-30 05:07:44,116 [INFO] IPUIPlugin:80 - create IPUIPlugin
2026-03-30 05:07:44,116 [INFO] PluginManager:220 - loadIPPluginJar : add i2s
2026-03-30 05:07:44,117 [INFO] IPUIPlugin:80 - create IPUIPlugin
2026-03-30 05:07:44,118 [INFO] PluginManager:220 - loadIPPluginJar : add dma3
2026-03-30 05:07:44,222 [FATAL] Updater:351 - Updater called before beeing initialized
2026-03-30 05:07:44,275 [INFO] RulesReader:64 - Compatibility file has been processed (317 Rules)
2026-03-30 05:07:44,294 [INFO] RulesReader:64 - Compatibility file has been processed (317 Rules)
2026-03-30 05:07:44,304 [INFO] CADModel:165 - CPN selected for project level
2026-03-30 05:07:44,304 [INFO] CADModel:114 - Register for checkConnection events
2026-03-30 05:07:44,304 [FATAL] Updater:351 - Updater called before beeing initialized
2026-03-30 05:07:44,304 [ERROR] CADModel:125 - Updater not yet initialized, retry later 
2026-03-30 05:07:44,463 [FATAL] Updater:351 - Updater called before beeing initialized
2026-03-30 05:07:44,465 [INFO] CADModel:165 - CPN selected for project level
2026-03-30 05:07:44,465 [INFO] CADModel:114 - Register for checkConnection events
2026-03-30 05:07:44,465 [FATAL] Updater:351 - Updater called before beeing initialized
2026-03-30 05:07:44,465 [ERROR] CADModel:125 - Updater not yet initialized, retry later 
2026-03-30 05:07:44,469 [FATAL] Updater:351 - Updater called before beeing initialized
2026-03-30 05:07:44,560 [FATAL] Updater:351 - Updater called before beeing initialized
2026-03-30 05:07:44,566 [INFO] DbMcusAds:53 - JSON generation date=Thu Mar 05 20:02:52 IST 2026 (1772721172890)
2026-03-30 05:07:44,566 [FATAL] Updater:351 - Updater called before beeing initialized
2026-03-30 05:07:44,599 [WARN] DetailPanel:346 - Failed to get advertising image, set to default
2026-03-30 05:07:44,672 [FATAL] Updater:351 - Updater called before beeing initialized
2026-03-30 05:07:44,675 [FATAL] Updater:351 - Updater called before beeing initialized
2026-03-30 05:07:44,675 [FATAL] Updater:351 - Updater called before beeing initialized
2026-03-30 05:07:44,675 [WARN] DetailPanel:346 - Failed to get advertising image, set to default
2026-03-30 05:07:44,676 [FATAL] Updater:351 - Updater called before beeing initialized
2026-03-30 05:07:44,708 [ERROR] Updater:1198 - MainUpdater not yet initialized. External WinMGr cannot be set.
2026-03-30 05:07:44,710 [INFO] Updater:1134 - Updater Version found : 6.15.0
2026-03-30 05:07:44,729 [INFO] ApplicationProperties:184 - Using Application install path: /opt/st/stm32cubeide_1.19.0/plugins/com.st.stm32cube.common.mx_6.15.0.202507011659
2026-03-30 05:07:45,271 [INFO] MainUpdater:2872 - connection check result : 10
2026-03-30 05:07:45,271 [INFO] MainUpdater:3604 - Updater definition file requires update
2026-03-30 05:07:45,272 [INFO] MainUpdater:289 - Updater Check For Update Now.
2026-03-30 05:07:45,272 [INFO] MicroXplorer:498 - Change Database Version : DB.6.0.150
2026-03-30 05:07:45,279 [INFO] McuFinderGlobals:63 - Set McuFinder mode to 2 (CubeIDE integrated)
2026-03-30 05:07:45,280 [INFO] UserAuth:171 - activating auth plugin
2026-03-30 05:07:45,284 [INFO] UserAuth:487 - Internet connection configuration mode: 1
2026-03-30 05:07:45,314 [INFO] JxBrowserEngine:152 - Initiate JxBrowser Engine with user profile folder
2026-03-30 05:07:45,361 [INFO] ServerAccessManage:452 - Complete download http(s) 200
2026-03-30 05:07:45,362 [INFO] ServerAccessManage:509 - Download File updaters.zip
2026-03-30 05:07:46,018 [INFO] FileExtend:248 - Unzip File : updaters.zip
2026-03-30 05:07:46,018 [INFO] FileExtend:263 - Standard Zip Deflate
2026-03-30 05:07:46,281 [INFO] ServerAccessManage:452 - Complete download http(s) 200
2026-03-30 05:07:46,282 [INFO] ServerAccessManage:509 - Download File PacksControlFlags.xml
2026-03-30 05:07:46,383 [INFO] ServerAccessManage:452 - Complete download http(s) 200
2026-03-30 05:07:46,383 [INFO] ServerAccessManage:509 - Download File cubemx.pidx
2026-03-30 05:07:46,476 [WARN] MainUpdater:1193 - Updater busy. Cannot search thirdparties
2026-03-30 05:07:46,476 [INFO] ThirdPartyUpdaterWithRetryManager:96 - Updater plugin is busy. [1/15]
2026-03-30 05:07:46,496 [INFO] LoadServerUpdatesThread:375 - End of LoadServerUpdate Thread
2026-03-30 05:07:46,523 [INFO] WebApp:169 - Instantiating new browser for Auth
2026-03-30 05:07:46,672 [INFO] CheckServerUpdateThread:120 - End of CheckServer Thread
2026-03-30 05:07:47,358 [INFO] WebApp:463 - Apply proxy settings
2026-03-30 05:07:47,359 [INFO] WebApp:548 - Chromium requires no authentication
2026-03-30 05:07:47,366 [INFO] WebApp:491 - Direct internet connection detected
2026-03-30 05:07:47,383 [INFO] WebApp:900 - Register for checkConnection events
2026-03-30 05:07:47,383 [INFO] WebApp:463 - Apply proxy settings
2026-03-30 05:07:47,384 [INFO] WebApp:548 - Chromium requires no authentication
2026-03-30 05:07:47,384 [INFO] WebApp:491 - Direct internet connection detected
2026-03-30 05:07:47,513 [INFO] WebApp:225 - Starting web application
2026-03-30 05:07:47,514 [INFO] WebApp:593 - Web application path used /opt/st/stm32cubeide_1.19.0/plugins/com.st.stm32cube.common.mx_6.15.0.202507011659/db/plugins/mcufinder/reactClient1/index.html
2026-03-30 05:07:47,703 [INFO] WebApp:191 - Connection restablished
2026-03-30 05:07:49,497 [INFO] McuFinderGlobals:63 - Set McuFinder mode to 2 (CubeIDE integrated)
2026-03-30 05:07:49,616 [WARN] PackLoader:240 - Cannot read IP mode file for STMicroelectronics.FP-SNS-MOTENVWB1.1.4.0
2026-03-30 05:07:49,625 [WARN] PackLoader:240 - Cannot read IP mode file for STMicroelectronics.FP-ATR-ASTRA1.2.0.2
2026-03-30 05:07:49,632 [WARN] PackLoader:240 - Cannot read IP mode file for STMicroelectronics.X-CUBE-SMBUS.2.1.0
2026-03-30 05:07:49,636 [WARN] PackLoader:240 - Cannot read IP mode file for STMicroelectronics.X-CUBE-ST60.1.0.0
2026-03-30 05:07:49,673 [WARN] PackLoader:240 - Cannot read IP mode file for STMicroelectronics.X-CUBE-AZRTOS-F7.1.1.0
2026-03-30 05:07:49,683 [WARN] PackLoader:240 - Cannot read IP mode file for STMicroelectronics.FP-SNS-MOTENV1.5.1.0
2026-03-30 05:07:49,699 [INFO] MainUpdater:2872 - connection check result : 10
2026-03-30 05:07:49,701 [INFO] McuFinderGlobals:76 - Set McuFinderConnectedMode to true
2026-03-30 05:07:49,718 [WARN] PackLoader:240 - Cannot read IP mode file for Infineon.AIROC-Wi-Fi-Bluetooth-STM32.1.7.1
2026-03-30 05:07:49,775 [WARN] PackLoader:240 - Cannot read IP mode file for STMicroelectronics.X-CUBE-AZRTOS-H7.3.4.0
2026-03-30 05:07:49,794 [WARN] PackLoader:240 - Cannot read IP mode file for STMicroelectronics.X-CUBE-DISPLAY.3.0.0
2026-03-30 05:07:49,809 [WARN] PackLoader:240 - Cannot read IP mode file for STMicroelectronics.FP-SNS-MOTENVWB1.1.5.0
2026-03-30 05:07:49,820 [WARN] PackLoader:240 - Cannot read IP mode file for STMicroelectronics.X-CUBE-NFC10.1.0.0
2026-03-30 05:07:49,837 [WARN] PackLoader:240 - Cannot read IP mode file for STMicroelectronics.X-CUBE-BLEMGR.4.0.0
2026-03-30 05:07:49,848 [WARN] PackLoader:240 - Cannot read IP mode file for STMicroelectronics.X-CUBE-ST60.1.1.0
2026-03-30 05:07:49,855 [WARN] PackLoader:240 - Cannot read IP mode file for emotas.I-CUBE-CANOPEN.1.3.0
2026-03-30 05:07:49,861 [WARN] PackLoader:240 - Cannot read IP mode file for STMicroelectronics.X-CUBE-GNSS1.7.1.0
2026-03-30 05:07:49,867 [WARN] ConditionMgr:438 - getConditionDescription Invalid condition id : Cortex-A Device cause : null
2026-03-30 05:07:49,877 [WARN] ConditionMgr:1044 - genDependencies : Invalid condition id : Cortex-A Device cause : null
2026-03-30 05:07:49,878 [WARN] ConditionMgr:1044 - genDependencies : Invalid condition id : Cortex-A Device cause : null
2026-03-30 05:07:49,878 [WARN] ConditionMgr:1044 - genDependencies : Invalid condition id : Cortex-A Device cause : null
2026-03-30 05:07:49,885 [WARN] PackLoader:240 - Cannot read IP mode file for STMicroelectronics.FP-SNS-STBOX1.2.1.0
2026-03-30 05:07:49,893 [WARN] PackLoader:240 - Cannot read IP mode file for STMicroelectronics.FP-SNS-SMARTAG2.1.2.0
2026-03-30 05:07:49,898 [WARN] PackLoader:240 - Cannot read IP mode file for STMicroelectronics.FP-SNS-FLIGHT1.5.1.0
2026-03-30 05:07:49,910 [INFO] LogOutputStream:77 - [STDOUT_REDIRECT] 1 : Invalid condition id : UX_CORESTACK_Condition cause : null
2026-03-30 05:07:49,911 [INFO] LogOutputStream:77 - [STDOUT_REDIRECT] 1 : Invalid condition id : UX_CORESTACK_Condition cause : null
2026-03-30 05:07:49,912 [INFO] LogOutputStream:77 - [STDOUT_REDIRECT] 1 : Invalid condition id : UX_CORESTACK_Condition cause : null
2026-03-30 05:07:49,913 [INFO] LogOutputStream:77 - [STDOUT_REDIRECT] 1 : Invalid condition id : UX_CORESTACK_Condition cause : null
2026-03-30 05:07:49,913 [INFO] LogOutputStream:77 - [STDOUT_REDIRECT] 1 : Invalid condition id : UX_CORESTACK_Condition cause : null
2026-03-30 05:07:49,917 [WARN] PackLoader:240 - Cannot read IP mode file for STMicroelectronics.X-CUBE-AZRTOS-WL.2.0.0
2026-03-30 05:07:49,925 [WARN] PackLoader:240 - Cannot read IP mode file for STMicroelectronics.FP-SNS-MOTENV1.5.0.0
2026-03-30 05:07:49,950 [WARN] PackLoader:240 - Cannot read IP mode file for STMicroelectronics.X-CUBE-AZRTOS-H7RS.1.2.0
2026-03-30 05:07:49,961 [WARN] PackLoader:240 - Cannot read IP mode file for WES.I-CUBE-Cesium.1.3.0
2026-03-30 05:07:49,966 [WARN] PackLoader:240 - Cannot read IP mode file for STMicroelectronics.X-CUBE-BLE2.3.3.0
2026-03-30 05:07:49,981 [WARN] PackLoader:240 - Cannot read IP mode file for STMicroelectronics.X-CUBE-NFC9.1.0.0
2026-03-30 05:07:49,987 [WARN] PackLoader:240 - Cannot read IP mode file for wolfSSL.I-CUBE-wolfSSL.5.8.0
2026-03-30 05:07:49,993 [WARN] PackLoader:240 - Cannot read IP mode file for STMicroelectronics.X-CUBE-BLE1.7.1.0
2026-03-30 05:07:49,996 [WARN] PackLoader:240 - Cannot read IP mode file for wolfSSL.I-CUBE-wolfMQTT.1.19.2
2026-03-30 05:07:50,002 [WARN] PackLoader:240 - Cannot read IP mode file for STMicroelectronics.X-CUBE-FREERTOS.1.4.0
2026-03-30 05:07:50,008 [WARN] PackLoader:240 - Cannot read IP mode file for STMicroelectronics.X-CUBE-EEPRMA1.5.2.0
2026-03-30 05:07:50,017 [WARN] PackLoader:240 - Cannot read IP mode file for STMicroelectronics.X-CUBE-ST67W61.1.1.0
2026-03-30 05:07:50,021 [WARN] PackLoader:240 - Cannot read IP mode file for STMicroelectronics.X-CUBE-AI.10.1.0
2026-03-30 05:07:50,069 [WARN] PackLoader:240 - Cannot read IP mode file for STMicroelectronics.X-CUBE-MEMS1.12.0.0
2026-03-30 05:07:50,115 [INFO] ServerAccessManage:452 - Complete download http(s) 200
2026-03-30 05:07:50,116 [INFO] ServerAccessManage:509 - Download File mcusAds.json._tmp_
2026-03-30 05:07:50,188 [WARN] PackLoader:240 - Cannot read IP mode file for STMicroelectronics.X-CUBE-AZRTOS-G0.1.1.0
2026-03-30 05:07:50,193 [WARN] PackLoader:240 - Cannot read IP mode file for STMicroelectronics.X-CUBE-SAFEA1.1.2.2
2026-03-30 05:07:50,197 [WARN] PackLoader:240 - Cannot read IP mode file for STMicroelectronics.X-CUBE-NFC4.3.0.0
2026-03-30 05:07:50,203 [WARN] PackLoader:240 - Cannot read IP mode file for EmbeddedOffice.I-CUBE-FS-RTOS.1.0.1
2026-03-30 05:07:50,207 [WARN] PackLoader:240 - Cannot read IP mode file for STMicroelectronics.X-CUBE-WB05N.2.0.0
2026-03-30 05:07:50,210 [WARN] PackLoader:240 - Cannot read IP mode file for wolfSSL.I-CUBE-wolfTPM.3.8.0
2026-03-30 05:07:50,214 [WARN] PackLoader:240 - Cannot read IP mode file for STMicroelectronics.X-CUBE-TCPP.4.2.0
2026-03-30 05:07:50,219 [WARN] PackLoader:240 - Cannot read IP mode file for RealThread.X-CUBE-RT-Thread_Nano.4.1.1
2026-03-30 05:07:50,219 [INFO] LoadUrlFilesThread:156 - End of LoadUrlFiles Thread
2026-03-30 05:07:50,223 [WARN] PackLoader:240 - Cannot read IP mode file for STMicroelectronics.FP-ATR-SIGFOX1.3.2.0
2026-03-30 05:07:50,228 [WARN] PackLoader:240 - Cannot read IP mode file for STMicroelectronics.X-CUBE-EEPRMA1.5.1.0
2026-03-30 05:07:50,235 [WARN] PackLoader:240 - Cannot read IP mode file for ITTIA_DB.I-CUBE-ITTIADB.8.9.0
2026-03-30 05:07:50,241 [WARN] PackLoader:240 - Cannot read IP mode file for STMicroelectronics.X-CUBE-NFC6.3.2.0
2026-03-30 05:07:50,250 [WARN] PackLoader:240 - Cannot read IP mode file for STMicroelectronics.X-CUBE-ST67W61.1.0.0
2026-03-30 05:07:50,254 [WARN] PackLoader:240 - Cannot read IP mode file for STMicroelectronics.X-CUBE-AI.10.2.0
2026-03-30 05:07:50,282 [WARN] PackLoader:240 - Cannot read IP mode file for SEGGER.I-CUBE-embOS.1.3.1
2026-03-30 05:07:50,330 [WARN] PackLoader:240 - Cannot read IP mode file for STMicroelectronics.X-CUBE-ALGOBUILD.1.4.0
2026-03-30 05:07:50,380 [WARN] PackLoader:240 - Cannot read IP mode file for STMicroelectronics.X-CUBE-MEMS1.11.3.0
2026-03-30 05:07:50,505 [WARN] PackLoader:240 - Cannot read IP mode file for STMicroelectronics.X-CUBE-PM33A1.1.0.0
2026-03-30 05:07:50,518 [WARN] PackLoader:240 - Cannot read IP mode file for STMicroelectronics.X-CUBE-AZRTOS-F4.1.1.0
2026-03-30 05:07:50,522 [WARN] PackLoader:240 - Cannot read IP mode file for Avnet-IotConnect.X-CUBE-IoTC-DA16k-PMOD.1.0.0
2026-03-30 05:07:50,525 [WARN] PackLoader:240 - Cannot read IP mode file for STMicroelectronics.X-CUBE-ISPU.2.1.0
2026-03-30 05:07:50,536 [WARN] PackLoader:240 - Cannot read IP mode file for STMicroelectronics.X-CUBE-IPS.3.2.0
2026-03-30 05:07:50,546 [WARN] PackLoader:240 - Cannot read IP mode file for STMicroelectronics.X-CUBE-NFC12.1.0.0
2026-03-30 05:07:50,557 [WARN] PackLoader:240 - Cannot read IP mode file for STMicroelectronics.X-CUBE-AZRTOS-L5.2.0.0
2026-03-30 05:07:50,563 [WARN] PackLoader:240 - Cannot read IP mode file for STMicroelectronics.X-CUBE-NFC6.3.1.0
2026-03-30 05:07:50,567 [WARN] PackLoader:240 - Cannot read IP mode file for STMicroelectronics.X-CUBE-FREERTOS.1.3.1
2026-03-30 05:07:50,571 [WARN] PackLoader:240 - Cannot read IP mode file for STMicroelectronics.X-CUBE-TOUCHGFX.4.26.0
2026-03-30 05:07:50,573 [WARN] PackLoader:240 - Cannot read IP mode file for STMicroelectronics.FP-SNS-STAIOTCFT.1.0.0
2026-03-30 05:07:50,577 [WARN] PackLoader:240 - Cannot read IP mode file for STMicroelectronics.X-CUBE-DPower.1.3.0
2026-03-30 05:07:50,588 [WARN] ConditionMgr:438 - getConditionDescription Invalid condition id : LAN8742 Phy interface Condition cause : null
2026-03-30 05:07:50,589 [WARN] PackLoader:240 - Cannot read IP mode file for STMicroelectronics.X-CUBE-AZRTOS-L4.2.0.0
2026-03-30 05:07:50,589 [WARN] ConditionMgr:1044 - genDependencies : Invalid condition id : LAN8742 Phy interface Condition cause : null
2026-03-30 05:07:50,590 [WARN] ConditionMgr:1044 - genDependencies : Invalid condition id : LAN8742 Phy interface Condition cause : null
2026-03-30 05:07:50,590 [WARN] ConditionMgr:1044 - genDependencies : Invalid condition id : LAN8742 Phy interface Condition cause : null
2026-03-30 05:07:50,594 [WARN] PackLoader:240 - Cannot read IP mode file for STMicroelectronics.X-CUBE-SFXS2LP1.4.0.0
2026-03-30 05:07:50,613 [WARN] PackLoader:240 - Cannot read IP mode file for STMicroelectronics.X-CUBE-ST67W61.1.2.0
2026-03-30 05:07:50,623 [WARN] PackLoader:240 - Cannot read IP mode file for STMicroelectronics.X-CUBE-BLEMGR.4.1.0
2026-03-30 05:07:50,638 [WARN] ConditionMgr:438 - getConditionDescription Invalid condition id : UX DEVICE CLASS RTOS Condition cause : null
2026-03-30 05:07:50,638 [WARN] ConditionMgr:438 - getConditionDescription Invalid condition id : UX DEVICE CLASS RTOS Condition cause : null
2026-03-30 05:07:50,639 [WARN] PackLoader:240 - Cannot read IP mode file for STMicroelectronics.X-CUBE-AZRTOS-WB.2.0.0
2026-03-30 05:07:50,639 [WARN] ConditionMgr:1044 - genDependencies : Invalid condition id : UX DEVICE CLASS RTOS Condition cause : null
2026-03-30 05:07:50,640 [WARN] ConditionMgr:1044 - genDependencies : Invalid condition id : UX DEVICE CLASS RTOS Condition cause : null
2026-03-30 05:07:50,640 [WARN] ConditionMgr:1044 - genDependencies : Invalid condition id : UX DEVICE CLASS RTOS Condition cause : null
2026-03-30 05:07:50,640 [WARN] ConditionMgr:1044 - genDependencies : Invalid condition id : UX DEVICE CLASS RTOS Condition cause : null
2026-03-30 05:07:50,640 [WARN] ConditionMgr:1044 - genDependencies : Invalid condition id : UX DEVICE CLASS RTOS Condition cause : null
2026-03-30 05:07:50,644 [WARN] PackLoader:240 - Cannot read IP mode file for STMicroelectronics.X-CUBE-GNSS1.7.0.1
2026-03-30 05:07:50,647 [WARN] PackLoader:240 - Cannot read IP mode file for STMicroelectronics.X-CUBE-TOUCHGFX.4.25.0
2026-03-30 05:07:50,650 [WARN] PackLoader:240 - Cannot read IP mode file for STMicroelectronics.FP-SNS-STBOX1.2.0.0
2026-03-30 05:07:50,656 [WARN] PackLoader:240 - Cannot read IP mode file for STMicroelectronics.X-CUBE-STSE01.2.0.0
2026-03-30 05:07:50,665 [WARN] PackLoader:240 - Cannot read IP mode file for STMicroelectronics.X-CUBE-SUBG2.5.0.0
2026-03-30 05:07:50,684 [WARN] PackLoader:240 - Cannot read IP mode file for STMicroelectronics.X-CUBE-AZRTOS-H7RS.1.1.0
2026-03-30 05:07:50,689 [WARN] PackLoader:240 - Cannot read IP mode file for Cesanta.I-CUBE-Mongoose.7.13.0
2026-03-30 05:07:50,698 [WARN] PackLoader:240 - Cannot read IP mode file for STMicroelectronics.X-CUBE-AZRTOS-G4.2.0.0
2026-03-30 05:07:50,703 [WARN] PackLoader:240 - Cannot read IP mode file for wolfSSL.I-CUBE-wolfSSH.1.4.20
2026-03-30 05:07:50,707 [WARN] PackLoader:240 - Cannot read IP mode file for STMicroelectronics.X-CUBE-NFC7.2.0.0
2026-03-30 05:07:50,719 [WARN] PackLoader:240 - Cannot read IP mode file for STMicroelectronics.X-CUBE-IPS.3.1.0
2026-03-30 05:07:50,730 [WARN] PackLoader:240 - Cannot read IP mode file for STMicroelectronics.X-CUBE-ALS.1.0.2
2026-03-30 05:07:50,737 [WARN] PackLoader:240 - Cannot read IP mode file for STMicroelectronics.X-CUBE-STSE01.1.0.0
2026-03-30 05:07:50,742 [WARN] PackLoader:240 - Cannot read IP mode file for portGmbH.I-Cube-SoM-uGOAL.1.1.0
2026-03-30 05:07:50,753 [WARN] PackLoader:240 - Cannot read IP mode file for STMicroelectronics.X-CUBE-TOF1.3.4.3
2026-03-30 05:07:50,765 [INFO] ThirdParty:978 - Integrity check success = true
2026-03-30 05:07:50,765 [INFO] IntegrityCheckThread:100 - exiting critical section [integrity check]
2026-03-30 05:07:50,765 [INFO] IntegrityCheckThread:103 - End integrity checks thread
2026-03-30 05:07:51,300 [INFO] ServerAccessManage:452 - Complete download http(s) 200
2026-03-30 05:07:51,301 [INFO] ServerAccessManage:509 - Download File cube-finder-db.zip
2026-03-30 05:07:53,320 [ERROR] ServerAccessManage:740 - User Cancel Download : cube-finder-db.zip.
2026-03-30 05:07:53,420 [INFO] ProgressBarDialog:492 - /home/sunbeam/.stmcufinder/plugins/mcufinder/mcu/cube-finder-db.zip.tmp : file deleted.
2026-03-30 05:07:53,420 [INFO] LoadUrlFilesThread:156 - End of LoadUrlFiles Thread
2026-03-30 05:07:55,029 [INFO] DbMcusAds:53 - JSON generation date=Thu Mar 05 20:02:52 IST 2026 (1772721172890)
2026-03-30 05:07:55,067 [ERROR] TargetSelectorAdapter:267 - Unable to refresh data
2026-03-30 05:07:55,421 [INFO] ApiDb:581 - Connected to CubeFinder SQLite database (/home/sunbeam/.stmcufinder/plugins/mcufinder/mcu/cube-finder-db.db)
2026-03-30 05:07:55,477 [INFO] ApiDb:668 - CubeFinder database Data Model version=2.1
2026-03-30 05:07:55,477 [INFO] ApiDb:669 - CubeFinder database Configuration version=3.0.42
2026-03-30 05:07:55,477 [INFO] ApiDb:670 - CubeFinder database generation date=2026-03-11 (1773229989)
2026-03-30 05:07:55,478 [INFO] ApiDb:671 - CubeFinder database FW Pack versions=[FP-ATR-ASTRA1_V2.0.0, FP-SNS-FLIGHT1_V5.1.0, FP-SNS-MOTENV1_V5.1.0, FP-SNS-MOTENVWB1_V1.5.0, FP-SNS-SMARTAG2_V1.2.0, FP-SNS-STBOX1_V2.1.0, STM32Cube_FW_C0_V1.4.0, STM32Cube_FW_F4_V1.28.3, STM32Cube_FW_F7_V1.17.4, STM32Cube_FW_G0_V1.6.3, STM32Cube_FW_G4_V1.6.2, STM32Cube_FW_H5_V1.6.0, STM32Cube_FW_H7RS_V1.3.0, STM32Cube_FW_H7_V1.13.0, STM32Cube_FW_L0_V1.12.2, STM32Cube_FW_L4_V1.18.2, STM32Cube_FW_L5_V1.6.0, STM32Cube_FW_N6_V1.3.0, STM32Cube_FW_U0_V1.3.0, STM32Cube_FW_U3_V1.3.0, STM32Cube_FW_U5_V1.8.0, STM32Cube_FW_WB0_V1.4.0, STM32Cube_FW_WBA_V1.9.0, STM32Cube_FW_WB_V1.24.0, STM32Cube_FW_WL3_V1.4.0, STM32Cube_FW_WL_V1.5.0, X-CUBE-ALGOBUILD_V1.4.0, X-CUBE-ALS_V1.0.2, X-CUBE-AZRTOS-F4_V1.1.0, X-CUBE-AZRTOS-F7_V1.1.0, X-CUBE-AZRTOS-G0_V1.1.0, X-CUBE-AZRTOS-G4_V2.0.0, X-CUBE-AZRTOS-H7RS_V1.1.0, X-CUBE-AZRTOS-H7_V3.4.0, X-CUBE-AZRTOS-L4_V2.0.0, X-CUBE-AZRTOS-L5_V2.0.0, X-CUBE-AZRTOS-WB_V2.0.0, X-CUBE-AZRTOS-WL_V2.0.0, X-CUBE-BLE1_V7.1.0, X-CUBE-BLE2_V3.3.0, X-CUBE-BLEMGR_V4.1.0, X-CUBE-EEPRMA1_V5.2.0, X-CUBE-FREERTOS_V1.5.0, X-CUBE-GNSS1_V6.0.0, X-CUBE-MEMS1_V12.0.0, X-CUBE-NFC4_V3.0.0, X-CUBE-NFC7_V2.0.0, X-CUBE-SFXS2LP1_V4.0.0, X-CUBE-ST67W61_V1.2.0, X-CUBE-SUBG2_V5.0.0, X-CUBE-TOF1_V3.4.3]
2026-03-30 05:07:58,079 [INFO] ApiDb:240 - Found 880 in-development CPN: [B-G473E-ZEST1S, B-WB1M-WPAN1, B-WBA5M-WPAN, B-WL5M-SUBG1, NUCLEO-C031C6, NUCLEO-C051C8, NUCLEO-C071RB, NUCLEO-C092RC, NUCLEO-H503RB, NUCLEO-H533RE, NUCLEO-H563ZI, NUCLEO-H7S3L8, NUCLEO-N657X0-Q, NUCLEO-U031R8, NUCLEO-U083RC, NUCLEO-U385RG-Q, NUCLEO-U545RE-Q, NUCLEO-U5A5ZJ-Q, NUCLEO-WB05KZ, NUCLEO-WB07CC, NUCLEO-WB09KE, NUCLEO-WBA52CG, NUCLEO-WBA55CG, NUCLEO-WL33CC1, NUCLEO-WL33CC2, STEVAL-PROTEUS1, STEVAL-SMARTAG2, STEVAL-STWINBX1, STM320518-EVAL, STM32C0116-DK, STM32C011D6Y3TR, STM32C011D6Y6TR, STM32C011F4P3, STM32C011F4P6, STM32C011F4U3, STM32C011F4U6TR, STM32C011F6P3, STM32C011F6P6, STM32C011F6U3, STM32C011F6U6TR, STM32C011J4M3, STM32C011J4M6, STM32C011J6M3, STM32C011J6M6, STM32C0316-DK, STM32C031C4T3, STM32C031C4T6, STM32C031C4U3, STM32C031C4U6, STM32C031C6T3, STM32C031C6T6, STM32C031C6U3, STM32C031C6U6, STM32C031F4P3, STM32C031F4P6, STM32C031F6P3, STM32C031F6P6, STM32C031G4U3, STM32C031G4U6, STM32C031G6U3, STM32C031G6U6, STM32C031K4T3, STM32C031K4T6, STM32C031K4U3, STM32C031K4U6, STM32C031K6T3, STM32C031K6T6, STM32C031K6U3, STM32C031K6U6, STM32C051C6T6, STM32C051C6U6, STM32C051C8T6, STM32C051C8U6, STM32C051D8Y6TR, STM32C051F6P6, STM32C051F8P6, STM32C051G6U6, STM32C051G8U6, STM32C051K6T6, STM32C051K6U6, STM32C051K8T6, STM32C071C8T6, STM32C071C8T6N, STM32C071C8U6, STM32C071C8U6N, STM32C071CBT6, STM32C071CBT6N, STM32C071CBU6, STM32C071CBU6N, STM32C071F8P6, STM32C071F8P6N, STM32C071FBP6, STM32C071FBP6N, STM32C071FBY6TR, STM32C071G8U6, STM32C071G8U6N, STM32C071GBU6, STM32C071GBU6N, STM32C071K8T6, STM32C071K8T6N, STM32C071K8U6, STM32C071K8U6N, STM32C071KBT6, STM32C071KBT6N, STM32C071KBU6, STM32C071KBU6N, STM32C071R8T6, STM32C071R8T6N, STM32C071RBI6N, STM32C071RBT6, STM32C071RBT6N, STM32C091CBT6, STM32C091CBU6, STM32C091CCT6, STM32C091CCU6, STM32C091ECY6TR, STM32C091FBP6, STM32C091FCP6, STM32C091GBU6, STM32C091GCU6, STM32C091KBT6, STM32C091KBU6, STM32C091KCT6, STM32C091KCU6, STM32C091RBT6, STM32C091RCI6, STM32C091RCT6, STM32C092CBT6, STM32C092CBU6, STM32C092CCT6, STM32C092CCU6, STM32C092ECY6TR, STM32C092FBP6, STM32C092FCP6, STM32C092GBU6, STM32C092GCU6, STM32C092KBT6, STM32C092KBU6, STM32C092KCT6, STM32C092KCU6, STM32C092RBT6, STM32C092RCI6, STM32C092RCT6, STM32G071K8TXN, STM32G071K8UXN, STM32G081GBU6N, STM32G081KBT6N, STM32G081KBUXN, STM32G0B1CCT6N, STM32G0B1KCT6, STM32G0B1NEY6TR, STM32G0B1RCT6N, STM32G0C1CCT6, STM32G0C1CCT6N, STM32G0C1CCU6N, STM32G0C1CET6N, STM32G0C1CEU6N, STM32G0C1KCT6, STM32G0C1NEY6TR, STM32G0C1RCI6N, STM32G0C1RCT6N, STM32G0C1REI6N, STM32G0C1RET6N, STM32G0C1VCI6, STM32G0C1VEI6, STM32G411C6T3, STM32G411C6T6, STM32G411C6U3, STM32G411C6U6, STM32G411C8T3, STM32G411C8T6, STM32G411C8U3, STM32G411C8U6, STM32G411CBT3, STM32G411CBT6, STM32G411CBU3, STM32G411CBU6, STM32G411K6T3, STM32G411K6T6, STM32G411K6U3, STM32G411K6U6, STM32G411K8T3, STM32G411K8T6, STM32G411K8U3, STM32G411K8U6, STM32G411KBT3, STM32G411KBT6, STM32G411KBU3, STM32G411KBU6, STM32G411M6T3, STM32G411M6T6, STM32G411M8T3, STM32G411M8T6, STM32G411MBT3, STM32G411MBT6, STM32G411R6T3, STM32G411R6T6, STM32G411R8T3, STM32G411R8T6, STM32G411RBT3, STM32G411RBT6, STM32G414CBT3, STM32G414CBT6, STM32G414CBU3, STM32G414CBU6, STM32G414CCT3, STM32G414CCT6, STM32G414CCU3, STM32G414CCU6, STM32G414MBT3, STM32G414MBT6, STM32G414MCT3, STM32G414MCT6, STM32G414RBT3, STM32G414RBT6, STM32G414RCT3, STM32G414RCT6, STM32G414VBT3, STM32G414VBT6, STM32G414VCT3, STM32G414VCT6, STM32G431CBT3Z, STM32G431RBT3Z, STM32G471CCT6, STM32G471CCU6, STM32G471CET3, STM32G471CET6, STM32G471CEU3, STM32G471CEU6, STM32G471MCT6, STM32G471MET3, STM32G471MET6, STM32G471MEY6TR, STM32G471QCT6, STM32G471QET3, STM32G471RCT6, STM32G471RET3, STM32G471RET6, STM32G471VCH6, STM32G471VCI6, STM32G471VCT6, STM32G471VEH3, STM32G471VEH6, STM32G471VEI3, STM32G471VEI6, STM32G471VET3, STM32G471VET6, STM32G473QET3Z, STM32G473RET3Z, STM32G474CCT6, STM32G491RET3Z, STM32H503CBT6, STM32H503CBU6, STM32H503EBY6TR, STM32H503KBU6, STM32H503RBT6, STM32H523CCT6, STM32H523CCU6, STM32H523CET6, STM32H523CEU6, STM32H523HEY6TR, STM32H523RCT6, STM32H523RET6, STM32H523VCI6, STM32H523VCT6, STM32H523VEI6, STM32H523VET6, STM32H523ZCJ6, STM32H523ZCT6, STM32H523ZEJ6, STM32H523ZET6, STM32H533CET6, STM32H533CEU6, STM32H533HEY6TR, STM32H533RET6, STM32H533VEI6, STM32H533VET6, STM32H533ZEJ6, STM32H533ZET6, STM32H562AGI6, STM32H562AII6, STM32H562IGK6, STM32H562IGT6, STM32H562IIK6, STM32H562IIT6, STM32H562RGT6, STM32H562RGV6, STM32H562RIT6, STM32H562RIV6, STM32H562VGT6, STM32H562VIT6, STM32H562ZGT6, STM32H562ZIT6, STM32H563AGI6, STM32H563AII3Q, STM32H563AII6, STM32H563IGK6, STM32H563IGT6, STM32H563IIK3Q, STM32H563IIK6, STM32H563IIT3Q, STM32H563IIT6, STM32H563MIY3QTR, STM32H563RGT6, STM32H563RGV6, STM32H563RIT6, STM32H563RIV6, STM32H563VGT6, STM32H563VIT3Q, STM32H563VIT6, STM32H563ZGT6, STM32H563ZIT3Q, STM32H563ZIT6, STM32H573AII3Q, STM32H573AII6, STM32H573I-DK, STM32H573IIK3Q, STM32H573IIK6, STM32H573IIT3Q, STM32H573IIT6, STM32H573MIY3QTR, STM32H573RIT6, STM32H573RIV6, STM32H573VIT3Q, STM32H573VIT6, STM32H573ZIT3Q, STM32H573ZIT6, STM32H7R3A8I6, STM32H7R3I8K6, STM32H7R3I8T6, STM32H7R3L8H6, STM32H7R3L8H6H, STM32H7R3R8V6, STM32H7R3V8H6, STM32H7R3V8T6, STM32H7R3V8Y6TR, STM32H7R3Z8J6, STM32H7R3Z8T6, STM32H7R7A8I6, STM32H7R7I8K6, STM32H7R7I8T6, STM32H7R7L8H6, STM32H7R7L8H6H, STM32H7R7Z8J6, STM32H7S3A8I6, STM32H7S3I8K6, STM32H7S3I8T6, STM32H7S3L8H6, STM32H7S3L8H6H, STM32H7S3R8V6, STM32H7S3V8H6, STM32H7S3V8T6, STM32H7S3V8Y6TR, STM32H7S3Z8J6, STM32H7S3Z8T6, STM32H7S78-DK, STM32H7S7A8I6, STM32H7S7I8K6, STM32H7S7I8T6, STM32H7S7L8H6, STM32H7S7L8H6H, STM32H7S7Z8J6, STM32L4R5QGI6STR, STM32MP131AAE3, STM32MP131AAF3, STM32MP131AAG3, STM32MP131CAE3, STM32MP131CAF3, STM32MP131CAG3, STM32MP131DAE7, STM32MP131DAF7, STM32MP131DAG7, STM32MP131FAE7, STM32MP131FAF7, STM32MP131FAG7, STM32MP133AAE3, STM32MP133AAF3, STM32MP133AAG3, STM32MP133CAE3, STM32MP133CAF3, STM32MP133CAG3, STM32MP133DAE7, STM32MP133DAF7, STM32MP133DAG7, STM32MP133FAE7, STM32MP133FAF7, STM32MP133FAG7, STM32MP135AAE3, STM32MP135AAF3, STM32MP135AAG3, STM32MP135CAE3, STM32MP135CAF3, STM32MP135CAG3, STM32MP135DAE7, STM32MP135DAF7, STM32MP135DAG7, STM32MP135F-DK, STM32MP135FAE7, STM32MP135FAF7, STM32MP135FAF7T, STM32MP135FAF7U, STM32MP135FAG7, STM32MP211AAL3, STM32MP211AAM3, STM32MP211AAN3, STM32MP211AAO3, STM32MP211CAL3, STM32MP211CAM3, STM32MP211CAN3, STM32MP211CAO3, STM32MP211DAL3, STM32MP211DAM3, STM32MP211DAN3, STM32MP211DAO3, STM32MP211FAL3, STM32MP211FAM3, STM32MP211FAN3, STM32MP211FAO3, STM32MP213AAL3, STM32MP213AAM3, STM32MP213AAN3, STM32MP213AAO3, STM32MP213CAL3, STM32MP213CAM3, STM32MP213CAN3, STM32MP213CAO3, STM32MP213DAL3, STM32MP213DAM3, STM32MP213DAN3, STM32MP213DAO3, STM32MP213FAL3, STM32MP213FAM3, STM32MP213FAN3, STM32MP213FAO3, STM32MP215AAL3, STM32MP215AAM3, STM32MP215AAN3, STM32MP215AAO3, STM32MP215CAL3, STM32MP215CAM3, STM32MP215CAN3, STM32MP215CAO3, STM32MP215DAL3, STM32MP215DAM3, STM32MP215DAN3, STM32MP215DAO3, STM32MP215F-DK, STM32MP215FAL3, STM32MP215FAM3, STM32MP215FAN3, STM32MP215FAO3, STM32MP231AAJ3, STM32MP231AAK3, STM32MP231AAL3, STM32MP231CAJ3, STM32MP231CAK3, STM32MP231CAL3, STM32MP231DAJ3, STM32MP231DAK3, STM32MP231DAL3, STM32MP231FAJ3, STM32MP231FAK3, STM32MP231FAL3, STM32MP233AAJ3, STM32MP233AAK3, STM32MP233AAL3, STM32MP233CAJ3, STM32MP233CAK3, STM32MP233CAL3, STM32MP233DAJ3, STM32MP233DAK3, STM32MP233DAL3, STM32MP233FAJ3, STM32MP233FAK3, STM32MP233FAL3, STM32MP235AAJ3, STM32MP235AAK3, STM32MP235AAL3, STM32MP235CAJ3, STM32MP235CAK3, STM32MP235CAL3, STM32MP235DAJ3, STM32MP235DAK3, STM32MP235DAL3, STM32MP235FAJ3, STM32MP235FAK3, STM32MP235FAL3, STM32MP251AAI3, STM32MP251AAK3, STM32MP251AAL3, STM32MP251CAI3, STM32MP251CAK3, STM32MP251CAL3, STM32MP251DAI3, STM32MP251DAK3, STM32MP251DAL3, STM32MP251FAI3, STM32MP251FAK3, STM32MP251FAL3, STM32MP253AAI3, STM32MP253AAK3, STM32MP253AAL3, STM32MP253CAI3, STM32MP253CAK3, STM32MP253CAL3, STM32MP253DAI3, STM32MP253DAK3, STM32MP253DAL3, STM32MP253FAI3, STM32MP253FAK3, STM32MP253FAL3, STM32MP255AAI3, STM32MP255AAK3, STM32MP255AAL3, STM32MP255CAI3, STM32MP255CAK3, STM32MP255CAL3, STM32MP255DAI3, STM32MP255DAK3, STM32MP255DAL3, STM32MP255FAI3, STM32MP255FAK3, STM32MP255FAL3, STM32MP257AAI3, STM32MP257AAK3, STM32MP257AAL3, STM32MP257CAI3, STM32MP257CAK3, STM32MP257CAL3, STM32MP257DAI3, STM32MP257DAK3, STM32MP257DAL3, STM32MP257F-DK, STM32MP257F-EV1, STM32MP257FAI3, STM32MP257FAK3, STM32MP257FAL3, STM32N645A0H3Q, STM32N645B0H3Q, STM32N645I0H3Q, STM32N645L0H3Q, STM32N645X0H3Q, STM32N645Z0H3Q, STM32N647A0H3Q, STM32N647B0H3Q, STM32N647I0H3Q, STM32N647L0H3Q, STM32N647X0H3Q, STM32N647Z0H3Q, STM32N655A0H3Q, STM32N655B0H3Q, STM32N655I0H3Q, STM32N655L0H3Q, STM32N655X0H3Q, STM32N655Z0H3Q, STM32N6570-DK, STM32N657A0H3Q, STM32N657B0H3Q, STM32N657I0H3Q, STM32N657L0H3Q, STM32N657X0H3Q, STM32N657Z0H3Q, STM32U031C6T6, STM32U031C6U6, STM32U031C8T6, STM32U031C8U6, STM32U031F4P6, STM32U031F6P6, STM32U031F8P6, STM32U031G6Y6TR, STM32U031G8Y6TR, STM32U031K4U6, STM32U031K6U6, STM32U031K8U6, STM32U031R6I6, STM32U031R6T6, STM32U031R8I6, STM32U031R8T6, STM32U073C8T6, STM32U073C8U6, STM32U073CBT6, STM32U073CBU6, STM32U073CCT6, STM32U073CCU6, STM32U073H8Y6TR, STM32U073HBY6TR, STM32U073HCY6TR, STM32U073K8U6, STM32U073KBU6, STM32U073KCU6, STM32U073M8I6, STM32U073M8T6, STM32U073MBI6, STM32U073MBT6, STM32U073MCI6, STM32U073MCT6, STM32U073R8I6, STM32U073R8T6, STM32U073RBI6, STM32U073RBT6, STM32U073RCI6, STM32U073RCT6, STM32U083C-DK, STM32U083CCT6, STM32U083CCU6, STM32U083HCY6TR, STM32U083KCU6, STM32U083MCI6, STM32U083MCT6, STM32U083RCI6, STM32U083RCT6, STM32U375CET6, STM32U375CET6Q, STM32U375CEU6, STM32U375CEU6Q, STM32U375CEY6QTR, STM32U375CGT6, STM32U375CGT6Q, STM32U375CGU6, STM32U375CGU6Q, STM32U375CGY6QTR, STM32U375KEU6, STM32U375KGU6, STM32U375REI6, STM32U375REI6Q, STM32U375RET6, STM32U375RET6Q, STM32U375REY6GTR, STM32U375REY6QTR, STM32U375RGI6, STM32U375RGI6Q, STM32U375RGT6, STM32U375RGT6Q, STM32U375RGY6GTR, STM32U375RGY6QTR, STM32U375VEI6, STM32U375VEI6Q, STM32U375VET6, STM32U375VET6Q, STM32U375VGI6, STM32U375VGI6Q, STM32U375VGT6, STM32U375VGT6Q, STM32U385CGT6, STM32U385CGT6Q, STM32U385CGU6, STM32U385CGU6Q, STM32U385CGY6QTR, STM32U385KGU6, STM32U385RGI6, STM32U385RGI6Q, STM32U385RGT6, STM32U385RGT6Q, STM32U385RGY6GTR, STM32U385RGY6QTR, STM32U385VGI6, STM32U385VGI6Q, STM32U385VGT6, STM32U385VGT6Q, STM32U535CBT6, STM32U535CBT6Q, STM32U535CBU6, STM32U535CBU6Q, STM32U535CCT6, STM32U535CCT6Q, STM32U535CCU6, STM32U535CCU6Q, STM32U535CET6, STM32U535CET6Q, STM32U535CEU6, STM32U535CEU6Q, STM32U535JEY6QTR, STM32U535NCY6QTR, STM32U535NEY6QTR, STM32U535RBI6, STM32U535RBI6Q, STM32U535RBT6, STM32U535RBT6Q, STM32U535RCI6, STM32U535RCI6Q, STM32U535RCT6, STM32U535RCT6Q, STM32U535REI6, STM32U535REI6Q, STM32U535RET6, STM32U535RET6Q, STM32U535VCI6, STM32U535VCI6Q, STM32U535VCT6, STM32U535VCT6Q, STM32U535VEI6, STM32U535VEI6Q, STM32U535VET6, STM32U535VET6Q, STM32U545CET6, STM32U545CET6Q, STM32U545CEU6, STM32U545CEU6Q, STM32U545JEY6QTR, STM32U545NEY6QTR, STM32U545REI6, STM32U545REI6Q, STM32U545RET6, STM32U545RET6Q, STM32U545VEI6, STM32U545VEI6Q, STM32U545VET6, STM32U545VET6Q, STM32U595AIH6, STM32U595AIH6Q, STM32U595AJH6, STM32U595AJH6Q, STM32U595QII6, STM32U595QII6Q, STM32U595QJI6, STM32U595QJI6Q, STM32U595RIT6, STM32U595RIT6Q, STM32U595RJT6, STM32U595RJT6Q, STM32U595VIT6, STM32U595VIT6Q, STM32U595VJT6, STM32U595VJT6Q, STM32U595ZIT6, STM32U595ZIT6Q, STM32U595ZIY6QTR, STM32U595ZJT6, STM32U595ZJT6Q, STM32U595ZJY6QTR, STM32U599BJY6QTR, STM32U599NIH6Q, STM32U599NJH6Q, STM32U599VIT6Q, STM32U599VJT6, STM32U599VJT6Q, STM32U599ZIT6Q, STM32U599ZIY6QTR, STM32U599ZJT6Q, STM32U599ZJY6QTR, STM32U5A5AJH6, STM32U5A5AJH6Q, STM32U5A5QII3Q , STM32U5A5QJI6, STM32U5A5QJI6Q, STM32U5A5RJT6, STM32U5A5RJT6Q, STM32U5A5VJT6, STM32U5A5VJT6Q, STM32U5A5ZJT6, STM32U5A5ZJT6Q, STM32U5A5ZJY6QTR, STM32U5A9BJY6QTR, STM32U5A9J-DK, STM32U5A9NJH6Q, STM32U5A9VJT6Q, STM32U5A9ZJT6Q, STM32U5A9ZJY6QTR, STM32U5F7VIT6, STM32U5F7VIT6Q, STM32U5F7VJT6, STM32U5F7VJT6Q, STM32U5F9BJY6QTR, STM32U5F9NJH6Q, STM32U5F9VIT6Q, STM32U5F9VJT6Q, STM32U5F9ZIJ6QTR, STM32U5F9ZIT6Q, STM32U5F9ZJJ6QTR, STM32U5F9ZJT6Q, STM32U5G7VJT6, STM32U5G7VJT6Q, STM32U5G9BJY6QTR, STM32U5G9J-DK1, STM32U5G9J-DK2, STM32U5G9NJH6Q, STM32U5G9VJT6Q, STM32U5G9ZJJ6QTR, STM32U5G9ZJT6Q, STM32WB05KZV6TR, STM32WB05KZV7TR, STM32WB05TZF6TR, STM32WB05TZF7TR, STM32WB06CCF6TR, STM32WB06CCF7TR, STM32WB06CCV6TR, STM32WB06CCV7TR, STM32WB06KCV6TR, STM32WB06KCV7TR, STM32WB07CCF6TR, STM32WB07CCF7TR, STM32WB07CCV6TR, STM32WB07CCV7TR, STM32WB07KCV6TR, STM32WB07KCV7TR, STM32WB09KEV6TR, STM32WB09KEV7TR, STM32WB09TEF6TR, STM32WB09TEF7TR, STM32WB1MMCH6, STM32WBA50KGU6, STM32WBA50KGU6TR, STM32WBA52CEU6, STM32WBA52CEU6TR, STM32WBA52CEU7, STM32WBA52CEU7TR, STM32WBA52CGU6, STM32WBA52CGU6TR, STM32WBA52CGU6U, STM32WBA52CGU7, STM32WBA52CGU7TR, STM32WBA52KEU6, STM32WBA52KEU6TR, STM32WBA52KGU6, STM32WBA52KGU6TR, STM32WBA54CEU6, STM32WBA54CEU6TR, STM32WBA54CEU7, STM32WBA54CEU7TR, STM32WBA54CGU6, STM32WBA54CGU6TR, STM32WBA54CGU7, STM32WBA54CGU7TR, STM32WBA54KEU6, STM32WBA54KEU6TR, STM32WBA54KEU7, STM32WBA54KEU7TR, STM32WBA54KGU6, STM32WBA54KGU6TR, STM32WBA54KGU7, STM32WBA54KGU7TR, STM32WBA55CEU6, STM32WBA55CEU6TR, STM32WBA55CEU7, STM32WBA55CEU7TR, STM32WBA55CGU6, STM32WBA55CGU6TR, STM32WBA55CGU6U, STM32WBA55CGU7, STM32WBA55CGU7TR, STM32WBA55G-DK1, STM32WBA55HEF6, STM32WBA55HEF7, STM32WBA55HGF6, STM32WBA55HGF7, STM32WBA55UEI6, STM32WBA55UEI6TR, STM32WBA55UEI7, STM32WBA55UEI7TR, STM32WBA55UGI6, STM32WBA55UGI6TR, STM32WBA55UGI7, STM32WBA55UGI7TR, STM32WBA5MMGH6TR, STM32WBA62MGF6, STM32WBA62MIF6, STM32WBA65MGF7, STM32WBA65MIF6, STM32WBA65MIF7, STM32WL30K8V6, STM32WL30KBV6, STM32WL31C8V6, STM32WL31CBV6, STM32WL31K8V6, STM32WL31KBV6, STM32WL33C8V6, STM32WL33C8V6X, STM32WL33CBV6, STM32WL33CBV6X, STM32WL33CCV6, STM32WL33CCV6A, STM32WL33CCV6X, STM32WL33K8V7, STM32WL33K8V7X, STM32WL33KBV7 , STM32WL33KBV7X, STM32WL33KCV7, STM32WL33KCV7X, STM32WL5MOCH6, STM32WL5MOCH6TR]
2026-03-30 05:07:58,086 [INFO] DbMcus:218 - Found 5055 MCUs, 4968 are supported
2026-03-30 05:07:58,087 [INFO] ApiDb:423 - Load user favorites file /home/sunbeam/.stm32cubeide/favorites.mcus.txt: 0 item(s)
2026-03-30 05:07:58,087 [INFO] ApiDb:427 - User favorites MCUs=[]
2026-03-30 05:07:58,087 [INFO] DbMcus:224 - Set 0 / 0 favorites MCUs
2026-03-30 05:07:58,623 [INFO] ApiDb:668 - CubeFinder database Data Model version=2.1
2026-03-30 05:07:58,624 [INFO] ApiDb:669 - CubeFinder database Configuration version=3.0.42
2026-03-30 05:07:58,624 [INFO] ApiDb:670 - CubeFinder database generation date=2026-03-11 (1773229989)
2026-03-30 05:07:58,624 [INFO] ApiDb:671 - CubeFinder database FW Pack versions=[FP-ATR-ASTRA1_V2.0.0, FP-SNS-FLIGHT1_V5.1.0, FP-SNS-MOTENV1_V5.1.0, FP-SNS-MOTENVWB1_V1.5.0, FP-SNS-SMARTAG2_V1.2.0, FP-SNS-STBOX1_V2.1.0, STM32Cube_FW_C0_V1.4.0, STM32Cube_FW_F4_V1.28.3, STM32Cube_FW_F7_V1.17.4, STM32Cube_FW_G0_V1.6.3, STM32Cube_FW_G4_V1.6.2, STM32Cube_FW_H5_V1.6.0, STM32Cube_FW_H7RS_V1.3.0, STM32Cube_FW_H7_V1.13.0, STM32Cube_FW_L0_V1.12.2, STM32Cube_FW_L4_V1.18.2, STM32Cube_FW_L5_V1.6.0, STM32Cube_FW_N6_V1.3.0, STM32Cube_FW_U0_V1.3.0, STM32Cube_FW_U3_V1.3.0, STM32Cube_FW_U5_V1.8.0, STM32Cube_FW_WB0_V1.4.0, STM32Cube_FW_WBA_V1.9.0, STM32Cube_FW_WB_V1.24.0, STM32Cube_FW_WL3_V1.4.0, STM32Cube_FW_WL_V1.5.0, X-CUBE-ALGOBUILD_V1.4.0, X-CUBE-ALS_V1.0.2, X-CUBE-AZRTOS-F4_V1.1.0, X-CUBE-AZRTOS-F7_V1.1.0, X-CUBE-AZRTOS-G0_V1.1.0, X-CUBE-AZRTOS-G4_V2.0.0, X-CUBE-AZRTOS-H7RS_V1.1.0, X-CUBE-AZRTOS-H7_V3.4.0, X-CUBE-AZRTOS-L4_V2.0.0, X-CUBE-AZRTOS-L5_V2.0.0, X-CUBE-AZRTOS-WB_V2.0.0, X-CUBE-AZRTOS-WL_V2.0.0, X-CUBE-BLE1_V7.1.0, X-CUBE-BLE2_V3.3.0, X-CUBE-BLEMGR_V4.1.0, X-CUBE-EEPRMA1_V5.2.0, X-CUBE-FREERTOS_V1.5.0, X-CUBE-GNSS1_V6.0.0, X-CUBE-MEMS1_V12.0.0, X-CUBE-NFC4_V3.0.0, X-CUBE-NFC7_V2.0.0, X-CUBE-SFXS2LP1_V4.0.0, X-CUBE-ST67W61_V1.2.0, X-CUBE-SUBG2_V5.0.0, X-CUBE-TOF1_V3.4.3]
2026-03-30 05:07:58,678 [INFO] DbBoardsSqlite:226 - include board P-NUCLEO-WB55-NUCLEO as a kit item of type 'Nucleo-64'
2026-03-30 05:07:58,679 [INFO] DbBoardsSqlite:226 - include board P-NUCLEO-WB55-USBDONGLE as a kit item of type 'Nucleo USB Dongle'
2026-03-30 05:07:58,679 [INFO] DbBoardsSqlite:226 - include board STEVAL-IDP005V1 as a kit item of type 'Evaluation Board'
2026-03-30 05:07:58,679 [INFO] DbBoardsSqlite:226 - include board STEVAL-IDP005V2 as a kit item of type 'Evaluation Board'
2026-03-30 05:07:58,724 [INFO] ApiDb:240 - Found 880 in-development CPN: [B-G473E-ZEST1S, B-WB1M-WPAN1, B-WBA5M-WPAN, B-WL5M-SUBG1, NUCLEO-C031C6, NUCLEO-C051C8, NUCLEO-C071RB, NUCLEO-C092RC, NUCLEO-H503RB, NUCLEO-H533RE, NUCLEO-H563ZI, NUCLEO-H7S3L8, NUCLEO-N657X0-Q, NUCLEO-U031R8, NUCLEO-U083RC, NUCLEO-U385RG-Q, NUCLEO-U545RE-Q, NUCLEO-U5A5ZJ-Q, NUCLEO-WB05KZ, NUCLEO-WB07CC, NUCLEO-WB09KE, NUCLEO-WBA52CG, NUCLEO-WBA55CG, NUCLEO-WL33CC1, NUCLEO-WL33CC2, STEVAL-PROTEUS1, STEVAL-SMARTAG2, STEVAL-STWINBX1, STM320518-EVAL, STM32C0116-DK, STM32C011D6Y3TR, STM32C011D6Y6TR, STM32C011F4P3, STM32C011F4P6, STM32C011F4U3, STM32C011F4U6TR, STM32C011F6P3, STM32C011F6P6, STM32C011F6U3, STM32C011F6U6TR, STM32C011J4M3, STM32C011J4M6, STM32C011J6M3, STM32C011J6M6, STM32C0316-DK, STM32C031C4T3, STM32C031C4T6, STM32C031C4U3, STM32C031C4U6, STM32C031C6T3, STM32C031C6T6, STM32C031C6U3, STM32C031C6U6, STM32C031F4P3, STM32C031F4P6, STM32C031F6P3, STM32C031F6P6, STM32C031G4U3, STM32C031G4U6, STM32C031G6U3, STM32C031G6U6, STM32C031K4T3, STM32C031K4T6, STM32C031K4U3, STM32C031K4U6, STM32C031K6T3, STM32C031K6T6, STM32C031K6U3, STM32C031K6U6, STM32C051C6T6, STM32C051C6U6, STM32C051C8T6, STM32C051C8U6, STM32C051D8Y6TR, STM32C051F6P6, STM32C051F8P6, STM32C051G6U6, STM32C051G8U6, STM32C051K6T6, STM32C051K6U6, STM32C051K8T6, STM32C071C8T6, STM32C071C8T6N, STM32C071C8U6, STM32C071C8U6N, STM32C071CBT6, STM32C071CBT6N, STM32C071CBU6, STM32C071CBU6N, STM32C071F8P6, STM32C071F8P6N, STM32C071FBP6, STM32C071FBP6N, STM32C071FBY6TR, STM32C071G8U6, STM32C071G8U6N, STM32C071GBU6, STM32C071GBU6N, STM32C071K8T6, STM32C071K8T6N, STM32C071K8U6, STM32C071K8U6N, STM32C071KBT6, STM32C071KBT6N, STM32C071KBU6, STM32C071KBU6N, STM32C071R8T6, STM32C071R8T6N, STM32C071RBI6N, STM32C071RBT6, STM32C071RBT6N, STM32C091CBT6, STM32C091CBU6, STM32C091CCT6, STM32C091CCU6, STM32C091ECY6TR, STM32C091FBP6, STM32C091FCP6, STM32C091GBU6, STM32C091GCU6, STM32C091KBT6, STM32C091KBU6, STM32C091KCT6, STM32C091KCU6, STM32C091RBT6, STM32C091RCI6, STM32C091RCT6, STM32C092CBT6, STM32C092CBU6, STM32C092CCT6, STM32C092CCU6, STM32C092ECY6TR, STM32C092FBP6, STM32C092FCP6, STM32C092GBU6, STM32C092GCU6, STM32C092KBT6, STM32C092KBU6, STM32C092KCT6, STM32C092KCU6, STM32C092RBT6, STM32C092RCI6, STM32C092RCT6, STM32G071K8TXN, STM32G071K8UXN, STM32G081GBU6N, STM32G081KBT6N, STM32G081KBUXN, STM32G0B1CCT6N, STM32G0B1KCT6, STM32G0B1NEY6TR, STM32G0B1RCT6N, STM32G0C1CCT6, STM32G0C1CCT6N, STM32G0C1CCU6N, STM32G0C1CET6N, STM32G0C1CEU6N, STM32G0C1KCT6, STM32G0C1NEY6TR, STM32G0C1RCI6N, STM32G0C1RCT6N, STM32G0C1REI6N, STM32G0C1RET6N, STM32G0C1VCI6, STM32G0C1VEI6, STM32G411C6T3, STM32G411C6T6, STM32G411C6U3, STM32G411C6U6, STM32G411C8T3, STM32G411C8T6, STM32G411C8U3, STM32G411C8U6, STM32G411CBT3, STM32G411CBT6, STM32G411CBU3, STM32G411CBU6, STM32G411K6T3, STM32G411K6T6, STM32G411K6U3, STM32G411K6U6, STM32G411K8T3, STM32G411K8T6, STM32G411K8U3, STM32G411K8U6, STM32G411KBT3, STM32G411KBT6, STM32G411KBU3, STM32G411KBU6, STM32G411M6T3, STM32G411M6T6, STM32G411M8T3, STM32G411M8T6, STM32G411MBT3, STM32G411MBT6, STM32G411R6T3, STM32G411R6T6, STM32G411R8T3, STM32G411R8T6, STM32G411RBT3, STM32G411RBT6, STM32G414CBT3, STM32G414CBT6, STM32G414CBU3, STM32G414CBU6, STM32G414CCT3, STM32G414CCT6, STM32G414CCU3, STM32G414CCU6, STM32G414MBT3, STM32G414MBT6, STM32G414MCT3, STM32G414MCT6, STM32G414RBT3, STM32G414RBT6, STM32G414RCT3, STM32G414RCT6, STM32G414VBT3, STM32G414VBT6, STM32G414VCT3, STM32G414VCT6, STM32G431CBT3Z, STM32G431RBT3Z, STM32G471CCT6, STM32G471CCU6, STM32G471CET3, STM32G471CET6, STM32G471CEU3, STM32G471CEU6, STM32G471MCT6, STM32G471MET3, STM32G471MET6, STM32G471MEY6TR, STM32G471QCT6, STM32G471QET3, STM32G471RCT6, STM32G471RET3, STM32G471RET6, STM32G471VCH6, STM32G471VCI6, STM32G471VCT6, STM32G471VEH3, STM32G471VEH6, STM32G471VEI3, STM32G471VEI6, STM32G471VET3, STM32G471VET6, STM32G473QET3Z, STM32G473RET3Z, STM32G474CCT6, STM32G491RET3Z, STM32H503CBT6, STM32H503CBU6, STM32H503EBY6TR, STM32H503KBU6, STM32H503RBT6, STM32H523CCT6, STM32H523CCU6, STM32H523CET6, STM32H523CEU6, STM32H523HEY6TR, STM32H523RCT6, STM32H523RET6, STM32H523VCI6, STM32H523VCT6, STM32H523VEI6, STM32H523VET6, STM32H523ZCJ6, STM32H523ZCT6, STM32H523ZEJ6, STM32H523ZET6, STM32H533CET6, STM32H533CEU6, STM32H533HEY6TR, STM32H533RET6, STM32H533VEI6, STM32H533VET6, STM32H533ZEJ6, STM32H533ZET6, STM32H562AGI6, STM32H562AII6, STM32H562IGK6, STM32H562IGT6, STM32H562IIK6, STM32H562IIT6, STM32H562RGT6, STM32H562RGV6, STM32H562RIT6, STM32H562RIV6, STM32H562VGT6, STM32H562VIT6, STM32H562ZGT6, STM32H562ZIT6, STM32H563AGI6, STM32H563AII3Q, STM32H563AII6, STM32H563IGK6, STM32H563IGT6, STM32H563IIK3Q, STM32H563IIK6, STM32H563IIT3Q, STM32H563IIT6, STM32H563MIY3QTR, STM32H563RGT6, STM32H563RGV6, STM32H563RIT6, STM32H563RIV6, STM32H563VGT6, STM32H563VIT3Q, STM32H563VIT6, STM32H563ZGT6, STM32H563ZIT3Q, STM32H563ZIT6, STM32H573AII3Q, STM32H573AII6, STM32H573I-DK, STM32H573IIK3Q, STM32H573IIK6, STM32H573IIT3Q, STM32H573IIT6, STM32H573MIY3QTR, STM32H573RIT6, STM32H573RIV6, STM32H573VIT3Q, STM32H573VIT6, STM32H573ZIT3Q, STM32H573ZIT6, STM32H7R3A8I6, STM32H7R3I8K6, STM32H7R3I8T6, STM32H7R3L8H6, STM32H7R3L8H6H, STM32H7R3R8V6, STM32H7R3V8H6, STM32H7R3V8T6, STM32H7R3V8Y6TR, STM32H7R3Z8J6, STM32H7R3Z8T6, STM32H7R7A8I6, STM32H7R7I8K6, STM32H7R7I8T6, STM32H7R7L8H6, STM32H7R7L8H6H, STM32H7R7Z8J6, STM32H7S3A8I6, STM32H7S3I8K6, STM32H7S3I8T6, STM32H7S3L8H6, STM32H7S3L8H6H, STM32H7S3R8V6, STM32H7S3V8H6, STM32H7S3V8T6, STM32H7S3V8Y6TR, STM32H7S3Z8J6, STM32H7S3Z8T6, STM32H7S78-DK, STM32H7S7A8I6, STM32H7S7I8K6, STM32H7S7I8T6, STM32H7S7L8H6, STM32H7S7L8H6H, STM32H7S7Z8J6, STM32L4R5QGI6STR, STM32MP131AAE3, STM32MP131AAF3, STM32MP131AAG3, STM32MP131CAE3, STM32MP131CAF3, STM32MP131CAG3, STM32MP131DAE7, STM32MP131DAF7, STM32MP131DAG7, STM32MP131FAE7, STM32MP131FAF7, STM32MP131FAG7, STM32MP133AAE3, STM32MP133AAF3, STM32MP133AAG3, STM32MP133CAE3, STM32MP133CAF3, STM32MP133CAG3, STM32MP133DAE7, STM32MP133DAF7, STM32MP133DAG7, STM32MP133FAE7, STM32MP133FAF7, STM32MP133FAG7, STM32MP135AAE3, STM32MP135AAF3, STM32MP135AAG3, STM32MP135CAE3, STM32MP135CAF3, STM32MP135CAG3, STM32MP135DAE7, STM32MP135DAF7, STM32MP135DAG7, STM32MP135F-DK, STM32MP135FAE7, STM32MP135FAF7, STM32MP135FAF7T, STM32MP135FAF7U, STM32MP135FAG7, STM32MP211AAL3, STM32MP211AAM3, STM32MP211AAN3, STM32MP211AAO3, STM32MP211CAL3, STM32MP211CAM3, STM32MP211CAN3, STM32MP211CAO3, STM32MP211DAL3, STM32MP211DAM3, STM32MP211DAN3, STM32MP211DAO3, STM32MP211FAL3, STM32MP211FAM3, STM32MP211FAN3, STM32MP211FAO3, STM32MP213AAL3, STM32MP213AAM3, STM32MP213AAN3, STM32MP213AAO3, STM32MP213CAL3, STM32MP213CAM3, STM32MP213CAN3, STM32MP213CAO3, STM32MP213DAL3, STM32MP213DAM3, STM32MP213DAN3, STM32MP213DAO3, STM32MP213FAL3, STM32MP213FAM3, STM32MP213FAN3, STM32MP213FAO3, STM32MP215AAL3, STM32MP215AAM3, STM32MP215AAN3, STM32MP215AAO3, STM32MP215CAL3, STM32MP215CAM3, STM32MP215CAN3, STM32MP215CAO3, STM32MP215DAL3, STM32MP215DAM3, STM32MP215DAN3, STM32MP215DAO3, STM32MP215F-DK, STM32MP215FAL3, STM32MP215FAM3, STM32MP215FAN3, STM32MP215FAO3, STM32MP231AAJ3, STM32MP231AAK3, STM32MP231AAL3, STM32MP231CAJ3, STM32MP231CAK3, STM32MP231CAL3, STM32MP231DAJ3, STM32MP231DAK3, STM32MP231DAL3, STM32MP231FAJ3, STM32MP231FAK3, STM32MP231FAL3, STM32MP233AAJ3, STM32MP233AAK3, STM32MP233AAL3, STM32MP233CAJ3, STM32MP233CAK3, STM32MP233CAL3, STM32MP233DAJ3, STM32MP233DAK3, STM32MP233DAL3, STM32MP233FAJ3, STM32MP233FAK3, STM32MP233FAL3, STM32MP235AAJ3, STM32MP235AAK3, STM32MP235AAL3, STM32MP235CAJ3, STM32MP235CAK3, STM32MP235CAL3, STM32MP235DAJ3, STM32MP235DAK3, STM32MP235DAL3, STM32MP235FAJ3, STM32MP235FAK3, STM32MP235FAL3, STM32MP251AAI3, STM32MP251AAK3, STM32MP251AAL3, STM32MP251CAI3, STM32MP251CAK3, STM32MP251CAL3, STM32MP251DAI3, STM32MP251DAK3, STM32MP251DAL3, STM32MP251FAI3, STM32MP251FAK3, STM32MP251FAL3, STM32MP253AAI3, STM32MP253AAK3, STM32MP253AAL3, STM32MP253CAI3, STM32MP253CAK3, STM32MP253CAL3, STM32MP253DAI3, STM32MP253DAK3, STM32MP253DAL3, STM32MP253FAI3, STM32MP253FAK3, STM32MP253FAL3, STM32MP255AAI3, STM32MP255AAK3, STM32MP255AAL3, STM32MP255CAI3, STM32MP255CAK3, STM32MP255CAL3, STM32MP255DAI3, STM32MP255DAK3, STM32MP255DAL3, STM32MP255FAI3, STM32MP255FAK3, STM32MP255FAL3, STM32MP257AAI3, STM32MP257AAK3, STM32MP257AAL3, STM32MP257CAI3, STM32MP257CAK3, STM32MP257CAL3, STM32MP257DAI3, STM32MP257DAK3, STM32MP257DAL3, STM32MP257F-DK, STM32MP257F-EV1, STM32MP257FAI3, STM32MP257FAK3, STM32MP257FAL3, STM32N645A0H3Q, STM32N645B0H3Q, STM32N645I0H3Q, STM32N645L0H3Q, STM32N645X0H3Q, STM32N645Z0H3Q, STM32N647A0H3Q, STM32N647B0H3Q, STM32N647I0H3Q, STM32N647L0H3Q, STM32N647X0H3Q, STM32N647Z0H3Q, STM32N655A0H3Q, STM32N655B0H3Q, STM32N655I0H3Q, STM32N655L0H3Q, STM32N655X0H3Q, STM32N655Z0H3Q, STM32N6570-DK, STM32N657A0H3Q, STM32N657B0H3Q, STM32N657I0H3Q, STM32N657L0H3Q, STM32N657X0H3Q, STM32N657Z0H3Q, STM32U031C6T6, STM32U031C6U6, STM32U031C8T6, STM32U031C8U6, STM32U031F4P6, STM32U031F6P6, STM32U031F8P6, STM32U031G6Y6TR, STM32U031G8Y6TR, STM32U031K4U6, STM32U031K6U6, STM32U031K8U6, STM32U031R6I6, STM32U031R6T6, STM32U031R8I6, STM32U031R8T6, STM32U073C8T6, STM32U073C8U6, STM32U073CBT6, STM32U073CBU6, STM32U073CCT6, STM32U073CCU6, STM32U073H8Y6TR, STM32U073HBY6TR, STM32U073HCY6TR, STM32U073K8U6, STM32U073KBU6, STM32U073KCU6, STM32U073M8I6, STM32U073M8T6, STM32U073MBI6, STM32U073MBT6, STM32U073MCI6, STM32U073MCT6, STM32U073R8I6, STM32U073R8T6, STM32U073RBI6, STM32U073RBT6, STM32U073RCI6, STM32U073RCT6, STM32U083C-DK, STM32U083CCT6, STM32U083CCU6, STM32U083HCY6TR, STM32U083KCU6, STM32U083MCI6, STM32U083MCT6, STM32U083RCI6, STM32U083RCT6, STM32U375CET6, STM32U375CET6Q, STM32U375CEU6, STM32U375CEU6Q, STM32U375CEY6QTR, STM32U375CGT6, STM32U375CGT6Q, STM32U375CGU6, STM32U375CGU6Q, STM32U375CGY6QTR, STM32U375KEU6, STM32U375KGU6, STM32U375REI6, STM32U375REI6Q, STM32U375RET6, STM32U375RET6Q, STM32U375REY6GTR, STM32U375REY6QTR, STM32U375RGI6, STM32U375RGI6Q, STM32U375RGT6, STM32U375RGT6Q, STM32U375RGY6GTR, STM32U375RGY6QTR, STM32U375VEI6, STM32U375VEI6Q, STM32U375VET6, STM32U375VET6Q, STM32U375VGI6, STM32U375VGI6Q, STM32U375VGT6, STM32U375VGT6Q, STM32U385CGT6, STM32U385CGT6Q, STM32U385CGU6, STM32U385CGU6Q, STM32U385CGY6QTR, STM32U385KGU6, STM32U385RGI6, STM32U385RGI6Q, STM32U385RGT6, STM32U385RGT6Q, STM32U385RGY6GTR, STM32U385RGY6QTR, STM32U385VGI6, STM32U385VGI6Q, STM32U385VGT6, STM32U385VGT6Q, STM32U535CBT6, STM32U535CBT6Q, STM32U535CBU6, STM32U535CBU6Q, STM32U535CCT6, STM32U535CCT6Q, STM32U535CCU6, STM32U535CCU6Q, STM32U535CET6, STM32U535CET6Q, STM32U535CEU6, STM32U535CEU6Q, STM32U535JEY6QTR, STM32U535NCY6QTR, STM32U535NEY6QTR, STM32U535RBI6, STM32U535RBI6Q, STM32U535RBT6, STM32U535RBT6Q, STM32U535RCI6, STM32U535RCI6Q, STM32U535RCT6, STM32U535RCT6Q, STM32U535REI6, STM32U535REI6Q, STM32U535RET6, STM32U535RET6Q, STM32U535VCI6, STM32U535VCI6Q, STM32U535VCT6, STM32U535VCT6Q, STM32U535VEI6, STM32U535VEI6Q, STM32U535VET6, STM32U535VET6Q, STM32U545CET6, STM32U545CET6Q, STM32U545CEU6, STM32U545CEU6Q, STM32U545JEY6QTR, STM32U545NEY6QTR, STM32U545REI6, STM32U545REI6Q, STM32U545RET6, STM32U545RET6Q, STM32U545VEI6, STM32U545VEI6Q, STM32U545VET6, STM32U545VET6Q, STM32U595AIH6, STM32U595AIH6Q, STM32U595AJH6, STM32U595AJH6Q, STM32U595QII6, STM32U595QII6Q, STM32U595QJI6, STM32U595QJI6Q, STM32U595RIT6, STM32U595RIT6Q, STM32U595RJT6, STM32U595RJT6Q, STM32U595VIT6, STM32U595VIT6Q, STM32U595VJT6, STM32U595VJT6Q, STM32U595ZIT6, STM32U595ZIT6Q, STM32U595ZIY6QTR, STM32U595ZJT6, STM32U595ZJT6Q, STM32U595ZJY6QTR, STM32U599BJY6QTR, STM32U599NIH6Q, STM32U599NJH6Q, STM32U599VIT6Q, STM32U599VJT6, STM32U599VJT6Q, STM32U599ZIT6Q, STM32U599ZIY6QTR, STM32U599ZJT6Q, STM32U599ZJY6QTR, STM32U5A5AJH6, STM32U5A5AJH6Q, STM32U5A5QII3Q , STM32U5A5QJI6, STM32U5A5QJI6Q, STM32U5A5RJT6, STM32U5A5RJT6Q, STM32U5A5VJT6, STM32U5A5VJT6Q, STM32U5A5ZJT6, STM32U5A5ZJT6Q, STM32U5A5ZJY6QTR, STM32U5A9BJY6QTR, STM32U5A9J-DK, STM32U5A9NJH6Q, STM32U5A9VJT6Q, STM32U5A9ZJT6Q, STM32U5A9ZJY6QTR, STM32U5F7VIT6, STM32U5F7VIT6Q, STM32U5F7VJT6, STM32U5F7VJT6Q, STM32U5F9BJY6QTR, STM32U5F9NJH6Q, STM32U5F9VIT6Q, STM32U5F9VJT6Q, STM32U5F9ZIJ6QTR, STM32U5F9ZIT6Q, STM32U5F9ZJJ6QTR, STM32U5F9ZJT6Q, STM32U5G7VJT6, STM32U5G7VJT6Q, STM32U5G9BJY6QTR, STM32U5G9J-DK1, STM32U5G9J-DK2, STM32U5G9NJH6Q, STM32U5G9VJT6Q, STM32U5G9ZJJ6QTR, STM32U5G9ZJT6Q, STM32WB05KZV6TR, STM32WB05KZV7TR, STM32WB05TZF6TR, STM32WB05TZF7TR, STM32WB06CCF6TR, STM32WB06CCF7TR, STM32WB06CCV6TR, STM32WB06CCV7TR, STM32WB06KCV6TR, STM32WB06KCV7TR, STM32WB07CCF6TR, STM32WB07CCF7TR, STM32WB07CCV6TR, STM32WB07CCV7TR, STM32WB07KCV6TR, STM32WB07KCV7TR, STM32WB09KEV6TR, STM32WB09KEV7TR, STM32WB09TEF6TR, STM32WB09TEF7TR, STM32WB1MMCH6, STM32WBA50KGU6, STM32WBA50KGU6TR, STM32WBA52CEU6, STM32WBA52CEU6TR, STM32WBA52CEU7, STM32WBA52CEU7TR, STM32WBA52CGU6, STM32WBA52CGU6TR, STM32WBA52CGU6U, STM32WBA52CGU7, STM32WBA52CGU7TR, STM32WBA52KEU6, STM32WBA52KEU6TR, STM32WBA52KGU6, STM32WBA52KGU6TR, STM32WBA54CEU6, STM32WBA54CEU6TR, STM32WBA54CEU7, STM32WBA54CEU7TR, STM32WBA54CGU6, STM32WBA54CGU6TR, STM32WBA54CGU7, STM32WBA54CGU7TR, STM32WBA54KEU6, STM32WBA54KEU6TR, STM32WBA54KEU7, STM32WBA54KEU7TR, STM32WBA54KGU6, STM32WBA54KGU6TR, STM32WBA54KGU7, STM32WBA54KGU7TR, STM32WBA55CEU6, STM32WBA55CEU6TR, STM32WBA55CEU7, STM32WBA55CEU7TR, STM32WBA55CGU6, STM32WBA55CGU6TR, STM32WBA55CGU6U, STM32WBA55CGU7, STM32WBA55CGU7TR, STM32WBA55G-DK1, STM32WBA55HEF6, STM32WBA55HEF7, STM32WBA55HGF6, STM32WBA55HGF7, STM32WBA55UEI6, STM32WBA55UEI6TR, STM32WBA55UEI7, STM32WBA55UEI7TR, STM32WBA55UGI6, STM32WBA55UGI6TR, STM32WBA55UGI7, STM32WBA55UGI7TR, STM32WBA5MMGH6TR, STM32WBA62MGF6, STM32WBA62MIF6, STM32WBA65MGF7, STM32WBA65MIF6, STM32WBA65MIF7, STM32WL30K8V6, STM32WL30KBV6, STM32WL31C8V6, STM32WL31CBV6, STM32WL31K8V6, STM32WL31KBV6, STM32WL33C8V6, STM32WL33C8V6X, STM32WL33CBV6, STM32WL33CBV6X, STM32WL33CCV6, STM32WL33CCV6A, STM32WL33CCV6X, STM32WL33K8V7, STM32WL33K8V7X, STM32WL33KBV7 , STM32WL33KBV7X, STM32WL33KCV7, STM32WL33KCV7X, STM32WL5MOCH6, STM32WL5MOCH6TR]
2026-03-30 05:07:58,848 [INFO] BoardInfo:889 - No configuration file found for board NUCLEO-H5E5ZJ
2026-03-30 05:07:58,849 [INFO] DbBoards:161 - Board is not supported: NUCLEO-H5E5ZJ
2026-03-30 05:07:58,903 [INFO] BoardInfo:889 - No configuration file found for board NUCLEO-U3C5ZI-Q
2026-03-30 05:07:58,904 [INFO] DbBoards:161 - Board is not supported: NUCLEO-U3C5ZI-Q
2026-03-30 05:07:58,912 [INFO] BoardInfo:889 - No configuration file found for board NUCLEO-WBA25CE1
2026-03-30 05:07:58,912 [INFO] DbBoards:161 - Board is not supported: NUCLEO-WBA25CE1
2026-03-30 05:07:58,918 [INFO] BoardInfo:889 - No configuration file found for board NUCLEO-WL3RKB1
2026-03-30 05:07:58,918 [INFO] DbBoards:161 - Board is not supported: NUCLEO-WL3RKB1
2026-03-30 05:07:58,919 [INFO] BoardInfo:889 - No configuration file found for board NUCLEO-WL3RKB2
2026-03-30 05:07:58,920 [INFO] DbBoards:161 - Board is not supported: NUCLEO-WL3RKB2
2026-03-30 05:07:58,924 [INFO] BoardInfo:889 - No configuration file found for board P-NUCLEO-WB55
2026-03-30 05:07:58,924 [INFO] DbBoards:161 - Kit is not supported: P-NUCLEO-WB55
2026-03-30 05:07:58,928 [INFO] BoardInfo:889 - No configuration file found for board STEVAL-BFA001V1B
2026-03-30 05:07:58,928 [INFO] DbBoards:161 - Kit is not supported: STEVAL-BFA001V1B
2026-03-30 05:07:58,929 [INFO] BoardInfo:889 - No configuration file found for board STEVAL-BFA001V2B
2026-03-30 05:07:58,929 [INFO] DbBoards:161 - Kit is not supported: STEVAL-BFA001V2B
2026-03-30 05:07:58,988 [INFO] BoardInfo:889 - No configuration file found for board STM32H5F5J-DK
2026-03-30 05:07:58,988 [INFO] DbBoards:161 - Board is not supported: STM32H5F5J-DK
2026-03-30 05:07:59,031 [INFO] DbBoards:168 - Found 218 boards, 209 are supported
2026-03-30 05:07:59,031 [INFO] DbBoards:169 - Found 218 boards, 43 of them is supported for  Bsp
2026-03-30 05:07:59,041 [INFO] ApiDb:423 - Load user favorites file /home/sunbeam/.stm32cubeide/favorites.boards.txt: 1 item(s)
2026-03-30 05:07:59,041 [INFO] ApiDb:427 - User favorites Boards=[STM32F407G-DISC1]
2026-03-30 05:07:59,042 [INFO] DbBoards:198 - Set 1 / 1 favorites Boards
2026-03-30 05:07:59,042 [INFO] McuFinderGlobals:76 - Set McuFinderConnectedMode to true
2026-03-30 05:07:59,049 [INFO] MultiScanPanel:200 - Auto-refresh data requested => check proxy status ongoing
2026-03-30 05:07:59,052 [INFO] FinderPluginLoader:96 - Searching for filters in installed packs
2026-03-30 05:08:00,435 [INFO] LoadUrlFilesThread:185 - End of LoadServerUrlFiles without Thread
2026-03-30 05:08:00,448 [INFO] DetailPanel:341 - Set advertising image to /home/sunbeam/STM32Cube/Repository//en.prom-stm32c5-0326.jpg
2026-03-30 05:08:03,319 [INFO] MultiScanPanel:200 - Auto-refresh data requested => check proxy status ongoing
2026-03-30 05:08:03,510 [INFO] LoadUrlFilesThread:185 - End of LoadServerUrlFiles without Thread
2026-03-30 05:08:03,510 [INFO] DetailPanel:341 - Set advertising image to /home/sunbeam/STM32Cube/Repository//en.prom-stm32c5-0326.jpg
2026-03-30 05:08:03,526 [INFO] DbBoards:642 - Loading board mini-images...
2026-03-30 05:08:05,824 [INFO] DbBoards:665 - Loaded 218 board mini-images
2026-03-30 05:08:49,808 [INFO] MainUpdater:2872 - connection check result : 10
2026-03-30 05:08:49,809 [INFO] MainUpdater:2872 - connection check result : 10
2026-03-30 05:08:49,818 [INFO] MicroXplorer:468 - Change Database Path : 
2026-03-30 05:08:49,818 [INFO] MicroXplorer:498 - Change Database Version : DB.6.0.150
2026-03-30 05:08:49,824 [WARN] ThirdParty:871 - waiting for thirdparty lock release [close project]
2026-03-30 05:08:49,824 [INFO] ThirdParty:873 - entering critical section [close project]
2026-03-30 05:08:49,826 [INFO] ThirdParty:883 - exiting critical section [close project]
2026-03-30 05:08:49,828 [INFO] PinOutPanel:1589 - setPackage(No Configuration,No Configuration)
2026-03-30 05:08:49,829 [INFO] UtilMem:75 - Begin LoadConfig() Used Memory: 811168632 Bytes (1017118720)
2026-03-30 05:08:49,834 [INFO] OpenFileManager:355 - Change cursor
2026-03-30 05:08:49,855 [INFO] ProjectFactory:514 - No CPN specified for board STM32F407G-DISC1 => set CPN to STM32F407VGT6
2026-03-30 05:08:49,855 [INFO] Mcu:2029 - Initializing MCU STM32F407V(E-G)Tx STM32F407VGTx STM32F407VGT6
2026-03-30 05:08:51,515 [INFO] Context:786 - Trying to add GPIOservice into a context  which must be forbidden
2026-03-30 05:08:52,000 [INFO] Rule:233 - rule 117617 - U5Cobra4M][GTZC] default value MPCBB3 and MPCBB5 - Not Secured memory - MPCBB1 is applicable
2026-03-30 05:08:52,000 [INFO] Rule:233 - rule 117617 - U5Cobra4M][GTZC] default value MPCBB3 and MPCBB5 - Not Secured memory - MPCBB1 is applicable
2026-03-30 05:08:52,000 [INFO] Rule:233 - rule 117617 - U5Cobra4M][GTZC] default value MPCBB3 and MPCBB5 - Not Secured memory - MPCBB2 is applicable
2026-03-30 05:08:52,000 [INFO] Rule:233 - rule 117617 - U5Cobra4M][GTZC] default value MPCBB3 and MPCBB5 - Not Secured memory - MPCBB2 is applicable
2026-03-30 05:08:52,000 [INFO] Rule:233 - rule 117617 - U5Cobra4M][GTZC] default value MPCBB3 and MPCBB5 - Not Secured memory - MPCBB3 is applicable
2026-03-30 05:08:52,000 [INFO] Rule:233 - rule 117617 - U5Cobra4M][GTZC] default value MPCBB3 and MPCBB5 - Not Secured memory - MPCBB3 is applicable
2026-03-30 05:08:52,000 [INFO] Rule:233 - rule 117617 - U5Cobra4M][GTZC] default value MPCBB3 and MPCBB5 - Not Secured memory - MPCBB4 is applicable
2026-03-30 05:08:52,000 [INFO] Rule:233 - rule 117617 - U5Cobra4M][GTZC] default value MPCBB3 and MPCBB5 - Not Secured memory - MPCBB4 is applicable
2026-03-30 05:08:52,000 [INFO] Rule:233 - rule 117617 - U5Cobra4M][GTZC] default value MPCBB3 and MPCBB5 - Secured memory - MPCBB1 is applicable
2026-03-30 05:08:52,000 [INFO] Rule:233 - rule 117617 - U5Cobra4M][GTZC] default value MPCBB3 and MPCBB5 - Secured memory - MPCBB2 is applicable
2026-03-30 05:08:52,000 [INFO] Rule:233 - rule 117617 - U5Cobra4M][GTZC] default value MPCBB3 and MPCBB5 - Secured memory - MPCBB3 is applicable
2026-03-30 05:08:52,000 [INFO] Rule:233 - rule 117617 - U5Cobra4M][GTZC] default value MPCBB3 and MPCBB5 - Secured memory - MPCBB4 is applicable
2026-03-30 05:08:52,000 [INFO] Rule:233 - rule 117617 - U5Cobra4M][GTZC] default value MPCBB3 and MPCBB5 - Privileged memory - MPCBB1 is applicable
2026-03-30 05:08:52,000 [INFO] Rule:233 - rule 117617 - U5Cobra4M][GTZC] default value MPCBB3 and MPCBB5 - Privileged memory - MPCBB2 is applicable
2026-03-30 05:08:52,000 [INFO] Rule:233 - rule 117617 - U5Cobra4M][GTZC] default value MPCBB3 and MPCBB5 - Privileged memory - MPCBB3 is applicable
2026-03-30 05:08:52,000 [INFO] Rule:233 - rule 117617 - U5Cobra4M][GTZC] default value MPCBB3 and MPCBB5 - Privileged memory - MPCBB4 is applicable
2026-03-30 05:08:52,000 [INFO] Rule:233 - rule 117617 - U5Cobra4M][GTZC] default value MPCBB3 and MPCBB5 - Not Privileged memory - MPCBB1 is applicable
2026-03-30 05:08:52,000 [INFO] Rule:233 - rule 117617 - U5Cobra4M][GTZC] default value MPCBB3 and MPCBB5 - Not Privileged memory - MPCBB2 is applicable
2026-03-30 05:08:52,000 [INFO] Rule:233 - rule 117617 - U5Cobra4M][GTZC] default value MPCBB3 and MPCBB5 - Not Privileged memory - MPCBB3 is applicable
2026-03-30 05:08:52,000 [INFO] Rule:233 - rule 117617 - U5Cobra4M][GTZC] default value MPCBB3 and MPCBB5 - Not Privileged memory - MPCBB4 is applicable
2026-03-30 05:08:52,000 [INFO] Rule:233 - rule 117617 - U5Cobra4M][GTZC] default value MPCBB3 and MPCBB5 - Privileged memory - MPCBB1 is applicable
2026-03-30 05:08:52,000 [INFO] Rule:233 - rule 117617 - U5Cobra4M][GTZC] default value MPCBB3 and MPCBB5 - Privileged memory - MPCBB2 is applicable
2026-03-30 05:08:52,001 [INFO] Rule:233 - rule 117617 - U5Cobra4M][GTZC] default value MPCBB3 and MPCBB5 - Privileged memory - MPCBB3 is applicable
2026-03-30 05:08:52,001 [INFO] Rule:233 - rule 117617 - U5Cobra4M][GTZC] default value MPCBB3 and MPCBB5 - Privileged memory - MPCBB4 is applicable
2026-03-30 05:08:52,001 [INFO] Rule:233 - rule 117617 - U5Cobra4M][GTZC] default value MPCBB3 and MPCBB5 - Privileged memory - MPCBB1 is applicable
2026-03-30 05:08:52,001 [INFO] Rule:233 - rule 117617 - U5Cobra4M][GTZC] default value MPCBB3 and MPCBB5 - Privileged memory - MPCBB2 is applicable
2026-03-30 05:08:52,001 [INFO] Rule:233 - rule 117617 - U5Cobra4M][GTZC] default value MPCBB3 and MPCBB5 - Privileged memory - MPCBB3 is applicable
2026-03-30 05:08:52,001 [INFO] Rule:233 - rule 117617 - U5Cobra4M][GTZC] default value MPCBB3 and MPCBB5 - Privileged memory - MPCBB4 is applicable
2026-03-30 05:08:52,001 [INFO] Rule:233 - rule 117617 - U5Cobra4M][GTZC] default value MPCBB3 and MPCBB5 - Not Privileged memory - MPCBB1 is applicable
2026-03-30 05:08:52,001 [INFO] Rule:233 - rule 117617 - U5Cobra4M][GTZC] default value MPCBB3 and MPCBB5 - Not Privileged memory - MPCBB2 is applicable
2026-03-30 05:08:52,001 [INFO] Rule:233 - rule 117617 - U5Cobra4M][GTZC] default value MPCBB3 and MPCBB5 - Not Privileged memory - MPCBB3 is applicable
2026-03-30 05:08:52,001 [INFO] Rule:233 - rule 117617 - U5Cobra4M][GTZC] default value MPCBB3 and MPCBB5 - Not Privileged memory - MPCBB4 is applicable
2026-03-30 05:08:52,001 [INFO] Rule:233 - rule 117617 - U5Cobra4M][GTZC] default value MPCBB3 and MPCBB5 - Privileged memory - MPCBB1 is applicable
2026-03-30 05:08:52,001 [INFO] Rule:233 - rule 117617 - U5Cobra4M][GTZC] default value MPCBB3 and MPCBB5 - Privileged memory - MPCBB2 is applicable
2026-03-30 05:08:52,001 [INFO] Rule:233 - rule 117617 - U5Cobra4M][GTZC] default value MPCBB3 and MPCBB5 - Privileged memory - MPCBB3 is applicable
2026-03-30 05:08:52,001 [INFO] Rule:233 - rule 117617 - U5Cobra4M][GTZC] default value MPCBB3 and MPCBB5 - Privileged memory - MPCBB4 is applicable
2026-03-30 05:08:52,001 [INFO] Rule:233 - rule Rename SubGHz_Phy SUBGHZ_APPLICATION SUBGHZ_PINGPONG to SUBGHZ_ADV_APPLICATION is applicable
2026-03-30 05:08:52,001 [INFO] Rule:233 - rule Rename Enabled to IBEACON is applicable
2026-03-30 05:08:52,001 [INFO] Rule:233 - rule GTZC_S instance for project manager is applicable
2026-03-30 05:08:52,001 [INFO] Rule:233 - rule GTZC_S instance for context M33S is applicable
2026-03-30 05:08:52,001 [INFO] Rule:233 - rule GTZC_S instance value for IP GTZC is applicable
2026-03-30 05:08:52,001 [INFO] Rule:233 - rule GTZC_S instance for mcu.IP is applicable
2026-03-30 05:08:52,001 [INFO] Rule:233 - rule GTZC_S instance for VP is applicable
2026-03-30 05:08:52,001 [INFO] Rule:233 - rule GTZC_S instance for signal is applicable
2026-03-30 05:08:52,001 [INFO] Rule:233 - rule GTZC_S instance for mcu.Pin is applicable
2026-03-30 05:08:52,001 [INFO] Rule:233 - rule GTZC_S instance for VP is applicable
2026-03-30 05:08:52,001 [INFO] Rule:233 - rule GTZC_S instance for signal is applicable
2026-03-30 05:08:52,002 [INFO] Rule:233 - rule GTZC_S instance for mcu is applicable
2026-03-30 05:08:52,002 [INFO] Rule:233 - rule GTZC_S instance for mcu.Pin is applicable
2026-03-30 05:08:52,002 [INFO] Rule:233 - rule GTZC_S instance value for IP GTZC is applicable
2026-03-30 05:08:52,002 [INFO] Rule:233 - rule GTZC_S instance for project manager is applicable
2026-03-30 05:08:52,002 [INFO] Rule:233 - rule GTZC_S instance for context M33S is applicable
2026-03-30 05:08:52,002 [INFO] Rule:233 - rule GTZC_S instance for VP is applicable
2026-03-30 05:08:52,002 [INFO] Rule:233 - rule GTZC_S instance for signal is applicable
2026-03-30 05:08:52,002 [INFO] Rule:233 - rule SPDIFRX instance for mcu is applicable
2026-03-30 05:08:52,002 [INFO] Rule:233 - rule Rename Tracer Mode is applicable
2026-03-30 05:08:52,002 [INFO] Rule:233 - rule SPDIFRX instance value for IP SPDIFRX is applicable
2026-03-30 05:08:52,002 [INFO] Rule:233 - rule SPDIFRX instance for signal is applicable
2026-03-30 05:08:52,002 [INFO] Rule:233 - rule SPDIFRX instance for project manager is applicable
2026-03-30 05:08:52,002 [INFO] Rule:233 - rule SPDIFRX instance for project manager is applicable
2026-03-30 05:08:52,002 [INFO] Rule:233 - rule ADC Scan  fix with FW F7 is applicable
2026-03-30 05:08:52,002 [INFO] Rule:233 - rule ADC Scan  fix with FW F7 is applicable
2026-03-30 05:08:52,002 [INFO] Rule:233 - rule WakeUp0 Mode is applicable
2026-03-30 05:08:52,002 [INFO] Rule:233 - rule WakeUp0 SIGNAL is applicable
2026-03-30 05:08:52,002 [INFO] Rule:233 - rule WakeUp1 Mode is applicable
2026-03-30 05:08:52,002 [INFO] Rule:233 - rule WakeUp1 SIGNAL is applicable
2026-03-30 05:08:52,003 [INFO] Rule:233 - rule WakeUp2 Mode is applicable
2026-03-30 05:08:52,003 [INFO] Rule:233 - rule WakeUp2 SIGNAL is applicable
2026-03-30 05:08:52,003 [INFO] Rule:233 - rule WakeUp4 Mode is applicable
2026-03-30 05:08:52,003 [INFO] Rule:233 - rule WakeUp4 SIGNAL is applicable
2026-03-30 05:08:52,003 [INFO] Rule:233 - rule WakeUp5 Mode is applicable
2026-03-30 05:08:52,003 [INFO] Rule:233 - rule WakeUp5 SIGNAL is applicable
2026-03-30 05:08:52,003 [INFO] Rule:233 - rule UART/USART WORD LENGTH 7 is applicable
2026-03-30 05:08:52,003 [INFO] Rule:233 - rule UART/USART WORD LENGTH 8 is applicable
2026-03-30 05:08:52,003 [INFO] Rule:233 - rule UART/USART WORD LENGTH 9 is applicable
2026-03-30 05:08:52,003 [INFO] Rule:233 - rule Change Default Value for LSE Drive Capability for WB family is applicable
2026-03-30 05:08:52,003 [INFO] Rule:233 - rule Change Default Value for ADC Clock Prescaler G0 family is applicable
2026-03-30 05:08:52,003 [INFO] Rule:233 - rule ADC SamplingTime fix with FW L0  is applicable
2026-03-30 05:08:52,003 [INFO] Rule:233 - rule ADC SamplingTime fix with FW L0  is applicable
2026-03-30 05:08:52,003 [INFO] Rule:233 - rule ADC SamplingTime fix with FW L0 is applicable
2026-03-30 05:08:52,003 [INFO] Rule:233 - rule ADC SamplingTime fix with FW L0 is applicable
2026-03-30 05:08:52,003 [INFO] Rule:233 - rule ADC SamplingTime fix with FW L0  is applicable
2026-03-30 05:08:52,003 [INFO] Rule:233 - rule ADC SamplingTime fix with FW L0 is applicable
2026-03-30 05:08:52,003 [INFO] Rule:233 - rule Rename USB_OE Signal is applicable
2026-03-30 05:08:52,004 [INFO] Rule:233 - rule Rename Activate_OE Mode is applicable
2026-03-30 05:08:52,004 [INFO] Rule:233 - rule Rename DIE462/DIE415 pin PC14/OSC32_IN -> PC14-OSC32_IN (PC14) is applicable
2026-03-30 05:08:52,004 [INFO] Rule:233 - rule Rename DIE462/DIE415 pin PC15/OSC32_OUT -> PC15-OSC32_OUT (PC15) is applicable
2026-03-30 05:08:52,004 [INFO] Rule:233 - rule Rename DIE462/DIE415 pin PH0/OSC_IN -> PH0-OSC_IN (PH0) is applicable
2026-03-30 05:08:52,004 [INFO] Rule:233 - rule Rename DIE462/DIE415 pin PH1/OSC_OUT -> PH1-OSC_OUT (PH1) is applicable
2026-03-30 05:08:52,004 [INFO] Rule:233 - rule Rename DIE462 pin PA13 -> PA13 (JTMS/SWDIO) is applicable
2026-03-30 05:08:52,004 [INFO] Rule:233 - rule Rename DIE415 pin PA13 -> PA13 (JTMS/SWDIO) is applicable
2026-03-30 05:08:52,004 [INFO] Rule:233 - rule Rename DIE462 pin PA14 -> PA14 (JTCK/SWCLK) is applicable
2026-03-30 05:08:52,004 [INFO] Rule:233 - rule Rename DIE415 pin PA14 -> PA14 (JTCK/SWCLK) is applicable
2026-03-30 05:08:52,004 [INFO] Rule:233 - rule Rename DIE462/DIE415 pin PA15 -> PA15 (JTDI) is applicable
2026-03-30 05:08:52,004 [INFO] Rule:233 - rule Rename DIE462 pin PB3 -> PB3 (JTD0/TRACESWO) is applicable
2026-03-30 05:08:52,004 [INFO] Rule:233 - rule Rename DIE415 pin PB3 -> PB3 (JTD0-TRACESWO) is applicable
2026-03-30 05:08:52,004 [INFO] Rule:233 - rule Rename DIE462/DIE415 pin PB4 -> PB4 (NJTRST) is applicable
2026-03-30 05:08:52,004 [INFO] Rule:233 - rule Rename DIE462 pin PH3/BOOT0 -> PH3-BOOT0 (BOOT0) is applicable
2026-03-30 05:08:52,004 [INFO] Rule:233 - rule Rename CRYP DataEncryptionTypesList to Algorithm is applicable
2026-03-30 05:08:52,004 [INFO] Rule:233 - rule Rename AES DataEncryptionTypesList to Algorithm is applicable
2026-03-30 05:08:52,004 [INFO] Rule:233 - rule Rename TDESECB to CRYP_TDES_ECB is applicable
2026-03-30 05:08:52,004 [INFO] Rule:233 - rule Rename TDESCBC to CRYP_TDES_CBC is applicable
2026-03-30 05:08:52,004 [INFO] Rule:233 - rule Rename DESECB to CRYP_DES_ECB is applicable
2026-03-30 05:08:52,004 [INFO] Rule:233 - rule Rename DESCBC to CRYP_DES_CBC is applicable
2026-03-30 05:08:52,004 [INFO] Rule:233 - rule Rename AESECB to CRYP_AES_ECB is applicable
2026-03-30 05:08:52,004 [INFO] Rule:233 - rule Rename AESCBC to CRYP_AES_CBC is applicable
2026-03-30 05:08:52,004 [INFO] Rule:233 - rule Rename AESCTR to CRYP_AES_CTR is applicable
2026-03-30 05:08:52,005 [INFO] Rule:233 - rule Rename AESGCM to CRYP_AES_GCM is applicable
2026-03-30 05:08:52,005 [INFO] Rule:233 - rule Rename AESCCM to CRYP_AES_CCM is applicable
2026-03-30 05:08:52,005 [INFO] Rule:233 - rule Rename CAN TimeSeg1 to BS1 is applicable
2026-03-30 05:08:52,005 [INFO] Rule:233 - rule Rename CAN TimeSeg2 to BS2 is applicable
2026-03-30 05:08:52,005 [INFO] Rule:233 - rule Rename CAN SyncJumpWidth to SJW is applicable
2026-03-30 05:08:52,005 [INFO] Rule:233 - rule TimeTriggeredMode to TTCM is applicable
2026-03-30 05:08:52,005 [INFO] Rule:233 - rule Rename CAN AutoBusOff to ABOM is applicable
2026-03-30 05:08:52,005 [INFO] Rule:233 - rule Rename CAN AutoWakeUp to AWUM is applicable
2026-03-30 05:08:52,005 [INFO] Rule:233 - rule Rename CAN AutoRetransmission to NART is applicable
2026-03-30 05:08:52,005 [INFO] Rule:233 - rule Rename CAN ReceiveFifoLocked to RFLM is applicable
2026-03-30 05:08:52,005 [INFO] Rule:233 - rule Rename CAN TransmitFifoPriority to TXFP is applicable
2026-03-30 05:08:52,005 [INFO] Rule:233 - rule Rename HRTIMER HRTIM_OUTPUTFAULTLEVEL_HIGH in HRTIMER HRTIM_OUTPUTFAULTLEVEL_HIGHZ is applicable
2026-03-30 05:08:52,005 [INFO] Rule:233 - rule Rename TIMER TIM_CLEARINPUTSOURCE_OCREFCLR in  TIMER TIM_CLEARINPUTSOURCE_NONE for F7 family is applicable
2026-03-30 05:08:52,005 [INFO] Rule:233 - rule FDCAN_R1 - Rename FDCAN mode Master into Classic is applicable
2026-03-30 05:08:52,005 [INFO] Rule:233 - rule FDCAN_R2 - Rename FDCAN mode Slave into Classic is applicable
2026-03-30 05:08:52,006 [INFO] Rule:233 - rule FDCAN1_R3 - if PA10.Mode=FullDuplex, add Pin PA12 is applicable
2026-03-30 05:08:52,006 [INFO] Rule:233 - rule FDCAN1_R3 - if PA9.Mode=FullDuplex, add Pin PA11 is applicable
2026-03-30 05:08:52,006 [INFO] Rule:233 - rule FDCAN1_R3 - Alternatepin_1 - if PE1.Mode=FullDuplex, add Pin PB9 is applicable
2026-03-30 05:08:52,006 [INFO] Rule:233 - rule FDCAN1_R3 - Alternatepin_1 - if PE0.Mode=FullDuplex, add Pin PB8 is applicable
2026-03-30 05:08:52,006 [INFO] Rule:233 - rule FDCAN1_R3 - Alternatepin_2 - if PD5.Mode=FullDuplex, add Pin PD1 is applicable
2026-03-30 05:08:52,006 [INFO] Rule:233 - rule FDCAN1_R3 - Alternatepin_2 - if PD4.Mode=FullDuplex, add Pin PD0 is applicable
2026-03-30 05:08:52,006 [INFO] Rule:233 - rule FDCAN1_R4 - Rename Mode FullDuplex into Enable FDCAN_TXFD for pin PA10 is applicable
2026-03-30 05:08:52,006 [INFO] Rule:233 - rule FDCAN1_R4 - Rename Mode FullDuplex into Enable FDCAN_TXFD for pin PA9 is applicable
2026-03-30 05:08:52,006 [INFO] Rule:233 - rule FDCAN1_R4 - Alternatepin_1 - Rename Mode FullDuplex into Enable FDCAN_TXFD for pin PE1 is applicable
2026-03-30 05:08:52,006 [INFO] Rule:233 - rule FDCAN1_R4 - Alternatepin_1 - Rename Mode FullDuplex into Enable FDCAN_TXFD for pin PE0 is applicable
2026-03-30 05:08:52,006 [INFO] Rule:233 - rule FDCAN1_R4 - Alternatepin_2 - Rename Mode FullDuplex into Enable FDCAN_TXFD for pin PD5 is applicable
2026-03-30 05:08:52,006 [INFO] Rule:233 - rule FDCAN1_R4 - Alternatepin_2 - Rename Mode FullDuplex into Enable FDCAN_TXFD for pin PD4 is applicable
2026-03-30 05:08:52,006 [INFO] Rule:233 - rule FDCAN2_R3 - if PD10.Mode=FullDuplex, add Pin PB13 is applicable
2026-03-30 05:08:52,006 [INFO] Rule:233 - rule FDCAN2_R3 - if PD9.Mode=FullDuplex, add Pin PB12 is applicable
2026-03-30 05:08:52,006 [INFO] Rule:233 - rule FDCAN2_R3 - Alternatepin_1 - if PB7.Mode=FullDuplex, add Pin PB6 is applicable
2026-03-30 05:08:52,006 [INFO] Rule:233 - rule FDCAN2_R3 - Alternatepin_1 - if PD9.Mode=FullDuplex, add Pin PB12 is applicable
2026-03-30 05:08:52,006 [INFO] Rule:233 - rule FDCAN2_R4 - Rename Mode FullDuplex into Enable FDCAN_TXFD for pin PD10 is applicable
2026-03-30 05:08:52,006 [INFO] Rule:233 - rule FDCAN2_R4 - Rename Mode FullDuplex into Enable FDCAN_TXFD for pin PD9 is applicable
2026-03-30 05:08:52,007 [INFO] Rule:233 - rule FDCAN2_R4 - Alternatepin_1 - Rename Mode FullDuplex into Enable FDCAN_TXFD for pin PB7 is applicable
2026-03-30 05:08:52,007 [INFO] Rule:233 - rule FDCAN2_R4 - Alternatepin_1 - Rename Mode FullDuplex into Enable FDCAN_TXFD for pin PD6 is applicable
2026-03-30 05:08:52,007 [INFO] Rule:233 - rule USART TxPinLevelInvertParam Mode is applicable
2026-03-30 05:08:52,007 [INFO] Rule:233 - rule USART RxPinLevelInvertParam Mode is applicable
2026-03-30 05:08:52,007 [INFO] Rule:233 - rule USART DataInvertParam Mode is applicable
2026-03-30 05:08:52,007 [INFO] Rule:233 - rule USART SwapParam Mode is applicable
2026-03-30 05:08:52,007 [INFO] Rule:233 - rule USART OverrunDisableParam Mode is applicable
2026-03-30 05:08:52,007 [INFO] Rule:233 - rule USART DMADisableonRxErrorParam Mode is applicable
2026-03-30 05:08:52,007 [INFO] Rule:233 - rule USART MSBFirstParam Mode is applicable
2026-03-30 05:08:52,007 [INFO] Rule:233 - rule Update MwName for USB_DEVICE is applicable
2026-03-30 05:08:52,007 [INFO] Rule:233 - rule Change PWR_Regulator_Voltage_Scale Default Value for RCC  H7 family is applicable
2026-03-30 05:08:52,007 [INFO] Rule:233 - rule UART/USART IPParameter rename Prescaler parameter to ClockPrescaler is applicable
2026-03-30 05:08:52,007 [INFO] Rule:233 - rule UART/USART Prescaler rename Prescaler parameter to ClockPrescaler is applicable
2026-03-30 05:08:52,007 [INFO] Rule:233 - rule TIM1CLockSelection is applicable
2026-03-30 05:08:52,007 [INFO] Rule:233 - rule TIM15CLockSelection is applicable
2026-03-30 05:08:52,007 [INFO] Rule:233 - rule align RCC SDMMC3CLockSelection default value on MP1 is applicable
2026-03-30 05:08:52,007 [INFO] Rule:233 - rule align RCC SDMMC12CLockSelection default value on MP1 is applicable
2026-03-30 05:08:52,007 [INFO] Rule:233 - rule align RCC QSPICLockSelection default value on MP1 is applicable
2026-03-30 05:08:52,007 [INFO] Rule:233 - rule align RCC QSPICLockSelection default value on MP1 is applicable
2026-03-30 05:08:52,007 [INFO] Rule:233 - rule align RCC SPI6CLockSelection default value on MP1 is applicable
2026-03-30 05:08:52,007 [INFO] Rule:233 - rule align RCC LPTIM23CLockSelection default value on MP1 is applicable
2026-03-30 05:08:52,008 [INFO] Rule:233 - rule align RCC LPTIM1CLockSelection default value on MP1 is applicable
2026-03-30 05:08:52,008 [INFO] Rule:233 - rule align RCC USART1CLockSelection default value on MP1 is applicable
2026-03-30 05:08:52,008 [INFO] Rule:233 - rule align RCC USART24CLockSelection default value on MP1 is applicable
2026-03-30 05:08:52,008 [INFO] Rule:233 - rule align RCC USART6CLockSelection default value on MP1 is applicable
2026-03-30 05:08:52,008 [INFO] Rule:233 - rule align RCC UART78CLockSelection default value on MP1 is applicable
2026-03-30 05:08:52,008 [INFO] Rule:233 - rule align RCC USART35CLockSelection default value on MP1 is applicable
2026-03-30 05:08:52,008 [INFO] Rule:233 - rule align RCC SPI45CLockSelection default value on MP1 is applicable
2026-03-30 05:08:52,008 [INFO] Rule:233 - rule align RCC I2C46CLockSelection BCLK value on MP1 is applicable
2026-03-30 05:08:52,008 [INFO] Rule:233 - rule align RCC SPI45CLockSelection default value on MP1 is applicable
2026-03-30 05:08:52,008 [INFO] Rule:233 - rule align RCC I2C12CLockSelection default value on MP1 is applicable
2026-03-30 05:08:52,008 [INFO] Rule:233 - rule align RCC I2C35CLockSelection default value on MP1 is applicable
2026-03-30 05:08:52,008 [INFO] Rule:233 - rule align RCC LPTIM45CLockSelection default value on MP1 is applicable
2026-03-30 05:08:52,008 [INFO] Rule:233 - rule Rename DCMI PIXCK signal is applicable
2026-03-30 05:08:52,008 [INFO] Rule:233 - rule Change Default Value for I2C46CLockSelection MP1 family is applicable
2026-03-30 05:08:52,008 [INFO] Rule:233 - rule Change Default Value for UART for G4, G0 and WB families is applicable
2026-03-30 05:08:52,008 [INFO] Rule:233 - rule Change Default Value for USART for G4, G0 and WB families is applicable
2026-03-30 05:08:52,008 [INFO] Rule:233 - rule Change Default Value for USART for G4 family is applicable
2026-03-30 05:08:52,008 [INFO] Rule:233 - rule Change USART1CLockSelection refparam name for MP1 is applicable
2026-03-30 05:08:52,008 [INFO] Rule:233 - rule Change USART2CLockSelection refparam name for MP1 is applicable
2026-03-30 05:08:52,008 [INFO] Rule:233 - rule Change USART3CLockSelection refparam name for MP1 is applicable
2026-03-30 05:08:52,008 [INFO] Rule:233 - rule Change UART4CLockSelection refparam name for MP1 is applicable
2026-03-30 05:08:52,008 [INFO] Rule:233 - rule Change UART5CLockSelection refparam name for MP1 is applicable
2026-03-30 05:08:52,008 [INFO] Rule:233 - rule Change LPUART1CLockSelection refparam name for MP1 is applicable
2026-03-30 05:08:52,008 [INFO] Rule:233 - rule Change LPTIM1CLockSelection refparam name for MP1 is applicable
2026-03-30 05:08:52,008 [INFO] Rule:233 - rule Change LPTIM2CLockSelection refparam name for MP1 is applicable
2026-03-30 05:08:52,008 [INFO] Rule:233 - rule Change RCC_MCO1Source refparam name for MP1 is applicable
2026-03-30 05:08:52,008 [INFO] Rule:233 - rule Change LSCOSource1 refparam name for MP1 is applicable
2026-03-30 05:08:52,008 [INFO] Rule:233 - rule Change SMPSCLockSelection refparam name for MP1 is applicable
2026-03-30 05:08:52,008 [INFO] Rule:233 - rule Change LPTIM3CLockSelection refparam name for MP1 is applicable
2026-03-30 05:08:52,008 [INFO] Rule:233 - rule Change MPCBB* Default Template Mode to Parameters is applicable
2026-03-30 05:08:52,008 [INFO] Rule:233 - rule Change MPCWM* or MPCBB* Secure Mode to Parameters is applicable
2026-03-30 05:08:52,009 [INFO] Rule:233 - rule Change MPCWM* or MPCBB* No Secure Mode to Parameters is applicable
2026-03-30 05:08:52,009 [INFO] Rule:233 - rule Change TZSC IP Secure Mode to Parameters is applicable
2026-03-30 05:08:52,009 [INFO] Rule:233 - rule Change TZSC IP No Secure Mode to Parameters is applicable
2026-03-30 05:08:52,009 [INFO] Rule:233 - rule Change TZSC IP Privilege Mode to Parameters is applicable
2026-03-30 05:08:52,009 [INFO] Rule:233 - rule Change TZSC IP No Privilege Mode to Parameters is applicable
2026-03-30 05:08:52,009 [INFO] Rule:233 - rule Change TZIC IT Secure Mode to Parameters is applicable
2026-03-30 05:08:52,009 [INFO] Rule:233 - rule Change TZIC IT No Secure Mode to Parameters is applicable
2026-03-30 05:08:52,009 [INFO] Rule:233 - rule Add MPCBB1_NonSecureArea_Start_Address value with referenced to MPCBB1_NonSecureArea_Start value is applicable
2026-03-30 05:08:52,009 [INFO] Rule:233 - rule Add MPCBB2_NonSecureArea_Start_Address value with referenced to MPCBB2_NonSecureArea_Start value is applicable
2026-03-30 05:08:52,009 [INFO] Rule:233 - rule Add MPCWM1_NonSecureArea*_Start_Address value with referenced to MPCWM1_NonSecureArea*_Start value is applicable
2026-03-30 05:08:52,009 [INFO] Rule:233 - rule Add MPCWM2_NonSecureArea*_Start_Address value with referenced to MPCWM2_NonSecureArea*_Start value is applicable
2026-03-30 05:08:52,009 [INFO] Rule:233 - rule Add MPCWM3_NonSecureArea_Start_Address value with referenced to MPCWM3_NonSecureArea_Start value is applicable
2026-03-30 05:08:52,009 [INFO] Rule:233 - rule Change Default Value for PLL1UserDefinedConfig is applicable
2026-03-30 05:08:52,009 [INFO] Rule:233 - rule Change GPIO_PuPd Default Value for USART in async mode is applicable
2026-03-30 05:08:52,009 [INFO] Rule:233 - rule Change SMPSDivider Default Value is applicable
2026-03-30 05:08:52,009 [INFO] Rule:233 - rule OPAMP is applicable
2026-03-30 05:08:52,009 [INFO] Rule:233 - rule LPUART IPParameter rename Prescaler parameter to ClockPrescaler for STM32H7 is applicable
2026-03-30 05:08:52,009 [INFO] Rule:233 - rule LPUART IPParameter rename Prescaler parameter to ClockPrescaler for STM32H7 is applicable
2026-03-30 05:08:52,009 [INFO] Rule:233 - rule LPUART IPParameter rename Prescaler parameter to ClockPrescaler for STM32WB is applicable
2026-03-30 05:08:52,010 [INFO] Rule:233 - rule LPUART IPParameter rename Prescaler parameter to ClockPrescaler for STM32WB is applicable
2026-03-30 05:08:52,010 [INFO] Rule:233 - rule LPUART IPParameter rename Prescaler parameter to ClockPrescaler for STM32G4 is applicable
2026-03-30 05:08:52,010 [INFO] Rule:233 - rule LPUART IPParameter rename Prescaler parameter to ClockPrescaler for STM32G4 is applicable
2026-03-30 05:08:52,010 [INFO] Rule:233 - rule LPUART IPParameter rename Prescaler parameter to ClockPrescaler for STM32L5 is applicable
2026-03-30 05:08:52,010 [INFO] Rule:233 - rule LPUART IPParameter rename Prescaler parameter to ClockPrescaler for STM32L5 is applicable
2026-03-30 05:08:52,010 [INFO] Rule:233 - rule LPUART IPParameter rename Prescaler parameter to ClockPrescaler for STM32G4 is applicable
2026-03-30 05:08:52,010 [INFO] Rule:233 - rule LPUART IPParameter rename Prescaler parameter to ClockPrescaler for STM32G4 is applicable
2026-03-30 05:08:52,010 [INFO] Rule:233 - rule USB device lib V2.5.3 for L0 rename USBD_SUPPORT_USER_STRING parameter to USBD_SUPPORT_USER_STRING_DESC4 is applicable
2026-03-30 05:08:52,010 [INFO] Rule:233 - rule I2SCLockSelection clock entry align is applicable
2026-03-30 05:08:52,010 [INFO] Rule:233 - rule Assign TIMx context if used as SYS timebase is applicable
2026-03-30 05:08:52,010 [INFO] Rule:233 - rule Change GPIO_Pu Default Value for I2C is applicable
2026-03-30 05:08:52,010 [INFO] Rule:233 - rule Change GPIO_Pu Default Value for SMBus is applicable
2026-03-30 05:08:52,010 [INFO] Rule:233 - rule change FDCAN default value is applicable
2026-03-30 05:08:52,010 [INFO] Rule:233 - rule Change mode sai is applicable
2026-03-30 05:08:52,010 [INFO] Rule:233 - rule **Change sai mode is applicable
2026-03-30 05:08:52,010 [INFO] Rule:233 - rule Rename STM32WPAN CFG_BLE_IRK to CFG_BLE_IR is applicable
2026-03-30 05:08:52,010 [INFO] Rule:233 - rule Rename STM32WPAN CFG_BLE_ERK to CFG_BLE_ER is applicable
2026-03-30 05:08:52,010 [INFO] Rule:233 - rule Rename STM32WPAN CFG_BLE_IRK_HEX to CFG_BLE_IR_HEX is applicable
2026-03-30 05:08:52,010 [INFO] Rule:233 - rule Rename STM32WPAN CFG_BLE_ERK_HEX to CFG_BLE_ER_HEX is applicable
2026-03-30 05:08:52,010 [INFO] Rule:233 - rule Adapt Old IOC before rework replace old CORTEX_M33/CORTEX_M55 attributes by the new one. is applicable
2026-03-30 05:08:52,010 [INFO] Rule:233 - rule Rename parametre of RCC RCC_APBDBG_DIV2 to RCC_TIMPRES_DIV2 is applicable
2026-03-30 05:08:52,010 [INFO] Rule:233 - rule Rename DIE493 pin PA10 [PA12] -> PA10 is applicable
2026-03-30 05:08:52,010 [INFO] Rule:233 - rule Rename DIE493 pin PA9 [PA11] -> PA9 is applicable
2026-03-30 05:08:52,010 [INFO] Rule:233 - rule Rename DIE492 PartNumber CPN STM32WBA5MJGHx -> STM32WBA5MMGHx is applicable
2026-03-30 05:08:52,010 [INFO] Rule:233 - rule Rename DIE492 PartNumber  Name STM32WBA5MJGHx -> STM32WBA5MMGHx is applicable
2026-03-30 05:08:52,010 [INFO] Rule:233 - rule Rename DIE492 PartNumber UserName STM32WBA5MJGHx -> STM32WBA5MMGHx is applicable
2026-03-30 05:08:52,010 [INFO] Rule:233 - rule Rename DIE492 PartNumber DeviceId STM32WBA5MJGHx -> STM32WBA5MMGHx is applicable
2026-03-30 05:08:52,011 [INFO] Rule:233 - rule Adapt Old IOC CSI. is applicable
2026-03-30 05:08:52,011 [INFO] Rule:233 - rule Adapt Old IOC DCMIPP. is applicable
2026-03-30 05:08:52,011 [INFO] Rule:233 - rule Adapt Old IOC DCMIPP Mode Parallel. is applicable
2026-03-30 05:08:52,011 [INFO] Rule:233 - rule Adapt Old IOC LTDC. is applicable
2026-03-30 05:08:52,011 [INFO] Rule:233 - rule Rename STM32MP2 RIF Peripheral LTDC RIF.RISUP.LTDC_L0L1.Privilege -> RIF.RISUP.LTDC_L1L2.Privilege is applicable
2026-03-30 05:08:52,011 [INFO] Rule:233 - rule Rename STM32MP2 RIF Peripheral LTDC RIF.RISUP.LTDC_L0L1.Privilege -> RIF.RISUP.LTDC_L1L2.Privilege is applicable
2026-03-30 05:08:52,011 [INFO] Rule:233 - rule Rename STM32MP2 RIF Peripheral LTDC RIF.RISUP.LTDC_L0L1.Lock -> RIF.RISUP.LTDC_L1L2.Lock is applicable
2026-03-30 05:08:52,011 [INFO] Rule:233 - rule Rename STM32MP2 RIF Peripheral LTDC RIF.RISUP.LTDC_L2.Lock -> RIF.RISUP.LTDC_L3.Lock is applicable
2026-03-30 05:08:52,011 [INFO] Rule:233 - rule Adapt the old IOC example for updating the SYS when it is misconfigured. is applicable
2026-03-30 05:08:52,011 [INFO] Rule:233 - rule Rename STM32C09 Mcu.Package LQFP64 -> LQFP48 is applicable
2026-03-30 05:08:52,011 [INFO] Rule:233 - rule Adapt the old IOC example for updating the SYS when it is misconfigured. is applicable
2026-03-30 05:08:52,011 [INFO] Rule:233 - rule Adapt the old IOC example for updating the SYS when it is misconfigured. is applicable
2026-03-30 05:08:52,030 [INFO] DbConfProperties:307 - Apply Compatibility (38/250 Rules)
2026-03-30 05:08:52,058 [INFO] ImportTextPane:234 - (OptionalMessage_ERROR) Unable to find key (Mcu.ThirdPartyNb) in loaded IOC file
2026-03-30 05:08:52,062 [INFO] ImportTextPane:234 - (OptionalMessage_ERROR) Pin34 (VP_RIF_VS_RIF1) cannot be retrieved for this MCU
2026-03-30 05:08:52,143 [INFO] RtosManager:558 - Registered RTOS mode: class=CMSIS, group=RTOS, mode=CMSIS_V1, owner=FREERTOS
2026-03-30 05:08:52,144 [INFO] RtosManager:558 - Registered RTOS mode: class=CMSIS, group=RTOS2, mode=CMSIS_V2, owner=FREERTOS
2026-03-30 05:08:52,144 [INFO] RtosManager:558 - Registered RTOS mode: class=RTOS, group=Core, mode=CMSIS_V1, owner=FREERTOS
2026-03-30 05:08:52,144 [INFO] RtosManager:558 - Registered RTOS mode: class=RTOS, group=Core, mode=CMSIS_V2, owner=FREERTOS
2026-03-30 05:08:52,144 [WARN] ModelIntegratedComponent:184 - Missing modes for component STMicroelectronics:FreeRTOS:0.0.1:STMicroelectronics:RTOS:FreeRTOS:Core:::10.2.0:
2026-03-30 05:08:52,152 [WARN] ModelIntegratedComponent:63 - No mode defined for component null
2026-03-30 05:08:52,152 [WARN] ModelIntegratedComponent:63 - No mode defined for component null
2026-03-30 05:08:52,152 [WARN] ModelIntegratedComponent:63 - No mode defined for component null
2026-03-30 05:08:52,152 [WARN] ModelIntegratedComponent:63 - No mode defined for component null
2026-03-30 05:08:52,152 [WARN] ModelIntegratedComponent:63 - No mode defined for component null
2026-03-30 05:08:52,152 [WARN] ModelIntegratedComponent:63 - No mode defined for component null
2026-03-30 05:08:52,152 [WARN] ModelIntegratedComponent:63 - No mode defined for component null
2026-03-30 05:08:52,152 [WARN] ModelIntegratedComponent:63 - No mode defined for component null
2026-03-30 05:08:52,152 [WARN] ModelIntegratedComponent:63 - No mode defined for component null
2026-03-30 05:08:52,152 [WARN] ModelIntegratedComponent:63 - No mode defined for component null
2026-03-30 05:08:52,152 [WARN] ModelIntegratedComponent:63 - No mode defined for component null
2026-03-30 05:08:52,152 [WARN] ModelIntegratedComponent:63 - No mode defined for component null
2026-03-30 05:08:52,152 [WARN] ModelIntegratedComponent:63 - No mode defined for component null
2026-03-30 05:08:52,152 [WARN] ModelIntegratedComponent:63 - No mode defined for component null
2026-03-30 05:08:52,153 [WARN] ModelIntegratedComponent:63 - No mode defined for component null
2026-03-30 05:08:52,153 [WARN] ModelIntegratedComponent:63 - No mode defined for component null
2026-03-30 05:08:52,153 [WARN] ModelIntegratedComponent:63 - No mode defined for component null
2026-03-30 05:08:52,153 [WARN] ModelIntegratedComponent:63 - No mode defined for component null
2026-03-30 05:08:52,153 [WARN] ModelIntegratedComponent:63 - No mode defined for component null
2026-03-30 05:08:52,153 [WARN] ModelIntegratedComponent:63 - No mode defined for component null
2026-03-30 05:08:52,153 [WARN] ModelIntegratedComponent:63 - No mode defined for component null
2026-03-30 05:08:52,153 [WARN] ModelIntegratedComponent:63 - No mode defined for component null
2026-03-30 05:08:52,153 [WARN] ModelIntegratedComponent:63 - No mode defined for component null
2026-03-30 05:08:52,153 [WARN] ModelIntegratedComponent:63 - No mode defined for component null
2026-03-30 05:08:52,153 [WARN] ModelIntegratedComponent:63 - No mode defined for component null
2026-03-30 05:08:52,153 [WARN] ModelIntegratedComponent:63 - No mode defined for component null
2026-03-30 05:08:52,153 [WARN] ModelIntegratedComponent:63 - No mode defined for component null
2026-03-30 05:08:52,153 [WARN] ModelIntegratedComponent:63 - No mode defined for component null
2026-03-30 05:08:52,153 [WARN] ModelIntegratedComponent:63 - No mode defined for component null
2026-03-30 05:08:52,153 [WARN] ModelIntegratedComponent:63 - No mode defined for component null
2026-03-30 05:08:52,153 [WARN] ModelIntegratedComponent:63 - No mode defined for component null
2026-03-30 05:08:52,153 [WARN] ModelIntegratedComponent:63 - No mode defined for component null
2026-03-30 05:08:52,153 [WARN] ModelIntegratedComponent:63 - No mode defined for component null
2026-03-30 05:08:52,153 [WARN] ModelIntegratedComponent:63 - No mode defined for component null
2026-03-30 05:08:52,153 [WARN] ModelIntegratedComponent:63 - No mode defined for component null
2026-03-30 05:08:52,153 [WARN] ModelPack:524 - Component already loaded: STMicroelectronics:HAL Drivers:0.0.0:STMicroelectronics:Device:STMicro_Driver:XSPI:HAL::0.0.1:HAL_XSPI
2026-03-30 05:08:52,494 [INFO] ThirdPartyModel:298 - Start build external matchings
2026-03-30 05:08:53,502 [INFO] ThirdPartyModel:316 - End build external matchings
2026-03-30 05:08:53,728 [INFO] UtilMem:75 - End LoadConfig() Used Memory: 743743336 Bytes (1073741824)
2026-03-30 05:08:53,902 [WARN] ThirdParty:833 - waiting for thirdparty lock release [change project]
2026-03-30 05:08:53,903 [INFO] ThirdParty:835 - entering critical section [change project]
2026-03-30 05:08:53,903 [INFO] ThirdParty:1030 - CMSIS Pack Vendor :STMicroelectronics X-CUBE-PM33A1 1.0.0
2026-03-30 05:08:53,903 [INFO] ThirdParty:1030 - CMSIS Pack Vendor :STMicroelectronics USBPD 4.1
2026-03-30 05:08:53,903 [INFO] ThirdParty:1030 - CMSIS Pack Vendor :STMicroelectronics USB_HOST 2.0.0
2026-03-30 05:08:53,903 [INFO] ThirdParty:1030 - CMSIS Pack Vendor :STMicroelectronics FP-SNS-MOTENVWB1 1.4.0
2026-03-30 05:08:53,903 [INFO] ThirdParty:1030 - CMSIS Pack Vendor :STMicroelectronics X-CUBE-AZRTOS-F4 1.1.0
2026-03-30 05:08:53,903 [INFO] ThirdParty:1030 - CMSIS Pack Vendor :STMicroelectronics LIBJPEG 8.0.0
2026-03-30 05:08:53,903 [INFO] ThirdParty:1030 - CMSIS Pack Vendor :STMicroelectronics FP-ATR-ASTRA1 2.0.2
2026-03-30 05:08:53,903 [INFO] ThirdParty:1030 - CMSIS Pack Vendor :Avnet-IotConnect X-CUBE-IoTC-DA16k-PMOD 1.0.0
2026-03-30 05:08:53,903 [INFO] ThirdParty:1030 - CMSIS Pack Vendor :STMicroelectronics X-CUBE-SMBUS 2.1.0
2026-03-30 05:08:53,903 [INFO] ThirdParty:1030 - CMSIS Pack Vendor :STMicroelectronics X-CUBE-ISPU 2.1.0
2026-03-30 05:08:53,903 [INFO] ThirdParty:1030 - CMSIS Pack Vendor :STMicroelectronics X-CUBE-IPS 3.2.0
2026-03-30 05:08:53,903 [INFO] ThirdParty:1030 - CMSIS Pack Vendor :STMicroelectronics X-CUBE-ST60 1.0.0
2026-03-30 05:08:53,903 [INFO] ThirdParty:1030 - CMSIS Pack Vendor :STMicroelectronics X-CUBE-NFC12 1.0.0
2026-03-30 05:08:53,903 [INFO] ThirdParty:1030 - CMSIS Pack Vendor :STMicroelectronics X-CUBE-AZRTOS-F7 1.1.0
2026-03-30 05:08:53,903 [INFO] ThirdParty:1030 - CMSIS Pack Vendor :STMicroelectronics X-CUBE-AZRTOS-L5 2.0.0
2026-03-30 05:08:53,903 [INFO] ThirdParty:1030 - CMSIS Pack Vendor :STMicroelectronics USB_DEVICE 2.0.0
2026-03-30 05:08:53,903 [INFO] ThirdParty:1030 - CMSIS Pack Vendor :STMicroelectronics X-CUBE-NFC6 3.1.0
2026-03-30 05:08:53,903 [INFO] ThirdParty:1030 - CMSIS Pack Vendor :STMicroelectronics FP-SNS-MOTENV1 5.1.0
2026-03-30 05:08:53,903 [INFO] ThirdParty:1030 - CMSIS Pack Vendor :STMicroelectronics FreeRTOS 0.0.1
2026-03-30 05:08:53,903 [INFO] ThirdParty:1030 - CMSIS Pack Vendor :Infineon AIROC-Wi-Fi-Bluetooth-STM32 1.7.1
2026-03-30 05:08:53,903 [INFO] ThirdParty:1030 - CMSIS Pack Vendor :STMicroelectronics PDM2PCM 3.3.0
2026-03-30 05:08:53,903 [INFO] ThirdParty:1030 - CMSIS Pack Vendor :STMicroelectronics X-CUBE-AZRTOS-H7 3.4.0
2026-03-30 05:08:53,903 [INFO] ThirdParty:1030 - CMSIS Pack Vendor :STMicroelectronics X-CUBE-DISPLAY 3.0.0
2026-03-30 05:08:53,903 [INFO] ThirdParty:1030 - CMSIS Pack Vendor :STMicroelectronics FP-SNS-MOTENVWB1 1.5.0
2026-03-30 05:08:53,903 [INFO] ThirdParty:1030 - CMSIS Pack Vendor :STMicroelectronics X-CUBE-NFC10 1.0.0
2026-03-30 05:08:53,903 [INFO] ThirdParty:1030 - CMSIS Pack Vendor :STMicroelectronics X-CUBE-BLEMGR 4.0.0
2026-03-30 05:08:53,903 [INFO] ThirdParty:1030 - CMSIS Pack Vendor :STMicroelectronics X-CUBE-FREERTOS 1.3.1
2026-03-30 05:08:53,903 [INFO] ThirdParty:1030 - CMSIS Pack Vendor :STMicroelectronics HAL Drivers 0.0.0
2026-03-30 05:08:53,903 [INFO] ThirdParty:1030 - CMSIS Pack Vendor :STMicroelectronics X-CUBE-ST60 1.1.0
2026-03-30 05:08:53,903 [INFO] ThirdParty:1030 - CMSIS Pack Vendor :emotas I-CUBE-CANOPEN 1.3.0
2026-03-30 05:08:53,903 [INFO] ThirdParty:1030 - CMSIS Pack Vendor :STMicroelectronics MBEDTLS 2.14.1
2026-03-30 05:08:53,903 [INFO] ThirdParty:1030 - CMSIS Pack Vendor :STMicroelectronics X-CUBE-GNSS1 7.1.0
2026-03-30 05:08:53,903 [INFO] ThirdParty:1030 - CMSIS Pack Vendor :STMicroelectronics X-CUBE-TOUCHGFX 4.26.0
2026-03-30 05:08:53,904 [INFO] ThirdParty:1030 - CMSIS Pack Vendor :quantropi X-CUBE-qispace-sdk-base 2.0.0
2026-03-30 05:08:53,904 [INFO] ThirdParty:1030 - CMSIS Pack Vendor :STMicroelectronics FP-SNS-STBOX1 2.1.0
2026-03-30 05:08:53,904 [INFO] ThirdParty:1030 - CMSIS Pack Vendor :STMicroelectronics FP-SNS-STAIOTCFT 1.0.0
2026-03-30 05:08:53,904 [INFO] ThirdParty:1030 - CMSIS Pack Vendor :STMicroelectronics FP-SNS-SMARTAG2 1.2.0
2026-03-30 05:08:53,904 [INFO] ThirdParty:1030 - CMSIS Pack Vendor :STMicroelectronics FP-SNS-FLIGHT1 5.1.0
2026-03-30 05:08:53,904 [INFO] ThirdParty:1030 - CMSIS Pack Vendor :STMicroelectronics X-CUBE-AZRTOS-WL 2.0.0
2026-03-30 05:08:53,904 [INFO] ThirdParty:1030 - CMSIS Pack Vendor :STMicroelectronics X-CUBE-DPower 1.3.0
2026-03-30 05:08:53,904 [INFO] ThirdParty:1030 - CMSIS Pack Vendor :STMicroelectronics FP-SNS-MOTENV1 5.0.0
2026-03-30 05:08:53,904 [INFO] ThirdParty:1030 - CMSIS Pack Vendor :STMicroelectronics USB_DEVICE 1.0.0
2026-03-30 05:08:53,904 [INFO] ThirdParty:1030 - CMSIS Pack Vendor :STMicroelectronics X-CUBE-AZRTOS-H7RS 1.2.0
2026-03-30 05:08:53,904 [INFO] ThirdParty:1030 - CMSIS Pack Vendor :STMicroelectronics X-CUBE-AZRTOS-L4 2.0.0
2026-03-30 05:08:53,904 [INFO] ThirdParty:1030 - CMSIS Pack Vendor :STMicroelectronics ThreadX 0.0.2
2026-03-30 05:08:53,904 [INFO] ThirdParty:1030 - CMSIS Pack Vendor :WES I-CUBE-Cesium 1.3.0
2026-03-30 05:08:53,904 [INFO] ThirdParty:1030 - CMSIS Pack Vendor :STMicroelectronics lwIP 2.1.2
2026-03-30 05:08:53,904 [INFO] ThirdParty:1030 - CMSIS Pack Vendor :STMicroelectronics X-CUBE-SFXS2LP1 4.0.0
2026-03-30 05:08:53,904 [INFO] ThirdParty:1030 - CMSIS Pack Vendor :STMicroelectronics X-CUBE-BLE2 3.3.0
2026-03-30 05:08:53,904 [INFO] ThirdParty:1030 - CMSIS Pack Vendor :Avnet-IOTCONNECT X-CUBE-iotc-st67-sdk 1.0.0
2026-03-30 05:08:53,904 [INFO] ThirdParty:1030 - CMSIS Pack Vendor :STMicroelectronics PDM2PCM 3.2.0
2026-03-30 05:08:53,904 [INFO] ThirdParty:1030 - CMSIS Pack Vendor :STMicroelectronics X-CUBE-ST67W61 1.2.0
2026-03-30 05:08:53,904 [INFO] ThirdParty:1030 - CMSIS Pack Vendor :STMicroelectronics X-CUBE-NFC9 1.0.0
2026-03-30 05:08:53,904 [INFO] ThirdParty:1030 - CMSIS Pack Vendor :wolfSSL I-CUBE-wolfSSL 5.8.0
2026-03-30 05:08:53,904 [INFO] ThirdParty:1030 - CMSIS Pack Vendor :STMicroelectronics X-CUBE-BLE1 7.1.0
2026-03-30 05:08:53,904 [INFO] ThirdParty:1030 - CMSIS Pack Vendor :wolfSSL I-CUBE-wolfMQTT 1.19.2
2026-03-30 05:08:53,904 [INFO] ThirdParty:1030 - CMSIS Pack Vendor :STMicroelectronics USB_DEVICE 3.0.0
2026-03-30 05:08:53,904 [INFO] ThirdParty:1030 - CMSIS Pack Vendor :STMicroelectronics X-CUBE-FREERTOS 1.4.0
2026-03-30 05:08:53,904 [INFO] ThirdParty:1030 - CMSIS Pack Vendor :STMicroelectronics X-CUBE-EEPRMA1 5.2.0
2026-03-30 05:08:53,904 [INFO] ThirdParty:1030 - CMSIS Pack Vendor :STMicroelectronics X-CUBE-BLEMGR 4.1.0
2026-03-30 05:08:53,904 [INFO] ThirdParty:1030 - CMSIS Pack Vendor :STMicroelectronics X-CUBE-AZRTOS-WB 2.0.0
2026-03-30 05:08:53,904 [INFO] ThirdParty:1030 - CMSIS Pack Vendor :STMicroelectronics X-CUBE-GNSS1 7.0.1
2026-03-30 05:08:53,904 [INFO] ThirdParty:1030 - CMSIS Pack Vendor :STMicroelectronics X-CUBE-TOUCHGFX 4.25.0
2026-03-30 05:08:53,904 [INFO] ThirdParty:1030 - CMSIS Pack Vendor :STMicroelectronics X-CUBE-ST67W61 1.1.0
2026-03-30 05:08:53,904 [INFO] ThirdParty:1030 - CMSIS Pack Vendor :STMicroelectronics X-CUBE-AI 10.1.0
2026-03-30 05:08:53,904 [INFO] ThirdParty:1030 - CMSIS Pack Vendor :STMicroelectronics FP-SNS-STBOX1 2.0.0
2026-03-30 05:08:53,904 [INFO] ThirdParty:1030 - CMSIS Pack Vendor :STMicroelectronics X-CUBE-MEMS1 12.0.0
2026-03-30 05:08:53,904 [INFO] ThirdParty:1030 - CMSIS Pack Vendor :STMicroelectronics X-CUBE-STSE01 2.0.0
2026-03-30 05:08:53,904 [INFO] ThirdParty:1030 - CMSIS Pack Vendor :STMicroelectronics X-CUBE-AZRTOS-G0 1.1.0
2026-03-30 05:08:53,904 [INFO] ThirdParty:1030 - CMSIS Pack Vendor :STMicroelectronics X-CUBE-SAFEA1 1.2.2
2026-03-30 05:08:53,904 [INFO] ThirdParty:1030 - CMSIS Pack Vendor :STMicroelectronics X-CUBE-NFC4 3.0.0
2026-03-30 05:08:53,904 [INFO] ThirdParty:1030 - CMSIS Pack Vendor :STMicroelectronics X-CUBE-SUBG2 5.0.0
2026-03-30 05:08:53,904 [INFO] ThirdParty:1030 - CMSIS Pack Vendor :STMicroelectronics X-CUBE-AZRTOS-H7RS 1.1.0
2026-03-30 05:08:53,904 [INFO] ThirdParty:1030 - CMSIS Pack Vendor :STMicroelectronics STM32_WPAN 1.0.0
2026-03-30 05:08:53,904 [INFO] ThirdParty:1030 - CMSIS Pack Vendor :EmbeddedOffice I-CUBE-FS-RTOS 1.0.1
2026-03-30 05:08:53,904 [INFO] ThirdParty:1030 - CMSIS Pack Vendor :STMicroelectronics lwIP 2.0.3
2026-03-30 05:08:53,904 [INFO] ThirdParty:1030 - CMSIS Pack Vendor :Cesanta I-CUBE-Mongoose 7.13.0
2026-03-30 05:08:53,905 [INFO] ThirdParty:1030 - CMSIS Pack Vendor :STMicroelectronics USB_HOST 1.0.0
2026-03-30 05:08:53,905 [INFO] ThirdParty:1030 - CMSIS Pack Vendor :STMicroelectronics X-CUBE-AZRTOS-G4 2.0.0
2026-03-30 05:08:53,905 [INFO] ThirdParty:1030 - CMSIS Pack Vendor :STMicroelectronics X-CUBE-WB05N 2.0.0
2026-03-30 05:08:53,905 [INFO] ThirdParty:1030 - CMSIS Pack Vendor :STMicroelectronics PDM2PCM 3.1.0
2026-03-30 05:08:53,905 [INFO] ThirdParty:1030 - CMSIS Pack Vendor :wolfSSL I-CUBE-wolfTPM 3.8.0
2026-03-30 05:08:53,905 [INFO] ThirdParty:1030 - CMSIS Pack Vendor :wolfSSL I-CUBE-wolfSSH 1.4.20
2026-03-30 05:08:53,905 [INFO] ThirdParty:1030 - CMSIS Pack Vendor :STMicroelectronics X-CUBE-NFC7 2.0.0
2026-03-30 05:08:53,905 [INFO] ThirdParty:1030 - CMSIS Pack Vendor :STMicroelectronics X-CUBE-TCPP 4.2.0
2026-03-30 05:08:53,905 [INFO] ThirdParty:1030 - CMSIS Pack Vendor :RealThread X-CUBE-RT-Thread_Nano 4.1.1
2026-03-30 05:08:53,905 [INFO] ThirdParty:1030 - CMSIS Pack Vendor :STMicroelectronics FP-ATR-SIGFOX1 3.2.0
2026-03-30 05:08:53,905 [INFO] ThirdParty:1030 - CMSIS Pack Vendor :STMicroelectronics X-CUBE-EEPRMA1 5.1.0
2026-03-30 05:08:53,905 [INFO] ThirdParty:1030 - CMSIS Pack Vendor :STMicroelectronics MBEDTLS 2.16.2
2026-03-30 05:08:53,905 [INFO] ThirdParty:1030 - CMSIS Pack Vendor :STMicroelectronics X-CUBE-IPS 3.1.0
2026-03-30 05:08:53,905 [INFO] ThirdParty:1030 - CMSIS Pack Vendor :STMicroelectronics X-CUBE-ALS 1.0.2
2026-03-30 05:08:53,905 [INFO] ThirdParty:1030 - CMSIS Pack Vendor :ITTIA_DB I-CUBE-ITTIADB 8.9.0
2026-03-30 05:08:53,905 [INFO] ThirdParty:1030 - CMSIS Pack Vendor :STMicroelectronics X-CUBE-STSE01 1.0.0
2026-03-30 05:08:53,905 [INFO] ThirdParty:1030 - CMSIS Pack Vendor :portGmbH I-Cube-SoM-uGOAL 1.1.0
2026-03-30 05:08:53,905 [INFO] ThirdParty:1030 - CMSIS Pack Vendor :STMicroelectronics X-CUBE-NFC6 3.2.0
2026-03-30 05:08:53,905 [INFO] ThirdParty:1030 - CMSIS Pack Vendor :STMicroelectronics X-CUBE-ST67W61 1.0.0
2026-03-30 05:08:53,905 [INFO] ThirdParty:1030 - CMSIS Pack Vendor :STMicroelectronics X-CUBE-AI 10.2.0
2026-03-30 05:08:53,905 [INFO] ThirdParty:1030 - CMSIS Pack Vendor :STMicroelectronics ThreadX 1.0.0
2026-03-30 05:08:53,905 [INFO] ThirdParty:1030 - CMSIS Pack Vendor :SEGGER I-CUBE-embOS 1.3.1
2026-03-30 05:08:53,905 [INFO] ThirdParty:1030 - CMSIS Pack Vendor :STMicroelectronics X-CUBE-ALGOBUILD 1.4.0
2026-03-30 05:08:53,905 [INFO] ThirdParty:1030 - CMSIS Pack Vendor :STMicroelectronics X-CUBE-MEMS1 11.3.0
2026-03-30 05:08:53,905 [INFO] ThirdParty:1030 - CMSIS Pack Vendor :STMicroelectronics X-CUBE-TOF1 3.4.3
2026-03-30 05:08:53,905 [INFO] ThirdParty:841 - exiting critical section [change project]
2026-03-30 05:08:54,220 [INFO] PinOutPanel:1589 - setPackage(No Configuration,No Configuration)
2026-03-30 05:08:54,221 [INFO] PinOutPanel:1589 - setPackage(STM32F407VGTx,LQFP100)
2026-03-30 05:08:54,525 [INFO] UtilMem:75 - Before build in PCC Used Memory: 716319128 Bytes (1073741824)
2026-03-30 05:08:55,127 [INFO] UtilMem:75 - After build in PCC Used Memory: 934947240 Bytes (1073741824)
2026-03-30 05:08:55,162 [INFO] IPUIPlugin:80 - create IPUIPlugin
2026-03-30 05:08:55,162 [INFO] IPUIPlugin:80 - create IPUIPlugin
2026-03-30 05:08:55,162 [INFO] IPUIPlugin:80 - create IPUIPlugin
2026-03-30 05:08:55,163 [INFO] IPUIPlugin:80 - create IPUIPlugin
2026-03-30 05:08:55,163 [INFO] IPUIPlugin:80 - create IPUIPlugin
2026-03-30 05:08:55,163 [INFO] IPUIPlugin:80 - create IPUIPlugin
2026-03-30 05:08:55,163 [INFO] IPUIPlugin:80 - create IPUIPlugin
2026-03-30 05:08:55,163 [INFO] IPUIPlugin:80 - create IPUIPlugin
2026-03-30 05:08:55,163 [INFO] IPUIPlugin:80 - create IPUIPlugin
2026-03-30 05:08:55,163 [INFO] IPUIPlugin:80 - create IPUIPlugin
2026-03-30 05:08:55,163 [INFO] IPUIPlugin:80 - create IPUIPlugin
2026-03-30 05:08:55,163 [INFO] IPUIPlugin:80 - create IPUIPlugin
2026-03-30 05:08:55,163 [INFO] IPUIPlugin:80 - create IPUIPlugin
2026-03-30 05:08:55,163 [INFO] IPUIPlugin:80 - create IPUIPlugin
2026-03-30 05:08:55,163 [INFO] IPUIPlugin:80 - create IPUIPlugin
2026-03-30 05:08:55,164 [INFO] IPUIPlugin:80 - create IPUIPlugin
2026-03-30 05:08:55,164 [INFO] IPUIPlugin:80 - create IPUIPlugin
2026-03-30 05:08:55,164 [INFO] IPUIPlugin:80 - create IPUIPlugin
2026-03-30 05:08:55,164 [INFO] IPUIPlugin:80 - create IPUIPlugin
2026-03-30 05:08:55,164 [INFO] IPUIPlugin:80 - create IPUIPlugin
2026-03-30 05:08:55,165 [INFO] IPUIPlugin:80 - create IPUIPlugin
2026-03-30 05:08:55,165 [INFO] IPUIPlugin:80 - create IPUIPlugin
2026-03-30 05:08:55,165 [INFO] IPUIPlugin:80 - create IPUIPlugin
2026-03-30 05:08:55,165 [INFO] IPUIPlugin:80 - create IPUIPlugin
2026-03-30 05:08:55,165 [INFO] IPUIPlugin:80 - create IPUIPlugin
2026-03-30 05:08:55,166 [INFO] IPUIPlugin:80 - create IPUIPlugin
2026-03-30 05:08:55,166 [INFO] IPUIPlugin:80 - create IPUIPlugin
2026-03-30 05:08:55,166 [INFO] IPUIPlugin:80 - create IPUIPlugin
2026-03-30 05:08:55,166 [INFO] IPUIPlugin:80 - create IPUIPlugin
2026-03-30 05:08:55,166 [INFO] IPUIPlugin:80 - create IPUIPlugin
2026-03-30 05:08:55,166 [INFO] IPUIPlugin:80 - create IPUIPlugin
2026-03-30 05:08:55,166 [INFO] IPUIPlugin:80 - create IPUIPlugin
2026-03-30 05:08:55,167 [INFO] IPUIPlugin:80 - create IPUIPlugin
2026-03-30 05:08:55,167 [INFO] IPUIPlugin:80 - create IPUIPlugin
2026-03-30 05:08:55,167 [INFO] IPUIPlugin:80 - create IPUIPlugin
2026-03-30 05:08:55,167 [INFO] IPUIPlugin:80 - create IPUIPlugin
2026-03-30 05:08:55,167 [INFO] IPUIPlugin:80 - create IPUIPlugin
2026-03-30 05:08:55,168 [INFO] IPUIPlugin:80 - create IPUIPlugin
2026-03-30 05:08:55,168 [INFO] IPUIPlugin:80 - create IPUIPlugin
2026-03-30 05:08:55,168 [INFO] IPUIPlugin:80 - create IPUIPlugin
2026-03-30 05:08:55,168 [INFO] IPUIPlugin:80 - create IPUIPlugin
2026-03-30 05:08:55,168 [INFO] IPUIPlugin:80 - create IPUIPlugin
2026-03-30 05:08:55,168 [INFO] IPUIPlugin:80 - create IPUIPlugin
2026-03-30 05:08:55,169 [INFO] IPUIPlugin:80 - create IPUIPlugin
2026-03-30 05:08:55,169 [INFO] IPUIPlugin:80 - create IPUIPlugin
2026-03-30 05:08:55,169 [INFO] IPUIPlugin:80 - create IPUIPlugin
2026-03-30 05:08:55,169 [INFO] IPUIPlugin:80 - create IPUIPlugin
2026-03-30 05:08:55,169 [INFO] IPUIPlugin:80 - create IPUIPlugin
2026-03-30 05:08:55,169 [INFO] IPUIPlugin:80 - create IPUIPlugin
2026-03-30 05:08:55,169 [INFO] IPUIPlugin:80 - create IPUIPlugin
2026-03-30 05:08:55,170 [INFO] IPUIPlugin:80 - create IPUIPlugin
2026-03-30 05:08:55,170 [INFO] IPUIPlugin:80 - create IPUIPlugin
2026-03-30 05:08:55,170 [INFO] IPUIPlugin:80 - create IPUIPlugin
2026-03-30 05:08:55,170 [INFO] IPUIPlugin:80 - create IPUIPlugin
2026-03-30 05:08:55,171 [INFO] IPUIPlugin:80 - create IPUIPlugin
2026-03-30 05:08:55,171 [INFO] IPUIPlugin:80 - create IPUIPlugin
2026-03-30 05:08:55,171 [INFO] IPUIPlugin:80 - create IPUIPlugin
2026-03-30 05:08:55,171 [INFO] IPUIPlugin:80 - create IPUIPlugin
2026-03-30 05:08:55,199 [INFO] ApiDbMcu:532 - Load IP Config File for PDM2PCM
2026-03-30 05:08:55,341 [INFO] CADModel:165 - CPN selected for project levelSTM32F407VGT6
2026-03-30 05:08:55,342 [INFO] CADModel:114 - Register for checkConnection events
2026-03-30 05:08:55,380 [INFO] OpenFileManager:386 - Restore cursor
2026-03-30 05:08:55,805 [INFO] UtilMem:75 - End SaveConfig() Used Memory: 852369760 Bytes (1073741824)
2026-03-30 05:08:55,864 [INFO] UtilMem:75 - End SaveConfig() Used Memory: 872819040 Bytes (1073741824)
2026-03-30 05:08:56,307 [INFO] BlockDiagram:2775 - set Specific Code input for plugin: SYS
2026-03-30 05:08:56,307 [INFO] BlockDiagram:2775 - set Specific Code input for plugin: RCC
2026-03-30 05:08:56,307 [INFO] BlockDiagram:2775 - set Specific Code input for plugin: NVIC
2026-03-30 05:08:56,308 [INFO] BlockDiagram:2775 - set Specific Code input for plugin: GPIO
2026-03-30 05:08:56,308 [INFO] CodeGenerator:892 - code generatio: config db path: /opt/st/stm32cubeide_1.19.0/plugins/com.st.stm32cube.common.mx_6.15.0.202507011659//db/
2026-03-30 05:08:56,565 [INFO] CodeEngine:265 - oldGeneratedFile, /home/sunbeam/Desktop/workspace/RTOS_workspace/005LED_Task_Notify/MXTmpFiles/license.tmp_save
2026-03-30 05:08:56,871 [INFO] CodeEngine:289 - Generated code: /home/sunbeam/Desktop/workspace/RTOS_workspace/005LED_Task_Notify/MXTmpFiles/license.tmp
2026-03-30 05:08:56,947 [INFO] CodeEngine:265 - oldGeneratedFile, /home/sunbeam/Desktop/workspace/RTOS_workspace/005LED_Task_Notify/MXTmpFiles/gpio.tmp_save
2026-03-30 05:08:57,060 [INFO] CodeEngine:289 - Generated code: /home/sunbeam/Desktop/workspace/RTOS_workspace/005LED_Task_Notify/MXTmpFiles/gpio.tmp
2026-03-30 05:08:57,157 [INFO] CodeEngine:265 - oldGeneratedFile, /home/sunbeam/Desktop/workspace/RTOS_workspace/005LED_Task_Notify/Core/Src/stm32f4xx_it.c_save
2026-03-30 05:08:57,281 [INFO] CodeEngine:289 - Generated code: /home/sunbeam/Desktop/workspace/RTOS_workspace/005LED_Task_Notify/Core/Src/stm32f4xx_it.c
2026-03-30 05:08:57,283 [INFO] CodeEngine:265 - oldGeneratedFile, /home/sunbeam/Desktop/workspace/RTOS_workspace/005LED_Task_Notify/Core/Inc/stm32f4xx_it.h_save
2026-03-30 05:08:57,358 [INFO] CodeEngine:289 - Generated code: /home/sunbeam/Desktop/workspace/RTOS_workspace/005LED_Task_Notify/Core/Inc/stm32f4xx_it.h
2026-03-30 05:08:57,365 [INFO] CodeEngine:265 - oldGeneratedFile, /home/sunbeam/Desktop/workspace/RTOS_workspace/005LED_Task_Notify/Core/Src/stm32f4xx_hal_msp.c_save
2026-03-30 05:08:57,524 [INFO] CodeEngine:289 - Generated code: /home/sunbeam/Desktop/workspace/RTOS_workspace/005LED_Task_Notify/Core/Src/stm32f4xx_hal_msp.c
2026-03-30 05:08:57,526 [INFO] CodeEngine:265 - oldGeneratedFile, /home/sunbeam/Desktop/workspace/RTOS_workspace/005LED_Task_Notify/MXTmpFiles/system.tmp_save
2026-03-30 05:08:57,633 [INFO] CodeEngine:289 - Generated code: /home/sunbeam/Desktop/workspace/RTOS_workspace/005LED_Task_Notify/MXTmpFiles/system.tmp
2026-03-30 05:08:57,641 [INFO] CodeEngine:321 - oldGeneratedFile, /home/sunbeam/Desktop/workspace/RTOS_workspace/005LED_Task_Notify/Core/Inc/stm32f4xx_hal_conf.h_save
2026-03-30 05:08:57,750 [INFO] CodeEngine:345 - Generated code: /home/sunbeam/Desktop/workspace/RTOS_workspace/005LED_Task_Notify/Core/Inc/stm32f4xx_hal_conf.h
2026-03-30 05:08:57,874 [INFO] ApiDbMcu:532 - Load IP Config File for RCC
2026-03-30 05:08:57,886 [INFO] CodeEngine:265 - oldGeneratedFile, /home/sunbeam/Desktop/workspace/RTOS_workspace/005LED_Task_Notify/Core/Inc/main.h_save
2026-03-30 05:08:57,974 [INFO] CodeEngine:289 - Generated code: /home/sunbeam/Desktop/workspace/RTOS_workspace/005LED_Task_Notify/Core/Inc/main.h
2026-03-30 05:08:57,976 [INFO] CodeEngine:265 - oldGeneratedFile, /home/sunbeam/Desktop/workspace/RTOS_workspace/005LED_Task_Notify/Core/Src/main.c_save
2026-03-30 05:08:58,120 [INFO] CodeEngine:289 - Generated code: /home/sunbeam/Desktop/workspace/RTOS_workspace/005LED_Task_Notify/Core/Src/main.c
2026-03-30 05:08:58,391 [INFO] ProjectBuilder:3606 - Time for Copy HAL[1] : 37mS.
2026-03-30 05:08:58,394 [INFO] ProjectBuilder:5216 - Project Generator version: 4.7.0-B52
2026-03-30 05:08:58,526 [INFO] ConfigFileManager:1595 - The Die is : DIE413
2026-03-30 05:08:58,542 [INFO] ApiDbMcu:532 - Load IP Config File for FATFS
2026-03-30 05:08:58,566 [INFO] ApiDbMcu:532 - Load IP Config File for FREERTOS
2026-03-30 05:08:58,572 [INFO] ApiDbMcu:532 - Load IP Config File for LIBJPEG
2026-03-30 05:08:58,624 [INFO] ApiDbMcu:532 - Load IP Config File for LWIP
2026-03-30 05:08:58,656 [INFO] ApiDbMcu:532 - Load IP Config File for MBEDTLS
2026-03-30 05:08:58,685 [INFO] ApiDbMcu:532 - Load IP Config File for USB_DEVICE
2026-03-30 05:08:58,693 [INFO] ApiDbMcu:532 - Load IP Config File for USB_HOST
2026-03-30 05:08:59,071 [INFO] LogOutputStream:77 - [STDOUT_REDIRECT] 
2026-03-30 05:09:00,701 [INFO] ProjectBuilder:5496 - Time for Generating toolchain IDE Files: 2306mS.
2026-03-30 05:09:00,702 [INFO] ProjectBuilder:3463 - Time for Copy CMSIS : 1mS.
2026-03-30 05:09:00,702 [INFO] ProjectBuilder:3463 - Time for Copy CMSIS : 0mS.
2026-03-30 05:09:01,015 [INFO] McuFinderGlobals:76 - Set McuFinderConnectedMode to true
2026-03-30 05:09:01,023 [INFO] ApiDb:448 - Save user favorites file /home/sunbeam/.stm32cubeide/favorites.mcus.txt: 0 item(s)
2026-03-30 05:09:01,023 [INFO] ApiDb:452 - User favorites MCUs=[]
2026-03-30 05:09:01,027 [INFO] ApiDb:448 - Save user favorites file /home/sunbeam/.stm32cubeide/favorites.boards.txt: 1 item(s)
2026-03-30 05:09:01,027 [INFO] ApiDb:452 - User favorites Boards=[STM32F407G-DISC1]
2026-03-30 05:09:58,372 [INFO] UtilMem:75 - End SaveConfig() Used Memory: 944456224 Bytes (1073741824)
2026-03-30 05:10:00,607 [INFO] UtilMem:75 - End SaveConfig() Used Memory: 972241440 Bytes (1073741824)
2026-03-30 05:10:03,008 [INFO] UtilMem:75 - End SaveConfig() Used Memory: 971835672 Bytes (1073741824)
2026-03-30 05:10:03,142 [INFO] BlockDiagram:2775 - set Specific Code input for plugin: SYS
2026-03-30 05:10:03,142 [INFO] BlockDiagram:2775 - set Specific Code input for plugin: RCC
2026-03-30 05:10:03,142 [INFO] BlockDiagram:2775 - set Specific Code input for plugin: NVIC
2026-03-30 05:10:03,143 [INFO] BlockDiagram:2775 - set Specific Code input for plugin: GPIO
2026-03-30 05:10:03,143 [INFO] CodeGenerator:892 - code generatio: config db path: /opt/st/stm32cubeide_1.19.0/plugins/com.st.stm32cube.common.mx_6.15.0.202507011659//db/
2026-03-30 05:10:03,249 [INFO] CodeEngine:265 - oldGeneratedFile, /home/sunbeam/Desktop/workspace/RTOS_workspace/005LED_Task_Notify/MXTmpFiles/license.tmp_save
2026-03-30 05:10:03,321 [INFO] CodeEngine:289 - Generated code: /home/sunbeam/Desktop/workspace/RTOS_workspace/005LED_Task_Notify/MXTmpFiles/license.tmp
2026-03-30 05:10:03,355 [INFO] CodeEngine:265 - oldGeneratedFile, /home/sunbeam/Desktop/workspace/RTOS_workspace/005LED_Task_Notify/MXTmpFiles/gpio.tmp_save
2026-03-30 05:10:03,423 [INFO] CodeEngine:289 - Generated code: /home/sunbeam/Desktop/workspace/RTOS_workspace/005LED_Task_Notify/MXTmpFiles/gpio.tmp
2026-03-30 05:10:03,453 [INFO] CodeEngine:265 - oldGeneratedFile, /home/sunbeam/Desktop/workspace/RTOS_workspace/005LED_Task_Notify/Core/Src/stm32f4xx_it.c_save
2026-03-30 05:10:03,532 [INFO] CodeEngine:289 - Generated code: /home/sunbeam/Desktop/workspace/RTOS_workspace/005LED_Task_Notify/Core/Src/stm32f4xx_it.c
2026-03-30 05:10:03,533 [INFO] CodeEngine:265 - oldGeneratedFile, /home/sunbeam/Desktop/workspace/RTOS_workspace/005LED_Task_Notify/Core/Inc/stm32f4xx_it.h_save
2026-03-30 05:10:03,609 [INFO] CodeEngine:289 - Generated code: /home/sunbeam/Desktop/workspace/RTOS_workspace/005LED_Task_Notify/Core/Inc/stm32f4xx_it.h
2026-03-30 05:10:03,616 [INFO] CodeEngine:265 - oldGeneratedFile, /home/sunbeam/Desktop/workspace/RTOS_workspace/005LED_Task_Notify/Core/Src/stm32f4xx_hal_msp.c_save
2026-03-30 05:10:03,726 [INFO] CodeEngine:289 - Generated code: /home/sunbeam/Desktop/workspace/RTOS_workspace/005LED_Task_Notify/Core/Src/stm32f4xx_hal_msp.c
2026-03-30 05:10:03,727 [INFO] CodeEngine:265 - oldGeneratedFile, /home/sunbeam/Desktop/workspace/RTOS_workspace/005LED_Task_Notify/MXTmpFiles/system.tmp_save
2026-03-30 05:10:03,788 [INFO] CodeEngine:289 - Generated code: /home/sunbeam/Desktop/workspace/RTOS_workspace/005LED_Task_Notify/MXTmpFiles/system.tmp
2026-03-30 05:10:03,789 [INFO] CodeEngine:265 - oldGeneratedFile, /home/sunbeam/Desktop/workspace/RTOS_workspace/005LED_Task_Notify/Core/Src/stm32f4xx_hal_timebase_tim.c_save
2026-03-30 05:10:03,848 [INFO] CodeEngine:289 - Generated code: /home/sunbeam/Desktop/workspace/RTOS_workspace/005LED_Task_Notify/Core/Src/stm32f4xx_hal_timebase_tim.c
2026-03-30 05:10:03,852 [INFO] CodeEngine:321 - oldGeneratedFile, /home/sunbeam/Desktop/workspace/RTOS_workspace/005LED_Task_Notify/Core/Inc/stm32f4xx_hal_conf.h_save
2026-03-30 05:10:03,925 [INFO] CodeEngine:345 - Generated code: /home/sunbeam/Desktop/workspace/RTOS_workspace/005LED_Task_Notify/Core/Inc/stm32f4xx_hal_conf.h
2026-03-30 05:10:03,962 [INFO] CodeEngine:265 - oldGeneratedFile, /home/sunbeam/Desktop/workspace/RTOS_workspace/005LED_Task_Notify/Core/Inc/main.h_save
2026-03-30 05:10:04,026 [INFO] CodeEngine:289 - Generated code: /home/sunbeam/Desktop/workspace/RTOS_workspace/005LED_Task_Notify/Core/Inc/main.h
2026-03-30 05:10:04,028 [INFO] CodeEngine:265 - oldGeneratedFile, /home/sunbeam/Desktop/workspace/RTOS_workspace/005LED_Task_Notify/Core/Src/main.c_save
2026-03-30 05:10:04,121 [INFO] CodeEngine:289 - Generated code: /home/sunbeam/Desktop/workspace/RTOS_workspace/005LED_Task_Notify/Core/Src/main.c
2026-03-30 05:10:04,330 [INFO] ProjectBuilder:3606 - Time for Copy HAL[1] : 29mS.
2026-03-30 05:10:04,332 [INFO] ProjectBuilder:5216 - Project Generator version: 4.7.0-B52
2026-03-30 05:10:04,417 [INFO] ConfigFileManager:1595 - The Die is : DIE413
2026-03-30 05:10:05,157 [INFO] ProjectBuilder:5496 - Time for Generating toolchain IDE Files: 825mS.
2026-03-30 05:10:05,158 [INFO] ProjectBuilder:3463 - Time for Copy CMSIS : 0mS.
2026-03-30 05:10:05,158 [INFO] ProjectBuilder:3463 - Time for Copy CMSIS : 0mS.
2026-03-30 06:10:06,773 [ERROR] ConfigurationRetriever:142 - IOException on connection: Read timed out
2026-03-30 06:19:34,776 [INFO] WebApp:194 - Connection lost
2026-03-30 06:20:08,378 [INFO] WebApp:191 - Connection restablished
2026-03-30 06:27:28,008 [INFO] WebApp:194 - Connection lost
2026-03-30 06:28:05,754 [INFO] WebApp:191 - Connection restablished
2026-03-30 06:44:18,675 [INFO] MainUpdater:2872 - connection check result : 10
2026-03-30 06:44:18,676 [INFO] McuFinderGlobals:76 - Set McuFinderConnectedMode to true
2026-03-30 06:44:20,503 [INFO] ServerAccessManage:452 - Complete download http(s) 200
2026-03-30 06:44:20,504 [INFO] ServerAccessManage:509 - Download File mcusAds.json._tmp_
2026-03-30 06:44:20,607 [INFO] LoadUrlFilesThread:156 - End of LoadUrlFiles Thread
2026-03-30 06:44:22,449 [INFO] ServerAccessManage:452 - Complete download http(s) 200
2026-03-30 06:44:22,449 [INFO] ServerAccessManage:509 - Download File cube-finder-db.zip
2026-03-30 06:44:22,753 [ERROR] ServerAccessManage:740 - User Cancel Download : cube-finder-db.zip.
2026-03-30 06:44:22,831 [INFO] ProgressBarDialog:492 - /home/sunbeam/.stmcufinder/plugins/mcufinder/mcu/cube-finder-db.zip.tmp : file deleted.
2026-03-30 06:44:22,854 [INFO] LoadUrlFilesThread:156 - End of LoadUrlFiles Thread
2026-03-30 06:44:24,089 [INFO] DbMcusAds:53 - JSON generation date=Thu Mar 05 20:02:52 IST 2026 (1772721172890)
2026-03-30 06:44:24,098 [INFO] ApiDb:448 - Save user favorites file /home/sunbeam/.stm32cubeide/favorites.mcus.txt: 0 item(s)
2026-03-30 06:44:24,098 [INFO] ApiDb:452 - User favorites MCUs=[]
2026-03-30 06:44:24,101 [INFO] ApiDb:581 - Connected to CubeFinder SQLite database (/home/sunbeam/.stmcufinder/plugins/mcufinder/mcu/cube-finder-db.db)
2026-03-30 06:44:24,167 [INFO] ApiDb:668 - CubeFinder database Data Model version=2.1
2026-03-30 06:44:24,168 [INFO] ApiDb:669 - CubeFinder database Configuration version=3.0.42
2026-03-30 06:44:24,168 [INFO] ApiDb:670 - CubeFinder database generation date=2026-03-11 (1773229989)
2026-03-30 06:44:24,168 [INFO] ApiDb:671 - CubeFinder database FW Pack versions=[FP-ATR-ASTRA1_V2.0.0, FP-SNS-FLIGHT1_V5.1.0, FP-SNS-MOTENV1_V5.1.0, FP-SNS-MOTENVWB1_V1.5.0, FP-SNS-SMARTAG2_V1.2.0, FP-SNS-STBOX1_V2.1.0, STM32Cube_FW_C0_V1.4.0, STM32Cube_FW_F4_V1.28.3, STM32Cube_FW_F7_V1.17.4, STM32Cube_FW_G0_V1.6.3, STM32Cube_FW_G4_V1.6.2, STM32Cube_FW_H5_V1.6.0, STM32Cube_FW_H7RS_V1.3.0, STM32Cube_FW_H7_V1.13.0, STM32Cube_FW_L0_V1.12.2, STM32Cube_FW_L4_V1.18.2, STM32Cube_FW_L5_V1.6.0, STM32Cube_FW_N6_V1.3.0, STM32Cube_FW_U0_V1.3.0, STM32Cube_FW_U3_V1.3.0, STM32Cube_FW_U5_V1.8.0, STM32Cube_FW_WB0_V1.4.0, STM32Cube_FW_WBA_V1.9.0, STM32Cube_FW_WB_V1.24.0, STM32Cube_FW_WL3_V1.4.0, STM32Cube_FW_WL_V1.5.0, X-CUBE-ALGOBUILD_V1.4.0, X-CUBE-ALS_V1.0.2, X-CUBE-AZRTOS-F4_V1.1.0, X-CUBE-AZRTOS-F7_V1.1.0, X-CUBE-AZRTOS-G0_V1.1.0, X-CUBE-AZRTOS-G4_V2.0.0, X-CUBE-AZRTOS-H7RS_V1.1.0, X-CUBE-AZRTOS-H7_V3.4.0, X-CUBE-AZRTOS-L4_V2.0.0, X-CUBE-AZRTOS-L5_V2.0.0, X-CUBE-AZRTOS-WB_V2.0.0, X-CUBE-AZRTOS-WL_V2.0.0, X-CUBE-BLE1_V7.1.0, X-CUBE-BLE2_V3.3.0, X-CUBE-BLEMGR_V4.1.0, X-CUBE-EEPRMA1_V5.2.0, X-CUBE-FREERTOS_V1.5.0, X-CUBE-GNSS1_V6.0.0, X-CUBE-MEMS1_V12.0.0, X-CUBE-NFC4_V3.0.0, X-CUBE-NFC7_V2.0.0, X-CUBE-SFXS2LP1_V4.0.0, X-CUBE-ST67W61_V1.2.0, X-CUBE-SUBG2_V5.0.0, X-CUBE-TOF1_V3.4.3]
2026-03-30 06:44:27,062 [INFO] ApiDb:240 - Found 880 in-development CPN: [B-G473E-ZEST1S, B-WB1M-WPAN1, B-WBA5M-WPAN, B-WL5M-SUBG1, NUCLEO-C031C6, NUCLEO-C051C8, NUCLEO-C071RB, NUCLEO-C092RC, NUCLEO-H503RB, NUCLEO-H533RE, NUCLEO-H563ZI, NUCLEO-H7S3L8, NUCLEO-N657X0-Q, NUCLEO-U031R8, NUCLEO-U083RC, NUCLEO-U385RG-Q, NUCLEO-U545RE-Q, NUCLEO-U5A5ZJ-Q, NUCLEO-WB05KZ, NUCLEO-WB07CC, NUCLEO-WB09KE, NUCLEO-WBA52CG, NUCLEO-WBA55CG, NUCLEO-WL33CC1, NUCLEO-WL33CC2, STEVAL-PROTEUS1, STEVAL-SMARTAG2, STEVAL-STWINBX1, STM320518-EVAL, STM32C0116-DK, STM32C011D6Y3TR, STM32C011D6Y6TR, STM32C011F4P3, STM32C011F4P6, STM32C011F4U3, STM32C011F4U6TR, STM32C011F6P3, STM32C011F6P6, STM32C011F6U3, STM32C011F6U6TR, STM32C011J4M3, STM32C011J4M6, STM32C011J6M3, STM32C011J6M6, STM32C0316-DK, STM32C031C4T3, STM32C031C4T6, STM32C031C4U3, STM32C031C4U6, STM32C031C6T3, STM32C031C6T6, STM32C031C6U3, STM32C031C6U6, STM32C031F4P3, STM32C031F4P6, STM32C031F6P3, STM32C031F6P6, STM32C031G4U3, STM32C031G4U6, STM32C031G6U3, STM32C031G6U6, STM32C031K4T3, STM32C031K4T6, STM32C031K4U3, STM32C031K4U6, STM32C031K6T3, STM32C031K6T6, STM32C031K6U3, STM32C031K6U6, STM32C051C6T6, STM32C051C6U6, STM32C051C8T6, STM32C051C8U6, STM32C051D8Y6TR, STM32C051F6P6, STM32C051F8P6, STM32C051G6U6, STM32C051G8U6, STM32C051K6T6, STM32C051K6U6, STM32C051K8T6, STM32C071C8T6, STM32C071C8T6N, STM32C071C8U6, STM32C071C8U6N, STM32C071CBT6, STM32C071CBT6N, STM32C071CBU6, STM32C071CBU6N, STM32C071F8P6, STM32C071F8P6N, STM32C071FBP6, STM32C071FBP6N, STM32C071FBY6TR, STM32C071G8U6, STM32C071G8U6N, STM32C071GBU6, STM32C071GBU6N, STM32C071K8T6, STM32C071K8T6N, STM32C071K8U6, STM32C071K8U6N, STM32C071KBT6, STM32C071KBT6N, STM32C071KBU6, STM32C071KBU6N, STM32C071R8T6, STM32C071R8T6N, STM32C071RBI6N, STM32C071RBT6, STM32C071RBT6N, STM32C091CBT6, STM32C091CBU6, STM32C091CCT6, STM32C091CCU6, STM32C091ECY6TR, STM32C091FBP6, STM32C091FCP6, STM32C091GBU6, STM32C091GCU6, STM32C091KBT6, STM32C091KBU6, STM32C091KCT6, STM32C091KCU6, STM32C091RBT6, STM32C091RCI6, STM32C091RCT6, STM32C092CBT6, STM32C092CBU6, STM32C092CCT6, STM32C092CCU6, STM32C092ECY6TR, STM32C092FBP6, STM32C092FCP6, STM32C092GBU6, STM32C092GCU6, STM32C092KBT6, STM32C092KBU6, STM32C092KCT6, STM32C092KCU6, STM32C092RBT6, STM32C092RCI6, STM32C092RCT6, STM32G071K8TXN, STM32G071K8UXN, STM32G081GBU6N, STM32G081KBT6N, STM32G081KBUXN, STM32G0B1CCT6N, STM32G0B1KCT6, STM32G0B1NEY6TR, STM32G0B1RCT6N, STM32G0C1CCT6, STM32G0C1CCT6N, STM32G0C1CCU6N, STM32G0C1CET6N, STM32G0C1CEU6N, STM32G0C1KCT6, STM32G0C1NEY6TR, STM32G0C1RCI6N, STM32G0C1RCT6N, STM32G0C1REI6N, STM32G0C1RET6N, STM32G0C1VCI6, STM32G0C1VEI6, STM32G411C6T3, STM32G411C6T6, STM32G411C6U3, STM32G411C6U6, STM32G411C8T3, STM32G411C8T6, STM32G411C8U3, STM32G411C8U6, STM32G411CBT3, STM32G411CBT6, STM32G411CBU3, STM32G411CBU6, STM32G411K6T3, STM32G411K6T6, STM32G411K6U3, STM32G411K6U6, STM32G411K8T3, STM32G411K8T6, STM32G411K8U3, STM32G411K8U6, STM32G411KBT3, STM32G411KBT6, STM32G411KBU3, STM32G411KBU6, STM32G411M6T3, STM32G411M6T6, STM32G411M8T3, STM32G411M8T6, STM32G411MBT3, STM32G411MBT6, STM32G411R6T3, STM32G411R6T6, STM32G411R8T3, STM32G411R8T6, STM32G411RBT3, STM32G411RBT6, STM32G414CBT3, STM32G414CBT6, STM32G414CBU3, STM32G414CBU6, STM32G414CCT3, STM32G414CCT6, STM32G414CCU3, STM32G414CCU6, STM32G414MBT3, STM32G414MBT6, STM32G414MCT3, STM32G414MCT6, STM32G414RBT3, STM32G414RBT6, STM32G414RCT3, STM32G414RCT6, STM32G414VBT3, STM32G414VBT6, STM32G414VCT3, STM32G414VCT6, STM32G431CBT3Z, STM32G431RBT3Z, STM32G471CCT6, STM32G471CCU6, STM32G471CET3, STM32G471CET6, STM32G471CEU3, STM32G471CEU6, STM32G471MCT6, STM32G471MET3, STM32G471MET6, STM32G471MEY6TR, STM32G471QCT6, STM32G471QET3, STM32G471RCT6, STM32G471RET3, STM32G471RET6, STM32G471VCH6, STM32G471VCI6, STM32G471VCT6, STM32G471VEH3, STM32G471VEH6, STM32G471VEI3, STM32G471VEI6, STM32G471VET3, STM32G471VET6, STM32G473QET3Z, STM32G473RET3Z, STM32G474CCT6, STM32G491RET3Z, STM32H503CBT6, STM32H503CBU6, STM32H503EBY6TR, STM32H503KBU6, STM32H503RBT6, STM32H523CCT6, STM32H523CCU6, STM32H523CET6, STM32H523CEU6, STM32H523HEY6TR, STM32H523RCT6, STM32H523RET6, STM32H523VCI6, STM32H523VCT6, STM32H523VEI6, STM32H523VET6, STM32H523ZCJ6, STM32H523ZCT6, STM32H523ZEJ6, STM32H523ZET6, STM32H533CET6, STM32H533CEU6, STM32H533HEY6TR, STM32H533RET6, STM32H533VEI6, STM32H533VET6, STM32H533ZEJ6, STM32H533ZET6, STM32H562AGI6, STM32H562AII6, STM32H562IGK6, STM32H562IGT6, STM32H562IIK6, STM32H562IIT6, STM32H562RGT6, STM32H562RGV6, STM32H562RIT6, STM32H562RIV6, STM32H562VGT6, STM32H562VIT6, STM32H562ZGT6, STM32H562ZIT6, STM32H563AGI6, STM32H563AII3Q, STM32H563AII6, STM32H563IGK6, STM32H563IGT6, STM32H563IIK3Q, STM32H563IIK6, STM32H563IIT3Q, STM32H563IIT6, STM32H563MIY3QTR, STM32H563RGT6, STM32H563RGV6, STM32H563RIT6, STM32H563RIV6, STM32H563VGT6, STM32H563VIT3Q, STM32H563VIT6, STM32H563ZGT6, STM32H563ZIT3Q, STM32H563ZIT6, STM32H573AII3Q, STM32H573AII6, STM32H573I-DK, STM32H573IIK3Q, STM32H573IIK6, STM32H573IIT3Q, STM32H573IIT6, STM32H573MIY3QTR, STM32H573RIT6, STM32H573RIV6, STM32H573VIT3Q, STM32H573VIT6, STM32H573ZIT3Q, STM32H573ZIT6, STM32H7R3A8I6, STM32H7R3I8K6, STM32H7R3I8T6, STM32H7R3L8H6, STM32H7R3L8H6H, STM32H7R3R8V6, STM32H7R3V8H6, STM32H7R3V8T6, STM32H7R3V8Y6TR, STM32H7R3Z8J6, STM32H7R3Z8T6, STM32H7R7A8I6, STM32H7R7I8K6, STM32H7R7I8T6, STM32H7R7L8H6, STM32H7R7L8H6H, STM32H7R7Z8J6, STM32H7S3A8I6, STM32H7S3I8K6, STM32H7S3I8T6, STM32H7S3L8H6, STM32H7S3L8H6H, STM32H7S3R8V6, STM32H7S3V8H6, STM32H7S3V8T6, STM32H7S3V8Y6TR, STM32H7S3Z8J6, STM32H7S3Z8T6, STM32H7S78-DK, STM32H7S7A8I6, STM32H7S7I8K6, STM32H7S7I8T6, STM32H7S7L8H6, STM32H7S7L8H6H, STM32H7S7Z8J6, STM32L4R5QGI6STR, STM32MP131AAE3, STM32MP131AAF3, STM32MP131AAG3, STM32MP131CAE3, STM32MP131CAF3, STM32MP131CAG3, STM32MP131DAE7, STM32MP131DAF7, STM32MP131DAG7, STM32MP131FAE7, STM32MP131FAF7, STM32MP131FAG7, STM32MP133AAE3, STM32MP133AAF3, STM32MP133AAG3, STM32MP133CAE3, STM32MP133CAF3, STM32MP133CAG3, STM32MP133DAE7, STM32MP133DAF7, STM32MP133DAG7, STM32MP133FAE7, STM32MP133FAF7, STM32MP133FAG7, STM32MP135AAE3, STM32MP135AAF3, STM32MP135AAG3, STM32MP135CAE3, STM32MP135CAF3, STM32MP135CAG3, STM32MP135DAE7, STM32MP135DAF7, STM32MP135DAG7, STM32MP135F-DK, STM32MP135FAE7, STM32MP135FAF7, STM32MP135FAF7T, STM32MP135FAF7U, STM32MP135FAG7, STM32MP211AAL3, STM32MP211AAM3, STM32MP211AAN3, STM32MP211AAO3, STM32MP211CAL3, STM32MP211CAM3, STM32MP211CAN3, STM32MP211CAO3, STM32MP211DAL3, STM32MP211DAM3, STM32MP211DAN3, STM32MP211DAO3, STM32MP211FAL3, STM32MP211FAM3, STM32MP211FAN3, STM32MP211FAO3, STM32MP213AAL3, STM32MP213AAM3, STM32MP213AAN3, STM32MP213AAO3, STM32MP213CAL3, STM32MP213CAM3, STM32MP213CAN3, STM32MP213CAO3, STM32MP213DAL3, STM32MP213DAM3, STM32MP213DAN3, STM32MP213DAO3, STM32MP213FAL3, STM32MP213FAM3, STM32MP213FAN3, STM32MP213FAO3, STM32MP215AAL3, STM32MP215AAM3, STM32MP215AAN3, STM32MP215AAO3, STM32MP215CAL3, STM32MP215CAM3, STM32MP215CAN3, STM32MP215CAO3, STM32MP215DAL3, STM32MP215DAM3, STM32MP215DAN3, STM32MP215DAO3, STM32MP215F-DK, STM32MP215FAL3, STM32MP215FAM3, STM32MP215FAN3, STM32MP215FAO3, STM32MP231AAJ3, STM32MP231AAK3, STM32MP231AAL3, STM32MP231CAJ3, STM32MP231CAK3, STM32MP231CAL3, STM32MP231DAJ3, STM32MP231DAK3, STM32MP231DAL3, STM32MP231FAJ3, STM32MP231FAK3, STM32MP231FAL3, STM32MP233AAJ3, STM32MP233AAK3, STM32MP233AAL3, STM32MP233CAJ3, STM32MP233CAK3, STM32MP233CAL3, STM32MP233DAJ3, STM32MP233DAK3, STM32MP233DAL3, STM32MP233FAJ3, STM32MP233FAK3, STM32MP233FAL3, STM32MP235AAJ3, STM32MP235AAK3, STM32MP235AAL3, STM32MP235CAJ3, STM32MP235CAK3, STM32MP235CAL3, STM32MP235DAJ3, STM32MP235DAK3, STM32MP235DAL3, STM32MP235FAJ3, STM32MP235FAK3, STM32MP235FAL3, STM32MP251AAI3, STM32MP251AAK3, STM32MP251AAL3, STM32MP251CAI3, STM32MP251CAK3, STM32MP251CAL3, STM32MP251DAI3, STM32MP251DAK3, STM32MP251DAL3, STM32MP251FAI3, STM32MP251FAK3, STM32MP251FAL3, STM32MP253AAI3, STM32MP253AAK3, STM32MP253AAL3, STM32MP253CAI3, STM32MP253CAK3, STM32MP253CAL3, STM32MP253DAI3, STM32MP253DAK3, STM32MP253DAL3, STM32MP253FAI3, STM32MP253FAK3, STM32MP253FAL3, STM32MP255AAI3, STM32MP255AAK3, STM32MP255AAL3, STM32MP255CAI3, STM32MP255CAK3, STM32MP255CAL3, STM32MP255DAI3, STM32MP255DAK3, STM32MP255DAL3, STM32MP255FAI3, STM32MP255FAK3, STM32MP255FAL3, STM32MP257AAI3, STM32MP257AAK3, STM32MP257AAL3, STM32MP257CAI3, STM32MP257CAK3, STM32MP257CAL3, STM32MP257DAI3, STM32MP257DAK3, STM32MP257DAL3, STM32MP257F-DK, STM32MP257F-EV1, STM32MP257FAI3, STM32MP257FAK3, STM32MP257FAL3, STM32N645A0H3Q, STM32N645B0H3Q, STM32N645I0H3Q, STM32N645L0H3Q, STM32N645X0H3Q, STM32N645Z0H3Q, STM32N647A0H3Q, STM32N647B0H3Q, STM32N647I0H3Q, STM32N647L0H3Q, STM32N647X0H3Q, STM32N647Z0H3Q, STM32N655A0H3Q, STM32N655B0H3Q, STM32N655I0H3Q, STM32N655L0H3Q, STM32N655X0H3Q, STM32N655Z0H3Q, STM32N6570-DK, STM32N657A0H3Q, STM32N657B0H3Q, STM32N657I0H3Q, STM32N657L0H3Q, STM32N657X0H3Q, STM32N657Z0H3Q, STM32U031C6T6, STM32U031C6U6, STM32U031C8T6, STM32U031C8U6, STM32U031F4P6, STM32U031F6P6, STM32U031F8P6, STM32U031G6Y6TR, STM32U031G8Y6TR, STM32U031K4U6, STM32U031K6U6, STM32U031K8U6, STM32U031R6I6, STM32U031R6T6, STM32U031R8I6, STM32U031R8T6, STM32U073C8T6, STM32U073C8U6, STM32U073CBT6, STM32U073CBU6, STM32U073CCT6, STM32U073CCU6, STM32U073H8Y6TR, STM32U073HBY6TR, STM32U073HCY6TR, STM32U073K8U6, STM32U073KBU6, STM32U073KCU6, STM32U073M8I6, STM32U073M8T6, STM32U073MBI6, STM32U073MBT6, STM32U073MCI6, STM32U073MCT6, STM32U073R8I6, STM32U073R8T6, STM32U073RBI6, STM32U073RBT6, STM32U073RCI6, STM32U073RCT6, STM32U083C-DK, STM32U083CCT6, STM32U083CCU6, STM32U083HCY6TR, STM32U083KCU6, STM32U083MCI6, STM32U083MCT6, STM32U083RCI6, STM32U083RCT6, STM32U375CET6, STM32U375CET6Q, STM32U375CEU6, STM32U375CEU6Q, STM32U375CEY6QTR, STM32U375CGT6, STM32U375CGT6Q, STM32U375CGU6, STM32U375CGU6Q, STM32U375CGY6QTR, STM32U375KEU6, STM32U375KGU6, STM32U375REI6, STM32U375REI6Q, STM32U375RET6, STM32U375RET6Q, STM32U375REY6GTR, STM32U375REY6QTR, STM32U375RGI6, STM32U375RGI6Q, STM32U375RGT6, STM32U375RGT6Q, STM32U375RGY6GTR, STM32U375RGY6QTR, STM32U375VEI6, STM32U375VEI6Q, STM32U375VET6, STM32U375VET6Q, STM32U375VGI6, STM32U375VGI6Q, STM32U375VGT6, STM32U375VGT6Q, STM32U385CGT6, STM32U385CGT6Q, STM32U385CGU6, STM32U385CGU6Q, STM32U385CGY6QTR, STM32U385KGU6, STM32U385RGI6, STM32U385RGI6Q, STM32U385RGT6, STM32U385RGT6Q, STM32U385RGY6GTR, STM32U385RGY6QTR, STM32U385VGI6, STM32U385VGI6Q, STM32U385VGT6, STM32U385VGT6Q, STM32U535CBT6, STM32U535CBT6Q, STM32U535CBU6, STM32U535CBU6Q, STM32U535CCT6, STM32U535CCT6Q, STM32U535CCU6, STM32U535CCU6Q, STM32U535CET6, STM32U535CET6Q, STM32U535CEU6, STM32U535CEU6Q, STM32U535JEY6QTR, STM32U535NCY6QTR, STM32U535NEY6QTR, STM32U535RBI6, STM32U535RBI6Q, STM32U535RBT6, STM32U535RBT6Q, STM32U535RCI6, STM32U535RCI6Q, STM32U535RCT6, STM32U535RCT6Q, STM32U535REI6, STM32U535REI6Q, STM32U535RET6, STM32U535RET6Q, STM32U535VCI6, STM32U535VCI6Q, STM32U535VCT6, STM32U535VCT6Q, STM32U535VEI6, STM32U535VEI6Q, STM32U535VET6, STM32U535VET6Q, STM32U545CET6, STM32U545CET6Q, STM32U545CEU6, STM32U545CEU6Q, STM32U545JEY6QTR, STM32U545NEY6QTR, STM32U545REI6, STM32U545REI6Q, STM32U545RET6, STM32U545RET6Q, STM32U545VEI6, STM32U545VEI6Q, STM32U545VET6, STM32U545VET6Q, STM32U595AIH6, STM32U595AIH6Q, STM32U595AJH6, STM32U595AJH6Q, STM32U595QII6, STM32U595QII6Q, STM32U595QJI6, STM32U595QJI6Q, STM32U595RIT6, STM32U595RIT6Q, STM32U595RJT6, STM32U595RJT6Q, STM32U595VIT6, STM32U595VIT6Q, STM32U595VJT6, STM32U595VJT6Q, STM32U595ZIT6, STM32U595ZIT6Q, STM32U595ZIY6QTR, STM32U595ZJT6, STM32U595ZJT6Q, STM32U595ZJY6QTR, STM32U599BJY6QTR, STM32U599NIH6Q, STM32U599NJH6Q, STM32U599VIT6Q, STM32U599VJT6, STM32U599VJT6Q, STM32U599ZIT6Q, STM32U599ZIY6QTR, STM32U599ZJT6Q, STM32U599ZJY6QTR, STM32U5A5AJH6, STM32U5A5AJH6Q, STM32U5A5QII3Q , STM32U5A5QJI6, STM32U5A5QJI6Q, STM32U5A5RJT6, STM32U5A5RJT6Q, STM32U5A5VJT6, STM32U5A5VJT6Q, STM32U5A5ZJT6, STM32U5A5ZJT6Q, STM32U5A5ZJY6QTR, STM32U5A9BJY6QTR, STM32U5A9J-DK, STM32U5A9NJH6Q, STM32U5A9VJT6Q, STM32U5A9ZJT6Q, STM32U5A9ZJY6QTR, STM32U5F7VIT6, STM32U5F7VIT6Q, STM32U5F7VJT6, STM32U5F7VJT6Q, STM32U5F9BJY6QTR, STM32U5F9NJH6Q, STM32U5F9VIT6Q, STM32U5F9VJT6Q, STM32U5F9ZIJ6QTR, STM32U5F9ZIT6Q, STM32U5F9ZJJ6QTR, STM32U5F9ZJT6Q, STM32U5G7VJT6, STM32U5G7VJT6Q, STM32U5G9BJY6QTR, STM32U5G9J-DK1, STM32U5G9J-DK2, STM32U5G9NJH6Q, STM32U5G9VJT6Q, STM32U5G9ZJJ6QTR, STM32U5G9ZJT6Q, STM32WB05KZV6TR, STM32WB05KZV7TR, STM32WB05TZF6TR, STM32WB05TZF7TR, STM32WB06CCF6TR, STM32WB06CCF7TR, STM32WB06CCV6TR, STM32WB06CCV7TR, STM32WB06KCV6TR, STM32WB06KCV7TR, STM32WB07CCF6TR, STM32WB07CCF7TR, STM32WB07CCV6TR, STM32WB07CCV7TR, STM32WB07KCV6TR, STM32WB07KCV7TR, STM32WB09KEV6TR, STM32WB09KEV7TR, STM32WB09TEF6TR, STM32WB09TEF7TR, STM32WB1MMCH6, STM32WBA50KGU6, STM32WBA50KGU6TR, STM32WBA52CEU6, STM32WBA52CEU6TR, STM32WBA52CEU7, STM32WBA52CEU7TR, STM32WBA52CGU6, STM32WBA52CGU6TR, STM32WBA52CGU6U, STM32WBA52CGU7, STM32WBA52CGU7TR, STM32WBA52KEU6, STM32WBA52KEU6TR, STM32WBA52KGU6, STM32WBA52KGU6TR, STM32WBA54CEU6, STM32WBA54CEU6TR, STM32WBA54CEU7, STM32WBA54CEU7TR, STM32WBA54CGU6, STM32WBA54CGU6TR, STM32WBA54CGU7, STM32WBA54CGU7TR, STM32WBA54KEU6, STM32WBA54KEU6TR, STM32WBA54KEU7, STM32WBA54KEU7TR, STM32WBA54KGU6, STM32WBA54KGU6TR, STM32WBA54KGU7, STM32WBA54KGU7TR, STM32WBA55CEU6, STM32WBA55CEU6TR, STM32WBA55CEU7, STM32WBA55CEU7TR, STM32WBA55CGU6, STM32WBA55CGU6TR, STM32WBA55CGU6U, STM32WBA55CGU7, STM32WBA55CGU7TR, STM32WBA55G-DK1, STM32WBA55HEF6, STM32WBA55HEF7, STM32WBA55HGF6, STM32WBA55HGF7, STM32WBA55UEI6, STM32WBA55UEI6TR, STM32WBA55UEI7, STM32WBA55UEI7TR, STM32WBA55UGI6, STM32WBA55UGI6TR, STM32WBA55UGI7, STM32WBA55UGI7TR, STM32WBA5MMGH6TR, STM32WBA62MGF6, STM32WBA62MIF6, STM32WBA65MGF7, STM32WBA65MIF6, STM32WBA65MIF7, STM32WL30K8V6, STM32WL30KBV6, STM32WL31C8V6, STM32WL31CBV6, STM32WL31K8V6, STM32WL31KBV6, STM32WL33C8V6, STM32WL33C8V6X, STM32WL33CBV6, STM32WL33CBV6X, STM32WL33CCV6, STM32WL33CCV6A, STM32WL33CCV6X, STM32WL33K8V7, STM32WL33K8V7X, STM32WL33KBV7 , STM32WL33KBV7X, STM32WL33KCV7, STM32WL33KCV7X, STM32WL5MOCH6, STM32WL5MOCH6TR]
2026-03-30 06:44:27,066 [INFO] DbMcus:218 - Found 5055 MCUs, 4968 are supported
2026-03-30 06:44:27,066 [INFO] ApiDb:423 - Load user favorites file /home/sunbeam/.stm32cubeide/favorites.mcus.txt: 0 item(s)
2026-03-30 06:44:27,066 [INFO] ApiDb:427 - User favorites MCUs=[]
2026-03-30 06:44:27,066 [INFO] DbMcus:224 - Set 0 / 0 favorites MCUs
2026-03-30 06:44:27,396 [INFO] ApiDb:448 - Save user favorites file /home/sunbeam/.stm32cubeide/favorites.boards.txt: 1 item(s)
2026-03-30 06:44:27,396 [INFO] ApiDb:452 - User favorites Boards=[STM32F407G-DISC1]
2026-03-30 06:44:27,397 [INFO] ApiDb:581 - Connected to CubeFinder SQLite database (/home/sunbeam/.stmcufinder/plugins/mcufinder/mcu/cube-finder-db.db)
2026-03-30 06:44:27,432 [INFO] ApiDb:668 - CubeFinder database Data Model version=2.1
2026-03-30 06:44:27,432 [INFO] ApiDb:669 - CubeFinder database Configuration version=3.0.42
2026-03-30 06:44:27,432 [INFO] ApiDb:670 - CubeFinder database generation date=2026-03-11 (1773229989)
2026-03-30 06:44:27,432 [INFO] ApiDb:671 - CubeFinder database FW Pack versions=[FP-ATR-ASTRA1_V2.0.0, FP-SNS-FLIGHT1_V5.1.0, FP-SNS-MOTENV1_V5.1.0, FP-SNS-MOTENVWB1_V1.5.0, FP-SNS-SMARTAG2_V1.2.0, FP-SNS-STBOX1_V2.1.0, STM32Cube_FW_C0_V1.4.0, STM32Cube_FW_F4_V1.28.3, STM32Cube_FW_F7_V1.17.4, STM32Cube_FW_G0_V1.6.3, STM32Cube_FW_G4_V1.6.2, STM32Cube_FW_H5_V1.6.0, STM32Cube_FW_H7RS_V1.3.0, STM32Cube_FW_H7_V1.13.0, STM32Cube_FW_L0_V1.12.2, STM32Cube_FW_L4_V1.18.2, STM32Cube_FW_L5_V1.6.0, STM32Cube_FW_N6_V1.3.0, STM32Cube_FW_U0_V1.3.0, STM32Cube_FW_U3_V1.3.0, STM32Cube_FW_U5_V1.8.0, STM32Cube_FW_WB0_V1.4.0, STM32Cube_FW_WBA_V1.9.0, STM32Cube_FW_WB_V1.24.0, STM32Cube_FW_WL3_V1.4.0, STM32Cube_FW_WL_V1.5.0, X-CUBE-ALGOBUILD_V1.4.0, X-CUBE-ALS_V1.0.2, X-CUBE-AZRTOS-F4_V1.1.0, X-CUBE-AZRTOS-F7_V1.1.0, X-CUBE-AZRTOS-G0_V1.1.0, X-CUBE-AZRTOS-G4_V2.0.0, X-CUBE-AZRTOS-H7RS_V1.1.0, X-CUBE-AZRTOS-H7_V3.4.0, X-CUBE-AZRTOS-L4_V2.0.0, X-CUBE-AZRTOS-L5_V2.0.0, X-CUBE-AZRTOS-WB_V2.0.0, X-CUBE-AZRTOS-WL_V2.0.0, X-CUBE-BLE1_V7.1.0, X-CUBE-BLE2_V3.3.0, X-CUBE-BLEMGR_V4.1.0, X-CUBE-EEPRMA1_V5.2.0, X-CUBE-FREERTOS_V1.5.0, X-CUBE-GNSS1_V6.0.0, X-CUBE-MEMS1_V12.0.0, X-CUBE-NFC4_V3.0.0, X-CUBE-NFC7_V2.0.0, X-CUBE-SFXS2LP1_V4.0.0, X-CUBE-ST67W61_V1.2.0, X-CUBE-SUBG2_V5.0.0, X-CUBE-TOF1_V3.4.3]
2026-03-30 06:44:27,479 [INFO] DbBoardsSqlite:226 - include board P-NUCLEO-WB55-NUCLEO as a kit item of type 'Nucleo-64'
2026-03-30 06:44:27,479 [INFO] DbBoardsSqlite:226 - include board P-NUCLEO-WB55-USBDONGLE as a kit item of type 'Nucleo USB Dongle'
2026-03-30 06:44:27,479 [INFO] DbBoardsSqlite:226 - include board STEVAL-IDP005V1 as a kit item of type 'Evaluation Board'
2026-03-30 06:44:27,479 [INFO] DbBoardsSqlite:226 - include board STEVAL-IDP005V2 as a kit item of type 'Evaluation Board'
2026-03-30 06:44:27,527 [INFO] ApiDb:240 - Found 880 in-development CPN: [B-G473E-ZEST1S, B-WB1M-WPAN1, B-WBA5M-WPAN, B-WL5M-SUBG1, NUCLEO-C031C6, NUCLEO-C051C8, NUCLEO-C071RB, NUCLEO-C092RC, NUCLEO-H503RB, NUCLEO-H533RE, NUCLEO-H563ZI, NUCLEO-H7S3L8, NUCLEO-N657X0-Q, NUCLEO-U031R8, NUCLEO-U083RC, NUCLEO-U385RG-Q, NUCLEO-U545RE-Q, NUCLEO-U5A5ZJ-Q, NUCLEO-WB05KZ, NUCLEO-WB07CC, NUCLEO-WB09KE, NUCLEO-WBA52CG, NUCLEO-WBA55CG, NUCLEO-WL33CC1, NUCLEO-WL33CC2, STEVAL-PROTEUS1, STEVAL-SMARTAG2, STEVAL-STWINBX1, STM320518-EVAL, STM32C0116-DK, STM32C011D6Y3TR, STM32C011D6Y6TR, STM32C011F4P3, STM32C011F4P6, STM32C011F4U3, STM32C011F4U6TR, STM32C011F6P3, STM32C011F6P6, STM32C011F6U3, STM32C011F6U6TR, STM32C011J4M3, STM32C011J4M6, STM32C011J6M3, STM32C011J6M6, STM32C0316-DK, STM32C031C4T3, STM32C031C4T6, STM32C031C4U3, STM32C031C4U6, STM32C031C6T3, STM32C031C6T6, STM32C031C6U3, STM32C031C6U6, STM32C031F4P3, STM32C031F4P6, STM32C031F6P3, STM32C031F6P6, STM32C031G4U3, STM32C031G4U6, STM32C031G6U3, STM32C031G6U6, STM32C031K4T3, STM32C031K4T6, STM32C031K4U3, STM32C031K4U6, STM32C031K6T3, STM32C031K6T6, STM32C031K6U3, STM32C031K6U6, STM32C051C6T6, STM32C051C6U6, STM32C051C8T6, STM32C051C8U6, STM32C051D8Y6TR, STM32C051F6P6, STM32C051F8P6, STM32C051G6U6, STM32C051G8U6, STM32C051K6T6, STM32C051K6U6, STM32C051K8T6, STM32C071C8T6, STM32C071C8T6N, STM32C071C8U6, STM32C071C8U6N, STM32C071CBT6, STM32C071CBT6N, STM32C071CBU6, STM32C071CBU6N, STM32C071F8P6, STM32C071F8P6N, STM32C071FBP6, STM32C071FBP6N, STM32C071FBY6TR, STM32C071G8U6, STM32C071G8U6N, STM32C071GBU6, STM32C071GBU6N, STM32C071K8T6, STM32C071K8T6N, STM32C071K8U6, STM32C071K8U6N, STM32C071KBT6, STM32C071KBT6N, STM32C071KBU6, STM32C071KBU6N, STM32C071R8T6, STM32C071R8T6N, STM32C071RBI6N, STM32C071RBT6, STM32C071RBT6N, STM32C091CBT6, STM32C091CBU6, STM32C091CCT6, STM32C091CCU6, STM32C091ECY6TR, STM32C091FBP6, STM32C091FCP6, STM32C091GBU6, STM32C091GCU6, STM32C091KBT6, STM32C091KBU6, STM32C091KCT6, STM32C091KCU6, STM32C091RBT6, STM32C091RCI6, STM32C091RCT6, STM32C092CBT6, STM32C092CBU6, STM32C092CCT6, STM32C092CCU6, STM32C092ECY6TR, STM32C092FBP6, STM32C092FCP6, STM32C092GBU6, STM32C092GCU6, STM32C092KBT6, STM32C092KBU6, STM32C092KCT6, STM32C092KCU6, STM32C092RBT6, STM32C092RCI6, STM32C092RCT6, STM32G071K8TXN, STM32G071K8UXN, STM32G081GBU6N, STM32G081KBT6N, STM32G081KBUXN, STM32G0B1CCT6N, STM32G0B1KCT6, STM32G0B1NEY6TR, STM32G0B1RCT6N, STM32G0C1CCT6, STM32G0C1CCT6N, STM32G0C1CCU6N, STM32G0C1CET6N, STM32G0C1CEU6N, STM32G0C1KCT6, STM32G0C1NEY6TR, STM32G0C1RCI6N, STM32G0C1RCT6N, STM32G0C1REI6N, STM32G0C1RET6N, STM32G0C1VCI6, STM32G0C1VEI6, STM32G411C6T3, STM32G411C6T6, STM32G411C6U3, STM32G411C6U6, STM32G411C8T3, STM32G411C8T6, STM32G411C8U3, STM32G411C8U6, STM32G411CBT3, STM32G411CBT6, STM32G411CBU3, STM32G411CBU6, STM32G411K6T3, STM32G411K6T6, STM32G411K6U3, STM32G411K6U6, STM32G411K8T3, STM32G411K8T6, STM32G411K8U3, STM32G411K8U6, STM32G411KBT3, STM32G411KBT6, STM32G411KBU3, STM32G411KBU6, STM32G411M6T3, STM32G411M6T6, STM32G411M8T3, STM32G411M8T6, STM32G411MBT3, STM32G411MBT6, STM32G411R6T3, STM32G411R6T6, STM32G411R8T3, STM32G411R8T6, STM32G411RBT3, STM32G411RBT6, STM32G414CBT3, STM32G414CBT6, STM32G414CBU3, STM32G414CBU6, STM32G414CCT3, STM32G414CCT6, STM32G414CCU3, STM32G414CCU6, STM32G414MBT3, STM32G414MBT6, STM32G414MCT3, STM32G414MCT6, STM32G414RBT3, STM32G414RBT6, STM32G414RCT3, STM32G414RCT6, STM32G414VBT3, STM32G414VBT6, STM32G414VCT3, STM32G414VCT6, STM32G431CBT3Z, STM32G431RBT3Z, STM32G471CCT6, STM32G471CCU6, STM32G471CET3, STM32G471CET6, STM32G471CEU3, STM32G471CEU6, STM32G471MCT6, STM32G471MET3, STM32G471MET6, STM32G471MEY6TR, STM32G471QCT6, STM32G471QET3, STM32G471RCT6, STM32G471RET3, STM32G471RET6, STM32G471VCH6, STM32G471VCI6, STM32G471VCT6, STM32G471VEH3, STM32G471VEH6, STM32G471VEI3, STM32G471VEI6, STM32G471VET3, STM32G471VET6, STM32G473QET3Z, STM32G473RET3Z, STM32G474CCT6, STM32G491RET3Z, STM32H503CBT6, STM32H503CBU6, STM32H503EBY6TR, STM32H503KBU6, STM32H503RBT6, STM32H523CCT6, STM32H523CCU6, STM32H523CET6, STM32H523CEU6, STM32H523HEY6TR, STM32H523RCT6, STM32H523RET6, STM32H523VCI6, STM32H523VCT6, STM32H523VEI6, STM32H523VET6, STM32H523ZCJ6, STM32H523ZCT6, STM32H523ZEJ6, STM32H523ZET6, STM32H533CET6, STM32H533CEU6, STM32H533HEY6TR, STM32H533RET6, STM32H533VEI6, STM32H533VET6, STM32H533ZEJ6, STM32H533ZET6, STM32H562AGI6, STM32H562AII6, STM32H562IGK6, STM32H562IGT6, STM32H562IIK6, STM32H562IIT6, STM32H562RGT6, STM32H562RGV6, STM32H562RIT6, STM32H562RIV6, STM32H562VGT6, STM32H562VIT6, STM32H562ZGT6, STM32H562ZIT6, STM32H563AGI6, STM32H563AII3Q, STM32H563AII6, STM32H563IGK6, STM32H563IGT6, STM32H563IIK3Q, STM32H563IIK6, STM32H563IIT3Q, STM32H563IIT6, STM32H563MIY3QTR, STM32H563RGT6, STM32H563RGV6, STM32H563RIT6, STM32H563RIV6, STM32H563VGT6, STM32H563VIT3Q, STM32H563VIT6, STM32H563ZGT6, STM32H563ZIT3Q, STM32H563ZIT6, STM32H573AII3Q, STM32H573AII6, STM32H573I-DK, STM32H573IIK3Q, STM32H573IIK6, STM32H573IIT3Q, STM32H573IIT6, STM32H573MIY3QTR, STM32H573RIT6, STM32H573RIV6, STM32H573VIT3Q, STM32H573VIT6, STM32H573ZIT3Q, STM32H573ZIT6, STM32H7R3A8I6, STM32H7R3I8K6, STM32H7R3I8T6, STM32H7R3L8H6, STM32H7R3L8H6H, STM32H7R3R8V6, STM32H7R3V8H6, STM32H7R3V8T6, STM32H7R3V8Y6TR, STM32H7R3Z8J6, STM32H7R3Z8T6, STM32H7R7A8I6, STM32H7R7I8K6, STM32H7R7I8T6, STM32H7R7L8H6, STM32H7R7L8H6H, STM32H7R7Z8J6, STM32H7S3A8I6, STM32H7S3I8K6, STM32H7S3I8T6, STM32H7S3L8H6, STM32H7S3L8H6H, STM32H7S3R8V6, STM32H7S3V8H6, STM32H7S3V8T6, STM32H7S3V8Y6TR, STM32H7S3Z8J6, STM32H7S3Z8T6, STM32H7S78-DK, STM32H7S7A8I6, STM32H7S7I8K6, STM32H7S7I8T6, STM32H7S7L8H6, STM32H7S7L8H6H, STM32H7S7Z8J6, STM32L4R5QGI6STR, STM32MP131AAE3, STM32MP131AAF3, STM32MP131AAG3, STM32MP131CAE3, STM32MP131CAF3, STM32MP131CAG3, STM32MP131DAE7, STM32MP131DAF7, STM32MP131DAG7, STM32MP131FAE7, STM32MP131FAF7, STM32MP131FAG7, STM32MP133AAE3, STM32MP133AAF3, STM32MP133AAG3, STM32MP133CAE3, STM32MP133CAF3, STM32MP133CAG3, STM32MP133DAE7, STM32MP133DAF7, STM32MP133DAG7, STM32MP133FAE7, STM32MP133FAF7, STM32MP133FAG7, STM32MP135AAE3, STM32MP135AAF3, STM32MP135AAG3, STM32MP135CAE3, STM32MP135CAF3, STM32MP135CAG3, STM32MP135DAE7, STM32MP135DAF7, STM32MP135DAG7, STM32MP135F-DK, STM32MP135FAE7, STM32MP135FAF7, STM32MP135FAF7T, STM32MP135FAF7U, STM32MP135FAG7, STM32MP211AAL3, STM32MP211AAM3, STM32MP211AAN3, STM32MP211AAO3, STM32MP211CAL3, STM32MP211CAM3, STM32MP211CAN3, STM32MP211CAO3, STM32MP211DAL3, STM32MP211DAM3, STM32MP211DAN3, STM32MP211DAO3, STM32MP211FAL3, STM32MP211FAM3, STM32MP211FAN3, STM32MP211FAO3, STM32MP213AAL3, STM32MP213AAM3, STM32MP213AAN3, STM32MP213AAO3, STM32MP213CAL3, STM32MP213CAM3, STM32MP213CAN3, STM32MP213CAO3, STM32MP213DAL3, STM32MP213DAM3, STM32MP213DAN3, STM32MP213DAO3, STM32MP213FAL3, STM32MP213FAM3, STM32MP213FAN3, STM32MP213FAO3, STM32MP215AAL3, STM32MP215AAM3, STM32MP215AAN3, STM32MP215AAO3, STM32MP215CAL3, STM32MP215CAM3, STM32MP215CAN3, STM32MP215CAO3, STM32MP215DAL3, STM32MP215DAM3, STM32MP215DAN3, STM32MP215DAO3, STM32MP215F-DK, STM32MP215FAL3, STM32MP215FAM3, STM32MP215FAN3, STM32MP215FAO3, STM32MP231AAJ3, STM32MP231AAK3, STM32MP231AAL3, STM32MP231CAJ3, STM32MP231CAK3, STM32MP231CAL3, STM32MP231DAJ3, STM32MP231DAK3, STM32MP231DAL3, STM32MP231FAJ3, STM32MP231FAK3, STM32MP231FAL3, STM32MP233AAJ3, STM32MP233AAK3, STM32MP233AAL3, STM32MP233CAJ3, STM32MP233CAK3, STM32MP233CAL3, STM32MP233DAJ3, STM32MP233DAK3, STM32MP233DAL3, STM32MP233FAJ3, STM32MP233FAK3, STM32MP233FAL3, STM32MP235AAJ3, STM32MP235AAK3, STM32MP235AAL3, STM32MP235CAJ3, STM32MP235CAK3, STM32MP235CAL3, STM32MP235DAJ3, STM32MP235DAK3, STM32MP235DAL3, STM32MP235FAJ3, STM32MP235FAK3, STM32MP235FAL3, STM32MP251AAI3, STM32MP251AAK3, STM32MP251AAL3, STM32MP251CAI3, STM32MP251CAK3, STM32MP251CAL3, STM32MP251DAI3, STM32MP251DAK3, STM32MP251DAL3, STM32MP251FAI3, STM32MP251FAK3, STM32MP251FAL3, STM32MP253AAI3, STM32MP253AAK3, STM32MP253AAL3, STM32MP253CAI3, STM32MP253CAK3, STM32MP253CAL3, STM32MP253DAI3, STM32MP253DAK3, STM32MP253DAL3, STM32MP253FAI3, STM32MP253FAK3, STM32MP253FAL3, STM32MP255AAI3, STM32MP255AAK3, STM32MP255AAL3, STM32MP255CAI3, STM32MP255CAK3, STM32MP255CAL3, STM32MP255DAI3, STM32MP255DAK3, STM32MP255DAL3, STM32MP255FAI3, STM32MP255FAK3, STM32MP255FAL3, STM32MP257AAI3, STM32MP257AAK3, STM32MP257AAL3, STM32MP257CAI3, STM32MP257CAK3, STM32MP257CAL3, STM32MP257DAI3, STM32MP257DAK3, STM32MP257DAL3, STM32MP257F-DK, STM32MP257F-EV1, STM32MP257FAI3, STM32MP257FAK3, STM32MP257FAL3, STM32N645A0H3Q, STM32N645B0H3Q, STM32N645I0H3Q, STM32N645L0H3Q, STM32N645X0H3Q, STM32N645Z0H3Q, STM32N647A0H3Q, STM32N647B0H3Q, STM32N647I0H3Q, STM32N647L0H3Q, STM32N647X0H3Q, STM32N647Z0H3Q, STM32N655A0H3Q, STM32N655B0H3Q, STM32N655I0H3Q, STM32N655L0H3Q, STM32N655X0H3Q, STM32N655Z0H3Q, STM32N6570-DK, STM32N657A0H3Q, STM32N657B0H3Q, STM32N657I0H3Q, STM32N657L0H3Q, STM32N657X0H3Q, STM32N657Z0H3Q, STM32U031C6T6, STM32U031C6U6, STM32U031C8T6, STM32U031C8U6, STM32U031F4P6, STM32U031F6P6, STM32U031F8P6, STM32U031G6Y6TR, STM32U031G8Y6TR, STM32U031K4U6, STM32U031K6U6, STM32U031K8U6, STM32U031R6I6, STM32U031R6T6, STM32U031R8I6, STM32U031R8T6, STM32U073C8T6, STM32U073C8U6, STM32U073CBT6, STM32U073CBU6, STM32U073CCT6, STM32U073CCU6, STM32U073H8Y6TR, STM32U073HBY6TR, STM32U073HCY6TR, STM32U073K8U6, STM32U073KBU6, STM32U073KCU6, STM32U073M8I6, STM32U073M8T6, STM32U073MBI6, STM32U073MBT6, STM32U073MCI6, STM32U073MCT6, STM32U073R8I6, STM32U073R8T6, STM32U073RBI6, STM32U073RBT6, STM32U073RCI6, STM32U073RCT6, STM32U083C-DK, STM32U083CCT6, STM32U083CCU6, STM32U083HCY6TR, STM32U083KCU6, STM32U083MCI6, STM32U083MCT6, STM32U083RCI6, STM32U083RCT6, STM32U375CET6, STM32U375CET6Q, STM32U375CEU6, STM32U375CEU6Q, STM32U375CEY6QTR, STM32U375CGT6, STM32U375CGT6Q, STM32U375CGU6, STM32U375CGU6Q, STM32U375CGY6QTR, STM32U375KEU6, STM32U375KGU6, STM32U375REI6, STM32U375REI6Q, STM32U375RET6, STM32U375RET6Q, STM32U375REY6GTR, STM32U375REY6QTR, STM32U375RGI6, STM32U375RGI6Q, STM32U375RGT6, STM32U375RGT6Q, STM32U375RGY6GTR, STM32U375RGY6QTR, STM32U375VEI6, STM32U375VEI6Q, STM32U375VET6, STM32U375VET6Q, STM32U375VGI6, STM32U375VGI6Q, STM32U375VGT6, STM32U375VGT6Q, STM32U385CGT6, STM32U385CGT6Q, STM32U385CGU6, STM32U385CGU6Q, STM32U385CGY6QTR, STM32U385KGU6, STM32U385RGI6, STM32U385RGI6Q, STM32U385RGT6, STM32U385RGT6Q, STM32U385RGY6GTR, STM32U385RGY6QTR, STM32U385VGI6, STM32U385VGI6Q, STM32U385VGT6, STM32U385VGT6Q, STM32U535CBT6, STM32U535CBT6Q, STM32U535CBU6, STM32U535CBU6Q, STM32U535CCT6, STM32U535CCT6Q, STM32U535CCU6, STM32U535CCU6Q, STM32U535CET6, STM32U535CET6Q, STM32U535CEU6, STM32U535CEU6Q, STM32U535JEY6QTR, STM32U535NCY6QTR, STM32U535NEY6QTR, STM32U535RBI6, STM32U535RBI6Q, STM32U535RBT6, STM32U535RBT6Q, STM32U535RCI6, STM32U535RCI6Q, STM32U535RCT6, STM32U535RCT6Q, STM32U535REI6, STM32U535REI6Q, STM32U535RET6, STM32U535RET6Q, STM32U535VCI6, STM32U535VCI6Q, STM32U535VCT6, STM32U535VCT6Q, STM32U535VEI6, STM32U535VEI6Q, STM32U535VET6, STM32U535VET6Q, STM32U545CET6, STM32U545CET6Q, STM32U545CEU6, STM32U545CEU6Q, STM32U545JEY6QTR, STM32U545NEY6QTR, STM32U545REI6, STM32U545REI6Q, STM32U545RET6, STM32U545RET6Q, STM32U545VEI6, STM32U545VEI6Q, STM32U545VET6, STM32U545VET6Q, STM32U595AIH6, STM32U595AIH6Q, STM32U595AJH6, STM32U595AJH6Q, STM32U595QII6, STM32U595QII6Q, STM32U595QJI6, STM32U595QJI6Q, STM32U595RIT6, STM32U595RIT6Q, STM32U595RJT6, STM32U595RJT6Q, STM32U595VIT6, STM32U595VIT6Q, STM32U595VJT6, STM32U595VJT6Q, STM32U595ZIT6, STM32U595ZIT6Q, STM32U595ZIY6QTR, STM32U595ZJT6, STM32U595ZJT6Q, STM32U595ZJY6QTR, STM32U599BJY6QTR, STM32U599NIH6Q, STM32U599NJH6Q, STM32U599VIT6Q, STM32U599VJT6, STM32U599VJT6Q, STM32U599ZIT6Q, STM32U599ZIY6QTR, STM32U599ZJT6Q, STM32U599ZJY6QTR, STM32U5A5AJH6, STM32U5A5AJH6Q, STM32U5A5QII3Q , STM32U5A5QJI6, STM32U5A5QJI6Q, STM32U5A5RJT6, STM32U5A5RJT6Q, STM32U5A5VJT6, STM32U5A5VJT6Q, STM32U5A5ZJT6, STM32U5A5ZJT6Q, STM32U5A5ZJY6QTR, STM32U5A9BJY6QTR, STM32U5A9J-DK, STM32U5A9NJH6Q, STM32U5A9VJT6Q, STM32U5A9ZJT6Q, STM32U5A9ZJY6QTR, STM32U5F7VIT6, STM32U5F7VIT6Q, STM32U5F7VJT6, STM32U5F7VJT6Q, STM32U5F9BJY6QTR, STM32U5F9NJH6Q, STM32U5F9VIT6Q, STM32U5F9VJT6Q, STM32U5F9ZIJ6QTR, STM32U5F9ZIT6Q, STM32U5F9ZJJ6QTR, STM32U5F9ZJT6Q, STM32U5G7VJT6, STM32U5G7VJT6Q, STM32U5G9BJY6QTR, STM32U5G9J-DK1, STM32U5G9J-DK2, STM32U5G9NJH6Q, STM32U5G9VJT6Q, STM32U5G9ZJJ6QTR, STM32U5G9ZJT6Q, STM32WB05KZV6TR, STM32WB05KZV7TR, STM32WB05TZF6TR, STM32WB05TZF7TR, STM32WB06CCF6TR, STM32WB06CCF7TR, STM32WB06CCV6TR, STM32WB06CCV7TR, STM32WB06KCV6TR, STM32WB06KCV7TR, STM32WB07CCF6TR, STM32WB07CCF7TR, STM32WB07CCV6TR, STM32WB07CCV7TR, STM32WB07KCV6TR, STM32WB07KCV7TR, STM32WB09KEV6TR, STM32WB09KEV7TR, STM32WB09TEF6TR, STM32WB09TEF7TR, STM32WB1MMCH6, STM32WBA50KGU6, STM32WBA50KGU6TR, STM32WBA52CEU6, STM32WBA52CEU6TR, STM32WBA52CEU7, STM32WBA52CEU7TR, STM32WBA52CGU6, STM32WBA52CGU6TR, STM32WBA52CGU6U, STM32WBA52CGU7, STM32WBA52CGU7TR, STM32WBA52KEU6, STM32WBA52KEU6TR, STM32WBA52KGU6, STM32WBA52KGU6TR, STM32WBA54CEU6, STM32WBA54CEU6TR, STM32WBA54CEU7, STM32WBA54CEU7TR, STM32WBA54CGU6, STM32WBA54CGU6TR, STM32WBA54CGU7, STM32WBA54CGU7TR, STM32WBA54KEU6, STM32WBA54KEU6TR, STM32WBA54KEU7, STM32WBA54KEU7TR, STM32WBA54KGU6, STM32WBA54KGU6TR, STM32WBA54KGU7, STM32WBA54KGU7TR, STM32WBA55CEU6, STM32WBA55CEU6TR, STM32WBA55CEU7, STM32WBA55CEU7TR, STM32WBA55CGU6, STM32WBA55CGU6TR, STM32WBA55CGU6U, STM32WBA55CGU7, STM32WBA55CGU7TR, STM32WBA55G-DK1, STM32WBA55HEF6, STM32WBA55HEF7, STM32WBA55HGF6, STM32WBA55HGF7, STM32WBA55UEI6, STM32WBA55UEI6TR, STM32WBA55UEI7, STM32WBA55UEI7TR, STM32WBA55UGI6, STM32WBA55UGI6TR, STM32WBA55UGI7, STM32WBA55UGI7TR, STM32WBA5MMGH6TR, STM32WBA62MGF6, STM32WBA62MIF6, STM32WBA65MGF7, STM32WBA65MIF6, STM32WBA65MIF7, STM32WL30K8V6, STM32WL30KBV6, STM32WL31C8V6, STM32WL31CBV6, STM32WL31K8V6, STM32WL31KBV6, STM32WL33C8V6, STM32WL33C8V6X, STM32WL33CBV6, STM32WL33CBV6X, STM32WL33CCV6, STM32WL33CCV6A, STM32WL33CCV6X, STM32WL33K8V7, STM32WL33K8V7X, STM32WL33KBV7 , STM32WL33KBV7X, STM32WL33KCV7, STM32WL33KCV7X, STM32WL5MOCH6, STM32WL5MOCH6TR]
2026-03-30 06:44:27,590 [INFO] BoardInfo:889 - No configuration file found for board NUCLEO-H5E5ZJ
2026-03-30 06:44:27,590 [INFO] DbBoards:161 - Board is not supported: NUCLEO-H5E5ZJ
2026-03-30 06:44:27,640 [INFO] BoardInfo:889 - No configuration file found for board NUCLEO-U3C5ZI-Q
2026-03-30 06:44:27,640 [INFO] DbBoards:161 - Board is not supported: NUCLEO-U3C5ZI-Q
2026-03-30 06:44:27,647 [INFO] BoardInfo:889 - No configuration file found for board NUCLEO-WBA25CE1
2026-03-30 06:44:27,648 [INFO] DbBoards:161 - Board is not supported: NUCLEO-WBA25CE1
2026-03-30 06:44:27,652 [INFO] BoardInfo:889 - No configuration file found for board NUCLEO-WL3RKB1
2026-03-30 06:44:27,652 [INFO] DbBoards:161 - Board is not supported: NUCLEO-WL3RKB1
2026-03-30 06:44:27,653 [INFO] BoardInfo:889 - No configuration file found for board NUCLEO-WL3RKB2
2026-03-30 06:44:27,653 [INFO] DbBoards:161 - Board is not supported: NUCLEO-WL3RKB2
2026-03-30 06:44:27,657 [INFO] BoardInfo:889 - No configuration file found for board P-NUCLEO-WB55
2026-03-30 06:44:27,657 [INFO] DbBoards:161 - Kit is not supported: P-NUCLEO-WB55
2026-03-30 06:44:27,660 [INFO] BoardInfo:889 - No configuration file found for board STEVAL-BFA001V1B
2026-03-30 06:44:27,660 [INFO] DbBoards:161 - Kit is not supported: STEVAL-BFA001V1B
2026-03-30 06:44:27,661 [INFO] BoardInfo:889 - No configuration file found for board STEVAL-BFA001V2B
2026-03-30 06:44:27,661 [INFO] DbBoards:161 - Kit is not supported: STEVAL-BFA001V2B
2026-03-30 06:44:27,703 [INFO] BoardInfo:889 - No configuration file found for board STM32H5F5J-DK
2026-03-30 06:44:27,704 [INFO] DbBoards:161 - Board is not supported: STM32H5F5J-DK
2026-03-30 06:44:27,736 [INFO] DbBoards:168 - Found 218 boards, 209 are supported
2026-03-30 06:44:27,736 [INFO] DbBoards:169 - Found 218 boards, 43 of them is supported for  Bsp
2026-03-30 06:44:27,740 [INFO] ApiDb:423 - Load user favorites file /home/sunbeam/.stm32cubeide/favorites.boards.txt: 1 item(s)
2026-03-30 06:44:27,740 [INFO] ApiDb:427 - User favorites Boards=[STM32F407G-DISC1]
2026-03-30 06:44:27,740 [INFO] DbBoards:198 - Set 1 / 1 favorites Boards
2026-03-30 06:44:27,755 [ERROR] TargetSelectorAdapter:267 - Unable to refresh data
2026-03-30 06:44:27,792 [INFO] McuFinderGlobals:76 - Set McuFinderConnectedMode to true
2026-03-30 06:44:27,793 [INFO] MultiScanPanel:200 - Auto-refresh data requested => check proxy status ongoing
2026-03-30 06:44:27,793 [INFO] FinderPluginLoader:96 - Searching for filters in installed packs
2026-03-30 06:44:29,461 [INFO] LoadUrlFilesThread:185 - End of LoadServerUrlFiles without Thread
2026-03-30 06:44:29,462 [INFO] DetailPanel:341 - Set advertising image to /home/sunbeam/STM32Cube/Repository//en.prom-stm32c5-0326.jpg
2026-03-30 06:44:33,772 [INFO] MultiScanPanel:200 - Auto-refresh data requested => check proxy status ongoing
2026-03-30 06:44:33,841 [INFO] LoadUrlFilesThread:185 - End of LoadServerUrlFiles without Thread
2026-03-30 06:44:33,842 [INFO] DetailPanel:341 - Set advertising image to /home/sunbeam/STM32Cube/Repository//en.prom-stm32c5-0326.jpg
2026-03-30 06:44:33,851 [INFO] DbBoards:642 - Loading board mini-images...
2026-03-30 06:44:35,688 [INFO] DbBoards:665 - Loaded 218 board mini-images
2026-03-30 06:45:55,477 [INFO] MainUpdater:2872 - connection check result : 10
2026-03-30 06:45:55,477 [INFO] MainUpdater:2872 - connection check result : 10
2026-03-30 06:45:55,514 [INFO] MicroXplorer:468 - Change Database Path : 
2026-03-30 06:45:55,514 [INFO] MicroXplorer:498 - Change Database Version : DB.6.0.150
2026-03-30 06:45:55,542 [ERROR] ProjectManagerView:395 - 
java.lang.NullPointerException: Cannot invoke "javax.swing.JTextField.getText()" because the return value of "java.util.List.get(int)" is null
	at com.st.microxplorer.plugins.projectmanager.gui.ProjectChoiceTab$9.caretUpdate(ProjectChoiceTab.java:2706) ~[filemanager.jar:?]
	at javax.swing.text.JTextComponent.fireCaretUpdate(JTextComponent.java:408) ~[?:?]
	at javax.swing.text.JTextComponent$MutableCaretEvent.fire(JTextComponent.java:4484) ~[?:?]
	at javax.swing.text.JTextComponent$MutableCaretEvent.stateChanged(JTextComponent.java:4506) ~[?:?]
	at javax.swing.text.DefaultCaret.fireStateChanged(DefaultCaret.java:857) ~[?:?]
	at javax.swing.text.DefaultCaret.changeCaretPosition(DefaultCaret.java:1343) ~[?:?]
	at javax.swing.text.DefaultCaret.handleSetDot(DefaultCaret.java:1242) ~[?:?]
	at javax.swing.text.DefaultCaret.setDot(DefaultCaret.java:1223) ~[?:?]
	at javax.swing.text.DefaultCaret$Handler.insertUpdate(DefaultCaret.java:1819) ~[?:?]
	at javax.swing.text.AbstractDocument.fireInsertUpdate(AbstractDocument.java:227) ~[?:?]
	at javax.swing.text.AbstractDocument.handleInsertString(AbstractDocument.java:781) ~[?:?]
	at javax.swing.text.AbstractDocument.insertString(AbstractDocument.java:740) ~[?:?]
	at javax.swing.text.PlainDocument.insertString(PlainDocument.java:131) ~[?:?]
	at javax.swing.text.AbstractDocument.replace(AbstractDocument.java:699) ~[?:?]
	at javax.swing.text.JTextComponent.setText(JTextComponent.java:1725) ~[?:?]
	at com.st.microxplorer.plugins.projectmanager.gui.ProjectChoiceTab.createHeapStackFields(ProjectChoiceTab.java:993) ~[filemanager.jar:?]
	at com.st.microxplorer.plugins.projectmanager.gui.ProjectChoiceTab.buildLinkSettingsPanel(ProjectChoiceTab.java:3813) ~[filemanager.jar:?]
	at com.st.microxplorer.plugins.projectmanager.gui.ProjectChoiceTab.defineWindowsFields(ProjectChoiceTab.java:1987) ~[filemanager.jar:?]
	at com.st.microxplorer.plugins.projectmanager.gui.ProjectChoiceTab.updateSettings(ProjectChoiceTab.java:558) ~[filemanager.jar:?]
	at com.st.microxplorer.plugins.projectmanager.gui.ProjectSettingsPanel.UpdateDialog(ProjectSettingsPanel.java:247) ~[filemanager.jar:?]
	at com.st.microxplorer.plugins.projectmanager.ProjectManagerView.propertyChange(ProjectManagerView.java:392) ~[filemanager.jar:?]
	at java.beans.PropertyChangeSupport.fire(PropertyChangeSupport.java:343) ~[?:?]
	at java.beans.PropertyChangeSupport.firePropertyChange(PropertyChangeSupport.java:335) ~[?:?]
	at java.beans.PropertyChangeSupport.firePropertyChange(PropertyChangeSupport.java:268) ~[?:?]
	at com.st.microxplorer.util.MXPropertyChangeSupport.firePropertyChange(MXPropertyChangeSupport.java:54) ~[STM32CubeMX.jar:?]
	at com.st.microxplorer.mxsystem.MxSystem.closeConfig(MxSystem.java:899) ~[STM32CubeMX.jar:?]
	at com.st.microxplorer.maingui.MainPanel.closeConfig(MainPanel.java:792) ~[STM32CubeMX.jar:?]
	at com.st.microxplorer.plugins.filemanager.engine.OpenFileManager.loadConfigurationFile(OpenFileManager.java:288) ~[filemanager.jar:?]
	at com.st.microxplorer.plugins.filemanager.engine.MainFileManager.userLoadConfig(MainFileManager.java:364) ~[filemanager.jar:?]
	at com.st.microxplorer.plugins.filemanager.FileManagerView.getSpecificTask(FileManagerView.java:268) ~[filemanager.jar:?]
	at com.st.stm32cube.common.mx.editor.CubeMxEditor.getMxTabbedPaneInstance(CubeMxEditor.java:1191) ~[com.st.stm32cube.common.mx_6.15.0.202507011659/:?]
	at com.st.stm32cube.common.mx.editor.CubeMxEditor$12$1.createSwingComponent(CubeMxEditor.java:1068) ~[com.st.stm32cube.common.mx_6.15.0.202507011659/:?]
	at com.st.stm32cube.common.mx.oss.core.awtswtbridge.EmbeddedSwingComposite.doComponentCreation(EmbeddedSwingComposite.java:492) ~[com.st.stm32cube.common.mx.oss_6.15.0.202507011659/:?]
	at com.st.stm32cube.common.mx.oss.core.awtswtbridge.EmbeddedSwingComposite$4.run(EmbeddedSwingComposite.java:291) ~[com.st.stm32cube.common.mx.oss_6.15.0.202507011659/:?]
	at com.st.stm32cube.common.mx.oss.core.awtswtbridge.AwtEnvironment$2.run(AwtEnvironment.java:166) ~[com.st.stm32cube.common.mx.oss_6.15.0.202507011659/:?]
	at java.awt.event.InvocationEvent.dispatch(InvocationEvent.java:318) ~[?:?]
	at java.awt.EventQueue.dispatchEventImpl(EventQueue.java:773) ~[?:?]
	at java.awt.EventQueue$4.run(EventQueue.java:720) ~[?:?]
	at java.awt.EventQueue$4.run(EventQueue.java:714) ~[?:?]
	at java.security.AccessController.doPrivileged(AccessController.java:400) ~[?:?]
	at java.security.ProtectionDomain$JavaSecurityAccessImpl.doIntersectionPrivilege(ProtectionDomain.java:87) ~[?:?]
	at java.awt.EventQueue.dispatchEvent(EventQueue.java:742) ~[?:?]
	at java.awt.EventDispatchThread.pumpOneEventForFilters(EventDispatchThread.java:203) ~[?:?]
	at java.awt.EventDispatchThread.pumpEventsForFilter(EventDispatchThread.java:124) ~[?:?]
	at java.awt.EventDispatchThread.pumpEventsForHierarchy(EventDispatchThread.java:113) ~[?:?]
	at java.awt.EventDispatchThread.pumpEvents(EventDispatchThread.java:109) ~[?:?]
	at java.awt.EventDispatchThread.pumpEvents(EventDispatchThread.java:101) ~[?:?]
	at java.awt.EventDispatchThread.run(EventDispatchThread.java:90) ~[?:?]
2026-03-30 06:45:55,548 [WARN] ThirdParty:871 - waiting for thirdparty lock release [close project]
2026-03-30 06:45:55,549 [INFO] ThirdParty:873 - entering critical section [close project]
2026-03-30 06:45:55,549 [INFO] ThirdParty:883 - exiting critical section [close project]
2026-03-30 06:45:55,551 [INFO] PinOutPanel:1589 - setPackage(No Configuration,No Configuration)
2026-03-30 06:45:55,569 [WARN] IpParametersView:155 - Warning: This peripheral hasn't parameters
2026-03-30 06:45:55,592 [WARN] MainPanel:289 - <html><b><center>Warning: This peripheral has no parameters to be configured<br></b></html>
2026-03-30 06:45:55,595 [INFO] UtilMem:75 - Begin LoadConfig() Used Memory: 908032240 Bytes (1010827264)
2026-03-30 06:45:55,596 [INFO] OpenFileManager:355 - Change cursor
2026-03-30 06:45:55,654 [INFO] RulesReader:64 - Compatibility file has been processed (317 Rules)
2026-03-30 06:45:55,671 [INFO] ProjectFactory:514 - No CPN specified for board STM32F407G-DISC1 => set CPN to STM32F407VGT6
2026-03-30 06:45:55,671 [INFO] Mcu:2029 - Initializing MCU STM32F407V(E-G)Tx STM32F407VGTx STM32F407VGT6
2026-03-30 06:45:56,835 [INFO] Context:786 - Trying to add GPIOservice into a context  which must be forbidden
2026-03-30 06:45:57,499 [INFO] Rule:233 - rule 117617 - U5Cobra4M][GTZC] default value MPCBB3 and MPCBB5 - Not Secured memory - MPCBB1 is applicable
2026-03-30 06:45:57,499 [INFO] Rule:233 - rule 117617 - U5Cobra4M][GTZC] default value MPCBB3 and MPCBB5 - Not Secured memory - MPCBB1 is applicable
2026-03-30 06:45:57,499 [INFO] Rule:233 - rule 117617 - U5Cobra4M][GTZC] default value MPCBB3 and MPCBB5 - Not Secured memory - MPCBB2 is applicable
2026-03-30 06:45:57,499 [INFO] Rule:233 - rule 117617 - U5Cobra4M][GTZC] default value MPCBB3 and MPCBB5 - Not Secured memory - MPCBB2 is applicable
2026-03-30 06:45:57,499 [INFO] Rule:233 - rule 117617 - U5Cobra4M][GTZC] default value MPCBB3 and MPCBB5 - Not Secured memory - MPCBB3 is applicable
2026-03-30 06:45:57,499 [INFO] Rule:233 - rule 117617 - U5Cobra4M][GTZC] default value MPCBB3 and MPCBB5 - Not Secured memory - MPCBB3 is applicable
2026-03-30 06:45:57,499 [INFO] Rule:233 - rule 117617 - U5Cobra4M][GTZC] default value MPCBB3 and MPCBB5 - Not Secured memory - MPCBB4 is applicable
2026-03-30 06:45:57,499 [INFO] Rule:233 - rule 117617 - U5Cobra4M][GTZC] default value MPCBB3 and MPCBB5 - Not Secured memory - MPCBB4 is applicable
2026-03-30 06:45:57,499 [INFO] Rule:233 - rule 117617 - U5Cobra4M][GTZC] default value MPCBB3 and MPCBB5 - Secured memory - MPCBB1 is applicable
2026-03-30 06:45:57,499 [INFO] Rule:233 - rule 117617 - U5Cobra4M][GTZC] default value MPCBB3 and MPCBB5 - Secured memory - MPCBB2 is applicable
2026-03-30 06:45:57,500 [INFO] Rule:233 - rule 117617 - U5Cobra4M][GTZC] default value MPCBB3 and MPCBB5 - Secured memory - MPCBB3 is applicable
2026-03-30 06:45:57,500 [INFO] Rule:233 - rule 117617 - U5Cobra4M][GTZC] default value MPCBB3 and MPCBB5 - Secured memory - MPCBB4 is applicable
2026-03-30 06:45:57,500 [INFO] Rule:233 - rule 117617 - U5Cobra4M][GTZC] default value MPCBB3 and MPCBB5 - Privileged memory - MPCBB1 is applicable
2026-03-30 06:45:57,500 [INFO] Rule:233 - rule 117617 - U5Cobra4M][GTZC] default value MPCBB3 and MPCBB5 - Privileged memory - MPCBB2 is applicable
2026-03-30 06:45:57,500 [INFO] Rule:233 - rule 117617 - U5Cobra4M][GTZC] default value MPCBB3 and MPCBB5 - Privileged memory - MPCBB3 is applicable
2026-03-30 06:45:57,500 [INFO] Rule:233 - rule 117617 - U5Cobra4M][GTZC] default value MPCBB3 and MPCBB5 - Privileged memory - MPCBB4 is applicable
2026-03-30 06:45:57,500 [INFO] Rule:233 - rule 117617 - U5Cobra4M][GTZC] default value MPCBB3 and MPCBB5 - Not Privileged memory - MPCBB1 is applicable
2026-03-30 06:45:57,500 [INFO] Rule:233 - rule 117617 - U5Cobra4M][GTZC] default value MPCBB3 and MPCBB5 - Not Privileged memory - MPCBB2 is applicable
2026-03-30 06:45:57,500 [INFO] Rule:233 - rule 117617 - U5Cobra4M][GTZC] default value MPCBB3 and MPCBB5 - Not Privileged memory - MPCBB3 is applicable
2026-03-30 06:45:57,500 [INFO] Rule:233 - rule 117617 - U5Cobra4M][GTZC] default value MPCBB3 and MPCBB5 - Not Privileged memory - MPCBB4 is applicable
2026-03-30 06:45:57,500 [INFO] Rule:233 - rule 117617 - U5Cobra4M][GTZC] default value MPCBB3 and MPCBB5 - Privileged memory - MPCBB1 is applicable
2026-03-30 06:45:57,500 [INFO] Rule:233 - rule 117617 - U5Cobra4M][GTZC] default value MPCBB3 and MPCBB5 - Privileged memory - MPCBB2 is applicable
2026-03-30 06:45:57,500 [INFO] Rule:233 - rule 117617 - U5Cobra4M][GTZC] default value MPCBB3 and MPCBB5 - Privileged memory - MPCBB3 is applicable
2026-03-30 06:45:57,500 [INFO] Rule:233 - rule 117617 - U5Cobra4M][GTZC] default value MPCBB3 and MPCBB5 - Privileged memory - MPCBB4 is applicable
2026-03-30 06:45:57,500 [INFO] Rule:233 - rule 117617 - U5Cobra4M][GTZC] default value MPCBB3 and MPCBB5 - Privileged memory - MPCBB1 is applicable
2026-03-30 06:45:57,500 [INFO] Rule:233 - rule 117617 - U5Cobra4M][GTZC] default value MPCBB3 and MPCBB5 - Privileged memory - MPCBB2 is applicable
2026-03-30 06:45:57,500 [INFO] Rule:233 - rule 117617 - U5Cobra4M][GTZC] default value MPCBB3 and MPCBB5 - Privileged memory - MPCBB3 is applicable
2026-03-30 06:45:57,500 [INFO] Rule:233 - rule 117617 - U5Cobra4M][GTZC] default value MPCBB3 and MPCBB5 - Privileged memory - MPCBB4 is applicable
2026-03-30 06:45:57,500 [INFO] Rule:233 - rule 117617 - U5Cobra4M][GTZC] default value MPCBB3 and MPCBB5 - Not Privileged memory - MPCBB1 is applicable
2026-03-30 06:45:57,500 [INFO] Rule:233 - rule 117617 - U5Cobra4M][GTZC] default value MPCBB3 and MPCBB5 - Not Privileged memory - MPCBB2 is applicable
2026-03-30 06:45:57,500 [INFO] Rule:233 - rule 117617 - U5Cobra4M][GTZC] default value MPCBB3 and MPCBB5 - Not Privileged memory - MPCBB3 is applicable
2026-03-30 06:45:57,500 [INFO] Rule:233 - rule 117617 - U5Cobra4M][GTZC] default value MPCBB3 and MPCBB5 - Not Privileged memory - MPCBB4 is applicable
2026-03-30 06:45:57,500 [INFO] Rule:233 - rule 117617 - U5Cobra4M][GTZC] default value MPCBB3 and MPCBB5 - Privileged memory - MPCBB1 is applicable
2026-03-30 06:45:57,500 [INFO] Rule:233 - rule 117617 - U5Cobra4M][GTZC] default value MPCBB3 and MPCBB5 - Privileged memory - MPCBB2 is applicable
2026-03-30 06:45:57,500 [INFO] Rule:233 - rule 117617 - U5Cobra4M][GTZC] default value MPCBB3 and MPCBB5 - Privileged memory - MPCBB3 is applicable
2026-03-30 06:45:57,500 [INFO] Rule:233 - rule 117617 - U5Cobra4M][GTZC] default value MPCBB3 and MPCBB5 - Privileged memory - MPCBB4 is applicable
2026-03-30 06:45:57,500 [INFO] Rule:233 - rule Rename SubGHz_Phy SUBGHZ_APPLICATION SUBGHZ_PINGPONG to SUBGHZ_ADV_APPLICATION is applicable
2026-03-30 06:45:57,500 [INFO] Rule:233 - rule Rename Enabled to IBEACON is applicable
2026-03-30 06:45:57,501 [INFO] Rule:233 - rule GTZC_S instance for project manager is applicable
2026-03-30 06:45:57,501 [INFO] Rule:233 - rule GTZC_S instance for context M33S is applicable
2026-03-30 06:45:57,501 [INFO] Rule:233 - rule GTZC_S instance value for IP GTZC is applicable
2026-03-30 06:45:57,501 [INFO] Rule:233 - rule GTZC_S instance for mcu.IP is applicable
2026-03-30 06:45:57,501 [INFO] Rule:233 - rule GTZC_S instance for VP is applicable
2026-03-30 06:45:57,501 [INFO] Rule:233 - rule GTZC_S instance for signal is applicable
2026-03-30 06:45:57,501 [INFO] Rule:233 - rule GTZC_S instance for mcu.Pin is applicable
2026-03-30 06:45:57,501 [INFO] Rule:233 - rule GTZC_S instance for VP is applicable
2026-03-30 06:45:57,501 [INFO] Rule:233 - rule GTZC_S instance for signal is applicable
2026-03-30 06:45:57,501 [INFO] Rule:233 - rule GTZC_S instance for mcu is applicable
2026-03-30 06:45:57,501 [INFO] Rule:233 - rule GTZC_S instance for mcu.Pin is applicable
2026-03-30 06:45:57,501 [INFO] Rule:233 - rule GTZC_S instance value for IP GTZC is applicable
2026-03-30 06:45:57,501 [INFO] Rule:233 - rule GTZC_S instance for project manager is applicable
2026-03-30 06:45:57,501 [INFO] Rule:233 - rule GTZC_S instance for context M33S is applicable
2026-03-30 06:45:57,501 [INFO] Rule:233 - rule GTZC_S instance for VP is applicable
2026-03-30 06:45:57,501 [INFO] Rule:233 - rule GTZC_S instance for signal is applicable
2026-03-30 06:45:57,501 [INFO] Rule:233 - rule SPDIFRX instance for mcu is applicable
2026-03-30 06:45:57,501 [INFO] Rule:233 - rule Rename Tracer Mode is applicable
2026-03-30 06:45:57,501 [INFO] Rule:233 - rule SPDIFRX instance value for IP SPDIFRX is applicable
2026-03-30 06:45:57,501 [INFO] Rule:233 - rule SPDIFRX instance for signal is applicable
2026-03-30 06:45:57,501 [INFO] Rule:233 - rule SPDIFRX instance for project manager is applicable
2026-03-30 06:45:57,501 [INFO] Rule:233 - rule SPDIFRX instance for project manager is applicable
2026-03-30 06:45:57,501 [INFO] Rule:233 - rule ADC Scan  fix with FW F7 is applicable
2026-03-30 06:45:57,501 [INFO] Rule:233 - rule ADC Scan  fix with FW F7 is applicable
2026-03-30 06:45:57,501 [INFO] Rule:233 - rule WakeUp0 Mode is applicable
2026-03-30 06:45:57,501 [INFO] Rule:233 - rule WakeUp0 SIGNAL is applicable
2026-03-30 06:45:57,501 [INFO] Rule:233 - rule WakeUp1 Mode is applicable
2026-03-30 06:45:57,501 [INFO] Rule:233 - rule WakeUp1 SIGNAL is applicable
2026-03-30 06:45:57,501 [INFO] Rule:233 - rule WakeUp2 Mode is applicable
2026-03-30 06:45:57,501 [INFO] Rule:233 - rule WakeUp2 SIGNAL is applicable
2026-03-30 06:45:57,502 [INFO] Rule:233 - rule WakeUp4 Mode is applicable
2026-03-30 06:45:57,502 [INFO] Rule:233 - rule WakeUp4 SIGNAL is applicable
2026-03-30 06:45:57,502 [INFO] Rule:233 - rule WakeUp5 Mode is applicable
2026-03-30 06:45:57,502 [INFO] Rule:233 - rule WakeUp5 SIGNAL is applicable
2026-03-30 06:45:57,502 [INFO] Rule:233 - rule UART/USART WORD LENGTH 7 is applicable
2026-03-30 06:45:57,502 [INFO] Rule:233 - rule UART/USART WORD LENGTH 8 is applicable
2026-03-30 06:45:57,502 [INFO] Rule:233 - rule UART/USART WORD LENGTH 9 is applicable
2026-03-30 06:45:57,502 [INFO] Rule:233 - rule Change Default Value for LSE Drive Capability for WB family is applicable
2026-03-30 06:45:57,502 [INFO] Rule:233 - rule Change Default Value for ADC Clock Prescaler G0 family is applicable
2026-03-30 06:45:57,502 [INFO] Rule:233 - rule ADC SamplingTime fix with FW L0  is applicable
2026-03-30 06:45:57,502 [INFO] Rule:233 - rule ADC SamplingTime fix with FW L0  is applicable
2026-03-30 06:45:57,502 [INFO] Rule:233 - rule ADC SamplingTime fix with FW L0 is applicable
2026-03-30 06:45:57,502 [INFO] Rule:233 - rule ADC SamplingTime fix with FW L0 is applicable
2026-03-30 06:45:57,502 [INFO] Rule:233 - rule ADC SamplingTime fix with FW L0  is applicable
2026-03-30 06:45:57,502 [INFO] Rule:233 - rule ADC SamplingTime fix with FW L0 is applicable
2026-03-30 06:45:57,502 [INFO] Rule:233 - rule Rename USB_OE Signal is applicable
2026-03-30 06:45:57,502 [INFO] Rule:233 - rule Rename Activate_OE Mode is applicable
2026-03-30 06:45:57,502 [INFO] Rule:233 - rule Rename DIE462/DIE415 pin PC14/OSC32_IN -> PC14-OSC32_IN (PC14) is applicable
2026-03-30 06:45:57,502 [INFO] Rule:233 - rule Rename DIE462/DIE415 pin PC15/OSC32_OUT -> PC15-OSC32_OUT (PC15) is applicable
2026-03-30 06:45:57,502 [INFO] Rule:233 - rule Rename DIE462/DIE415 pin PH0/OSC_IN -> PH0-OSC_IN (PH0) is applicable
2026-03-30 06:45:57,502 [INFO] Rule:233 - rule Rename DIE462/DIE415 pin PH1/OSC_OUT -> PH1-OSC_OUT (PH1) is applicable
2026-03-30 06:45:57,502 [INFO] Rule:233 - rule Rename DIE462 pin PA13 -> PA13 (JTMS/SWDIO) is applicable
2026-03-30 06:45:57,502 [INFO] Rule:233 - rule Rename DIE415 pin PA13 -> PA13 (JTMS/SWDIO) is applicable
2026-03-30 06:45:57,502 [INFO] Rule:233 - rule Rename DIE462 pin PA14 -> PA14 (JTCK/SWCLK) is applicable
2026-03-30 06:45:57,502 [INFO] Rule:233 - rule Rename DIE415 pin PA14 -> PA14 (JTCK/SWCLK) is applicable
2026-03-30 06:45:57,502 [INFO] Rule:233 - rule Rename DIE462/DIE415 pin PA15 -> PA15 (JTDI) is applicable
2026-03-30 06:45:57,502 [INFO] Rule:233 - rule Rename DIE462 pin PB3 -> PB3 (JTD0/TRACESWO) is applicable
2026-03-30 06:45:57,502 [INFO] Rule:233 - rule Rename DIE415 pin PB3 -> PB3 (JTD0-TRACESWO) is applicable
2026-03-30 06:45:57,502 [INFO] Rule:233 - rule Rename DIE462/DIE415 pin PB4 -> PB4 (NJTRST) is applicable
2026-03-30 06:45:57,502 [INFO] Rule:233 - rule Rename DIE462 pin PH3/BOOT0 -> PH3-BOOT0 (BOOT0) is applicable
2026-03-30 06:45:57,502 [INFO] Rule:233 - rule Rename CRYP DataEncryptionTypesList to Algorithm is applicable
2026-03-30 06:45:57,502 [INFO] Rule:233 - rule Rename AES DataEncryptionTypesList to Algorithm is applicable
2026-03-30 06:45:57,503 [INFO] Rule:233 - rule Rename TDESECB to CRYP_TDES_ECB is applicable
2026-03-30 06:45:57,503 [INFO] Rule:233 - rule Rename TDESCBC to CRYP_TDES_CBC is applicable
2026-03-30 06:45:57,503 [INFO] Rule:233 - rule Rename DESECB to CRYP_DES_ECB is applicable
2026-03-30 06:45:57,503 [INFO] Rule:233 - rule Rename DESCBC to CRYP_DES_CBC is applicable
2026-03-30 06:45:57,503 [INFO] Rule:233 - rule Rename AESECB to CRYP_AES_ECB is applicable
2026-03-30 06:45:57,503 [INFO] Rule:233 - rule Rename AESCBC to CRYP_AES_CBC is applicable
2026-03-30 06:45:57,503 [INFO] Rule:233 - rule Rename AESCTR to CRYP_AES_CTR is applicable
2026-03-30 06:45:57,503 [INFO] Rule:233 - rule Rename AESGCM to CRYP_AES_GCM is applicable
2026-03-30 06:45:57,503 [INFO] Rule:233 - rule Rename AESCCM to CRYP_AES_CCM is applicable
2026-03-30 06:45:57,503 [INFO] Rule:233 - rule Rename CAN TimeSeg1 to BS1 is applicable
2026-03-30 06:45:57,503 [INFO] Rule:233 - rule Rename CAN TimeSeg2 to BS2 is applicable
2026-03-30 06:45:57,503 [INFO] Rule:233 - rule Rename CAN SyncJumpWidth to SJW is applicable
2026-03-30 06:45:57,503 [INFO] Rule:233 - rule TimeTriggeredMode to TTCM is applicable
2026-03-30 06:45:57,503 [INFO] Rule:233 - rule Rename CAN AutoBusOff to ABOM is applicable
2026-03-30 06:45:57,503 [INFO] Rule:233 - rule Rename CAN AutoWakeUp to AWUM is applicable
2026-03-30 06:45:57,503 [INFO] Rule:233 - rule Rename CAN AutoRetransmission to NART is applicable
2026-03-30 06:45:57,503 [INFO] Rule:233 - rule Rename CAN ReceiveFifoLocked to RFLM is applicable
2026-03-30 06:45:57,503 [INFO] Rule:233 - rule Rename CAN TransmitFifoPriority to TXFP is applicable
2026-03-30 06:45:57,503 [INFO] Rule:233 - rule Rename HRTIMER HRTIM_OUTPUTFAULTLEVEL_HIGH in HRTIMER HRTIM_OUTPUTFAULTLEVEL_HIGHZ is applicable
2026-03-30 06:45:57,503 [INFO] Rule:233 - rule Rename TIMER TIM_CLEARINPUTSOURCE_OCREFCLR in  TIMER TIM_CLEARINPUTSOURCE_NONE for F7 family is applicable
2026-03-30 06:45:57,503 [INFO] Rule:233 - rule FDCAN_R1 - Rename FDCAN mode Master into Classic is applicable
2026-03-30 06:45:57,503 [INFO] Rule:233 - rule FDCAN_R2 - Rename FDCAN mode Slave into Classic is applicable
2026-03-30 06:45:57,503 [INFO] Rule:233 - rule FDCAN1_R3 - if PA10.Mode=FullDuplex, add Pin PA12 is applicable
2026-03-30 06:45:57,503 [INFO] Rule:233 - rule FDCAN1_R3 - if PA9.Mode=FullDuplex, add Pin PA11 is applicable
2026-03-30 06:45:57,503 [INFO] Rule:233 - rule FDCAN1_R3 - Alternatepin_1 - if PE1.Mode=FullDuplex, add Pin PB9 is applicable
2026-03-30 06:45:57,503 [INFO] Rule:233 - rule FDCAN1_R3 - Alternatepin_1 - if PE0.Mode=FullDuplex, add Pin PB8 is applicable
2026-03-30 06:45:57,503 [INFO] Rule:233 - rule FDCAN1_R3 - Alternatepin_2 - if PD5.Mode=FullDuplex, add Pin PD1 is applicable
2026-03-30 06:45:57,503 [INFO] Rule:233 - rule FDCAN1_R3 - Alternatepin_2 - if PD4.Mode=FullDuplex, add Pin PD0 is applicable
2026-03-30 06:45:57,503 [INFO] Rule:233 - rule FDCAN1_R4 - Rename Mode FullDuplex into Enable FDCAN_TXFD for pin PA10 is applicable
2026-03-30 06:45:57,503 [INFO] Rule:233 - rule FDCAN1_R4 - Rename Mode FullDuplex into Enable FDCAN_TXFD for pin PA9 is applicable
2026-03-30 06:45:57,503 [INFO] Rule:233 - rule FDCAN1_R4 - Alternatepin_1 - Rename Mode FullDuplex into Enable FDCAN_TXFD for pin PE1 is applicable
2026-03-30 06:45:57,503 [INFO] Rule:233 - rule FDCAN1_R4 - Alternatepin_1 - Rename Mode FullDuplex into Enable FDCAN_TXFD for pin PE0 is applicable
2026-03-30 06:45:57,503 [INFO] Rule:233 - rule FDCAN1_R4 - Alternatepin_2 - Rename Mode FullDuplex into Enable FDCAN_TXFD for pin PD5 is applicable
2026-03-30 06:45:57,503 [INFO] Rule:233 - rule FDCAN1_R4 - Alternatepin_2 - Rename Mode FullDuplex into Enable FDCAN_TXFD for pin PD4 is applicable
2026-03-30 06:45:57,503 [INFO] Rule:233 - rule FDCAN2_R3 - if PD10.Mode=FullDuplex, add Pin PB13 is applicable
2026-03-30 06:45:57,503 [INFO] Rule:233 - rule FDCAN2_R3 - if PD9.Mode=FullDuplex, add Pin PB12 is applicable
2026-03-30 06:45:57,503 [INFO] Rule:233 - rule FDCAN2_R3 - Alternatepin_1 - if PB7.Mode=FullDuplex, add Pin PB6 is applicable
2026-03-30 06:45:57,503 [INFO] Rule:233 - rule FDCAN2_R3 - Alternatepin_1 - if PD9.Mode=FullDuplex, add Pin PB12 is applicable
2026-03-30 06:45:57,503 [INFO] Rule:233 - rule FDCAN2_R4 - Rename Mode FullDuplex into Enable FDCAN_TXFD for pin PD10 is applicable
2026-03-30 06:45:57,503 [INFO] Rule:233 - rule FDCAN2_R4 - Rename Mode FullDuplex into Enable FDCAN_TXFD for pin PD9 is applicable
2026-03-30 06:45:57,503 [INFO] Rule:233 - rule FDCAN2_R4 - Alternatepin_1 - Rename Mode FullDuplex into Enable FDCAN_TXFD for pin PB7 is applicable
2026-03-30 06:45:57,503 [INFO] Rule:233 - rule FDCAN2_R4 - Alternatepin_1 - Rename Mode FullDuplex into Enable FDCAN_TXFD for pin PD6 is applicable
2026-03-30 06:45:57,504 [INFO] Rule:233 - rule USART TxPinLevelInvertParam Mode is applicable
2026-03-30 06:45:57,504 [INFO] Rule:233 - rule USART RxPinLevelInvertParam Mode is applicable
2026-03-30 06:45:57,504 [INFO] Rule:233 - rule USART DataInvertParam Mode is applicable
2026-03-30 06:45:57,504 [INFO] Rule:233 - rule USART SwapParam Mode is applicable
2026-03-30 06:45:57,504 [INFO] Rule:233 - rule USART OverrunDisableParam Mode is applicable
2026-03-30 06:45:57,504 [INFO] Rule:233 - rule USART DMADisableonRxErrorParam Mode is applicable
2026-03-30 06:45:57,504 [INFO] Rule:233 - rule USART MSBFirstParam Mode is applicable
2026-03-30 06:45:57,504 [INFO] Rule:233 - rule Update MwName for USB_DEVICE is applicable
2026-03-30 06:45:57,504 [INFO] Rule:233 - rule Change PWR_Regulator_Voltage_Scale Default Value for RCC  H7 family is applicable
2026-03-30 06:45:57,504 [INFO] Rule:233 - rule UART/USART IPParameter rename Prescaler parameter to ClockPrescaler is applicable
2026-03-30 06:45:57,504 [INFO] Rule:233 - rule UART/USART Prescaler rename Prescaler parameter to ClockPrescaler is applicable
2026-03-30 06:45:57,504 [INFO] Rule:233 - rule TIM1CLockSelection is applicable
2026-03-30 06:45:57,504 [INFO] Rule:233 - rule TIM15CLockSelection is applicable
2026-03-30 06:45:57,504 [INFO] Rule:233 - rule align RCC SDMMC3CLockSelection default value on MP1 is applicable
2026-03-30 06:45:57,504 [INFO] Rule:233 - rule align RCC SDMMC12CLockSelection default value on MP1 is applicable
2026-03-30 06:45:57,504 [INFO] Rule:233 - rule align RCC QSPICLockSelection default value on MP1 is applicable
2026-03-30 06:45:57,504 [INFO] Rule:233 - rule align RCC QSPICLockSelection default value on MP1 is applicable
2026-03-30 06:45:57,504 [INFO] Rule:233 - rule align RCC SPI6CLockSelection default value on MP1 is applicable
2026-03-30 06:45:57,504 [INFO] Rule:233 - rule align RCC LPTIM23CLockSelection default value on MP1 is applicable
2026-03-30 06:45:57,504 [INFO] Rule:233 - rule align RCC LPTIM1CLockSelection default value on MP1 is applicable
2026-03-30 06:45:57,504 [INFO] Rule:233 - rule align RCC USART1CLockSelection default value on MP1 is applicable
2026-03-30 06:45:57,504 [INFO] Rule:233 - rule align RCC USART24CLockSelection default value on MP1 is applicable
2026-03-30 06:45:57,504 [INFO] Rule:233 - rule align RCC USART6CLockSelection default value on MP1 is applicable
2026-03-30 06:45:57,504 [INFO] Rule:233 - rule align RCC UART78CLockSelection default value on MP1 is applicable
2026-03-30 06:45:57,504 [INFO] Rule:233 - rule align RCC USART35CLockSelection default value on MP1 is applicable
2026-03-30 06:45:57,504 [INFO] Rule:233 - rule align RCC SPI45CLockSelection default value on MP1 is applicable
2026-03-30 06:45:57,504 [INFO] Rule:233 - rule align RCC I2C46CLockSelection BCLK value on MP1 is applicable
2026-03-30 06:45:57,504 [INFO] Rule:233 - rule align RCC SPI45CLockSelection default value on MP1 is applicable
2026-03-30 06:45:57,504 [INFO] Rule:233 - rule align RCC I2C12CLockSelection default value on MP1 is applicable
2026-03-30 06:45:57,504 [INFO] Rule:233 - rule align RCC I2C35CLockSelection default value on MP1 is applicable
2026-03-30 06:45:57,504 [INFO] Rule:233 - rule align RCC LPTIM45CLockSelection default value on MP1 is applicable
2026-03-30 06:45:57,504 [INFO] Rule:233 - rule Rename DCMI PIXCK signal is applicable
2026-03-30 06:45:57,504 [INFO] Rule:233 - rule Change Default Value for I2C46CLockSelection MP1 family is applicable
2026-03-30 06:45:57,504 [INFO] Rule:233 - rule Change Default Value for UART for G4, G0 and WB families is applicable
2026-03-30 06:45:57,504 [INFO] Rule:233 - rule Change Default Value for USART for G4, G0 and WB families is applicable
2026-03-30 06:45:57,504 [INFO] Rule:233 - rule Change Default Value for USART for G4 family is applicable
2026-03-30 06:45:57,504 [INFO] Rule:233 - rule Change USART1CLockSelection refparam name for MP1 is applicable
2026-03-30 06:45:57,504 [INFO] Rule:233 - rule Change USART2CLockSelection refparam name for MP1 is applicable
2026-03-30 06:45:57,504 [INFO] Rule:233 - rule Change USART3CLockSelection refparam name for MP1 is applicable
2026-03-30 06:45:57,504 [INFO] Rule:233 - rule Change UART4CLockSelection refparam name for MP1 is applicable
2026-03-30 06:45:57,504 [INFO] Rule:233 - rule Change UART5CLockSelection refparam name for MP1 is applicable
2026-03-30 06:45:57,504 [INFO] Rule:233 - rule Change LPUART1CLockSelection refparam name for MP1 is applicable
2026-03-30 06:45:57,504 [INFO] Rule:233 - rule Change LPTIM1CLockSelection refparam name for MP1 is applicable
2026-03-30 06:45:57,504 [INFO] Rule:233 - rule Change LPTIM2CLockSelection refparam name for MP1 is applicable
2026-03-30 06:45:57,504 [INFO] Rule:233 - rule Change RCC_MCO1Source refparam name for MP1 is applicable
2026-03-30 06:45:57,504 [INFO] Rule:233 - rule Change LSCOSource1 refparam name for MP1 is applicable
2026-03-30 06:45:57,505 [INFO] Rule:233 - rule Change SMPSCLockSelection refparam name for MP1 is applicable
2026-03-30 06:45:57,505 [INFO] Rule:233 - rule Change LPTIM3CLockSelection refparam name for MP1 is applicable
2026-03-30 06:45:57,505 [INFO] Rule:233 - rule Change MPCBB* Default Template Mode to Parameters is applicable
2026-03-30 06:45:57,505 [INFO] Rule:233 - rule Change MPCWM* or MPCBB* Secure Mode to Parameters is applicable
2026-03-30 06:45:57,505 [INFO] Rule:233 - rule Change MPCWM* or MPCBB* No Secure Mode to Parameters is applicable
2026-03-30 06:45:57,505 [INFO] Rule:233 - rule Change TZSC IP Secure Mode to Parameters is applicable
2026-03-30 06:45:57,505 [INFO] Rule:233 - rule Change TZSC IP No Secure Mode to Parameters is applicable
2026-03-30 06:45:57,505 [INFO] Rule:233 - rule Change TZSC IP Privilege Mode to Parameters is applicable
2026-03-30 06:45:57,505 [INFO] Rule:233 - rule Change TZSC IP No Privilege Mode to Parameters is applicable
2026-03-30 06:45:57,505 [INFO] Rule:233 - rule Change TZIC IT Secure Mode to Parameters is applicable
2026-03-30 06:45:57,505 [INFO] Rule:233 - rule Change TZIC IT No Secure Mode to Parameters is applicable
2026-03-30 06:45:57,505 [INFO] Rule:233 - rule Add MPCBB1_NonSecureArea_Start_Address value with referenced to MPCBB1_NonSecureArea_Start value is applicable
2026-03-30 06:45:57,505 [INFO] Rule:233 - rule Add MPCBB2_NonSecureArea_Start_Address value with referenced to MPCBB2_NonSecureArea_Start value is applicable
2026-03-30 06:45:57,505 [INFO] Rule:233 - rule Add MPCWM1_NonSecureArea*_Start_Address value with referenced to MPCWM1_NonSecureArea*_Start value is applicable
2026-03-30 06:45:57,505 [INFO] Rule:233 - rule Add MPCWM2_NonSecureArea*_Start_Address value with referenced to MPCWM2_NonSecureArea*_Start value is applicable
2026-03-30 06:45:57,505 [INFO] Rule:233 - rule Add MPCWM3_NonSecureArea_Start_Address value with referenced to MPCWM3_NonSecureArea_Start value is applicable
2026-03-30 06:45:57,505 [INFO] Rule:233 - rule Change Default Value for PLL1UserDefinedConfig is applicable
2026-03-30 06:45:57,505 [INFO] Rule:233 - rule Change GPIO_PuPd Default Value for USART in async mode is applicable
2026-03-30 06:45:57,505 [INFO] Rule:233 - rule Change SMPSDivider Default Value is applicable
2026-03-30 06:45:57,505 [INFO] Rule:233 - rule OPAMP is applicable
2026-03-30 06:45:57,505 [INFO] Rule:233 - rule LPUART IPParameter rename Prescaler parameter to ClockPrescaler for STM32H7 is applicable
2026-03-30 06:45:57,505 [INFO] Rule:233 - rule LPUART IPParameter rename Prescaler parameter to ClockPrescaler for STM32H7 is applicable
2026-03-30 06:45:57,505 [INFO] Rule:233 - rule LPUART IPParameter rename Prescaler parameter to ClockPrescaler for STM32WB is applicable
2026-03-30 06:45:57,505 [INFO] Rule:233 - rule LPUART IPParameter rename Prescaler parameter to ClockPrescaler for STM32WB is applicable
2026-03-30 06:45:57,505 [INFO] Rule:233 - rule LPUART IPParameter rename Prescaler parameter to ClockPrescaler for STM32G4 is applicable
2026-03-30 06:45:57,505 [INFO] Rule:233 - rule LPUART IPParameter rename Prescaler parameter to ClockPrescaler for STM32G4 is applicable
2026-03-30 06:45:57,505 [INFO] Rule:233 - rule LPUART IPParameter rename Prescaler parameter to ClockPrescaler for STM32L5 is applicable
2026-03-30 06:45:57,505 [INFO] Rule:233 - rule LPUART IPParameter rename Prescaler parameter to ClockPrescaler for STM32L5 is applicable
2026-03-30 06:45:57,505 [INFO] Rule:233 - rule LPUART IPParameter rename Prescaler parameter to ClockPrescaler for STM32G4 is applicable
2026-03-30 06:45:57,505 [INFO] Rule:233 - rule LPUART IPParameter rename Prescaler parameter to ClockPrescaler for STM32G4 is applicable
2026-03-30 06:45:57,505 [INFO] Rule:233 - rule USB device lib V2.5.3 for L0 rename USBD_SUPPORT_USER_STRING parameter to USBD_SUPPORT_USER_STRING_DESC4 is applicable
2026-03-30 06:45:57,505 [INFO] Rule:233 - rule I2SCLockSelection clock entry align is applicable
2026-03-30 06:45:57,505 [INFO] Rule:233 - rule Assign TIMx context if used as SYS timebase is applicable
2026-03-30 06:45:57,505 [INFO] Rule:233 - rule Change GPIO_Pu Default Value for I2C is applicable
2026-03-30 06:45:57,505 [INFO] Rule:233 - rule Change GPIO_Pu Default Value for SMBus is applicable
2026-03-30 06:45:57,505 [INFO] Rule:233 - rule change FDCAN default value is applicable
2026-03-30 06:45:57,505 [INFO] Rule:233 - rule Change mode sai is applicable
2026-03-30 06:45:57,505 [INFO] Rule:233 - rule **Change sai mode is applicable
2026-03-30 06:45:57,505 [INFO] Rule:233 - rule Rename STM32WPAN CFG_BLE_IRK to CFG_BLE_IR is applicable
2026-03-30 06:45:57,505 [INFO] Rule:233 - rule Rename STM32WPAN CFG_BLE_ERK to CFG_BLE_ER is applicable
2026-03-30 06:45:57,505 [INFO] Rule:233 - rule Rename STM32WPAN CFG_BLE_IRK_HEX to CFG_BLE_IR_HEX is applicable
2026-03-30 06:45:57,505 [INFO] Rule:233 - rule Rename STM32WPAN CFG_BLE_ERK_HEX to CFG_BLE_ER_HEX is applicable
2026-03-30 06:45:57,505 [INFO] Rule:233 - rule Adapt Old IOC before rework replace old CORTEX_M33/CORTEX_M55 attributes by the new one. is applicable
2026-03-30 06:45:57,505 [INFO] Rule:233 - rule Rename parametre of RCC RCC_APBDBG_DIV2 to RCC_TIMPRES_DIV2 is applicable
2026-03-30 06:45:57,506 [INFO] Rule:233 - rule Rename DIE493 pin PA10 [PA12] -> PA10 is applicable
2026-03-30 06:45:57,506 [INFO] Rule:233 - rule Rename DIE493 pin PA9 [PA11] -> PA9 is applicable
2026-03-30 06:45:57,506 [INFO] Rule:233 - rule Rename DIE492 PartNumber CPN STM32WBA5MJGHx -> STM32WBA5MMGHx is applicable
2026-03-30 06:45:57,506 [INFO] Rule:233 - rule Rename DIE492 PartNumber  Name STM32WBA5MJGHx -> STM32WBA5MMGHx is applicable
2026-03-30 06:45:57,506 [INFO] Rule:233 - rule Rename DIE492 PartNumber UserName STM32WBA5MJGHx -> STM32WBA5MMGHx is applicable
2026-03-30 06:45:57,506 [INFO] Rule:233 - rule Rename DIE492 PartNumber DeviceId STM32WBA5MJGHx -> STM32WBA5MMGHx is applicable
2026-03-30 06:45:57,506 [INFO] Rule:233 - rule Adapt Old IOC CSI. is applicable
2026-03-30 06:45:57,506 [INFO] Rule:233 - rule Adapt Old IOC DCMIPP. is applicable
2026-03-30 06:45:57,506 [INFO] Rule:233 - rule Adapt Old IOC DCMIPP Mode Parallel. is applicable
2026-03-30 06:45:57,506 [INFO] Rule:233 - rule Adapt Old IOC LTDC. is applicable
2026-03-30 06:45:57,506 [INFO] Rule:233 - rule Rename STM32MP2 RIF Peripheral LTDC RIF.RISUP.LTDC_L0L1.Privilege -> RIF.RISUP.LTDC_L1L2.Privilege is applicable
2026-03-30 06:45:57,506 [INFO] Rule:233 - rule Rename STM32MP2 RIF Peripheral LTDC RIF.RISUP.LTDC_L0L1.Privilege -> RIF.RISUP.LTDC_L1L2.Privilege is applicable
2026-03-30 06:45:57,506 [INFO] Rule:233 - rule Rename STM32MP2 RIF Peripheral LTDC RIF.RISUP.LTDC_L0L1.Lock -> RIF.RISUP.LTDC_L1L2.Lock is applicable
2026-03-30 06:45:57,506 [INFO] Rule:233 - rule Rename STM32MP2 RIF Peripheral LTDC RIF.RISUP.LTDC_L2.Lock -> RIF.RISUP.LTDC_L3.Lock is applicable
2026-03-30 06:45:57,506 [INFO] Rule:233 - rule Adapt the old IOC example for updating the SYS when it is misconfigured. is applicable
2026-03-30 06:45:57,506 [INFO] Rule:233 - rule Rename STM32C09 Mcu.Package LQFP64 -> LQFP48 is applicable
2026-03-30 06:45:57,506 [INFO] Rule:233 - rule Adapt the old IOC example for updating the SYS when it is misconfigured. is applicable
2026-03-30 06:45:57,506 [INFO] Rule:233 - rule Adapt the old IOC example for updating the SYS when it is misconfigured. is applicable
2026-03-30 06:45:57,521 [INFO] DbConfProperties:307 - Apply Compatibility (38/250 Rules)
2026-03-30 06:45:57,539 [INFO] ImportTextPane:234 - (OptionalMessage_ERROR) Unable to find key (Mcu.ThirdPartyNb) in loaded IOC file
2026-03-30 06:45:57,542 [INFO] ImportTextPane:234 - (OptionalMessage_ERROR) Pin34 (VP_RIF_VS_RIF1) cannot be retrieved for this MCU
2026-03-30 06:45:57,586 [INFO] RtosManager:558 - Registered RTOS mode: class=CMSIS, group=RTOS, mode=CMSIS_V1, owner=FREERTOS
2026-03-30 06:45:57,586 [INFO] RtosManager:558 - Registered RTOS mode: class=CMSIS, group=RTOS2, mode=CMSIS_V2, owner=FREERTOS
2026-03-30 06:45:57,586 [INFO] RtosManager:558 - Registered RTOS mode: class=RTOS, group=Core, mode=CMSIS_V1, owner=FREERTOS
2026-03-30 06:45:57,586 [INFO] RtosManager:558 - Registered RTOS mode: class=RTOS, group=Core, mode=CMSIS_V2, owner=FREERTOS
2026-03-30 06:45:57,586 [WARN] ModelIntegratedComponent:184 - Missing modes for component STMicroelectronics:FreeRTOS:0.0.1:STMicroelectronics:RTOS:FreeRTOS:Core:::10.2.0:
2026-03-30 06:45:57,606 [WARN] ModelIntegratedComponent:63 - No mode defined for component null
2026-03-30 06:45:57,606 [WARN] ModelIntegratedComponent:63 - No mode defined for component null
2026-03-30 06:45:57,607 [WARN] ModelIntegratedComponent:63 - No mode defined for component null
2026-03-30 06:45:57,607 [WARN] ModelIntegratedComponent:63 - No mode defined for component null
2026-03-30 06:45:57,607 [WARN] ModelIntegratedComponent:63 - No mode defined for component null
2026-03-30 06:45:57,607 [WARN] ModelIntegratedComponent:63 - No mode defined for component null
2026-03-30 06:45:57,607 [WARN] ModelIntegratedComponent:63 - No mode defined for component null
2026-03-30 06:45:57,607 [WARN] ModelIntegratedComponent:63 - No mode defined for component null
2026-03-30 06:45:57,607 [WARN] ModelIntegratedComponent:63 - No mode defined for component null
2026-03-30 06:45:57,607 [WARN] ModelIntegratedComponent:63 - No mode defined for component null
2026-03-30 06:45:57,607 [WARN] ModelIntegratedComponent:63 - No mode defined for component null
2026-03-30 06:45:57,607 [WARN] ModelIntegratedComponent:63 - No mode defined for component null
2026-03-30 06:45:57,607 [WARN] ModelIntegratedComponent:63 - No mode defined for component null
2026-03-30 06:45:57,607 [WARN] ModelIntegratedComponent:63 - No mode defined for component null
2026-03-30 06:45:57,607 [WARN] ModelIntegratedComponent:63 - No mode defined for component null
2026-03-30 06:45:57,607 [WARN] ModelIntegratedComponent:63 - No mode defined for component null
2026-03-30 06:45:57,607 [WARN] ModelIntegratedComponent:63 - No mode defined for component null
2026-03-30 06:45:57,607 [WARN] ModelIntegratedComponent:63 - No mode defined for component null
2026-03-30 06:45:57,607 [WARN] ModelIntegratedComponent:63 - No mode defined for component null
2026-03-30 06:45:57,607 [WARN] ModelIntegratedComponent:63 - No mode defined for component null
2026-03-30 06:45:57,607 [WARN] ModelIntegratedComponent:63 - No mode defined for component null
2026-03-30 06:45:57,607 [WARN] ModelIntegratedComponent:63 - No mode defined for component null
2026-03-30 06:45:57,607 [WARN] ModelIntegratedComponent:63 - No mode defined for component null
2026-03-30 06:45:57,607 [WARN] ModelIntegratedComponent:63 - No mode defined for component null
2026-03-30 06:45:57,607 [WARN] ModelIntegratedComponent:63 - No mode defined for component null
2026-03-30 06:45:57,607 [WARN] ModelIntegratedComponent:63 - No mode defined for component null
2026-03-30 06:45:57,607 [WARN] ModelIntegratedComponent:63 - No mode defined for component null
2026-03-30 06:45:57,607 [WARN] ModelIntegratedComponent:63 - No mode defined for component null
2026-03-30 06:45:57,607 [WARN] ModelIntegratedComponent:63 - No mode defined for component null
2026-03-30 06:45:57,607 [WARN] ModelIntegratedComponent:63 - No mode defined for component null
2026-03-30 06:45:57,607 [WARN] ModelIntegratedComponent:63 - No mode defined for component null
2026-03-30 06:45:57,607 [WARN] ModelIntegratedComponent:63 - No mode defined for component null
2026-03-30 06:45:57,607 [WARN] ModelIntegratedComponent:63 - No mode defined for component null
2026-03-30 06:45:57,607 [WARN] ModelIntegratedComponent:63 - No mode defined for component null
2026-03-30 06:45:57,607 [WARN] ModelIntegratedComponent:63 - No mode defined for component null
2026-03-30 06:45:57,607 [WARN] ModelPack:524 - Component already loaded: STMicroelectronics:HAL Drivers:0.0.0:STMicroelectronics:Device:STMicro_Driver:XSPI:HAL::0.0.1:HAL_XSPI
2026-03-30 06:45:57,767 [INFO] ThirdPartyModel:298 - Start build external matchings
2026-03-30 06:45:58,597 [INFO] ThirdPartyModel:316 - End build external matchings
2026-03-30 06:45:58,765 [INFO] UtilMem:75 - End LoadConfig() Used Memory: 797814576 Bytes (1073741824)
2026-03-30 06:45:58,908 [WARN] ThirdParty:833 - waiting for thirdparty lock release [change project]
2026-03-30 06:45:58,908 [INFO] ThirdParty:835 - entering critical section [change project]
2026-03-30 06:45:58,908 [INFO] ThirdParty:1030 - CMSIS Pack Vendor :STMicroelectronics X-CUBE-PM33A1 1.0.0
2026-03-30 06:45:58,909 [INFO] ThirdParty:1030 - CMSIS Pack Vendor :STMicroelectronics USBPD 4.1
2026-03-30 06:45:58,909 [INFO] ThirdParty:1030 - CMSIS Pack Vendor :STMicroelectronics USB_HOST 2.0.0
2026-03-30 06:45:58,909 [INFO] ThirdParty:1030 - CMSIS Pack Vendor :STMicroelectronics FP-SNS-MOTENVWB1 1.4.0
2026-03-30 06:45:58,909 [INFO] ThirdParty:1030 - CMSIS Pack Vendor :STMicroelectronics X-CUBE-AZRTOS-F4 1.1.0
2026-03-30 06:45:58,909 [INFO] ThirdParty:1030 - CMSIS Pack Vendor :STMicroelectronics LIBJPEG 8.0.0
2026-03-30 06:45:58,909 [INFO] ThirdParty:1030 - CMSIS Pack Vendor :STMicroelectronics FP-ATR-ASTRA1 2.0.2
2026-03-30 06:45:58,909 [INFO] ThirdParty:1030 - CMSIS Pack Vendor :Avnet-IotConnect X-CUBE-IoTC-DA16k-PMOD 1.0.0
2026-03-30 06:45:58,909 [INFO] ThirdParty:1030 - CMSIS Pack Vendor :STMicroelectronics X-CUBE-SMBUS 2.1.0
2026-03-30 06:45:58,909 [INFO] ThirdParty:1030 - CMSIS Pack Vendor :STMicroelectronics X-CUBE-ISPU 2.1.0
2026-03-30 06:45:58,909 [INFO] ThirdParty:1030 - CMSIS Pack Vendor :STMicroelectronics X-CUBE-IPS 3.2.0
2026-03-30 06:45:58,909 [INFO] ThirdParty:1030 - CMSIS Pack Vendor :STMicroelectronics X-CUBE-ST60 1.0.0
2026-03-30 06:45:58,909 [INFO] ThirdParty:1030 - CMSIS Pack Vendor :STMicroelectronics X-CUBE-NFC12 1.0.0
2026-03-30 06:45:58,909 [INFO] ThirdParty:1030 - CMSIS Pack Vendor :STMicroelectronics X-CUBE-AZRTOS-F7 1.1.0
2026-03-30 06:45:58,909 [INFO] ThirdParty:1030 - CMSIS Pack Vendor :STMicroelectronics X-CUBE-AZRTOS-L5 2.0.0
2026-03-30 06:45:58,909 [INFO] ThirdParty:1030 - CMSIS Pack Vendor :STMicroelectronics USB_DEVICE 2.0.0
2026-03-30 06:45:58,909 [INFO] ThirdParty:1030 - CMSIS Pack Vendor :STMicroelectronics X-CUBE-NFC6 3.1.0
2026-03-30 06:45:58,909 [INFO] ThirdParty:1030 - CMSIS Pack Vendor :STMicroelectronics FP-SNS-MOTENV1 5.1.0
2026-03-30 06:45:58,909 [INFO] ThirdParty:1030 - CMSIS Pack Vendor :STMicroelectronics FreeRTOS 0.0.1
2026-03-30 06:45:58,909 [INFO] ThirdParty:1030 - CMSIS Pack Vendor :Infineon AIROC-Wi-Fi-Bluetooth-STM32 1.7.1
2026-03-30 06:45:58,909 [INFO] ThirdParty:1030 - CMSIS Pack Vendor :STMicroelectronics PDM2PCM 3.3.0
2026-03-30 06:45:58,909 [INFO] ThirdParty:1030 - CMSIS Pack Vendor :STMicroelectronics X-CUBE-AZRTOS-H7 3.4.0
2026-03-30 06:45:58,909 [INFO] ThirdParty:1030 - CMSIS Pack Vendor :STMicroelectronics X-CUBE-DISPLAY 3.0.0
2026-03-30 06:45:58,909 [INFO] ThirdParty:1030 - CMSIS Pack Vendor :STMicroelectronics FP-SNS-MOTENVWB1 1.5.0
2026-03-30 06:45:58,909 [INFO] ThirdParty:1030 - CMSIS Pack Vendor :STMicroelectronics X-CUBE-NFC10 1.0.0
2026-03-30 06:45:58,909 [INFO] ThirdParty:1030 - CMSIS Pack Vendor :STMicroelectronics X-CUBE-BLEMGR 4.0.0
2026-03-30 06:45:58,909 [INFO] ThirdParty:1030 - CMSIS Pack Vendor :STMicroelectronics X-CUBE-FREERTOS 1.3.1
2026-03-30 06:45:58,909 [INFO] ThirdParty:1030 - CMSIS Pack Vendor :STMicroelectronics HAL Drivers 0.0.0
2026-03-30 06:45:58,909 [INFO] ThirdParty:1030 - CMSIS Pack Vendor :STMicroelectronics X-CUBE-ST60 1.1.0
2026-03-30 06:45:58,909 [INFO] ThirdParty:1030 - CMSIS Pack Vendor :emotas I-CUBE-CANOPEN 1.3.0
2026-03-30 06:45:58,909 [INFO] ThirdParty:1030 - CMSIS Pack Vendor :STMicroelectronics MBEDTLS 2.14.1
2026-03-30 06:45:58,909 [INFO] ThirdParty:1030 - CMSIS Pack Vendor :STMicroelectronics X-CUBE-GNSS1 7.1.0
2026-03-30 06:45:58,909 [INFO] ThirdParty:1030 - CMSIS Pack Vendor :STMicroelectronics X-CUBE-TOUCHGFX 4.26.0
2026-03-30 06:45:58,909 [INFO] ThirdParty:1030 - CMSIS Pack Vendor :quantropi X-CUBE-qispace-sdk-base 2.0.0
2026-03-30 06:45:58,909 [INFO] ThirdParty:1030 - CMSIS Pack Vendor :STMicroelectronics FP-SNS-STBOX1 2.1.0
2026-03-30 06:45:58,909 [INFO] ThirdParty:1030 - CMSIS Pack Vendor :STMicroelectronics FP-SNS-STAIOTCFT 1.0.0
2026-03-30 06:45:58,909 [INFO] ThirdParty:1030 - CMSIS Pack Vendor :STMicroelectronics FP-SNS-SMARTAG2 1.2.0
2026-03-30 06:45:58,910 [INFO] ThirdParty:1030 - CMSIS Pack Vendor :STMicroelectronics FP-SNS-FLIGHT1 5.1.0
2026-03-30 06:45:58,910 [INFO] ThirdParty:1030 - CMSIS Pack Vendor :STMicroelectronics X-CUBE-AZRTOS-WL 2.0.0
2026-03-30 06:45:58,910 [INFO] ThirdParty:1030 - CMSIS Pack Vendor :STMicroelectronics X-CUBE-DPower 1.3.0
2026-03-30 06:45:58,910 [INFO] ThirdParty:1030 - CMSIS Pack Vendor :STMicroelectronics FP-SNS-MOTENV1 5.0.0
2026-03-30 06:45:58,910 [INFO] ThirdParty:1030 - CMSIS Pack Vendor :STMicroelectronics USB_DEVICE 1.0.0
2026-03-30 06:45:58,910 [INFO] ThirdParty:1030 - CMSIS Pack Vendor :STMicroelectronics X-CUBE-AZRTOS-H7RS 1.2.0
2026-03-30 06:45:58,910 [INFO] ThirdParty:1030 - CMSIS Pack Vendor :STMicroelectronics X-CUBE-AZRTOS-L4 2.0.0
2026-03-30 06:45:58,910 [INFO] ThirdParty:1030 - CMSIS Pack Vendor :STMicroelectronics ThreadX 0.0.2
2026-03-30 06:45:58,910 [INFO] ThirdParty:1030 - CMSIS Pack Vendor :WES I-CUBE-Cesium 1.3.0
2026-03-30 06:45:58,910 [INFO] ThirdParty:1030 - CMSIS Pack Vendor :STMicroelectronics lwIP 2.1.2
2026-03-30 06:45:58,910 [INFO] ThirdParty:1030 - CMSIS Pack Vendor :STMicroelectronics X-CUBE-SFXS2LP1 4.0.0
2026-03-30 06:45:58,910 [INFO] ThirdParty:1030 - CMSIS Pack Vendor :STMicroelectronics X-CUBE-BLE2 3.3.0
2026-03-30 06:45:58,910 [INFO] ThirdParty:1030 - CMSIS Pack Vendor :Avnet-IOTCONNECT X-CUBE-iotc-st67-sdk 1.0.0
2026-03-30 06:45:58,910 [INFO] ThirdParty:1030 - CMSIS Pack Vendor :STMicroelectronics PDM2PCM 3.2.0
2026-03-30 06:45:58,910 [INFO] ThirdParty:1030 - CMSIS Pack Vendor :STMicroelectronics X-CUBE-ST67W61 1.2.0
2026-03-30 06:45:58,910 [INFO] ThirdParty:1030 - CMSIS Pack Vendor :STMicroelectronics X-CUBE-NFC9 1.0.0
2026-03-30 06:45:58,910 [INFO] ThirdParty:1030 - CMSIS Pack Vendor :wolfSSL I-CUBE-wolfSSL 5.8.0
2026-03-30 06:45:58,910 [INFO] ThirdParty:1030 - CMSIS Pack Vendor :STMicroelectronics X-CUBE-BLE1 7.1.0
2026-03-30 06:45:58,910 [INFO] ThirdParty:1030 - CMSIS Pack Vendor :wolfSSL I-CUBE-wolfMQTT 1.19.2
2026-03-30 06:45:58,910 [INFO] ThirdParty:1030 - CMSIS Pack Vendor :STMicroelectronics USB_DEVICE 3.0.0
2026-03-30 06:45:58,910 [INFO] ThirdParty:1030 - CMSIS Pack Vendor :STMicroelectronics X-CUBE-FREERTOS 1.4.0
2026-03-30 06:45:58,910 [INFO] ThirdParty:1030 - CMSIS Pack Vendor :STMicroelectronics X-CUBE-EEPRMA1 5.2.0
2026-03-30 06:45:58,910 [INFO] ThirdParty:1030 - CMSIS Pack Vendor :STMicroelectronics X-CUBE-BLEMGR 4.1.0
2026-03-30 06:45:58,910 [INFO] ThirdParty:1030 - CMSIS Pack Vendor :STMicroelectronics X-CUBE-AZRTOS-WB 2.0.0
2026-03-30 06:45:58,910 [INFO] ThirdParty:1030 - CMSIS Pack Vendor :STMicroelectronics X-CUBE-GNSS1 7.0.1
2026-03-30 06:45:58,910 [INFO] ThirdParty:1030 - CMSIS Pack Vendor :STMicroelectronics X-CUBE-TOUCHGFX 4.25.0
2026-03-30 06:45:58,910 [INFO] ThirdParty:1030 - CMSIS Pack Vendor :STMicroelectronics X-CUBE-ST67W61 1.1.0
2026-03-30 06:45:58,910 [INFO] ThirdParty:1030 - CMSIS Pack Vendor :STMicroelectronics X-CUBE-AI 10.1.0
2026-03-30 06:45:58,910 [INFO] ThirdParty:1030 - CMSIS Pack Vendor :STMicroelectronics FP-SNS-STBOX1 2.0.0
2026-03-30 06:45:58,910 [INFO] ThirdParty:1030 - CMSIS Pack Vendor :STMicroelectronics X-CUBE-MEMS1 12.0.0
2026-03-30 06:45:58,910 [INFO] ThirdParty:1030 - CMSIS Pack Vendor :STMicroelectronics X-CUBE-STSE01 2.0.0
2026-03-30 06:45:58,910 [INFO] ThirdParty:1030 - CMSIS Pack Vendor :STMicroelectronics X-CUBE-AZRTOS-G0 1.1.0
2026-03-30 06:45:58,910 [INFO] ThirdParty:1030 - CMSIS Pack Vendor :STMicroelectronics X-CUBE-SAFEA1 1.2.2
2026-03-30 06:45:58,910 [INFO] ThirdParty:1030 - CMSIS Pack Vendor :STMicroelectronics X-CUBE-NFC4 3.0.0
2026-03-30 06:45:58,910 [INFO] ThirdParty:1030 - CMSIS Pack Vendor :STMicroelectronics X-CUBE-SUBG2 5.0.0
2026-03-30 06:45:58,910 [INFO] ThirdParty:1030 - CMSIS Pack Vendor :STMicroelectronics X-CUBE-AZRTOS-H7RS 1.1.0
2026-03-30 06:45:58,910 [INFO] ThirdParty:1030 - CMSIS Pack Vendor :STMicroelectronics STM32_WPAN 1.0.0
2026-03-30 06:45:58,910 [INFO] ThirdParty:1030 - CMSIS Pack Vendor :EmbeddedOffice I-CUBE-FS-RTOS 1.0.1
2026-03-30 06:45:58,910 [INFO] ThirdParty:1030 - CMSIS Pack Vendor :STMicroelectronics lwIP 2.0.3
2026-03-30 06:45:58,910 [INFO] ThirdParty:1030 - CMSIS Pack Vendor :Cesanta I-CUBE-Mongoose 7.13.0
2026-03-30 06:45:58,910 [INFO] ThirdParty:1030 - CMSIS Pack Vendor :STMicroelectronics USB_HOST 1.0.0
2026-03-30 06:45:58,910 [INFO] ThirdParty:1030 - CMSIS Pack Vendor :STMicroelectronics X-CUBE-AZRTOS-G4 2.0.0
2026-03-30 06:45:58,910 [INFO] ThirdParty:1030 - CMSIS Pack Vendor :STMicroelectronics X-CUBE-WB05N 2.0.0
2026-03-30 06:45:58,910 [INFO] ThirdParty:1030 - CMSIS Pack Vendor :STMicroelectronics PDM2PCM 3.1.0
2026-03-30 06:45:58,910 [INFO] ThirdParty:1030 - CMSIS Pack Vendor :wolfSSL I-CUBE-wolfTPM 3.8.0
2026-03-30 06:45:58,910 [INFO] ThirdParty:1030 - CMSIS Pack Vendor :wolfSSL I-CUBE-wolfSSH 1.4.20
2026-03-30 06:45:58,910 [INFO] ThirdParty:1030 - CMSIS Pack Vendor :STMicroelectronics X-CUBE-NFC7 2.0.0
2026-03-30 06:45:58,910 [INFO] ThirdParty:1030 - CMSIS Pack Vendor :STMicroelectronics X-CUBE-TCPP 4.2.0
2026-03-30 06:45:58,911 [INFO] ThirdParty:1030 - CMSIS Pack Vendor :RealThread X-CUBE-RT-Thread_Nano 4.1.1
2026-03-30 06:45:58,911 [INFO] ThirdParty:1030 - CMSIS Pack Vendor :STMicroelectronics FP-ATR-SIGFOX1 3.2.0
2026-03-30 06:45:58,911 [INFO] ThirdParty:1030 - CMSIS Pack Vendor :STMicroelectronics X-CUBE-EEPRMA1 5.1.0
2026-03-30 06:45:58,911 [INFO] ThirdParty:1030 - CMSIS Pack Vendor :STMicroelectronics MBEDTLS 2.16.2
2026-03-30 06:45:58,911 [INFO] ThirdParty:1030 - CMSIS Pack Vendor :STMicroelectronics X-CUBE-IPS 3.1.0
2026-03-30 06:45:58,911 [INFO] ThirdParty:1030 - CMSIS Pack Vendor :STMicroelectronics X-CUBE-ALS 1.0.2
2026-03-30 06:45:58,911 [INFO] ThirdParty:1030 - CMSIS Pack Vendor :ITTIA_DB I-CUBE-ITTIADB 8.9.0
2026-03-30 06:45:58,911 [INFO] ThirdParty:1030 - CMSIS Pack Vendor :STMicroelectronics X-CUBE-STSE01 1.0.0
2026-03-30 06:45:58,911 [INFO] ThirdParty:1030 - CMSIS Pack Vendor :portGmbH I-Cube-SoM-uGOAL 1.1.0
2026-03-30 06:45:58,911 [INFO] ThirdParty:1030 - CMSIS Pack Vendor :STMicroelectronics X-CUBE-NFC6 3.2.0
2026-03-30 06:45:58,911 [INFO] ThirdParty:1030 - CMSIS Pack Vendor :STMicroelectronics X-CUBE-ST67W61 1.0.0
2026-03-30 06:45:58,911 [INFO] ThirdParty:1030 - CMSIS Pack Vendor :STMicroelectronics X-CUBE-AI 10.2.0
2026-03-30 06:45:58,911 [INFO] ThirdParty:1030 - CMSIS Pack Vendor :STMicroelectronics ThreadX 1.0.0
2026-03-30 06:45:58,911 [INFO] ThirdParty:1030 - CMSIS Pack Vendor :SEGGER I-CUBE-embOS 1.3.1
2026-03-30 06:45:58,911 [INFO] ThirdParty:1030 - CMSIS Pack Vendor :STMicroelectronics X-CUBE-ALGOBUILD 1.4.0
2026-03-30 06:45:58,911 [INFO] ThirdParty:1030 - CMSIS Pack Vendor :STMicroelectronics X-CUBE-MEMS1 11.3.0
2026-03-30 06:45:58,911 [INFO] ThirdParty:1030 - CMSIS Pack Vendor :STMicroelectronics X-CUBE-TOF1 3.4.3
2026-03-30 06:45:58,911 [INFO] ThirdParty:841 - exiting critical section [change project]
2026-03-30 06:45:59,090 [INFO] PinOutPanel:1589 - setPackage(No Configuration,No Configuration)
2026-03-30 06:45:59,092 [INFO] PinOutPanel:1589 - setPackage(STM32F407VGTx,LQFP100)
2026-03-30 06:45:59,296 [INFO] UtilMem:75 - Before build in PCC Used Memory: 961261400 Bytes (1073741824)
2026-03-30 06:45:59,485 [INFO] UtilMem:75 - After build in PCC Used Memory: 631770376 Bytes (1073741824)
2026-03-30 06:45:59,513 [INFO] IPUIPlugin:80 - create IPUIPlugin
2026-03-30 06:45:59,514 [INFO] IPUIPlugin:80 - create IPUIPlugin
2026-03-30 06:45:59,514 [INFO] IPUIPlugin:80 - create IPUIPlugin
2026-03-30 06:45:59,514 [INFO] IPUIPlugin:80 - create IPUIPlugin
2026-03-30 06:45:59,514 [INFO] IPUIPlugin:80 - create IPUIPlugin
2026-03-30 06:45:59,514 [INFO] IPUIPlugin:80 - create IPUIPlugin
2026-03-30 06:45:59,514 [INFO] IPUIPlugin:80 - create IPUIPlugin
2026-03-30 06:45:59,514 [INFO] IPUIPlugin:80 - create IPUIPlugin
2026-03-30 06:45:59,514 [INFO] IPUIPlugin:80 - create IPUIPlugin
2026-03-30 06:45:59,515 [INFO] IPUIPlugin:80 - create IPUIPlugin
2026-03-30 06:45:59,515 [INFO] IPUIPlugin:80 - create IPUIPlugin
2026-03-30 06:45:59,515 [INFO] IPUIPlugin:80 - create IPUIPlugin
2026-03-30 06:45:59,515 [INFO] IPUIPlugin:80 - create IPUIPlugin
2026-03-30 06:45:59,515 [INFO] IPUIPlugin:80 - create IPUIPlugin
2026-03-30 06:45:59,515 [INFO] IPUIPlugin:80 - create IPUIPlugin
2026-03-30 06:45:59,515 [INFO] IPUIPlugin:80 - create IPUIPlugin
2026-03-30 06:45:59,515 [INFO] IPUIPlugin:80 - create IPUIPlugin
2026-03-30 06:45:59,516 [INFO] IPUIPlugin:80 - create IPUIPlugin
2026-03-30 06:45:59,516 [INFO] IPUIPlugin:80 - create IPUIPlugin
2026-03-30 06:45:59,516 [INFO] IPUIPlugin:80 - create IPUIPlugin
2026-03-30 06:45:59,516 [INFO] IPUIPlugin:80 - create IPUIPlugin
2026-03-30 06:45:59,516 [INFO] IPUIPlugin:80 - create IPUIPlugin
2026-03-30 06:45:59,517 [INFO] IPUIPlugin:80 - create IPUIPlugin
2026-03-30 06:45:59,517 [INFO] IPUIPlugin:80 - create IPUIPlugin
2026-03-30 06:45:59,517 [INFO] IPUIPlugin:80 - create IPUIPlugin
2026-03-30 06:45:59,517 [INFO] IPUIPlugin:80 - create IPUIPlugin
2026-03-30 06:45:59,517 [INFO] IPUIPlugin:80 - create IPUIPlugin
2026-03-30 06:45:59,517 [INFO] IPUIPlugin:80 - create IPUIPlugin
2026-03-30 06:45:59,518 [INFO] IPUIPlugin:80 - create IPUIPlugin
2026-03-30 06:45:59,518 [INFO] IPUIPlugin:80 - create IPUIPlugin
2026-03-30 06:45:59,518 [INFO] IPUIPlugin:80 - create IPUIPlugin
2026-03-30 06:45:59,518 [INFO] IPUIPlugin:80 - create IPUIPlugin
2026-03-30 06:45:59,518 [INFO] IPUIPlugin:80 - create IPUIPlugin
2026-03-30 06:45:59,519 [INFO] IPUIPlugin:80 - create IPUIPlugin
2026-03-30 06:45:59,519 [INFO] IPUIPlugin:80 - create IPUIPlugin
2026-03-30 06:45:59,519 [INFO] IPUIPlugin:80 - create IPUIPlugin
2026-03-30 06:45:59,519 [INFO] IPUIPlugin:80 - create IPUIPlugin
2026-03-30 06:45:59,520 [INFO] IPUIPlugin:80 - create IPUIPlugin
2026-03-30 06:45:59,520 [INFO] IPUIPlugin:80 - create IPUIPlugin
2026-03-30 06:45:59,520 [INFO] IPUIPlugin:80 - create IPUIPlugin
2026-03-30 06:45:59,521 [INFO] IPUIPlugin:80 - create IPUIPlugin
2026-03-30 06:45:59,521 [INFO] IPUIPlugin:80 - create IPUIPlugin
2026-03-30 06:45:59,521 [INFO] IPUIPlugin:80 - create IPUIPlugin
2026-03-30 06:45:59,521 [INFO] IPUIPlugin:80 - create IPUIPlugin
2026-03-30 06:45:59,522 [INFO] IPUIPlugin:80 - create IPUIPlugin
2026-03-30 06:45:59,522 [INFO] IPUIPlugin:80 - create IPUIPlugin
2026-03-30 06:45:59,522 [INFO] IPUIPlugin:80 - create IPUIPlugin
2026-03-30 06:45:59,522 [INFO] IPUIPlugin:80 - create IPUIPlugin
2026-03-30 06:45:59,523 [INFO] IPUIPlugin:80 - create IPUIPlugin
2026-03-30 06:45:59,523 [INFO] IPUIPlugin:80 - create IPUIPlugin
2026-03-30 06:45:59,523 [INFO] IPUIPlugin:80 - create IPUIPlugin
2026-03-30 06:45:59,523 [INFO] IPUIPlugin:80 - create IPUIPlugin
2026-03-30 06:45:59,524 [INFO] IPUIPlugin:80 - create IPUIPlugin
2026-03-30 06:45:59,524 [INFO] IPUIPlugin:80 - create IPUIPlugin
2026-03-30 06:45:59,524 [INFO] IPUIPlugin:80 - create IPUIPlugin
2026-03-30 06:45:59,525 [INFO] IPUIPlugin:80 - create IPUIPlugin
2026-03-30 06:45:59,525 [INFO] IPUIPlugin:80 - create IPUIPlugin
2026-03-30 06:45:59,526 [INFO] IPUIPlugin:80 - create IPUIPlugin
2026-03-30 06:45:59,530 [INFO] ApiDbMcu:532 - Load IP Config File for PDM2PCM
2026-03-30 06:45:59,558 [INFO] CADModel:165 - CPN selected for project levelSTM32F407VGT6
2026-03-30 06:45:59,558 [INFO] CADModel:114 - Register for checkConnection events
2026-03-30 06:45:59,596 [INFO] OpenFileManager:386 - Restore cursor
2026-03-30 06:45:59,927 [INFO] UtilMem:75 - End SaveConfig() Used Memory: 724969296 Bytes (1073741824)
2026-03-30 06:45:59,996 [INFO] UtilMem:75 - End SaveConfig() Used Memory: 745291872 Bytes (1073741824)
2026-03-30 06:46:00,260 [INFO] BlockDiagram:2775 - set Specific Code input for plugin: SYS
2026-03-30 06:46:00,260 [INFO] BlockDiagram:2775 - set Specific Code input for plugin: RCC
2026-03-30 06:46:00,260 [INFO] BlockDiagram:2775 - set Specific Code input for plugin: NVIC
2026-03-30 06:46:00,260 [INFO] BlockDiagram:2775 - set Specific Code input for plugin: GPIO
2026-03-30 06:46:00,261 [INFO] CodeGenerator:892 - code generatio: config db path: /opt/st/stm32cubeide_1.19.0/plugins/com.st.stm32cube.common.mx_6.15.0.202507011659//db/
2026-03-30 06:46:00,414 [INFO] CodeEngine:265 - oldGeneratedFile, /home/sunbeam/Desktop/workspace/RTOS_workspace/006LED_Task_Notify_Suspended/MXTmpFiles/license.tmp_save
2026-03-30 06:46:00,739 [INFO] CodeEngine:289 - Generated code: /home/sunbeam/Desktop/workspace/RTOS_workspace/006LED_Task_Notify_Suspended/MXTmpFiles/license.tmp
2026-03-30 06:46:00,799 [INFO] CodeEngine:265 - oldGeneratedFile, /home/sunbeam/Desktop/workspace/RTOS_workspace/006LED_Task_Notify_Suspended/MXTmpFiles/gpio.tmp_save
2026-03-30 06:46:00,939 [INFO] CodeEngine:289 - Generated code: /home/sunbeam/Desktop/workspace/RTOS_workspace/006LED_Task_Notify_Suspended/MXTmpFiles/gpio.tmp
2026-03-30 06:46:00,976 [INFO] CodeEngine:265 - oldGeneratedFile, /home/sunbeam/Desktop/workspace/RTOS_workspace/006LED_Task_Notify_Suspended/Core/Src/stm32f4xx_it.c_save
2026-03-30 06:46:01,235 [INFO] CodeEngine:289 - Generated code: /home/sunbeam/Desktop/workspace/RTOS_workspace/006LED_Task_Notify_Suspended/Core/Src/stm32f4xx_it.c
2026-03-30 06:46:01,242 [INFO] CodeEngine:265 - oldGeneratedFile, /home/sunbeam/Desktop/workspace/RTOS_workspace/006LED_Task_Notify_Suspended/Core/Inc/stm32f4xx_it.h_save
2026-03-30 06:46:01,298 [INFO] CodeEngine:289 - Generated code: /home/sunbeam/Desktop/workspace/RTOS_workspace/006LED_Task_Notify_Suspended/Core/Inc/stm32f4xx_it.h
2026-03-30 06:46:01,302 [INFO] CodeEngine:265 - oldGeneratedFile, /home/sunbeam/Desktop/workspace/RTOS_workspace/006LED_Task_Notify_Suspended/Core/Src/stm32f4xx_hal_msp.c_save
2026-03-30 06:46:01,402 [INFO] CodeEngine:289 - Generated code: /home/sunbeam/Desktop/workspace/RTOS_workspace/006LED_Task_Notify_Suspended/Core/Src/stm32f4xx_hal_msp.c
2026-03-30 06:46:01,403 [INFO] CodeEngine:265 - oldGeneratedFile, /home/sunbeam/Desktop/workspace/RTOS_workspace/006LED_Task_Notify_Suspended/MXTmpFiles/system.tmp_save
2026-03-30 06:46:01,462 [INFO] CodeEngine:289 - Generated code: /home/sunbeam/Desktop/workspace/RTOS_workspace/006LED_Task_Notify_Suspended/MXTmpFiles/system.tmp
2026-03-30 06:46:01,465 [INFO] CodeEngine:321 - oldGeneratedFile, /home/sunbeam/Desktop/workspace/RTOS_workspace/006LED_Task_Notify_Suspended/Core/Inc/stm32f4xx_hal_conf.h_save
2026-03-30 06:46:01,529 [INFO] CodeEngine:345 - Generated code: /home/sunbeam/Desktop/workspace/RTOS_workspace/006LED_Task_Notify_Suspended/Core/Inc/stm32f4xx_hal_conf.h
2026-03-30 06:46:01,568 [INFO] ApiDbMcu:532 - Load IP Config File for RCC
2026-03-30 06:46:01,572 [INFO] CodeEngine:265 - oldGeneratedFile, /home/sunbeam/Desktop/workspace/RTOS_workspace/006LED_Task_Notify_Suspended/Core/Inc/main.h_save
2026-03-30 06:46:01,687 [INFO] CodeEngine:289 - Generated code: /home/sunbeam/Desktop/workspace/RTOS_workspace/006LED_Task_Notify_Suspended/Core/Inc/main.h
2026-03-30 06:46:01,688 [INFO] CodeEngine:265 - oldGeneratedFile, /home/sunbeam/Desktop/workspace/RTOS_workspace/006LED_Task_Notify_Suspended/Core/Src/main.c_save
2026-03-30 06:46:01,769 [INFO] CodeEngine:289 - Generated code: /home/sunbeam/Desktop/workspace/RTOS_workspace/006LED_Task_Notify_Suspended/Core/Src/main.c
2026-03-30 06:46:01,975 [INFO] ProjectBuilder:3606 - Time for Copy HAL[1] : 34mS.
2026-03-30 06:46:01,977 [INFO] ProjectBuilder:5216 - Project Generator version: 4.7.0-B52
2026-03-30 06:46:02,048 [INFO] ConfigFileManager:1595 - The Die is : DIE413
2026-03-30 06:46:02,054 [INFO] ApiDbMcu:532 - Load IP Config File for FATFS
2026-03-30 06:46:02,071 [INFO] ApiDbMcu:532 - Load IP Config File for FREERTOS
2026-03-30 06:46:02,075 [INFO] ApiDbMcu:532 - Load IP Config File for LIBJPEG
2026-03-30 06:46:02,117 [INFO] ApiDbMcu:532 - Load IP Config File for LWIP
2026-03-30 06:46:02,142 [INFO] ApiDbMcu:532 - Load IP Config File for MBEDTLS
2026-03-30 06:46:02,164 [INFO] ApiDbMcu:532 - Load IP Config File for USB_DEVICE
2026-03-30 06:46:02,171 [INFO] ApiDbMcu:532 - Load IP Config File for USB_HOST
2026-03-30 06:46:03,487 [INFO] ProjectBuilder:5496 - Time for Generating toolchain IDE Files: 1510mS.
2026-03-30 06:46:03,488 [INFO] ProjectBuilder:3463 - Time for Copy CMSIS : 1mS.
2026-03-30 06:46:03,488 [INFO] ProjectBuilder:3463 - Time for Copy CMSIS : 0mS.
2026-03-30 06:46:04,341 [INFO] McuFinderGlobals:76 - Set McuFinderConnectedMode to true
2026-03-30 06:46:04,344 [INFO] ApiDb:448 - Save user favorites file /home/sunbeam/.stm32cubeide/favorites.mcus.txt: 0 item(s)
2026-03-30 06:46:04,344 [INFO] ApiDb:452 - User favorites MCUs=[]
2026-03-30 06:46:04,345 [INFO] ApiDb:448 - Save user favorites file /home/sunbeam/.stm32cubeide/favorites.boards.txt: 1 item(s)
2026-03-30 06:46:04,345 [INFO] ApiDb:452 - User favorites Boards=[STM32F407G-DISC1]
2026-03-30 06:46:50,922 [INFO] Gpio:278 - dependency for GPIO []
2026-03-30 06:46:56,750 [INFO] NvicIntPanel:101 - NVIC parent = com.st.microxplorer.plugins.ip.nvic.MultiNvicIntPanel[,2,27,973x554,layout=javax.swing.BoxLayout,alignmentX=0.0,alignmentY=0.0,border=,flags=9,maximumSize=,minimumSize=,preferredSize=]
2026-03-30 06:47:00,475 [INFO] Gpio:278 - dependency for GPIO []
2026-03-30 06:47:12,907 [INFO] UtilMem:75 - End SaveConfig() Used Memory: 578579840 Bytes (1073741824)
2026-03-30 06:47:14,658 [INFO] UtilMem:75 - End SaveConfig() Used Memory: 602697088 Bytes (1073741824)
2026-03-30 06:47:17,505 [INFO] UtilMem:75 - End SaveConfig() Used Memory: 633105792 Bytes (1073741824)
2026-03-30 06:47:17,601 [INFO] BlockDiagram:2775 - set Specific Code input for plugin: SYS
2026-03-30 06:47:17,601 [INFO] BlockDiagram:2775 - set Specific Code input for plugin: RCC
2026-03-30 06:47:17,601 [INFO] BlockDiagram:2775 - set Specific Code input for plugin: NVIC
2026-03-30 06:47:17,601 [INFO] BlockDiagram:2775 - set Specific Code input for plugin: GPIO
2026-03-30 06:47:17,602 [INFO] CodeGenerator:892 - code generatio: config db path: /opt/st/stm32cubeide_1.19.0/plugins/com.st.stm32cube.common.mx_6.15.0.202507011659//db/
2026-03-30 06:47:17,665 [INFO] CodeEngine:265 - oldGeneratedFile, /home/sunbeam/Desktop/workspace/RTOS_workspace/006LED_Task_Notify_Suspended/MXTmpFiles/license.tmp_save
2026-03-30 06:47:17,715 [INFO] CodeEngine:289 - Generated code: /home/sunbeam/Desktop/workspace/RTOS_workspace/006LED_Task_Notify_Suspended/MXTmpFiles/license.tmp
2026-03-30 06:47:17,741 [INFO] CodeEngine:265 - oldGeneratedFile, /home/sunbeam/Desktop/workspace/RTOS_workspace/006LED_Task_Notify_Suspended/MXTmpFiles/gpio.tmp_save
2026-03-30 06:47:17,806 [INFO] CodeEngine:289 - Generated code: /home/sunbeam/Desktop/workspace/RTOS_workspace/006LED_Task_Notify_Suspended/MXTmpFiles/gpio.tmp
2026-03-30 06:47:17,832 [INFO] CodeEngine:265 - oldGeneratedFile, /home/sunbeam/Desktop/workspace/RTOS_workspace/006LED_Task_Notify_Suspended/Core/Src/stm32f4xx_it.c_save
2026-03-30 06:47:17,890 [INFO] CodeEngine:289 - Generated code: /home/sunbeam/Desktop/workspace/RTOS_workspace/006LED_Task_Notify_Suspended/Core/Src/stm32f4xx_it.c
2026-03-30 06:47:17,891 [INFO] CodeEngine:265 - oldGeneratedFile, /home/sunbeam/Desktop/workspace/RTOS_workspace/006LED_Task_Notify_Suspended/Core/Inc/stm32f4xx_it.h_save
2026-03-30 06:47:17,948 [INFO] CodeEngine:289 - Generated code: /home/sunbeam/Desktop/workspace/RTOS_workspace/006LED_Task_Notify_Suspended/Core/Inc/stm32f4xx_it.h
2026-03-30 06:47:17,951 [INFO] CodeEngine:265 - oldGeneratedFile, /home/sunbeam/Desktop/workspace/RTOS_workspace/006LED_Task_Notify_Suspended/Core/Src/stm32f4xx_hal_msp.c_save
2026-03-30 06:47:18,038 [INFO] CodeEngine:289 - Generated code: /home/sunbeam/Desktop/workspace/RTOS_workspace/006LED_Task_Notify_Suspended/Core/Src/stm32f4xx_hal_msp.c
2026-03-30 06:47:18,039 [INFO] CodeEngine:265 - oldGeneratedFile, /home/sunbeam/Desktop/workspace/RTOS_workspace/006LED_Task_Notify_Suspended/MXTmpFiles/system.tmp_save
2026-03-30 06:47:18,093 [INFO] CodeEngine:289 - Generated code: /home/sunbeam/Desktop/workspace/RTOS_workspace/006LED_Task_Notify_Suspended/MXTmpFiles/system.tmp
2026-03-30 06:47:18,096 [INFO] CodeEngine:265 - oldGeneratedFile, /home/sunbeam/Desktop/workspace/RTOS_workspace/006LED_Task_Notify_Suspended/Core/Src/stm32f4xx_hal_timebase_tim.c_save
2026-03-30 06:47:18,150 [INFO] CodeEngine:289 - Generated code: /home/sunbeam/Desktop/workspace/RTOS_workspace/006LED_Task_Notify_Suspended/Core/Src/stm32f4xx_hal_timebase_tim.c
2026-03-30 06:47:18,152 [INFO] CodeEngine:321 - oldGeneratedFile, /home/sunbeam/Desktop/workspace/RTOS_workspace/006LED_Task_Notify_Suspended/Core/Inc/stm32f4xx_hal_conf.h_save
2026-03-30 06:47:18,222 [INFO] CodeEngine:345 - Generated code: /home/sunbeam/Desktop/workspace/RTOS_workspace/006LED_Task_Notify_Suspended/Core/Inc/stm32f4xx_hal_conf.h
2026-03-30 06:47:18,241 [INFO] CodeEngine:265 - oldGeneratedFile, /home/sunbeam/Desktop/workspace/RTOS_workspace/006LED_Task_Notify_Suspended/Core/Inc/main.h_save
2026-03-30 06:47:18,299 [INFO] CodeEngine:289 - Generated code: /home/sunbeam/Desktop/workspace/RTOS_workspace/006LED_Task_Notify_Suspended/Core/Inc/main.h
2026-03-30 06:47:18,300 [INFO] CodeEngine:265 - oldGeneratedFile, /home/sunbeam/Desktop/workspace/RTOS_workspace/006LED_Task_Notify_Suspended/Core/Src/main.c_save
2026-03-30 06:47:18,373 [INFO] CodeEngine:289 - Generated code: /home/sunbeam/Desktop/workspace/RTOS_workspace/006LED_Task_Notify_Suspended/Core/Src/main.c
2026-03-30 06:47:18,551 [INFO] ProjectBuilder:3606 - Time for Copy HAL[1] : 20mS.
2026-03-30 06:47:18,552 [INFO] ProjectBuilder:5216 - Project Generator version: 4.7.0-B52
2026-03-30 06:47:18,625 [INFO] ConfigFileManager:1595 - The Die is : DIE413
2026-03-30 06:47:19,120 [INFO] ProjectBuilder:5496 - Time for Generating toolchain IDE Files: 568mS.
2026-03-30 06:47:19,121 [INFO] ProjectBuilder:3463 - Time for Copy CMSIS : 1mS.
2026-03-30 06:47:19,121 [INFO] ProjectBuilder:3463 - Time for Copy CMSIS : 0mS.
2026-03-30 06:49:23,748 [INFO] UtilMem:75 - End SaveConfig() Used Memory: 672475208 Bytes (1073741824)
2026-03-30 06:49:25,528 [INFO] UtilMem:75 - End SaveConfig() Used Memory: 698167368 Bytes (1073741824)
2026-03-30 06:49:27,403 [INFO] UtilMem:75 - End SaveConfig() Used Memory: 853878856 Bytes (1073741824)
2026-03-30 06:49:27,763 [INFO] BlockDiagram:2775 - set Specific Code input for plugin: SYS
2026-03-30 06:49:27,763 [INFO] BlockDiagram:2775 - set Specific Code input for plugin: RCC
2026-03-30 06:49:27,763 [INFO] BlockDiagram:2775 - set Specific Code input for plugin: NVIC
2026-03-30 06:49:27,763 [INFO] BlockDiagram:2775 - set Specific Code input for plugin: GPIO
2026-03-30 06:49:27,764 [INFO] CodeGenerator:892 - code generatio: config db path: /opt/st/stm32cubeide_1.19.0/plugins/com.st.stm32cube.common.mx_6.15.0.202507011659//db/
2026-03-30 06:49:27,827 [INFO] CodeEngine:265 - oldGeneratedFile, /home/sunbeam/Desktop/workspace/RTOS_workspace/006LED_Task_Notify_Suspended/MXTmpFiles/license.tmp_save
2026-03-30 06:49:28,024 [INFO] CodeEngine:289 - Generated code: /home/sunbeam/Desktop/workspace/RTOS_workspace/006LED_Task_Notify_Suspended/MXTmpFiles/license.tmp
2026-03-30 06:49:28,065 [INFO] CodeEngine:265 - oldGeneratedFile, /home/sunbeam/Desktop/workspace/RTOS_workspace/006LED_Task_Notify_Suspended/MXTmpFiles/gpio.tmp_save
2026-03-30 06:49:28,213 [INFO] CodeEngine:289 - Generated code: /home/sunbeam/Desktop/workspace/RTOS_workspace/006LED_Task_Notify_Suspended/MXTmpFiles/gpio.tmp
2026-03-30 06:49:28,241 [INFO] CodeEngine:265 - oldGeneratedFile, /home/sunbeam/Desktop/workspace/RTOS_workspace/006LED_Task_Notify_Suspended/Core/Src/stm32f4xx_it.c_save
2026-03-30 06:49:28,372 [INFO] CodeEngine:289 - Generated code: /home/sunbeam/Desktop/workspace/RTOS_workspace/006LED_Task_Notify_Suspended/Core/Src/stm32f4xx_it.c
2026-03-30 06:49:28,374 [INFO] CodeEngine:265 - oldGeneratedFile, /home/sunbeam/Desktop/workspace/RTOS_workspace/006LED_Task_Notify_Suspended/Core/Inc/stm32f4xx_it.h_save
2026-03-30 06:49:28,523 [INFO] CodeEngine:289 - Generated code: /home/sunbeam/Desktop/workspace/RTOS_workspace/006LED_Task_Notify_Suspended/Core/Inc/stm32f4xx_it.h
2026-03-30 06:49:28,529 [INFO] CodeEngine:265 - oldGeneratedFile, /home/sunbeam/Desktop/workspace/RTOS_workspace/006LED_Task_Notify_Suspended/Core/Src/stm32f4xx_hal_msp.c_save
2026-03-30 06:49:28,654 [INFO] CodeEngine:289 - Generated code: /home/sunbeam/Desktop/workspace/RTOS_workspace/006LED_Task_Notify_Suspended/Core/Src/stm32f4xx_hal_msp.c
2026-03-30 06:49:28,657 [INFO] CodeEngine:265 - oldGeneratedFile, /home/sunbeam/Desktop/workspace/RTOS_workspace/006LED_Task_Notify_Suspended/MXTmpFiles/system.tmp_save
2026-03-30 06:49:28,736 [INFO] CodeEngine:289 - Generated code: /home/sunbeam/Desktop/workspace/RTOS_workspace/006LED_Task_Notify_Suspended/MXTmpFiles/system.tmp
2026-03-30 06:49:28,737 [INFO] CodeEngine:265 - oldGeneratedFile, /home/sunbeam/Desktop/workspace/RTOS_workspace/006LED_Task_Notify_Suspended/Core/Src/stm32f4xx_hal_timebase_tim.c_save
2026-03-30 06:49:28,827 [INFO] CodeEngine:289 - Generated code: /home/sunbeam/Desktop/workspace/RTOS_workspace/006LED_Task_Notify_Suspended/Core/Src/stm32f4xx_hal_timebase_tim.c
2026-03-30 06:49:28,831 [INFO] CodeEngine:321 - oldGeneratedFile, /home/sunbeam/Desktop/workspace/RTOS_workspace/006LED_Task_Notify_Suspended/Core/Inc/stm32f4xx_hal_conf.h_save
2026-03-30 06:49:28,896 [INFO] CodeEngine:345 - Generated code: /home/sunbeam/Desktop/workspace/RTOS_workspace/006LED_Task_Notify_Suspended/Core/Inc/stm32f4xx_hal_conf.h
2026-03-30 06:49:28,917 [INFO] CodeEngine:265 - oldGeneratedFile, /home/sunbeam/Desktop/workspace/RTOS_workspace/006LED_Task_Notify_Suspended/Core/Inc/main.h_save
2026-03-30 06:49:28,984 [INFO] CodeEngine:289 - Generated code: /home/sunbeam/Desktop/workspace/RTOS_workspace/006LED_Task_Notify_Suspended/Core/Inc/main.h
2026-03-30 06:49:28,985 [INFO] CodeEngine:265 - oldGeneratedFile, /home/sunbeam/Desktop/workspace/RTOS_workspace/006LED_Task_Notify_Suspended/Core/Src/main.c_save
2026-03-30 06:49:29,078 [INFO] CodeEngine:289 - Generated code: /home/sunbeam/Desktop/workspace/RTOS_workspace/006LED_Task_Notify_Suspended/Core/Src/main.c
2026-03-30 06:49:29,247 [INFO] ProjectBuilder:3606 - Time for Copy HAL[1] : 15mS.
2026-03-30 06:49:29,248 [INFO] ProjectBuilder:5216 - Project Generator version: 4.7.0-B52
2026-03-30 06:49:29,317 [INFO] ConfigFileManager:1595 - The Die is : DIE413
2026-03-30 06:49:30,071 [INFO] ProjectBuilder:5496 - Time for Generating toolchain IDE Files: 822mS.
2026-03-30 06:49:30,071 [INFO] ProjectBuilder:3463 - Time for Copy CMSIS : 0mS.
2026-03-30 06:49:30,071 [INFO] ProjectBuilder:3463 - Time for Copy CMSIS : 0mS.
2026-03-30 08:19:34,708 [INFO] WebApp:194 - Connection lost
2026-03-30 08:19:40,675 [INFO] WebApp:191 - Connection restablished
2026-03-30 08:27:28,012 [INFO] WebApp:194 - Connection lost
2026-03-30 08:27:28,643 [INFO] WebApp:191 - Connection restablished
2026-03-30 10:25:19,478 [INFO] MainUpdater:2872 - connection check result : 10
2026-03-30 10:25:19,478 [INFO] McuFinderGlobals:76 - Set McuFinderConnectedMode to true
2026-03-30 10:25:20,737 [INFO] ServerAccessManage:452 - Complete download http(s) 200
2026-03-30 10:25:20,737 [INFO] ServerAccessManage:509 - Download File mcusAds.json._tmp_
2026-03-30 10:25:20,841 [INFO] LoadUrlFilesThread:156 - End of LoadUrlFiles Thread
2026-03-30 10:25:21,913 [INFO] ServerAccessManage:452 - Complete download http(s) 200
2026-03-30 10:25:21,914 [INFO] ServerAccessManage:509 - Download File cube-finder-db.zip
2026-03-30 10:25:23,292 [ERROR] ServerAccessManage:740 - User Cancel Download : cube-finder-db.zip.
2026-03-30 10:25:23,393 [INFO] LoadUrlFilesThread:156 - End of LoadUrlFiles Thread
2026-03-30 10:25:23,395 [INFO] ProgressBarDialog:492 - /home/sunbeam/.stmcufinder/plugins/mcufinder/mcu/cube-finder-db.zip.tmp : file deleted.
2026-03-30 10:25:24,306 [INFO] DbMcusAds:53 - JSON generation date=Thu Mar 05 20:02:52 IST 2026 (1772721172890)
2026-03-30 10:25:24,310 [INFO] ApiDb:448 - Save user favorites file /home/sunbeam/.stm32cubeide/favorites.mcus.txt: 0 item(s)
2026-03-30 10:25:24,310 [INFO] ApiDb:452 - User favorites MCUs=[]
2026-03-30 10:25:24,312 [INFO] ApiDb:581 - Connected to CubeFinder SQLite database (/home/sunbeam/.stmcufinder/plugins/mcufinder/mcu/cube-finder-db.db)
2026-03-30 10:25:24,368 [INFO] ApiDb:668 - CubeFinder database Data Model version=2.1
2026-03-30 10:25:24,368 [INFO] ApiDb:669 - CubeFinder database Configuration version=3.0.42
2026-03-30 10:25:24,368 [INFO] ApiDb:670 - CubeFinder database generation date=2026-03-11 (1773229989)
2026-03-30 10:25:24,368 [INFO] ApiDb:671 - CubeFinder database FW Pack versions=[FP-ATR-ASTRA1_V2.0.0, FP-SNS-FLIGHT1_V5.1.0, FP-SNS-MOTENV1_V5.1.0, FP-SNS-MOTENVWB1_V1.5.0, FP-SNS-SMARTAG2_V1.2.0, FP-SNS-STBOX1_V2.1.0, STM32Cube_FW_C0_V1.4.0, STM32Cube_FW_F4_V1.28.3, STM32Cube_FW_F7_V1.17.4, STM32Cube_FW_G0_V1.6.3, STM32Cube_FW_G4_V1.6.2, STM32Cube_FW_H5_V1.6.0, STM32Cube_FW_H7RS_V1.3.0, STM32Cube_FW_H7_V1.13.0, STM32Cube_FW_L0_V1.12.2, STM32Cube_FW_L4_V1.18.2, STM32Cube_FW_L5_V1.6.0, STM32Cube_FW_N6_V1.3.0, STM32Cube_FW_U0_V1.3.0, STM32Cube_FW_U3_V1.3.0, STM32Cube_FW_U5_V1.8.0, STM32Cube_FW_WB0_V1.4.0, STM32Cube_FW_WBA_V1.9.0, STM32Cube_FW_WB_V1.24.0, STM32Cube_FW_WL3_V1.4.0, STM32Cube_FW_WL_V1.5.0, X-CUBE-ALGOBUILD_V1.4.0, X-CUBE-ALS_V1.0.2, X-CUBE-AZRTOS-F4_V1.1.0, X-CUBE-AZRTOS-F7_V1.1.0, X-CUBE-AZRTOS-G0_V1.1.0, X-CUBE-AZRTOS-G4_V2.0.0, X-CUBE-AZRTOS-H7RS_V1.1.0, X-CUBE-AZRTOS-H7_V3.4.0, X-CUBE-AZRTOS-L4_V2.0.0, X-CUBE-AZRTOS-L5_V2.0.0, X-CUBE-AZRTOS-WB_V2.0.0, X-CUBE-AZRTOS-WL_V2.0.0, X-CUBE-BLE1_V7.1.0, X-CUBE-BLE2_V3.3.0, X-CUBE-BLEMGR_V4.1.0, X-CUBE-EEPRMA1_V5.2.0, X-CUBE-FREERTOS_V1.5.0, X-CUBE-GNSS1_V6.0.0, X-CUBE-MEMS1_V12.0.0, X-CUBE-NFC4_V3.0.0, X-CUBE-NFC7_V2.0.0, X-CUBE-SFXS2LP1_V4.0.0, X-CUBE-ST67W61_V1.2.0, X-CUBE-SUBG2_V5.0.0, X-CUBE-TOF1_V3.4.3]
2026-03-30 10:25:27,325 [INFO] ApiDb:240 - Found 880 in-development CPN: [B-G473E-ZEST1S, B-WB1M-WPAN1, B-WBA5M-WPAN, B-WL5M-SUBG1, NUCLEO-C031C6, NUCLEO-C051C8, NUCLEO-C071RB, NUCLEO-C092RC, NUCLEO-H503RB, NUCLEO-H533RE, NUCLEO-H563ZI, NUCLEO-H7S3L8, NUCLEO-N657X0-Q, NUCLEO-U031R8, NUCLEO-U083RC, NUCLEO-U385RG-Q, NUCLEO-U545RE-Q, NUCLEO-U5A5ZJ-Q, NUCLEO-WB05KZ, NUCLEO-WB07CC, NUCLEO-WB09KE, NUCLEO-WBA52CG, NUCLEO-WBA55CG, NUCLEO-WL33CC1, NUCLEO-WL33CC2, STEVAL-PROTEUS1, STEVAL-SMARTAG2, STEVAL-STWINBX1, STM320518-EVAL, STM32C0116-DK, STM32C011D6Y3TR, STM32C011D6Y6TR, STM32C011F4P3, STM32C011F4P6, STM32C011F4U3, STM32C011F4U6TR, STM32C011F6P3, STM32C011F6P6, STM32C011F6U3, STM32C011F6U6TR, STM32C011J4M3, STM32C011J4M6, STM32C011J6M3, STM32C011J6M6, STM32C0316-DK, STM32C031C4T3, STM32C031C4T6, STM32C031C4U3, STM32C031C4U6, STM32C031C6T3, STM32C031C6T6, STM32C031C6U3, STM32C031C6U6, STM32C031F4P3, STM32C031F4P6, STM32C031F6P3, STM32C031F6P6, STM32C031G4U3, STM32C031G4U6, STM32C031G6U3, STM32C031G6U6, STM32C031K4T3, STM32C031K4T6, STM32C031K4U3, STM32C031K4U6, STM32C031K6T3, STM32C031K6T6, STM32C031K6U3, STM32C031K6U6, STM32C051C6T6, STM32C051C6U6, STM32C051C8T6, STM32C051C8U6, STM32C051D8Y6TR, STM32C051F6P6, STM32C051F8P6, STM32C051G6U6, STM32C051G8U6, STM32C051K6T6, STM32C051K6U6, STM32C051K8T6, STM32C071C8T6, STM32C071C8T6N, STM32C071C8U6, STM32C071C8U6N, STM32C071CBT6, STM32C071CBT6N, STM32C071CBU6, STM32C071CBU6N, STM32C071F8P6, STM32C071F8P6N, STM32C071FBP6, STM32C071FBP6N, STM32C071FBY6TR, STM32C071G8U6, STM32C071G8U6N, STM32C071GBU6, STM32C071GBU6N, STM32C071K8T6, STM32C071K8T6N, STM32C071K8U6, STM32C071K8U6N, STM32C071KBT6, STM32C071KBT6N, STM32C071KBU6, STM32C071KBU6N, STM32C071R8T6, STM32C071R8T6N, STM32C071RBI6N, STM32C071RBT6, STM32C071RBT6N, STM32C091CBT6, STM32C091CBU6, STM32C091CCT6, STM32C091CCU6, STM32C091ECY6TR, STM32C091FBP6, STM32C091FCP6, STM32C091GBU6, STM32C091GCU6, STM32C091KBT6, STM32C091KBU6, STM32C091KCT6, STM32C091KCU6, STM32C091RBT6, STM32C091RCI6, STM32C091RCT6, STM32C092CBT6, STM32C092CBU6, STM32C092CCT6, STM32C092CCU6, STM32C092ECY6TR, STM32C092FBP6, STM32C092FCP6, STM32C092GBU6, STM32C092GCU6, STM32C092KBT6, STM32C092KBU6, STM32C092KCT6, STM32C092KCU6, STM32C092RBT6, STM32C092RCI6, STM32C092RCT6, STM32G071K8TXN, STM32G071K8UXN, STM32G081GBU6N, STM32G081KBT6N, STM32G081KBUXN, STM32G0B1CCT6N, STM32G0B1KCT6, STM32G0B1NEY6TR, STM32G0B1RCT6N, STM32G0C1CCT6, STM32G0C1CCT6N, STM32G0C1CCU6N, STM32G0C1CET6N, STM32G0C1CEU6N, STM32G0C1KCT6, STM32G0C1NEY6TR, STM32G0C1RCI6N, STM32G0C1RCT6N, STM32G0C1REI6N, STM32G0C1RET6N, STM32G0C1VCI6, STM32G0C1VEI6, STM32G411C6T3, STM32G411C6T6, STM32G411C6U3, STM32G411C6U6, STM32G411C8T3, STM32G411C8T6, STM32G411C8U3, STM32G411C8U6, STM32G411CBT3, STM32G411CBT6, STM32G411CBU3, STM32G411CBU6, STM32G411K6T3, STM32G411K6T6, STM32G411K6U3, STM32G411K6U6, STM32G411K8T3, STM32G411K8T6, STM32G411K8U3, STM32G411K8U6, STM32G411KBT3, STM32G411KBT6, STM32G411KBU3, STM32G411KBU6, STM32G411M6T3, STM32G411M6T6, STM32G411M8T3, STM32G411M8T6, STM32G411MBT3, STM32G411MBT6, STM32G411R6T3, STM32G411R6T6, STM32G411R8T3, STM32G411R8T6, STM32G411RBT3, STM32G411RBT6, STM32G414CBT3, STM32G414CBT6, STM32G414CBU3, STM32G414CBU6, STM32G414CCT3, STM32G414CCT6, STM32G414CCU3, STM32G414CCU6, STM32G414MBT3, STM32G414MBT6, STM32G414MCT3, STM32G414MCT6, STM32G414RBT3, STM32G414RBT6, STM32G414RCT3, STM32G414RCT6, STM32G414VBT3, STM32G414VBT6, STM32G414VCT3, STM32G414VCT6, STM32G431CBT3Z, STM32G431RBT3Z, STM32G471CCT6, STM32G471CCU6, STM32G471CET3, STM32G471CET6, STM32G471CEU3, STM32G471CEU6, STM32G471MCT6, STM32G471MET3, STM32G471MET6, STM32G471MEY6TR, STM32G471QCT6, STM32G471QET3, STM32G471RCT6, STM32G471RET3, STM32G471RET6, STM32G471VCH6, STM32G471VCI6, STM32G471VCT6, STM32G471VEH3, STM32G471VEH6, STM32G471VEI3, STM32G471VEI6, STM32G471VET3, STM32G471VET6, STM32G473QET3Z, STM32G473RET3Z, STM32G474CCT6, STM32G491RET3Z, STM32H503CBT6, STM32H503CBU6, STM32H503EBY6TR, STM32H503KBU6, STM32H503RBT6, STM32H523CCT6, STM32H523CCU6, STM32H523CET6, STM32H523CEU6, STM32H523HEY6TR, STM32H523RCT6, STM32H523RET6, STM32H523VCI6, STM32H523VCT6, STM32H523VEI6, STM32H523VET6, STM32H523ZCJ6, STM32H523ZCT6, STM32H523ZEJ6, STM32H523ZET6, STM32H533CET6, STM32H533CEU6, STM32H533HEY6TR, STM32H533RET6, STM32H533VEI6, STM32H533VET6, STM32H533ZEJ6, STM32H533ZET6, STM32H562AGI6, STM32H562AII6, STM32H562IGK6, STM32H562IGT6, STM32H562IIK6, STM32H562IIT6, STM32H562RGT6, STM32H562RGV6, STM32H562RIT6, STM32H562RIV6, STM32H562VGT6, STM32H562VIT6, STM32H562ZGT6, STM32H562ZIT6, STM32H563AGI6, STM32H563AII3Q, STM32H563AII6, STM32H563IGK6, STM32H563IGT6, STM32H563IIK3Q, STM32H563IIK6, STM32H563IIT3Q, STM32H563IIT6, STM32H563MIY3QTR, STM32H563RGT6, STM32H563RGV6, STM32H563RIT6, STM32H563RIV6, STM32H563VGT6, STM32H563VIT3Q, STM32H563VIT6, STM32H563ZGT6, STM32H563ZIT3Q, STM32H563ZIT6, STM32H573AII3Q, STM32H573AII6, STM32H573I-DK, STM32H573IIK3Q, STM32H573IIK6, STM32H573IIT3Q, STM32H573IIT6, STM32H573MIY3QTR, STM32H573RIT6, STM32H573RIV6, STM32H573VIT3Q, STM32H573VIT6, STM32H573ZIT3Q, STM32H573ZIT6, STM32H7R3A8I6, STM32H7R3I8K6, STM32H7R3I8T6, STM32H7R3L8H6, STM32H7R3L8H6H, STM32H7R3R8V6, STM32H7R3V8H6, STM32H7R3V8T6, STM32H7R3V8Y6TR, STM32H7R3Z8J6, STM32H7R3Z8T6, STM32H7R7A8I6, STM32H7R7I8K6, STM32H7R7I8T6, STM32H7R7L8H6, STM32H7R7L8H6H, STM32H7R7Z8J6, STM32H7S3A8I6, STM32H7S3I8K6, STM32H7S3I8T6, STM32H7S3L8H6, STM32H7S3L8H6H, STM32H7S3R8V6, STM32H7S3V8H6, STM32H7S3V8T6, STM32H7S3V8Y6TR, STM32H7S3Z8J6, STM32H7S3Z8T6, STM32H7S78-DK, STM32H7S7A8I6, STM32H7S7I8K6, STM32H7S7I8T6, STM32H7S7L8H6, STM32H7S7L8H6H, STM32H7S7Z8J6, STM32L4R5QGI6STR, STM32MP131AAE3, STM32MP131AAF3, STM32MP131AAG3, STM32MP131CAE3, STM32MP131CAF3, STM32MP131CAG3, STM32MP131DAE7, STM32MP131DAF7, STM32MP131DAG7, STM32MP131FAE7, STM32MP131FAF7, STM32MP131FAG7, STM32MP133AAE3, STM32MP133AAF3, STM32MP133AAG3, STM32MP133CAE3, STM32MP133CAF3, STM32MP133CAG3, STM32MP133DAE7, STM32MP133DAF7, STM32MP133DAG7, STM32MP133FAE7, STM32MP133FAF7, STM32MP133FAG7, STM32MP135AAE3, STM32MP135AAF3, STM32MP135AAG3, STM32MP135CAE3, STM32MP135CAF3, STM32MP135CAG3, STM32MP135DAE7, STM32MP135DAF7, STM32MP135DAG7, STM32MP135F-DK, STM32MP135FAE7, STM32MP135FAF7, STM32MP135FAF7T, STM32MP135FAF7U, STM32MP135FAG7, STM32MP211AAL3, STM32MP211AAM3, STM32MP211AAN3, STM32MP211AAO3, STM32MP211CAL3, STM32MP211CAM3, STM32MP211CAN3, STM32MP211CAO3, STM32MP211DAL3, STM32MP211DAM3, STM32MP211DAN3, STM32MP211DAO3, STM32MP211FAL3, STM32MP211FAM3, STM32MP211FAN3, STM32MP211FAO3, STM32MP213AAL3, STM32MP213AAM3, STM32MP213AAN3, STM32MP213AAO3, STM32MP213CAL3, STM32MP213CAM3, STM32MP213CAN3, STM32MP213CAO3, STM32MP213DAL3, STM32MP213DAM3, STM32MP213DAN3, STM32MP213DAO3, STM32MP213FAL3, STM32MP213FAM3, STM32MP213FAN3, STM32MP213FAO3, STM32MP215AAL3, STM32MP215AAM3, STM32MP215AAN3, STM32MP215AAO3, STM32MP215CAL3, STM32MP215CAM3, STM32MP215CAN3, STM32MP215CAO3, STM32MP215DAL3, STM32MP215DAM3, STM32MP215DAN3, STM32MP215DAO3, STM32MP215F-DK, STM32MP215FAL3, STM32MP215FAM3, STM32MP215FAN3, STM32MP215FAO3, STM32MP231AAJ3, STM32MP231AAK3, STM32MP231AAL3, STM32MP231CAJ3, STM32MP231CAK3, STM32MP231CAL3, STM32MP231DAJ3, STM32MP231DAK3, STM32MP231DAL3, STM32MP231FAJ3, STM32MP231FAK3, STM32MP231FAL3, STM32MP233AAJ3, STM32MP233AAK3, STM32MP233AAL3, STM32MP233CAJ3, STM32MP233CAK3, STM32MP233CAL3, STM32MP233DAJ3, STM32MP233DAK3, STM32MP233DAL3, STM32MP233FAJ3, STM32MP233FAK3, STM32MP233FAL3, STM32MP235AAJ3, STM32MP235AAK3, STM32MP235AAL3, STM32MP235CAJ3, STM32MP235CAK3, STM32MP235CAL3, STM32MP235DAJ3, STM32MP235DAK3, STM32MP235DAL3, STM32MP235FAJ3, STM32MP235FAK3, STM32MP235FAL3, STM32MP251AAI3, STM32MP251AAK3, STM32MP251AAL3, STM32MP251CAI3, STM32MP251CAK3, STM32MP251CAL3, STM32MP251DAI3, STM32MP251DAK3, STM32MP251DAL3, STM32MP251FAI3, STM32MP251FAK3, STM32MP251FAL3, STM32MP253AAI3, STM32MP253AAK3, STM32MP253AAL3, STM32MP253CAI3, STM32MP253CAK3, STM32MP253CAL3, STM32MP253DAI3, STM32MP253DAK3, STM32MP253DAL3, STM32MP253FAI3, STM32MP253FAK3, STM32MP253FAL3, STM32MP255AAI3, STM32MP255AAK3, STM32MP255AAL3, STM32MP255CAI3, STM32MP255CAK3, STM32MP255CAL3, STM32MP255DAI3, STM32MP255DAK3, STM32MP255DAL3, STM32MP255FAI3, STM32MP255FAK3, STM32MP255FAL3, STM32MP257AAI3, STM32MP257AAK3, STM32MP257AAL3, STM32MP257CAI3, STM32MP257CAK3, STM32MP257CAL3, STM32MP257DAI3, STM32MP257DAK3, STM32MP257DAL3, STM32MP257F-DK, STM32MP257F-EV1, STM32MP257FAI3, STM32MP257FAK3, STM32MP257FAL3, STM32N645A0H3Q, STM32N645B0H3Q, STM32N645I0H3Q, STM32N645L0H3Q, STM32N645X0H3Q, STM32N645Z0H3Q, STM32N647A0H3Q, STM32N647B0H3Q, STM32N647I0H3Q, STM32N647L0H3Q, STM32N647X0H3Q, STM32N647Z0H3Q, STM32N655A0H3Q, STM32N655B0H3Q, STM32N655I0H3Q, STM32N655L0H3Q, STM32N655X0H3Q, STM32N655Z0H3Q, STM32N6570-DK, STM32N657A0H3Q, STM32N657B0H3Q, STM32N657I0H3Q, STM32N657L0H3Q, STM32N657X0H3Q, STM32N657Z0H3Q, STM32U031C6T6, STM32U031C6U6, STM32U031C8T6, STM32U031C8U6, STM32U031F4P6, STM32U031F6P6, STM32U031F8P6, STM32U031G6Y6TR, STM32U031G8Y6TR, STM32U031K4U6, STM32U031K6U6, STM32U031K8U6, STM32U031R6I6, STM32U031R6T6, STM32U031R8I6, STM32U031R8T6, STM32U073C8T6, STM32U073C8U6, STM32U073CBT6, STM32U073CBU6, STM32U073CCT6, STM32U073CCU6, STM32U073H8Y6TR, STM32U073HBY6TR, STM32U073HCY6TR, STM32U073K8U6, STM32U073KBU6, STM32U073KCU6, STM32U073M8I6, STM32U073M8T6, STM32U073MBI6, STM32U073MBT6, STM32U073MCI6, STM32U073MCT6, STM32U073R8I6, STM32U073R8T6, STM32U073RBI6, STM32U073RBT6, STM32U073RCI6, STM32U073RCT6, STM32U083C-DK, STM32U083CCT6, STM32U083CCU6, STM32U083HCY6TR, STM32U083KCU6, STM32U083MCI6, STM32U083MCT6, STM32U083RCI6, STM32U083RCT6, STM32U375CET6, STM32U375CET6Q, STM32U375CEU6, STM32U375CEU6Q, STM32U375CEY6QTR, STM32U375CGT6, STM32U375CGT6Q, STM32U375CGU6, STM32U375CGU6Q, STM32U375CGY6QTR, STM32U375KEU6, STM32U375KGU6, STM32U375REI6, STM32U375REI6Q, STM32U375RET6, STM32U375RET6Q, STM32U375REY6GTR, STM32U375REY6QTR, STM32U375RGI6, STM32U375RGI6Q, STM32U375RGT6, STM32U375RGT6Q, STM32U375RGY6GTR, STM32U375RGY6QTR, STM32U375VEI6, STM32U375VEI6Q, STM32U375VET6, STM32U375VET6Q, STM32U375VGI6, STM32U375VGI6Q, STM32U375VGT6, STM32U375VGT6Q, STM32U385CGT6, STM32U385CGT6Q, STM32U385CGU6, STM32U385CGU6Q, STM32U385CGY6QTR, STM32U385KGU6, STM32U385RGI6, STM32U385RGI6Q, STM32U385RGT6, STM32U385RGT6Q, STM32U385RGY6GTR, STM32U385RGY6QTR, STM32U385VGI6, STM32U385VGI6Q, STM32U385VGT6, STM32U385VGT6Q, STM32U535CBT6, STM32U535CBT6Q, STM32U535CBU6, STM32U535CBU6Q, STM32U535CCT6, STM32U535CCT6Q, STM32U535CCU6, STM32U535CCU6Q, STM32U535CET6, STM32U535CET6Q, STM32U535CEU6, STM32U535CEU6Q, STM32U535JEY6QTR, STM32U535NCY6QTR, STM32U535NEY6QTR, STM32U535RBI6, STM32U535RBI6Q, STM32U535RBT6, STM32U535RBT6Q, STM32U535RCI6, STM32U535RCI6Q, STM32U535RCT6, STM32U535RCT6Q, STM32U535REI6, STM32U535REI6Q, STM32U535RET6, STM32U535RET6Q, STM32U535VCI6, STM32U535VCI6Q, STM32U535VCT6, STM32U535VCT6Q, STM32U535VEI6, STM32U535VEI6Q, STM32U535VET6, STM32U535VET6Q, STM32U545CET6, STM32U545CET6Q, STM32U545CEU6, STM32U545CEU6Q, STM32U545JEY6QTR, STM32U545NEY6QTR, STM32U545REI6, STM32U545REI6Q, STM32U545RET6, STM32U545RET6Q, STM32U545VEI6, STM32U545VEI6Q, STM32U545VET6, STM32U545VET6Q, STM32U595AIH6, STM32U595AIH6Q, STM32U595AJH6, STM32U595AJH6Q, STM32U595QII6, STM32U595QII6Q, STM32U595QJI6, STM32U595QJI6Q, STM32U595RIT6, STM32U595RIT6Q, STM32U595RJT6, STM32U595RJT6Q, STM32U595VIT6, STM32U595VIT6Q, STM32U595VJT6, STM32U595VJT6Q, STM32U595ZIT6, STM32U595ZIT6Q, STM32U595ZIY6QTR, STM32U595ZJT6, STM32U595ZJT6Q, STM32U595ZJY6QTR, STM32U599BJY6QTR, STM32U599NIH6Q, STM32U599NJH6Q, STM32U599VIT6Q, STM32U599VJT6, STM32U599VJT6Q, STM32U599ZIT6Q, STM32U599ZIY6QTR, STM32U599ZJT6Q, STM32U599ZJY6QTR, STM32U5A5AJH6, STM32U5A5AJH6Q, STM32U5A5QII3Q , STM32U5A5QJI6, STM32U5A5QJI6Q, STM32U5A5RJT6, STM32U5A5RJT6Q, STM32U5A5VJT6, STM32U5A5VJT6Q, STM32U5A5ZJT6, STM32U5A5ZJT6Q, STM32U5A5ZJY6QTR, STM32U5A9BJY6QTR, STM32U5A9J-DK, STM32U5A9NJH6Q, STM32U5A9VJT6Q, STM32U5A9ZJT6Q, STM32U5A9ZJY6QTR, STM32U5F7VIT6, STM32U5F7VIT6Q, STM32U5F7VJT6, STM32U5F7VJT6Q, STM32U5F9BJY6QTR, STM32U5F9NJH6Q, STM32U5F9VIT6Q, STM32U5F9VJT6Q, STM32U5F9ZIJ6QTR, STM32U5F9ZIT6Q, STM32U5F9ZJJ6QTR, STM32U5F9ZJT6Q, STM32U5G7VJT6, STM32U5G7VJT6Q, STM32U5G9BJY6QTR, STM32U5G9J-DK1, STM32U5G9J-DK2, STM32U5G9NJH6Q, STM32U5G9VJT6Q, STM32U5G9ZJJ6QTR, STM32U5G9ZJT6Q, STM32WB05KZV6TR, STM32WB05KZV7TR, STM32WB05TZF6TR, STM32WB05TZF7TR, STM32WB06CCF6TR, STM32WB06CCF7TR, STM32WB06CCV6TR, STM32WB06CCV7TR, STM32WB06KCV6TR, STM32WB06KCV7TR, STM32WB07CCF6TR, STM32WB07CCF7TR, STM32WB07CCV6TR, STM32WB07CCV7TR, STM32WB07KCV6TR, STM32WB07KCV7TR, STM32WB09KEV6TR, STM32WB09KEV7TR, STM32WB09TEF6TR, STM32WB09TEF7TR, STM32WB1MMCH6, STM32WBA50KGU6, STM32WBA50KGU6TR, STM32WBA52CEU6, STM32WBA52CEU6TR, STM32WBA52CEU7, STM32WBA52CEU7TR, STM32WBA52CGU6, STM32WBA52CGU6TR, STM32WBA52CGU6U, STM32WBA52CGU7, STM32WBA52CGU7TR, STM32WBA52KEU6, STM32WBA52KEU6TR, STM32WBA52KGU6, STM32WBA52KGU6TR, STM32WBA54CEU6, STM32WBA54CEU6TR, STM32WBA54CEU7, STM32WBA54CEU7TR, STM32WBA54CGU6, STM32WBA54CGU6TR, STM32WBA54CGU7, STM32WBA54CGU7TR, STM32WBA54KEU6, STM32WBA54KEU6TR, STM32WBA54KEU7, STM32WBA54KEU7TR, STM32WBA54KGU6, STM32WBA54KGU6TR, STM32WBA54KGU7, STM32WBA54KGU7TR, STM32WBA55CEU6, STM32WBA55CEU6TR, STM32WBA55CEU7, STM32WBA55CEU7TR, STM32WBA55CGU6, STM32WBA55CGU6TR, STM32WBA55CGU6U, STM32WBA55CGU7, STM32WBA55CGU7TR, STM32WBA55G-DK1, STM32WBA55HEF6, STM32WBA55HEF7, STM32WBA55HGF6, STM32WBA55HGF7, STM32WBA55UEI6, STM32WBA55UEI6TR, STM32WBA55UEI7, STM32WBA55UEI7TR, STM32WBA55UGI6, STM32WBA55UGI6TR, STM32WBA55UGI7, STM32WBA55UGI7TR, STM32WBA5MMGH6TR, STM32WBA62MGF6, STM32WBA62MIF6, STM32WBA65MGF7, STM32WBA65MIF6, STM32WBA65MIF7, STM32WL30K8V6, STM32WL30KBV6, STM32WL31C8V6, STM32WL31CBV6, STM32WL31K8V6, STM32WL31KBV6, STM32WL33C8V6, STM32WL33C8V6X, STM32WL33CBV6, STM32WL33CBV6X, STM32WL33CCV6, STM32WL33CCV6A, STM32WL33CCV6X, STM32WL33K8V7, STM32WL33K8V7X, STM32WL33KBV7 , STM32WL33KBV7X, STM32WL33KCV7, STM32WL33KCV7X, STM32WL5MOCH6, STM32WL5MOCH6TR]
2026-03-30 10:25:27,330 [INFO] DbMcus:218 - Found 5055 MCUs, 4968 are supported
2026-03-30 10:25:27,330 [INFO] ApiDb:423 - Load user favorites file /home/sunbeam/.stm32cubeide/favorites.mcus.txt: 0 item(s)
2026-03-30 10:25:27,330 [INFO] ApiDb:427 - User favorites MCUs=[]
2026-03-30 10:25:27,330 [INFO] DbMcus:224 - Set 0 / 0 favorites MCUs
2026-03-30 10:25:27,890 [INFO] ApiDb:448 - Save user favorites file /home/sunbeam/.stm32cubeide/favorites.boards.txt: 1 item(s)
2026-03-30 10:25:27,894 [INFO] ApiDb:452 - User favorites Boards=[STM32F407G-DISC1]
2026-03-30 10:25:27,895 [INFO] ApiDb:581 - Connected to CubeFinder SQLite database (/home/sunbeam/.stmcufinder/plugins/mcufinder/mcu/cube-finder-db.db)
2026-03-30 10:25:27,928 [INFO] ApiDb:668 - CubeFinder database Data Model version=2.1
2026-03-30 10:25:27,928 [INFO] ApiDb:669 - CubeFinder database Configuration version=3.0.42
2026-03-30 10:25:27,928 [INFO] ApiDb:670 - CubeFinder database generation date=2026-03-11 (1773229989)
2026-03-30 10:25:27,928 [INFO] ApiDb:671 - CubeFinder database FW Pack versions=[FP-ATR-ASTRA1_V2.0.0, FP-SNS-FLIGHT1_V5.1.0, FP-SNS-MOTENV1_V5.1.0, FP-SNS-MOTENVWB1_V1.5.0, FP-SNS-SMARTAG2_V1.2.0, FP-SNS-STBOX1_V2.1.0, STM32Cube_FW_C0_V1.4.0, STM32Cube_FW_F4_V1.28.3, STM32Cube_FW_F7_V1.17.4, STM32Cube_FW_G0_V1.6.3, STM32Cube_FW_G4_V1.6.2, STM32Cube_FW_H5_V1.6.0, STM32Cube_FW_H7RS_V1.3.0, STM32Cube_FW_H7_V1.13.0, STM32Cube_FW_L0_V1.12.2, STM32Cube_FW_L4_V1.18.2, STM32Cube_FW_L5_V1.6.0, STM32Cube_FW_N6_V1.3.0, STM32Cube_FW_U0_V1.3.0, STM32Cube_FW_U3_V1.3.0, STM32Cube_FW_U5_V1.8.0, STM32Cube_FW_WB0_V1.4.0, STM32Cube_FW_WBA_V1.9.0, STM32Cube_FW_WB_V1.24.0, STM32Cube_FW_WL3_V1.4.0, STM32Cube_FW_WL_V1.5.0, X-CUBE-ALGOBUILD_V1.4.0, X-CUBE-ALS_V1.0.2, X-CUBE-AZRTOS-F4_V1.1.0, X-CUBE-AZRTOS-F7_V1.1.0, X-CUBE-AZRTOS-G0_V1.1.0, X-CUBE-AZRTOS-G4_V2.0.0, X-CUBE-AZRTOS-H7RS_V1.1.0, X-CUBE-AZRTOS-H7_V3.4.0, X-CUBE-AZRTOS-L4_V2.0.0, X-CUBE-AZRTOS-L5_V2.0.0, X-CUBE-AZRTOS-WB_V2.0.0, X-CUBE-AZRTOS-WL_V2.0.0, X-CUBE-BLE1_V7.1.0, X-CUBE-BLE2_V3.3.0, X-CUBE-BLEMGR_V4.1.0, X-CUBE-EEPRMA1_V5.2.0, X-CUBE-FREERTOS_V1.5.0, X-CUBE-GNSS1_V6.0.0, X-CUBE-MEMS1_V12.0.0, X-CUBE-NFC4_V3.0.0, X-CUBE-NFC7_V2.0.0, X-CUBE-SFXS2LP1_V4.0.0, X-CUBE-ST67W61_V1.2.0, X-CUBE-SUBG2_V5.0.0, X-CUBE-TOF1_V3.4.3]
2026-03-30 10:25:27,970 [INFO] DbBoardsSqlite:226 - include board P-NUCLEO-WB55-NUCLEO as a kit item of type 'Nucleo-64'
2026-03-30 10:25:27,970 [INFO] DbBoardsSqlite:226 - include board P-NUCLEO-WB55-USBDONGLE as a kit item of type 'Nucleo USB Dongle'
2026-03-30 10:25:27,971 [INFO] DbBoardsSqlite:226 - include board STEVAL-IDP005V1 as a kit item of type 'Evaluation Board'
2026-03-30 10:25:27,971 [INFO] DbBoardsSqlite:226 - include board STEVAL-IDP005V2 as a kit item of type 'Evaluation Board'
2026-03-30 10:25:28,006 [INFO] ApiDb:240 - Found 880 in-development CPN: [B-G473E-ZEST1S, B-WB1M-WPAN1, B-WBA5M-WPAN, B-WL5M-SUBG1, NUCLEO-C031C6, NUCLEO-C051C8, NUCLEO-C071RB, NUCLEO-C092RC, NUCLEO-H503RB, NUCLEO-H533RE, NUCLEO-H563ZI, NUCLEO-H7S3L8, NUCLEO-N657X0-Q, NUCLEO-U031R8, NUCLEO-U083RC, NUCLEO-U385RG-Q, NUCLEO-U545RE-Q, NUCLEO-U5A5ZJ-Q, NUCLEO-WB05KZ, NUCLEO-WB07CC, NUCLEO-WB09KE, NUCLEO-WBA52CG, NUCLEO-WBA55CG, NUCLEO-WL33CC1, NUCLEO-WL33CC2, STEVAL-PROTEUS1, STEVAL-SMARTAG2, STEVAL-STWINBX1, STM320518-EVAL, STM32C0116-DK, STM32C011D6Y3TR, STM32C011D6Y6TR, STM32C011F4P3, STM32C011F4P6, STM32C011F4U3, STM32C011F4U6TR, STM32C011F6P3, STM32C011F6P6, STM32C011F6U3, STM32C011F6U6TR, STM32C011J4M3, STM32C011J4M6, STM32C011J6M3, STM32C011J6M6, STM32C0316-DK, STM32C031C4T3, STM32C031C4T6, STM32C031C4U3, STM32C031C4U6, STM32C031C6T3, STM32C031C6T6, STM32C031C6U3, STM32C031C6U6, STM32C031F4P3, STM32C031F4P6, STM32C031F6P3, STM32C031F6P6, STM32C031G4U3, STM32C031G4U6, STM32C031G6U3, STM32C031G6U6, STM32C031K4T3, STM32C031K4T6, STM32C031K4U3, STM32C031K4U6, STM32C031K6T3, STM32C031K6T6, STM32C031K6U3, STM32C031K6U6, STM32C051C6T6, STM32C051C6U6, STM32C051C8T6, STM32C051C8U6, STM32C051D8Y6TR, STM32C051F6P6, STM32C051F8P6, STM32C051G6U6, STM32C051G8U6, STM32C051K6T6, STM32C051K6U6, STM32C051K8T6, STM32C071C8T6, STM32C071C8T6N, STM32C071C8U6, STM32C071C8U6N, STM32C071CBT6, STM32C071CBT6N, STM32C071CBU6, STM32C071CBU6N, STM32C071F8P6, STM32C071F8P6N, STM32C071FBP6, STM32C071FBP6N, STM32C071FBY6TR, STM32C071G8U6, STM32C071G8U6N, STM32C071GBU6, STM32C071GBU6N, STM32C071K8T6, STM32C071K8T6N, STM32C071K8U6, STM32C071K8U6N, STM32C071KBT6, STM32C071KBT6N, STM32C071KBU6, STM32C071KBU6N, STM32C071R8T6, STM32C071R8T6N, STM32C071RBI6N, STM32C071RBT6, STM32C071RBT6N, STM32C091CBT6, STM32C091CBU6, STM32C091CCT6, STM32C091CCU6, STM32C091ECY6TR, STM32C091FBP6, STM32C091FCP6, STM32C091GBU6, STM32C091GCU6, STM32C091KBT6, STM32C091KBU6, STM32C091KCT6, STM32C091KCU6, STM32C091RBT6, STM32C091RCI6, STM32C091RCT6, STM32C092CBT6, STM32C092CBU6, STM32C092CCT6, STM32C092CCU6, STM32C092ECY6TR, STM32C092FBP6, STM32C092FCP6, STM32C092GBU6, STM32C092GCU6, STM32C092KBT6, STM32C092KBU6, STM32C092KCT6, STM32C092KCU6, STM32C092RBT6, STM32C092RCI6, STM32C092RCT6, STM32G071K8TXN, STM32G071K8UXN, STM32G081GBU6N, STM32G081KBT6N, STM32G081KBUXN, STM32G0B1CCT6N, STM32G0B1KCT6, STM32G0B1NEY6TR, STM32G0B1RCT6N, STM32G0C1CCT6, STM32G0C1CCT6N, STM32G0C1CCU6N, STM32G0C1CET6N, STM32G0C1CEU6N, STM32G0C1KCT6, STM32G0C1NEY6TR, STM32G0C1RCI6N, STM32G0C1RCT6N, STM32G0C1REI6N, STM32G0C1RET6N, STM32G0C1VCI6, STM32G0C1VEI6, STM32G411C6T3, STM32G411C6T6, STM32G411C6U3, STM32G411C6U6, STM32G411C8T3, STM32G411C8T6, STM32G411C8U3, STM32G411C8U6, STM32G411CBT3, STM32G411CBT6, STM32G411CBU3, STM32G411CBU6, STM32G411K6T3, STM32G411K6T6, STM32G411K6U3, STM32G411K6U6, STM32G411K8T3, STM32G411K8T6, STM32G411K8U3, STM32G411K8U6, STM32G411KBT3, STM32G411KBT6, STM32G411KBU3, STM32G411KBU6, STM32G411M6T3, STM32G411M6T6, STM32G411M8T3, STM32G411M8T6, STM32G411MBT3, STM32G411MBT6, STM32G411R6T3, STM32G411R6T6, STM32G411R8T3, STM32G411R8T6, STM32G411RBT3, STM32G411RBT6, STM32G414CBT3, STM32G414CBT6, STM32G414CBU3, STM32G414CBU6, STM32G414CCT3, STM32G414CCT6, STM32G414CCU3, STM32G414CCU6, STM32G414MBT3, STM32G414MBT6, STM32G414MCT3, STM32G414MCT6, STM32G414RBT3, STM32G414RBT6, STM32G414RCT3, STM32G414RCT6, STM32G414VBT3, STM32G414VBT6, STM32G414VCT3, STM32G414VCT6, STM32G431CBT3Z, STM32G431RBT3Z, STM32G471CCT6, STM32G471CCU6, STM32G471CET3, STM32G471CET6, STM32G471CEU3, STM32G471CEU6, STM32G471MCT6, STM32G471MET3, STM32G471MET6, STM32G471MEY6TR, STM32G471QCT6, STM32G471QET3, STM32G471RCT6, STM32G471RET3, STM32G471RET6, STM32G471VCH6, STM32G471VCI6, STM32G471VCT6, STM32G471VEH3, STM32G471VEH6, STM32G471VEI3, STM32G471VEI6, STM32G471VET3, STM32G471VET6, STM32G473QET3Z, STM32G473RET3Z, STM32G474CCT6, STM32G491RET3Z, STM32H503CBT6, STM32H503CBU6, STM32H503EBY6TR, STM32H503KBU6, STM32H503RBT6, STM32H523CCT6, STM32H523CCU6, STM32H523CET6, STM32H523CEU6, STM32H523HEY6TR, STM32H523RCT6, STM32H523RET6, STM32H523VCI6, STM32H523VCT6, STM32H523VEI6, STM32H523VET6, STM32H523ZCJ6, STM32H523ZCT6, STM32H523ZEJ6, STM32H523ZET6, STM32H533CET6, STM32H533CEU6, STM32H533HEY6TR, STM32H533RET6, STM32H533VEI6, STM32H533VET6, STM32H533ZEJ6, STM32H533ZET6, STM32H562AGI6, STM32H562AII6, STM32H562IGK6, STM32H562IGT6, STM32H562IIK6, STM32H562IIT6, STM32H562RGT6, STM32H562RGV6, STM32H562RIT6, STM32H562RIV6, STM32H562VGT6, STM32H562VIT6, STM32H562ZGT6, STM32H562ZIT6, STM32H563AGI6, STM32H563AII3Q, STM32H563AII6, STM32H563IGK6, STM32H563IGT6, STM32H563IIK3Q, STM32H563IIK6, STM32H563IIT3Q, STM32H563IIT6, STM32H563MIY3QTR, STM32H563RGT6, STM32H563RGV6, STM32H563RIT6, STM32H563RIV6, STM32H563VGT6, STM32H563VIT3Q, STM32H563VIT6, STM32H563ZGT6, STM32H563ZIT3Q, STM32H563ZIT6, STM32H573AII3Q, STM32H573AII6, STM32H573I-DK, STM32H573IIK3Q, STM32H573IIK6, STM32H573IIT3Q, STM32H573IIT6, STM32H573MIY3QTR, STM32H573RIT6, STM32H573RIV6, STM32H573VIT3Q, STM32H573VIT6, STM32H573ZIT3Q, STM32H573ZIT6, STM32H7R3A8I6, STM32H7R3I8K6, STM32H7R3I8T6, STM32H7R3L8H6, STM32H7R3L8H6H, STM32H7R3R8V6, STM32H7R3V8H6, STM32H7R3V8T6, STM32H7R3V8Y6TR, STM32H7R3Z8J6, STM32H7R3Z8T6, STM32H7R7A8I6, STM32H7R7I8K6, STM32H7R7I8T6, STM32H7R7L8H6, STM32H7R7L8H6H, STM32H7R7Z8J6, STM32H7S3A8I6, STM32H7S3I8K6, STM32H7S3I8T6, STM32H7S3L8H6, STM32H7S3L8H6H, STM32H7S3R8V6, STM32H7S3V8H6, STM32H7S3V8T6, STM32H7S3V8Y6TR, STM32H7S3Z8J6, STM32H7S3Z8T6, STM32H7S78-DK, STM32H7S7A8I6, STM32H7S7I8K6, STM32H7S7I8T6, STM32H7S7L8H6, STM32H7S7L8H6H, STM32H7S7Z8J6, STM32L4R5QGI6STR, STM32MP131AAE3, STM32MP131AAF3, STM32MP131AAG3, STM32MP131CAE3, STM32MP131CAF3, STM32MP131CAG3, STM32MP131DAE7, STM32MP131DAF7, STM32MP131DAG7, STM32MP131FAE7, STM32MP131FAF7, STM32MP131FAG7, STM32MP133AAE3, STM32MP133AAF3, STM32MP133AAG3, STM32MP133CAE3, STM32MP133CAF3, STM32MP133CAG3, STM32MP133DAE7, STM32MP133DAF7, STM32MP133DAG7, STM32MP133FAE7, STM32MP133FAF7, STM32MP133FAG7, STM32MP135AAE3, STM32MP135AAF3, STM32MP135AAG3, STM32MP135CAE3, STM32MP135CAF3, STM32MP135CAG3, STM32MP135DAE7, STM32MP135DAF7, STM32MP135DAG7, STM32MP135F-DK, STM32MP135FAE7, STM32MP135FAF7, STM32MP135FAF7T, STM32MP135FAF7U, STM32MP135FAG7, STM32MP211AAL3, STM32MP211AAM3, STM32MP211AAN3, STM32MP211AAO3, STM32MP211CAL3, STM32MP211CAM3, STM32MP211CAN3, STM32MP211CAO3, STM32MP211DAL3, STM32MP211DAM3, STM32MP211DAN3, STM32MP211DAO3, STM32MP211FAL3, STM32MP211FAM3, STM32MP211FAN3, STM32MP211FAO3, STM32MP213AAL3, STM32MP213AAM3, STM32MP213AAN3, STM32MP213AAO3, STM32MP213CAL3, STM32MP213CAM3, STM32MP213CAN3, STM32MP213CAO3, STM32MP213DAL3, STM32MP213DAM3, STM32MP213DAN3, STM32MP213DAO3, STM32MP213FAL3, STM32MP213FAM3, STM32MP213FAN3, STM32MP213FAO3, STM32MP215AAL3, STM32MP215AAM3, STM32MP215AAN3, STM32MP215AAO3, STM32MP215CAL3, STM32MP215CAM3, STM32MP215CAN3, STM32MP215CAO3, STM32MP215DAL3, STM32MP215DAM3, STM32MP215DAN3, STM32MP215DAO3, STM32MP215F-DK, STM32MP215FAL3, STM32MP215FAM3, STM32MP215FAN3, STM32MP215FAO3, STM32MP231AAJ3, STM32MP231AAK3, STM32MP231AAL3, STM32MP231CAJ3, STM32MP231CAK3, STM32MP231CAL3, STM32MP231DAJ3, STM32MP231DAK3, STM32MP231DAL3, STM32MP231FAJ3, STM32MP231FAK3, STM32MP231FAL3, STM32MP233AAJ3, STM32MP233AAK3, STM32MP233AAL3, STM32MP233CAJ3, STM32MP233CAK3, STM32MP233CAL3, STM32MP233DAJ3, STM32MP233DAK3, STM32MP233DAL3, STM32MP233FAJ3, STM32MP233FAK3, STM32MP233FAL3, STM32MP235AAJ3, STM32MP235AAK3, STM32MP235AAL3, STM32MP235CAJ3, STM32MP235CAK3, STM32MP235CAL3, STM32MP235DAJ3, STM32MP235DAK3, STM32MP235DAL3, STM32MP235FAJ3, STM32MP235FAK3, STM32MP235FAL3, STM32MP251AAI3, STM32MP251AAK3, STM32MP251AAL3, STM32MP251CAI3, STM32MP251CAK3, STM32MP251CAL3, STM32MP251DAI3, STM32MP251DAK3, STM32MP251DAL3, STM32MP251FAI3, STM32MP251FAK3, STM32MP251FAL3, STM32MP253AAI3, STM32MP253AAK3, STM32MP253AAL3, STM32MP253CAI3, STM32MP253CAK3, STM32MP253CAL3, STM32MP253DAI3, STM32MP253DAK3, STM32MP253DAL3, STM32MP253FAI3, STM32MP253FAK3, STM32MP253FAL3, STM32MP255AAI3, STM32MP255AAK3, STM32MP255AAL3, STM32MP255CAI3, STM32MP255CAK3, STM32MP255CAL3, STM32MP255DAI3, STM32MP255DAK3, STM32MP255DAL3, STM32MP255FAI3, STM32MP255FAK3, STM32MP255FAL3, STM32MP257AAI3, STM32MP257AAK3, STM32MP257AAL3, STM32MP257CAI3, STM32MP257CAK3, STM32MP257CAL3, STM32MP257DAI3, STM32MP257DAK3, STM32MP257DAL3, STM32MP257F-DK, STM32MP257F-EV1, STM32MP257FAI3, STM32MP257FAK3, STM32MP257FAL3, STM32N645A0H3Q, STM32N645B0H3Q, STM32N645I0H3Q, STM32N645L0H3Q, STM32N645X0H3Q, STM32N645Z0H3Q, STM32N647A0H3Q, STM32N647B0H3Q, STM32N647I0H3Q, STM32N647L0H3Q, STM32N647X0H3Q, STM32N647Z0H3Q, STM32N655A0H3Q, STM32N655B0H3Q, STM32N655I0H3Q, STM32N655L0H3Q, STM32N655X0H3Q, STM32N655Z0H3Q, STM32N6570-DK, STM32N657A0H3Q, STM32N657B0H3Q, STM32N657I0H3Q, STM32N657L0H3Q, STM32N657X0H3Q, STM32N657Z0H3Q, STM32U031C6T6, STM32U031C6U6, STM32U031C8T6, STM32U031C8U6, STM32U031F4P6, STM32U031F6P6, STM32U031F8P6, STM32U031G6Y6TR, STM32U031G8Y6TR, STM32U031K4U6, STM32U031K6U6, STM32U031K8U6, STM32U031R6I6, STM32U031R6T6, STM32U031R8I6, STM32U031R8T6, STM32U073C8T6, STM32U073C8U6, STM32U073CBT6, STM32U073CBU6, STM32U073CCT6, STM32U073CCU6, STM32U073H8Y6TR, STM32U073HBY6TR, STM32U073HCY6TR, STM32U073K8U6, STM32U073KBU6, STM32U073KCU6, STM32U073M8I6, STM32U073M8T6, STM32U073MBI6, STM32U073MBT6, STM32U073MCI6, STM32U073MCT6, STM32U073R8I6, STM32U073R8T6, STM32U073RBI6, STM32U073RBT6, STM32U073RCI6, STM32U073RCT6, STM32U083C-DK, STM32U083CCT6, STM32U083CCU6, STM32U083HCY6TR, STM32U083KCU6, STM32U083MCI6, STM32U083MCT6, STM32U083RCI6, STM32U083RCT6, STM32U375CET6, STM32U375CET6Q, STM32U375CEU6, STM32U375CEU6Q, STM32U375CEY6QTR, STM32U375CGT6, STM32U375CGT6Q, STM32U375CGU6, STM32U375CGU6Q, STM32U375CGY6QTR, STM32U375KEU6, STM32U375KGU6, STM32U375REI6, STM32U375REI6Q, STM32U375RET6, STM32U375RET6Q, STM32U375REY6GTR, STM32U375REY6QTR, STM32U375RGI6, STM32U375RGI6Q, STM32U375RGT6, STM32U375RGT6Q, STM32U375RGY6GTR, STM32U375RGY6QTR, STM32U375VEI6, STM32U375VEI6Q, STM32U375VET6, STM32U375VET6Q, STM32U375VGI6, STM32U375VGI6Q, STM32U375VGT6, STM32U375VGT6Q, STM32U385CGT6, STM32U385CGT6Q, STM32U385CGU6, STM32U385CGU6Q, STM32U385CGY6QTR, STM32U385KGU6, STM32U385RGI6, STM32U385RGI6Q, STM32U385RGT6, STM32U385RGT6Q, STM32U385RGY6GTR, STM32U385RGY6QTR, STM32U385VGI6, STM32U385VGI6Q, STM32U385VGT6, STM32U385VGT6Q, STM32U535CBT6, STM32U535CBT6Q, STM32U535CBU6, STM32U535CBU6Q, STM32U535CCT6, STM32U535CCT6Q, STM32U535CCU6, STM32U535CCU6Q, STM32U535CET6, STM32U535CET6Q, STM32U535CEU6, STM32U535CEU6Q, STM32U535JEY6QTR, STM32U535NCY6QTR, STM32U535NEY6QTR, STM32U535RBI6, STM32U535RBI6Q, STM32U535RBT6, STM32U535RBT6Q, STM32U535RCI6, STM32U535RCI6Q, STM32U535RCT6, STM32U535RCT6Q, STM32U535REI6, STM32U535REI6Q, STM32U535RET6, STM32U535RET6Q, STM32U535VCI6, STM32U535VCI6Q, STM32U535VCT6, STM32U535VCT6Q, STM32U535VEI6, STM32U535VEI6Q, STM32U535VET6, STM32U535VET6Q, STM32U545CET6, STM32U545CET6Q, STM32U545CEU6, STM32U545CEU6Q, STM32U545JEY6QTR, STM32U545NEY6QTR, STM32U545REI6, STM32U545REI6Q, STM32U545RET6, STM32U545RET6Q, STM32U545VEI6, STM32U545VEI6Q, STM32U545VET6, STM32U545VET6Q, STM32U595AIH6, STM32U595AIH6Q, STM32U595AJH6, STM32U595AJH6Q, STM32U595QII6, STM32U595QII6Q, STM32U595QJI6, STM32U595QJI6Q, STM32U595RIT6, STM32U595RIT6Q, STM32U595RJT6, STM32U595RJT6Q, STM32U595VIT6, STM32U595VIT6Q, STM32U595VJT6, STM32U595VJT6Q, STM32U595ZIT6, STM32U595ZIT6Q, STM32U595ZIY6QTR, STM32U595ZJT6, STM32U595ZJT6Q, STM32U595ZJY6QTR, STM32U599BJY6QTR, STM32U599NIH6Q, STM32U599NJH6Q, STM32U599VIT6Q, STM32U599VJT6, STM32U599VJT6Q, STM32U599ZIT6Q, STM32U599ZIY6QTR, STM32U599ZJT6Q, STM32U599ZJY6QTR, STM32U5A5AJH6, STM32U5A5AJH6Q, STM32U5A5QII3Q , STM32U5A5QJI6, STM32U5A5QJI6Q, STM32U5A5RJT6, STM32U5A5RJT6Q, STM32U5A5VJT6, STM32U5A5VJT6Q, STM32U5A5ZJT6, STM32U5A5ZJT6Q, STM32U5A5ZJY6QTR, STM32U5A9BJY6QTR, STM32U5A9J-DK, STM32U5A9NJH6Q, STM32U5A9VJT6Q, STM32U5A9ZJT6Q, STM32U5A9ZJY6QTR, STM32U5F7VIT6, STM32U5F7VIT6Q, STM32U5F7VJT6, STM32U5F7VJT6Q, STM32U5F9BJY6QTR, STM32U5F9NJH6Q, STM32U5F9VIT6Q, STM32U5F9VJT6Q, STM32U5F9ZIJ6QTR, STM32U5F9ZIT6Q, STM32U5F9ZJJ6QTR, STM32U5F9ZJT6Q, STM32U5G7VJT6, STM32U5G7VJT6Q, STM32U5G9BJY6QTR, STM32U5G9J-DK1, STM32U5G9J-DK2, STM32U5G9NJH6Q, STM32U5G9VJT6Q, STM32U5G9ZJJ6QTR, STM32U5G9ZJT6Q, STM32WB05KZV6TR, STM32WB05KZV7TR, STM32WB05TZF6TR, STM32WB05TZF7TR, STM32WB06CCF6TR, STM32WB06CCF7TR, STM32WB06CCV6TR, STM32WB06CCV7TR, STM32WB06KCV6TR, STM32WB06KCV7TR, STM32WB07CCF6TR, STM32WB07CCF7TR, STM32WB07CCV6TR, STM32WB07CCV7TR, STM32WB07KCV6TR, STM32WB07KCV7TR, STM32WB09KEV6TR, STM32WB09KEV7TR, STM32WB09TEF6TR, STM32WB09TEF7TR, STM32WB1MMCH6, STM32WBA50KGU6, STM32WBA50KGU6TR, STM32WBA52CEU6, STM32WBA52CEU6TR, STM32WBA52CEU7, STM32WBA52CEU7TR, STM32WBA52CGU6, STM32WBA52CGU6TR, STM32WBA52CGU6U, STM32WBA52CGU7, STM32WBA52CGU7TR, STM32WBA52KEU6, STM32WBA52KEU6TR, STM32WBA52KGU6, STM32WBA52KGU6TR, STM32WBA54CEU6, STM32WBA54CEU6TR, STM32WBA54CEU7, STM32WBA54CEU7TR, STM32WBA54CGU6, STM32WBA54CGU6TR, STM32WBA54CGU7, STM32WBA54CGU7TR, STM32WBA54KEU6, STM32WBA54KEU6TR, STM32WBA54KEU7, STM32WBA54KEU7TR, STM32WBA54KGU6, STM32WBA54KGU6TR, STM32WBA54KGU7, STM32WBA54KGU7TR, STM32WBA55CEU6, STM32WBA55CEU6TR, STM32WBA55CEU7, STM32WBA55CEU7TR, STM32WBA55CGU6, STM32WBA55CGU6TR, STM32WBA55CGU6U, STM32WBA55CGU7, STM32WBA55CGU7TR, STM32WBA55G-DK1, STM32WBA55HEF6, STM32WBA55HEF7, STM32WBA55HGF6, STM32WBA55HGF7, STM32WBA55UEI6, STM32WBA55UEI6TR, STM32WBA55UEI7, STM32WBA55UEI7TR, STM32WBA55UGI6, STM32WBA55UGI6TR, STM32WBA55UGI7, STM32WBA55UGI7TR, STM32WBA5MMGH6TR, STM32WBA62MGF6, STM32WBA62MIF6, STM32WBA65MGF7, STM32WBA65MIF6, STM32WBA65MIF7, STM32WL30K8V6, STM32WL30KBV6, STM32WL31C8V6, STM32WL31CBV6, STM32WL31K8V6, STM32WL31KBV6, STM32WL33C8V6, STM32WL33C8V6X, STM32WL33CBV6, STM32WL33CBV6X, STM32WL33CCV6, STM32WL33CCV6A, STM32WL33CCV6X, STM32WL33K8V7, STM32WL33K8V7X, STM32WL33KBV7 , STM32WL33KBV7X, STM32WL33KCV7, STM32WL33KCV7X, STM32WL5MOCH6, STM32WL5MOCH6TR]
2026-03-30 10:25:28,047 [INFO] BoardInfo:889 - No configuration file found for board NUCLEO-H5E5ZJ
2026-03-30 10:25:28,047 [INFO] DbBoards:161 - Board is not supported: NUCLEO-H5E5ZJ
2026-03-30 10:25:28,073 [INFO] BoardInfo:889 - No configuration file found for board NUCLEO-U3C5ZI-Q
2026-03-30 10:25:28,073 [INFO] DbBoards:161 - Board is not supported: NUCLEO-U3C5ZI-Q
2026-03-30 10:25:28,081 [INFO] BoardInfo:889 - No configuration file found for board NUCLEO-WBA25CE1
2026-03-30 10:25:28,081 [INFO] DbBoards:161 - Board is not supported: NUCLEO-WBA25CE1
2026-03-30 10:25:28,086 [INFO] BoardInfo:889 - No configuration file found for board NUCLEO-WL3RKB1
2026-03-30 10:25:28,086 [INFO] DbBoards:161 - Board is not supported: NUCLEO-WL3RKB1
2026-03-30 10:25:28,087 [INFO] BoardInfo:889 - No configuration file found for board NUCLEO-WL3RKB2
2026-03-30 10:25:28,087 [INFO] DbBoards:161 - Board is not supported: NUCLEO-WL3RKB2
2026-03-30 10:25:28,091 [INFO] BoardInfo:889 - No configuration file found for board P-NUCLEO-WB55
2026-03-30 10:25:28,091 [INFO] DbBoards:161 - Kit is not supported: P-NUCLEO-WB55
2026-03-30 10:25:28,095 [INFO] BoardInfo:889 - No configuration file found for board STEVAL-BFA001V1B
2026-03-30 10:25:28,095 [INFO] DbBoards:161 - Kit is not supported: STEVAL-BFA001V1B
2026-03-30 10:25:28,096 [INFO] BoardInfo:889 - No configuration file found for board STEVAL-BFA001V2B
2026-03-30 10:25:28,096 [INFO] DbBoards:161 - Kit is not supported: STEVAL-BFA001V2B
2026-03-30 10:25:28,143 [INFO] BoardInfo:889 - No configuration file found for board STM32H5F5J-DK
2026-03-30 10:25:28,143 [INFO] DbBoards:161 - Board is not supported: STM32H5F5J-DK
2026-03-30 10:25:28,176 [INFO] DbBoards:168 - Found 218 boards, 209 are supported
2026-03-30 10:25:28,176 [INFO] DbBoards:169 - Found 218 boards, 43 of them is supported for  Bsp
2026-03-30 10:25:28,179 [INFO] ApiDb:423 - Load user favorites file /home/sunbeam/.stm32cubeide/favorites.boards.txt: 1 item(s)
2026-03-30 10:25:28,179 [INFO] ApiDb:427 - User favorites Boards=[STM32F407G-DISC1]
2026-03-30 10:25:28,179 [INFO] DbBoards:198 - Set 1 / 1 favorites Boards
2026-03-30 10:25:28,192 [ERROR] TargetSelectorAdapter:267 - Unable to refresh data
2026-03-30 10:25:28,230 [INFO] McuFinderGlobals:76 - Set McuFinderConnectedMode to true
2026-03-30 10:25:28,231 [INFO] MultiScanPanel:200 - Auto-refresh data requested => check proxy status ongoing
2026-03-30 10:25:28,231 [INFO] FinderPluginLoader:96 - Searching for filters in installed packs
2026-03-30 10:25:29,976 [INFO] LoadUrlFilesThread:185 - End of LoadServerUrlFiles without Thread
2026-03-30 10:25:29,977 [INFO] DetailPanel:341 - Set advertising image to /home/sunbeam/STM32Cube/Repository//en.prom-stm32c5-0326.jpg
2026-03-30 10:25:33,893 [INFO] MultiScanPanel:200 - Auto-refresh data requested => check proxy status ongoing
2026-03-30 10:25:33,979 [INFO] LoadUrlFilesThread:185 - End of LoadServerUrlFiles without Thread
2026-03-30 10:25:33,979 [INFO] DetailPanel:341 - Set advertising image to /home/sunbeam/STM32Cube/Repository//en.prom-stm32c5-0326.jpg
2026-03-30 10:25:33,988 [INFO] DbBoards:642 - Loading board mini-images...
2026-03-30 10:25:36,367 [INFO] DbBoards:665 - Loaded 218 board mini-images
2026-03-30 10:27:00,475 [INFO] MainUpdater:2872 - connection check result : 10
2026-03-30 10:27:00,475 [INFO] MainUpdater:2872 - connection check result : 10
2026-03-30 10:27:00,502 [INFO] MicroXplorer:468 - Change Database Path : 
2026-03-30 10:27:00,503 [INFO] MicroXplorer:498 - Change Database Version : DB.6.0.150
2026-03-30 10:27:00,518 [ERROR] ProjectManagerView:395 - 
java.lang.NullPointerException: Cannot invoke "javax.swing.JTextField.getText()" because the return value of "java.util.List.get(int)" is null
	at com.st.microxplorer.plugins.projectmanager.gui.ProjectChoiceTab$9.caretUpdate(ProjectChoiceTab.java:2706) ~[filemanager.jar:?]
	at javax.swing.text.JTextComponent.fireCaretUpdate(JTextComponent.java:408) ~[?:?]
	at javax.swing.text.JTextComponent$MutableCaretEvent.fire(JTextComponent.java:4484) ~[?:?]
	at javax.swing.text.JTextComponent$MutableCaretEvent.stateChanged(JTextComponent.java:4506) ~[?:?]
	at javax.swing.text.DefaultCaret.fireStateChanged(DefaultCaret.java:857) ~[?:?]
	at javax.swing.text.DefaultCaret.changeCaretPosition(DefaultCaret.java:1343) ~[?:?]
	at javax.swing.text.DefaultCaret.handleSetDot(DefaultCaret.java:1242) ~[?:?]
	at javax.swing.text.DefaultCaret.setDot(DefaultCaret.java:1223) ~[?:?]
	at javax.swing.text.DefaultCaret$Handler.insertUpdate(DefaultCaret.java:1819) ~[?:?]
	at javax.swing.text.AbstractDocument.fireInsertUpdate(AbstractDocument.java:227) ~[?:?]
	at javax.swing.text.AbstractDocument.handleInsertString(AbstractDocument.java:781) ~[?:?]
	at javax.swing.text.AbstractDocument.insertString(AbstractDocument.java:740) ~[?:?]
	at javax.swing.text.PlainDocument.insertString(PlainDocument.java:131) ~[?:?]
	at javax.swing.text.AbstractDocument.replace(AbstractDocument.java:699) ~[?:?]
	at javax.swing.text.JTextComponent.setText(JTextComponent.java:1725) ~[?:?]
	at com.st.microxplorer.plugins.projectmanager.gui.ProjectChoiceTab.createHeapStackFields(ProjectChoiceTab.java:993) ~[filemanager.jar:?]
	at com.st.microxplorer.plugins.projectmanager.gui.ProjectChoiceTab.buildLinkSettingsPanel(ProjectChoiceTab.java:3813) ~[filemanager.jar:?]
	at com.st.microxplorer.plugins.projectmanager.gui.ProjectChoiceTab.defineWindowsFields(ProjectChoiceTab.java:1987) ~[filemanager.jar:?]
	at com.st.microxplorer.plugins.projectmanager.gui.ProjectChoiceTab.updateSettings(ProjectChoiceTab.java:558) ~[filemanager.jar:?]
	at com.st.microxplorer.plugins.projectmanager.gui.ProjectSettingsPanel.UpdateDialog(ProjectSettingsPanel.java:247) ~[filemanager.jar:?]
	at com.st.microxplorer.plugins.projectmanager.ProjectManagerView.propertyChange(ProjectManagerView.java:392) ~[filemanager.jar:?]
	at java.beans.PropertyChangeSupport.fire(PropertyChangeSupport.java:343) ~[?:?]
	at java.beans.PropertyChangeSupport.firePropertyChange(PropertyChangeSupport.java:335) ~[?:?]
	at java.beans.PropertyChangeSupport.firePropertyChange(PropertyChangeSupport.java:268) ~[?:?]
	at com.st.microxplorer.util.MXPropertyChangeSupport.firePropertyChange(MXPropertyChangeSupport.java:54) ~[STM32CubeMX.jar:?]
	at com.st.microxplorer.mxsystem.MxSystem.closeConfig(MxSystem.java:899) ~[STM32CubeMX.jar:?]
	at com.st.microxplorer.maingui.MainPanel.closeConfig(MainPanel.java:792) ~[STM32CubeMX.jar:?]
	at com.st.microxplorer.plugins.filemanager.engine.OpenFileManager.loadConfigurationFile(OpenFileManager.java:288) ~[filemanager.jar:?]
	at com.st.microxplorer.plugins.filemanager.engine.MainFileManager.userLoadConfig(MainFileManager.java:364) ~[filemanager.jar:?]
	at com.st.microxplorer.plugins.filemanager.FileManagerView.getSpecificTask(FileManagerView.java:268) ~[filemanager.jar:?]
	at com.st.stm32cube.common.mx.editor.CubeMxEditor.getMxTabbedPaneInstance(CubeMxEditor.java:1191) ~[com.st.stm32cube.common.mx_6.15.0.202507011659/:?]
	at com.st.stm32cube.common.mx.editor.CubeMxEditor$12$1.createSwingComponent(CubeMxEditor.java:1068) ~[com.st.stm32cube.common.mx_6.15.0.202507011659/:?]
	at com.st.stm32cube.common.mx.oss.core.awtswtbridge.EmbeddedSwingComposite.doComponentCreation(EmbeddedSwingComposite.java:492) ~[com.st.stm32cube.common.mx.oss_6.15.0.202507011659/:?]
	at com.st.stm32cube.common.mx.oss.core.awtswtbridge.EmbeddedSwingComposite$4.run(EmbeddedSwingComposite.java:291) ~[com.st.stm32cube.common.mx.oss_6.15.0.202507011659/:?]
	at com.st.stm32cube.common.mx.oss.core.awtswtbridge.AwtEnvironment$2.run(AwtEnvironment.java:166) ~[com.st.stm32cube.common.mx.oss_6.15.0.202507011659/:?]
	at java.awt.event.InvocationEvent.dispatch(InvocationEvent.java:318) ~[?:?]
	at java.awt.EventQueue.dispatchEventImpl(EventQueue.java:773) ~[?:?]
	at java.awt.EventQueue$4.run(EventQueue.java:720) ~[?:?]
	at java.awt.EventQueue$4.run(EventQueue.java:714) ~[?:?]
	at java.security.AccessController.doPrivileged(AccessController.java:400) ~[?:?]
	at java.security.ProtectionDomain$JavaSecurityAccessImpl.doIntersectionPrivilege(ProtectionDomain.java:87) ~[?:?]
	at java.awt.EventQueue.dispatchEvent(EventQueue.java:742) ~[?:?]
	at java.awt.EventDispatchThread.pumpOneEventForFilters(EventDispatchThread.java:203) ~[?:?]
	at java.awt.EventDispatchThread.pumpEventsForFilter(EventDispatchThread.java:124) ~[?:?]
	at java.awt.EventDispatchThread.pumpEventsForHierarchy(EventDispatchThread.java:113) ~[?:?]
	at java.awt.EventDispatchThread.pumpEvents(EventDispatchThread.java:109) ~[?:?]
	at java.awt.EventDispatchThread.pumpEvents(EventDispatchThread.java:101) ~[?:?]
	at java.awt.EventDispatchThread.run(EventDispatchThread.java:90) ~[?:?]
2026-03-30 10:27:00,519 [WARN] ThirdParty:871 - waiting for thirdparty lock release [close project]
2026-03-30 10:27:00,519 [INFO] ThirdParty:873 - entering critical section [close project]
2026-03-30 10:27:00,519 [INFO] ThirdParty:883 - exiting critical section [close project]
2026-03-30 10:27:00,522 [INFO] PinOutPanel:1589 - setPackage(No Configuration,No Configuration)
2026-03-30 10:27:00,527 [WARN] IpParametersView:155 - Warning: This peripheral hasn't parameters
2026-03-30 10:27:00,536 [WARN] MainPanel:289 - <html><b><center>Warning: This peripheral has no parameters to be configured<br></b></html>
2026-03-30 10:27:00,539 [INFO] UtilMem:75 - Begin LoadConfig() Used Memory: 830338224 Bytes (1073741824)
2026-03-30 10:27:00,542 [INFO] OpenFileManager:355 - Change cursor
2026-03-30 10:27:00,586 [INFO] RulesReader:64 - Compatibility file has been processed (317 Rules)
2026-03-30 10:27:00,595 [INFO] ProjectFactory:514 - No CPN specified for board STM32F407G-DISC1 => set CPN to STM32F407VGT6
2026-03-30 10:27:00,596 [INFO] Mcu:2029 - Initializing MCU STM32F407V(E-G)Tx STM32F407VGTx STM32F407VGT6
2026-03-30 10:27:01,831 [INFO] Context:786 - Trying to add GPIOservice into a context  which must be forbidden
2026-03-30 10:27:02,414 [INFO] Rule:233 - rule 117617 - U5Cobra4M][GTZC] default value MPCBB3 and MPCBB5 - Not Secured memory - MPCBB1 is applicable
2026-03-30 10:27:02,414 [INFO] Rule:233 - rule 117617 - U5Cobra4M][GTZC] default value MPCBB3 and MPCBB5 - Not Secured memory - MPCBB1 is applicable
2026-03-30 10:27:02,414 [INFO] Rule:233 - rule 117617 - U5Cobra4M][GTZC] default value MPCBB3 and MPCBB5 - Not Secured memory - MPCBB2 is applicable
2026-03-30 10:27:02,414 [INFO] Rule:233 - rule 117617 - U5Cobra4M][GTZC] default value MPCBB3 and MPCBB5 - Not Secured memory - MPCBB2 is applicable
2026-03-30 10:27:02,414 [INFO] Rule:233 - rule 117617 - U5Cobra4M][GTZC] default value MPCBB3 and MPCBB5 - Not Secured memory - MPCBB3 is applicable
2026-03-30 10:27:02,414 [INFO] Rule:233 - rule 117617 - U5Cobra4M][GTZC] default value MPCBB3 and MPCBB5 - Not Secured memory - MPCBB3 is applicable
2026-03-30 10:27:02,414 [INFO] Rule:233 - rule 117617 - U5Cobra4M][GTZC] default value MPCBB3 and MPCBB5 - Not Secured memory - MPCBB4 is applicable
2026-03-30 10:27:02,414 [INFO] Rule:233 - rule 117617 - U5Cobra4M][GTZC] default value MPCBB3 and MPCBB5 - Not Secured memory - MPCBB4 is applicable
2026-03-30 10:27:02,415 [INFO] Rule:233 - rule 117617 - U5Cobra4M][GTZC] default value MPCBB3 and MPCBB5 - Secured memory - MPCBB1 is applicable
2026-03-30 10:27:02,415 [INFO] Rule:233 - rule 117617 - U5Cobra4M][GTZC] default value MPCBB3 and MPCBB5 - Secured memory - MPCBB2 is applicable
2026-03-30 10:27:02,415 [INFO] Rule:233 - rule 117617 - U5Cobra4M][GTZC] default value MPCBB3 and MPCBB5 - Secured memory - MPCBB3 is applicable
2026-03-30 10:27:02,415 [INFO] Rule:233 - rule 117617 - U5Cobra4M][GTZC] default value MPCBB3 and MPCBB5 - Secured memory - MPCBB4 is applicable
2026-03-30 10:27:02,415 [INFO] Rule:233 - rule 117617 - U5Cobra4M][GTZC] default value MPCBB3 and MPCBB5 - Privileged memory - MPCBB1 is applicable
2026-03-30 10:27:02,415 [INFO] Rule:233 - rule 117617 - U5Cobra4M][GTZC] default value MPCBB3 and MPCBB5 - Privileged memory - MPCBB2 is applicable
2026-03-30 10:27:02,415 [INFO] Rule:233 - rule 117617 - U5Cobra4M][GTZC] default value MPCBB3 and MPCBB5 - Privileged memory - MPCBB3 is applicable
2026-03-30 10:27:02,415 [INFO] Rule:233 - rule 117617 - U5Cobra4M][GTZC] default value MPCBB3 and MPCBB5 - Privileged memory - MPCBB4 is applicable
2026-03-30 10:27:02,415 [INFO] Rule:233 - rule 117617 - U5Cobra4M][GTZC] default value MPCBB3 and MPCBB5 - Not Privileged memory - MPCBB1 is applicable
2026-03-30 10:27:02,415 [INFO] Rule:233 - rule 117617 - U5Cobra4M][GTZC] default value MPCBB3 and MPCBB5 - Not Privileged memory - MPCBB2 is applicable
2026-03-30 10:27:02,415 [INFO] Rule:233 - rule 117617 - U5Cobra4M][GTZC] default value MPCBB3 and MPCBB5 - Not Privileged memory - MPCBB3 is applicable
2026-03-30 10:27:02,415 [INFO] Rule:233 - rule 117617 - U5Cobra4M][GTZC] default value MPCBB3 and MPCBB5 - Not Privileged memory - MPCBB4 is applicable
2026-03-30 10:27:02,415 [INFO] Rule:233 - rule 117617 - U5Cobra4M][GTZC] default value MPCBB3 and MPCBB5 - Privileged memory - MPCBB1 is applicable
2026-03-30 10:27:02,415 [INFO] Rule:233 - rule 117617 - U5Cobra4M][GTZC] default value MPCBB3 and MPCBB5 - Privileged memory - MPCBB2 is applicable
2026-03-30 10:27:02,415 [INFO] Rule:233 - rule 117617 - U5Cobra4M][GTZC] default value MPCBB3 and MPCBB5 - Privileged memory - MPCBB3 is applicable
2026-03-30 10:27:02,415 [INFO] Rule:233 - rule 117617 - U5Cobra4M][GTZC] default value MPCBB3 and MPCBB5 - Privileged memory - MPCBB4 is applicable
2026-03-30 10:27:02,415 [INFO] Rule:233 - rule 117617 - U5Cobra4M][GTZC] default value MPCBB3 and MPCBB5 - Privileged memory - MPCBB1 is applicable
2026-03-30 10:27:02,415 [INFO] Rule:233 - rule 117617 - U5Cobra4M][GTZC] default value MPCBB3 and MPCBB5 - Privileged memory - MPCBB2 is applicable
2026-03-30 10:27:02,415 [INFO] Rule:233 - rule 117617 - U5Cobra4M][GTZC] default value MPCBB3 and MPCBB5 - Privileged memory - MPCBB3 is applicable
2026-03-30 10:27:02,415 [INFO] Rule:233 - rule 117617 - U5Cobra4M][GTZC] default value MPCBB3 and MPCBB5 - Privileged memory - MPCBB4 is applicable
2026-03-30 10:27:02,415 [INFO] Rule:233 - rule 117617 - U5Cobra4M][GTZC] default value MPCBB3 and MPCBB5 - Not Privileged memory - MPCBB1 is applicable
2026-03-30 10:27:02,415 [INFO] Rule:233 - rule 117617 - U5Cobra4M][GTZC] default value MPCBB3 and MPCBB5 - Not Privileged memory - MPCBB2 is applicable
2026-03-30 10:27:02,415 [INFO] Rule:233 - rule 117617 - U5Cobra4M][GTZC] default value MPCBB3 and MPCBB5 - Not Privileged memory - MPCBB3 is applicable
2026-03-30 10:27:02,415 [INFO] Rule:233 - rule 117617 - U5Cobra4M][GTZC] default value MPCBB3 and MPCBB5 - Not Privileged memory - MPCBB4 is applicable
2026-03-30 10:27:02,415 [INFO] Rule:233 - rule 117617 - U5Cobra4M][GTZC] default value MPCBB3 and MPCBB5 - Privileged memory - MPCBB1 is applicable
2026-03-30 10:27:02,415 [INFO] Rule:233 - rule 117617 - U5Cobra4M][GTZC] default value MPCBB3 and MPCBB5 - Privileged memory - MPCBB2 is applicable
2026-03-30 10:27:02,415 [INFO] Rule:233 - rule 117617 - U5Cobra4M][GTZC] default value MPCBB3 and MPCBB5 - Privileged memory - MPCBB3 is applicable
2026-03-30 10:27:02,415 [INFO] Rule:233 - rule 117617 - U5Cobra4M][GTZC] default value MPCBB3 and MPCBB5 - Privileged memory - MPCBB4 is applicable
2026-03-30 10:27:02,415 [INFO] Rule:233 - rule Rename SubGHz_Phy SUBGHZ_APPLICATION SUBGHZ_PINGPONG to SUBGHZ_ADV_APPLICATION is applicable
2026-03-30 10:27:02,415 [INFO] Rule:233 - rule Rename Enabled to IBEACON is applicable
2026-03-30 10:27:02,415 [INFO] Rule:233 - rule GTZC_S instance for project manager is applicable
2026-03-30 10:27:02,415 [INFO] Rule:233 - rule GTZC_S instance for context M33S is applicable
2026-03-30 10:27:02,415 [INFO] Rule:233 - rule GTZC_S instance value for IP GTZC is applicable
2026-03-30 10:27:02,415 [INFO] Rule:233 - rule GTZC_S instance for mcu.IP is applicable
2026-03-30 10:27:02,415 [INFO] Rule:233 - rule GTZC_S instance for VP is applicable
2026-03-30 10:27:02,415 [INFO] Rule:233 - rule GTZC_S instance for signal is applicable
2026-03-30 10:27:02,415 [INFO] Rule:233 - rule GTZC_S instance for mcu.Pin is applicable
2026-03-30 10:27:02,415 [INFO] Rule:233 - rule GTZC_S instance for VP is applicable
2026-03-30 10:27:02,415 [INFO] Rule:233 - rule GTZC_S instance for signal is applicable
2026-03-30 10:27:02,415 [INFO] Rule:233 - rule GTZC_S instance for mcu is applicable
2026-03-30 10:27:02,416 [INFO] Rule:233 - rule GTZC_S instance for mcu.Pin is applicable
2026-03-30 10:27:02,416 [INFO] Rule:233 - rule GTZC_S instance value for IP GTZC is applicable
2026-03-30 10:27:02,416 [INFO] Rule:233 - rule GTZC_S instance for project manager is applicable
2026-03-30 10:27:02,416 [INFO] Rule:233 - rule GTZC_S instance for context M33S is applicable
2026-03-30 10:27:02,416 [INFO] Rule:233 - rule GTZC_S instance for VP is applicable
2026-03-30 10:27:02,416 [INFO] Rule:233 - rule GTZC_S instance for signal is applicable
2026-03-30 10:27:02,416 [INFO] Rule:233 - rule SPDIFRX instance for mcu is applicable
2026-03-30 10:27:02,416 [INFO] Rule:233 - rule Rename Tracer Mode is applicable
2026-03-30 10:27:02,416 [INFO] Rule:233 - rule SPDIFRX instance value for IP SPDIFRX is applicable
2026-03-30 10:27:02,416 [INFO] Rule:233 - rule SPDIFRX instance for signal is applicable
2026-03-30 10:27:02,416 [INFO] Rule:233 - rule SPDIFRX instance for project manager is applicable
2026-03-30 10:27:02,416 [INFO] Rule:233 - rule SPDIFRX instance for project manager is applicable
2026-03-30 10:27:02,416 [INFO] Rule:233 - rule ADC Scan  fix with FW F7 is applicable
2026-03-30 10:27:02,416 [INFO] Rule:233 - rule ADC Scan  fix with FW F7 is applicable
2026-03-30 10:27:02,416 [INFO] Rule:233 - rule WakeUp0 Mode is applicable
2026-03-30 10:27:02,416 [INFO] Rule:233 - rule WakeUp0 SIGNAL is applicable
2026-03-30 10:27:02,416 [INFO] Rule:233 - rule WakeUp1 Mode is applicable
2026-03-30 10:27:02,416 [INFO] Rule:233 - rule WakeUp1 SIGNAL is applicable
2026-03-30 10:27:02,416 [INFO] Rule:233 - rule WakeUp2 Mode is applicable
2026-03-30 10:27:02,416 [INFO] Rule:233 - rule WakeUp2 SIGNAL is applicable
2026-03-30 10:27:02,416 [INFO] Rule:233 - rule WakeUp4 Mode is applicable
2026-03-30 10:27:02,416 [INFO] Rule:233 - rule WakeUp4 SIGNAL is applicable
2026-03-30 10:27:02,416 [INFO] Rule:233 - rule WakeUp5 Mode is applicable
2026-03-30 10:27:02,416 [INFO] Rule:233 - rule WakeUp5 SIGNAL is applicable
2026-03-30 10:27:02,416 [INFO] Rule:233 - rule UART/USART WORD LENGTH 7 is applicable
2026-03-30 10:27:02,416 [INFO] Rule:233 - rule UART/USART WORD LENGTH 8 is applicable
2026-03-30 10:27:02,416 [INFO] Rule:233 - rule UART/USART WORD LENGTH 9 is applicable
2026-03-30 10:27:02,416 [INFO] Rule:233 - rule Change Default Value for LSE Drive Capability for WB family is applicable
2026-03-30 10:27:02,416 [INFO] Rule:233 - rule Change Default Value for ADC Clock Prescaler G0 family is applicable
2026-03-30 10:27:02,416 [INFO] Rule:233 - rule ADC SamplingTime fix with FW L0  is applicable
2026-03-30 10:27:02,416 [INFO] Rule:233 - rule ADC SamplingTime fix with FW L0  is applicable
2026-03-30 10:27:02,416 [INFO] Rule:233 - rule ADC SamplingTime fix with FW L0 is applicable
2026-03-30 10:27:02,416 [INFO] Rule:233 - rule ADC SamplingTime fix with FW L0 is applicable
2026-03-30 10:27:02,416 [INFO] Rule:233 - rule ADC SamplingTime fix with FW L0  is applicable
2026-03-30 10:27:02,416 [INFO] Rule:233 - rule ADC SamplingTime fix with FW L0 is applicable
2026-03-30 10:27:02,416 [INFO] Rule:233 - rule Rename USB_OE Signal is applicable
2026-03-30 10:27:02,416 [INFO] Rule:233 - rule Rename Activate_OE Mode is applicable
2026-03-30 10:27:02,416 [INFO] Rule:233 - rule Rename DIE462/DIE415 pin PC14/OSC32_IN -> PC14-OSC32_IN (PC14) is applicable
2026-03-30 10:27:02,416 [INFO] Rule:233 - rule Rename DIE462/DIE415 pin PC15/OSC32_OUT -> PC15-OSC32_OUT (PC15) is applicable
2026-03-30 10:27:02,416 [INFO] Rule:233 - rule Rename DIE462/DIE415 pin PH0/OSC_IN -> PH0-OSC_IN (PH0) is applicable
2026-03-30 10:27:02,416 [INFO] Rule:233 - rule Rename DIE462/DIE415 pin PH1/OSC_OUT -> PH1-OSC_OUT (PH1) is applicable
2026-03-30 10:27:02,417 [INFO] Rule:233 - rule Rename DIE462 pin PA13 -> PA13 (JTMS/SWDIO) is applicable
2026-03-30 10:27:02,417 [INFO] Rule:233 - rule Rename DIE415 pin PA13 -> PA13 (JTMS/SWDIO) is applicable
2026-03-30 10:27:02,417 [INFO] Rule:233 - rule Rename DIE462 pin PA14 -> PA14 (JTCK/SWCLK) is applicable
2026-03-30 10:27:02,417 [INFO] Rule:233 - rule Rename DIE415 pin PA14 -> PA14 (JTCK/SWCLK) is applicable
2026-03-30 10:27:02,417 [INFO] Rule:233 - rule Rename DIE462/DIE415 pin PA15 -> PA15 (JTDI) is applicable
2026-03-30 10:27:02,417 [INFO] Rule:233 - rule Rename DIE462 pin PB3 -> PB3 (JTD0/TRACESWO) is applicable
2026-03-30 10:27:02,417 [INFO] Rule:233 - rule Rename DIE415 pin PB3 -> PB3 (JTD0-TRACESWO) is applicable
2026-03-30 10:27:02,417 [INFO] Rule:233 - rule Rename DIE462/DIE415 pin PB4 -> PB4 (NJTRST) is applicable
2026-03-30 10:27:02,417 [INFO] Rule:233 - rule Rename DIE462 pin PH3/BOOT0 -> PH3-BOOT0 (BOOT0) is applicable
2026-03-30 10:27:02,417 [INFO] Rule:233 - rule Rename CRYP DataEncryptionTypesList to Algorithm is applicable
2026-03-30 10:27:02,417 [INFO] Rule:233 - rule Rename AES DataEncryptionTypesList to Algorithm is applicable
2026-03-30 10:27:02,417 [INFO] Rule:233 - rule Rename TDESECB to CRYP_TDES_ECB is applicable
2026-03-30 10:27:02,417 [INFO] Rule:233 - rule Rename TDESCBC to CRYP_TDES_CBC is applicable
2026-03-30 10:27:02,417 [INFO] Rule:233 - rule Rename DESECB to CRYP_DES_ECB is applicable
2026-03-30 10:27:02,417 [INFO] Rule:233 - rule Rename DESCBC to CRYP_DES_CBC is applicable
2026-03-30 10:27:02,417 [INFO] Rule:233 - rule Rename AESECB to CRYP_AES_ECB is applicable
2026-03-30 10:27:02,417 [INFO] Rule:233 - rule Rename AESCBC to CRYP_AES_CBC is applicable
2026-03-30 10:27:02,417 [INFO] Rule:233 - rule Rename AESCTR to CRYP_AES_CTR is applicable
2026-03-30 10:27:02,417 [INFO] Rule:233 - rule Rename AESGCM to CRYP_AES_GCM is applicable
2026-03-30 10:27:02,417 [INFO] Rule:233 - rule Rename AESCCM to CRYP_AES_CCM is applicable
2026-03-30 10:27:02,417 [INFO] Rule:233 - rule Rename CAN TimeSeg1 to BS1 is applicable
2026-03-30 10:27:02,417 [INFO] Rule:233 - rule Rename CAN TimeSeg2 to BS2 is applicable
2026-03-30 10:27:02,417 [INFO] Rule:233 - rule Rename CAN SyncJumpWidth to SJW is applicable
2026-03-30 10:27:02,417 [INFO] Rule:233 - rule TimeTriggeredMode to TTCM is applicable
2026-03-30 10:27:02,417 [INFO] Rule:233 - rule Rename CAN AutoBusOff to ABOM is applicable
2026-03-30 10:27:02,417 [INFO] Rule:233 - rule Rename CAN AutoWakeUp to AWUM is applicable
2026-03-30 10:27:02,417 [INFO] Rule:233 - rule Rename CAN AutoRetransmission to NART is applicable
2026-03-30 10:27:02,417 [INFO] Rule:233 - rule Rename CAN ReceiveFifoLocked to RFLM is applicable
2026-03-30 10:27:02,417 [INFO] Rule:233 - rule Rename CAN TransmitFifoPriority to TXFP is applicable
2026-03-30 10:27:02,417 [INFO] Rule:233 - rule Rename HRTIMER HRTIM_OUTPUTFAULTLEVEL_HIGH in HRTIMER HRTIM_OUTPUTFAULTLEVEL_HIGHZ is applicable
2026-03-30 10:27:02,417 [INFO] Rule:233 - rule Rename TIMER TIM_CLEARINPUTSOURCE_OCREFCLR in  TIMER TIM_CLEARINPUTSOURCE_NONE for F7 family is applicable
2026-03-30 10:27:02,417 [INFO] Rule:233 - rule FDCAN_R1 - Rename FDCAN mode Master into Classic is applicable
2026-03-30 10:27:02,417 [INFO] Rule:233 - rule FDCAN_R2 - Rename FDCAN mode Slave into Classic is applicable
2026-03-30 10:27:02,417 [INFO] Rule:233 - rule FDCAN1_R3 - if PA10.Mode=FullDuplex, add Pin PA12 is applicable
2026-03-30 10:27:02,417 [INFO] Rule:233 - rule FDCAN1_R3 - if PA9.Mode=FullDuplex, add Pin PA11 is applicable
2026-03-30 10:27:02,417 [INFO] Rule:233 - rule FDCAN1_R3 - Alternatepin_1 - if PE1.Mode=FullDuplex, add Pin PB9 is applicable
2026-03-30 10:27:02,417 [INFO] Rule:233 - rule FDCAN1_R3 - Alternatepin_1 - if PE0.Mode=FullDuplex, add Pin PB8 is applicable
2026-03-30 10:27:02,417 [INFO] Rule:233 - rule FDCAN1_R3 - Alternatepin_2 - if PD5.Mode=FullDuplex, add Pin PD1 is applicable
2026-03-30 10:27:02,417 [INFO] Rule:233 - rule FDCAN1_R3 - Alternatepin_2 - if PD4.Mode=FullDuplex, add Pin PD0 is applicable
2026-03-30 10:27:02,417 [INFO] Rule:233 - rule FDCAN1_R4 - Rename Mode FullDuplex into Enable FDCAN_TXFD for pin PA10 is applicable
2026-03-30 10:27:02,417 [INFO] Rule:233 - rule FDCAN1_R4 - Rename Mode FullDuplex into Enable FDCAN_TXFD for pin PA9 is applicable
2026-03-30 10:27:02,417 [INFO] Rule:233 - rule FDCAN1_R4 - Alternatepin_1 - Rename Mode FullDuplex into Enable FDCAN_TXFD for pin PE1 is applicable
2026-03-30 10:27:02,417 [INFO] Rule:233 - rule FDCAN1_R4 - Alternatepin_1 - Rename Mode FullDuplex into Enable FDCAN_TXFD for pin PE0 is applicable
2026-03-30 10:27:02,417 [INFO] Rule:233 - rule FDCAN1_R4 - Alternatepin_2 - Rename Mode FullDuplex into Enable FDCAN_TXFD for pin PD5 is applicable
2026-03-30 10:27:02,417 [INFO] Rule:233 - rule FDCAN1_R4 - Alternatepin_2 - Rename Mode FullDuplex into Enable FDCAN_TXFD for pin PD4 is applicable
2026-03-30 10:27:02,417 [INFO] Rule:233 - rule FDCAN2_R3 - if PD10.Mode=FullDuplex, add Pin PB13 is applicable
2026-03-30 10:27:02,417 [INFO] Rule:233 - rule FDCAN2_R3 - if PD9.Mode=FullDuplex, add Pin PB12 is applicable
2026-03-30 10:27:02,417 [INFO] Rule:233 - rule FDCAN2_R3 - Alternatepin_1 - if PB7.Mode=FullDuplex, add Pin PB6 is applicable
2026-03-30 10:27:02,417 [INFO] Rule:233 - rule FDCAN2_R3 - Alternatepin_1 - if PD9.Mode=FullDuplex, add Pin PB12 is applicable
2026-03-30 10:27:02,418 [INFO] Rule:233 - rule FDCAN2_R4 - Rename Mode FullDuplex into Enable FDCAN_TXFD for pin PD10 is applicable
2026-03-30 10:27:02,418 [INFO] Rule:233 - rule FDCAN2_R4 - Rename Mode FullDuplex into Enable FDCAN_TXFD for pin PD9 is applicable
2026-03-30 10:27:02,418 [INFO] Rule:233 - rule FDCAN2_R4 - Alternatepin_1 - Rename Mode FullDuplex into Enable FDCAN_TXFD for pin PB7 is applicable
2026-03-30 10:27:02,418 [INFO] Rule:233 - rule FDCAN2_R4 - Alternatepin_1 - Rename Mode FullDuplex into Enable FDCAN_TXFD for pin PD6 is applicable
2026-03-30 10:27:02,418 [INFO] Rule:233 - rule USART TxPinLevelInvertParam Mode is applicable
2026-03-30 10:27:02,418 [INFO] Rule:233 - rule USART RxPinLevelInvertParam Mode is applicable
2026-03-30 10:27:02,418 [INFO] Rule:233 - rule USART DataInvertParam Mode is applicable
2026-03-30 10:27:02,418 [INFO] Rule:233 - rule USART SwapParam Mode is applicable
2026-03-30 10:27:02,418 [INFO] Rule:233 - rule USART OverrunDisableParam Mode is applicable
2026-03-30 10:27:02,418 [INFO] Rule:233 - rule USART DMADisableonRxErrorParam Mode is applicable
2026-03-30 10:27:02,418 [INFO] Rule:233 - rule USART MSBFirstParam Mode is applicable
2026-03-30 10:27:02,418 [INFO] Rule:233 - rule Update MwName for USB_DEVICE is applicable
2026-03-30 10:27:02,418 [INFO] Rule:233 - rule Change PWR_Regulator_Voltage_Scale Default Value for RCC  H7 family is applicable
2026-03-30 10:27:02,418 [INFO] Rule:233 - rule UART/USART IPParameter rename Prescaler parameter to ClockPrescaler is applicable
2026-03-30 10:27:02,418 [INFO] Rule:233 - rule UART/USART Prescaler rename Prescaler parameter to ClockPrescaler is applicable
2026-03-30 10:27:02,418 [INFO] Rule:233 - rule TIM1CLockSelection is applicable
2026-03-30 10:27:02,418 [INFO] Rule:233 - rule TIM15CLockSelection is applicable
2026-03-30 10:27:02,418 [INFO] Rule:233 - rule align RCC SDMMC3CLockSelection default value on MP1 is applicable
2026-03-30 10:27:02,418 [INFO] Rule:233 - rule align RCC SDMMC12CLockSelection default value on MP1 is applicable
2026-03-30 10:27:02,418 [INFO] Rule:233 - rule align RCC QSPICLockSelection default value on MP1 is applicable
2026-03-30 10:27:02,418 [INFO] Rule:233 - rule align RCC QSPICLockSelection default value on MP1 is applicable
2026-03-30 10:27:02,418 [INFO] Rule:233 - rule align RCC SPI6CLockSelection default value on MP1 is applicable
2026-03-30 10:27:02,418 [INFO] Rule:233 - rule align RCC LPTIM23CLockSelection default value on MP1 is applicable
2026-03-30 10:27:02,418 [INFO] Rule:233 - rule align RCC LPTIM1CLockSelection default value on MP1 is applicable
2026-03-30 10:27:02,418 [INFO] Rule:233 - rule align RCC USART1CLockSelection default value on MP1 is applicable
2026-03-30 10:27:02,418 [INFO] Rule:233 - rule align RCC USART24CLockSelection default value on MP1 is applicable
2026-03-30 10:27:02,418 [INFO] Rule:233 - rule align RCC USART6CLockSelection default value on MP1 is applicable
2026-03-30 10:27:02,418 [INFO] Rule:233 - rule align RCC UART78CLockSelection default value on MP1 is applicable
2026-03-30 10:27:02,418 [INFO] Rule:233 - rule align RCC USART35CLockSelection default value on MP1 is applicable
2026-03-30 10:27:02,418 [INFO] Rule:233 - rule align RCC SPI45CLockSelection default value on MP1 is applicable
2026-03-30 10:27:02,418 [INFO] Rule:233 - rule align RCC I2C46CLockSelection BCLK value on MP1 is applicable
2026-03-30 10:27:02,418 [INFO] Rule:233 - rule align RCC SPI45CLockSelection default value on MP1 is applicable
2026-03-30 10:27:02,418 [INFO] Rule:233 - rule align RCC I2C12CLockSelection default value on MP1 is applicable
2026-03-30 10:27:02,418 [INFO] Rule:233 - rule align RCC I2C35CLockSelection default value on MP1 is applicable
2026-03-30 10:27:02,418 [INFO] Rule:233 - rule align RCC LPTIM45CLockSelection default value on MP1 is applicable
2026-03-30 10:27:02,418 [INFO] Rule:233 - rule Rename DCMI PIXCK signal is applicable
2026-03-30 10:27:02,418 [INFO] Rule:233 - rule Change Default Value for I2C46CLockSelection MP1 family is applicable
2026-03-30 10:27:02,418 [INFO] Rule:233 - rule Change Default Value for UART for G4, G0 and WB families is applicable
2026-03-30 10:27:02,418 [INFO] Rule:233 - rule Change Default Value for USART for G4, G0 and WB families is applicable
2026-03-30 10:27:02,418 [INFO] Rule:233 - rule Change Default Value for USART for G4 family is applicable
2026-03-30 10:27:02,418 [INFO] Rule:233 - rule Change USART1CLockSelection refparam name for MP1 is applicable
2026-03-30 10:27:02,418 [INFO] Rule:233 - rule Change USART2CLockSelection refparam name for MP1 is applicable
2026-03-30 10:27:02,418 [INFO] Rule:233 - rule Change USART3CLockSelection refparam name for MP1 is applicable
2026-03-30 10:27:02,418 [INFO] Rule:233 - rule Change UART4CLockSelection refparam name for MP1 is applicable
2026-03-30 10:27:02,418 [INFO] Rule:233 - rule Change UART5CLockSelection refparam name for MP1 is applicable
2026-03-30 10:27:02,418 [INFO] Rule:233 - rule Change LPUART1CLockSelection refparam name for MP1 is applicable
2026-03-30 10:27:02,418 [INFO] Rule:233 - rule Change LPTIM1CLockSelection refparam name for MP1 is applicable
2026-03-30 10:27:02,418 [INFO] Rule:233 - rule Change LPTIM2CLockSelection refparam name for MP1 is applicable
2026-03-30 10:27:02,418 [INFO] Rule:233 - rule Change RCC_MCO1Source refparam name for MP1 is applicable
2026-03-30 10:27:02,418 [INFO] Rule:233 - rule Change LSCOSource1 refparam name for MP1 is applicable
2026-03-30 10:27:02,418 [INFO] Rule:233 - rule Change SMPSCLockSelection refparam name for MP1 is applicable
2026-03-30 10:27:02,418 [INFO] Rule:233 - rule Change LPTIM3CLockSelection refparam name for MP1 is applicable
2026-03-30 10:27:02,418 [INFO] Rule:233 - rule Change MPCBB* Default Template Mode to Parameters is applicable
2026-03-30 10:27:02,418 [INFO] Rule:233 - rule Change MPCWM* or MPCBB* Secure Mode to Parameters is applicable
2026-03-30 10:27:02,418 [INFO] Rule:233 - rule Change MPCWM* or MPCBB* No Secure Mode to Parameters is applicable
2026-03-30 10:27:02,418 [INFO] Rule:233 - rule Change TZSC IP Secure Mode to Parameters is applicable
2026-03-30 10:27:02,418 [INFO] Rule:233 - rule Change TZSC IP No Secure Mode to Parameters is applicable
2026-03-30 10:27:02,418 [INFO] Rule:233 - rule Change TZSC IP Privilege Mode to Parameters is applicable
2026-03-30 10:27:02,419 [INFO] Rule:233 - rule Change TZSC IP No Privilege Mode to Parameters is applicable
2026-03-30 10:27:02,419 [INFO] Rule:233 - rule Change TZIC IT Secure Mode to Parameters is applicable
2026-03-30 10:27:02,419 [INFO] Rule:233 - rule Change TZIC IT No Secure Mode to Parameters is applicable
2026-03-30 10:27:02,419 [INFO] Rule:233 - rule Add MPCBB1_NonSecureArea_Start_Address value with referenced to MPCBB1_NonSecureArea_Start value is applicable
2026-03-30 10:27:02,419 [INFO] Rule:233 - rule Add MPCBB2_NonSecureArea_Start_Address value with referenced to MPCBB2_NonSecureArea_Start value is applicable
2026-03-30 10:27:02,419 [INFO] Rule:233 - rule Add MPCWM1_NonSecureArea*_Start_Address value with referenced to MPCWM1_NonSecureArea*_Start value is applicable
2026-03-30 10:27:02,419 [INFO] Rule:233 - rule Add MPCWM2_NonSecureArea*_Start_Address value with referenced to MPCWM2_NonSecureArea*_Start value is applicable
2026-03-30 10:27:02,419 [INFO] Rule:233 - rule Add MPCWM3_NonSecureArea_Start_Address value with referenced to MPCWM3_NonSecureArea_Start value is applicable
2026-03-30 10:27:02,419 [INFO] Rule:233 - rule Change Default Value for PLL1UserDefinedConfig is applicable
2026-03-30 10:27:02,419 [INFO] Rule:233 - rule Change GPIO_PuPd Default Value for USART in async mode is applicable
2026-03-30 10:27:02,419 [INFO] Rule:233 - rule Change SMPSDivider Default Value is applicable
2026-03-30 10:27:02,419 [INFO] Rule:233 - rule OPAMP is applicable
2026-03-30 10:27:02,419 [INFO] Rule:233 - rule LPUART IPParameter rename Prescaler parameter to ClockPrescaler for STM32H7 is applicable
2026-03-30 10:27:02,419 [INFO] Rule:233 - rule LPUART IPParameter rename Prescaler parameter to ClockPrescaler for STM32H7 is applicable
2026-03-30 10:27:02,419 [INFO] Rule:233 - rule LPUART IPParameter rename Prescaler parameter to ClockPrescaler for STM32WB is applicable
2026-03-30 10:27:02,419 [INFO] Rule:233 - rule LPUART IPParameter rename Prescaler parameter to ClockPrescaler for STM32WB is applicable
2026-03-30 10:27:02,419 [INFO] Rule:233 - rule LPUART IPParameter rename Prescaler parameter to ClockPrescaler for STM32G4 is applicable
2026-03-30 10:27:02,419 [INFO] Rule:233 - rule LPUART IPParameter rename Prescaler parameter to ClockPrescaler for STM32G4 is applicable
2026-03-30 10:27:02,419 [INFO] Rule:233 - rule LPUART IPParameter rename Prescaler parameter to ClockPrescaler for STM32L5 is applicable
2026-03-30 10:27:02,419 [INFO] Rule:233 - rule LPUART IPParameter rename Prescaler parameter to ClockPrescaler for STM32L5 is applicable
2026-03-30 10:27:02,419 [INFO] Rule:233 - rule LPUART IPParameter rename Prescaler parameter to ClockPrescaler for STM32G4 is applicable
2026-03-30 10:27:02,419 [INFO] Rule:233 - rule LPUART IPParameter rename Prescaler parameter to ClockPrescaler for STM32G4 is applicable
2026-03-30 10:27:02,419 [INFO] Rule:233 - rule USB device lib V2.5.3 for L0 rename USBD_SUPPORT_USER_STRING parameter to USBD_SUPPORT_USER_STRING_DESC4 is applicable
2026-03-30 10:27:02,419 [INFO] Rule:233 - rule I2SCLockSelection clock entry align is applicable
2026-03-30 10:27:02,419 [INFO] Rule:233 - rule Assign TIMx context if used as SYS timebase is applicable
2026-03-30 10:27:02,419 [INFO] Rule:233 - rule Change GPIO_Pu Default Value for I2C is applicable
2026-03-30 10:27:02,419 [INFO] Rule:233 - rule Change GPIO_Pu Default Value for SMBus is applicable
2026-03-30 10:27:02,419 [INFO] Rule:233 - rule change FDCAN default value is applicable
2026-03-30 10:27:02,419 [INFO] Rule:233 - rule Change mode sai is applicable
2026-03-30 10:27:02,419 [INFO] Rule:233 - rule **Change sai mode is applicable
2026-03-30 10:27:02,419 [INFO] Rule:233 - rule Rename STM32WPAN CFG_BLE_IRK to CFG_BLE_IR is applicable
2026-03-30 10:27:02,419 [INFO] Rule:233 - rule Rename STM32WPAN CFG_BLE_ERK to CFG_BLE_ER is applicable
2026-03-30 10:27:02,419 [INFO] Rule:233 - rule Rename STM32WPAN CFG_BLE_IRK_HEX to CFG_BLE_IR_HEX is applicable
2026-03-30 10:27:02,419 [INFO] Rule:233 - rule Rename STM32WPAN CFG_BLE_ERK_HEX to CFG_BLE_ER_HEX is applicable
2026-03-30 10:27:02,419 [INFO] Rule:233 - rule Adapt Old IOC before rework replace old CORTEX_M33/CORTEX_M55 attributes by the new one. is applicable
2026-03-30 10:27:02,419 [INFO] Rule:233 - rule Rename parametre of RCC RCC_APBDBG_DIV2 to RCC_TIMPRES_DIV2 is applicable
2026-03-30 10:27:02,419 [INFO] Rule:233 - rule Rename DIE493 pin PA10 [PA12] -> PA10 is applicable
2026-03-30 10:27:02,419 [INFO] Rule:233 - rule Rename DIE493 pin PA9 [PA11] -> PA9 is applicable
2026-03-30 10:27:02,419 [INFO] Rule:233 - rule Rename DIE492 PartNumber CPN STM32WBA5MJGHx -> STM32WBA5MMGHx is applicable
2026-03-30 10:27:02,419 [INFO] Rule:233 - rule Rename DIE492 PartNumber  Name STM32WBA5MJGHx -> STM32WBA5MMGHx is applicable
2026-03-30 10:27:02,419 [INFO] Rule:233 - rule Rename DIE492 PartNumber UserName STM32WBA5MJGHx -> STM32WBA5MMGHx is applicable
2026-03-30 10:27:02,419 [INFO] Rule:233 - rule Rename DIE492 PartNumber DeviceId STM32WBA5MJGHx -> STM32WBA5MMGHx is applicable
2026-03-30 10:27:02,419 [INFO] Rule:233 - rule Adapt Old IOC CSI. is applicable
2026-03-30 10:27:02,419 [INFO] Rule:233 - rule Adapt Old IOC DCMIPP. is applicable
2026-03-30 10:27:02,419 [INFO] Rule:233 - rule Adapt Old IOC DCMIPP Mode Parallel. is applicable
2026-03-30 10:27:02,419 [INFO] Rule:233 - rule Adapt Old IOC LTDC. is applicable
2026-03-30 10:27:02,419 [INFO] Rule:233 - rule Rename STM32MP2 RIF Peripheral LTDC RIF.RISUP.LTDC_L0L1.Privilege -> RIF.RISUP.LTDC_L1L2.Privilege is applicable
2026-03-30 10:27:02,419 [INFO] Rule:233 - rule Rename STM32MP2 RIF Peripheral LTDC RIF.RISUP.LTDC_L0L1.Privilege -> RIF.RISUP.LTDC_L1L2.Privilege is applicable
2026-03-30 10:27:02,419 [INFO] Rule:233 - rule Rename STM32MP2 RIF Peripheral LTDC RIF.RISUP.LTDC_L0L1.Lock -> RIF.RISUP.LTDC_L1L2.Lock is applicable
2026-03-30 10:27:02,419 [INFO] Rule:233 - rule Rename STM32MP2 RIF Peripheral LTDC RIF.RISUP.LTDC_L2.Lock -> RIF.RISUP.LTDC_L3.Lock is applicable
2026-03-30 10:27:02,419 [INFO] Rule:233 - rule Adapt the old IOC example for updating the SYS when it is misconfigured. is applicable
2026-03-30 10:27:02,419 [INFO] Rule:233 - rule Rename STM32C09 Mcu.Package LQFP64 -> LQFP48 is applicable
2026-03-30 10:27:02,419 [INFO] Rule:233 - rule Adapt the old IOC example for updating the SYS when it is misconfigured. is applicable
2026-03-30 10:27:02,419 [INFO] Rule:233 - rule Adapt the old IOC example for updating the SYS when it is misconfigured. is applicable
2026-03-30 10:27:02,433 [INFO] DbConfProperties:307 - Apply Compatibility (38/250 Rules)
2026-03-30 10:27:02,460 [INFO] ImportTextPane:234 - (OptionalMessage_ERROR) Unable to find key (Mcu.ThirdPartyNb) in loaded IOC file
2026-03-30 10:27:02,462 [INFO] ImportTextPane:234 - (OptionalMessage_ERROR) Pin34 (VP_RIF_VS_RIF1) cannot be retrieved for this MCU
2026-03-30 10:27:02,521 [INFO] RtosManager:558 - Registered RTOS mode: class=CMSIS, group=RTOS, mode=CMSIS_V1, owner=FREERTOS
2026-03-30 10:27:02,521 [INFO] RtosManager:558 - Registered RTOS mode: class=CMSIS, group=RTOS2, mode=CMSIS_V2, owner=FREERTOS
2026-03-30 10:27:02,521 [INFO] RtosManager:558 - Registered RTOS mode: class=RTOS, group=Core, mode=CMSIS_V1, owner=FREERTOS
2026-03-30 10:27:02,521 [INFO] RtosManager:558 - Registered RTOS mode: class=RTOS, group=Core, mode=CMSIS_V2, owner=FREERTOS
2026-03-30 10:27:02,521 [WARN] ModelIntegratedComponent:184 - Missing modes for component STMicroelectronics:FreeRTOS:0.0.1:STMicroelectronics:RTOS:FreeRTOS:Core:::10.2.0:
2026-03-30 10:27:02,537 [WARN] ModelIntegratedComponent:63 - No mode defined for component null
2026-03-30 10:27:02,537 [WARN] ModelIntegratedComponent:63 - No mode defined for component null
2026-03-30 10:27:02,537 [WARN] ModelIntegratedComponent:63 - No mode defined for component null
2026-03-30 10:27:02,537 [WARN] ModelIntegratedComponent:63 - No mode defined for component null
2026-03-30 10:27:02,537 [WARN] ModelIntegratedComponent:63 - No mode defined for component null
2026-03-30 10:27:02,537 [WARN] ModelIntegratedComponent:63 - No mode defined for component null
2026-03-30 10:27:02,537 [WARN] ModelIntegratedComponent:63 - No mode defined for component null
2026-03-30 10:27:02,537 [WARN] ModelIntegratedComponent:63 - No mode defined for component null
2026-03-30 10:27:02,537 [WARN] ModelIntegratedComponent:63 - No mode defined for component null
2026-03-30 10:27:02,537 [WARN] ModelIntegratedComponent:63 - No mode defined for component null
2026-03-30 10:27:02,537 [WARN] ModelIntegratedComponent:63 - No mode defined for component null
2026-03-30 10:27:02,537 [WARN] ModelIntegratedComponent:63 - No mode defined for component null
2026-03-30 10:27:02,537 [WARN] ModelIntegratedComponent:63 - No mode defined for component null
2026-03-30 10:27:02,537 [WARN] ModelIntegratedComponent:63 - No mode defined for component null
2026-03-30 10:27:02,537 [WARN] ModelIntegratedComponent:63 - No mode defined for component null
2026-03-30 10:27:02,537 [WARN] ModelIntegratedComponent:63 - No mode defined for component null
2026-03-30 10:27:02,537 [WARN] ModelIntegratedComponent:63 - No mode defined for component null
2026-03-30 10:27:02,537 [WARN] ModelIntegratedComponent:63 - No mode defined for component null
2026-03-30 10:27:02,537 [WARN] ModelIntegratedComponent:63 - No mode defined for component null
2026-03-30 10:27:02,537 [WARN] ModelIntegratedComponent:63 - No mode defined for component null
2026-03-30 10:27:02,537 [WARN] ModelIntegratedComponent:63 - No mode defined for component null
2026-03-30 10:27:02,537 [WARN] ModelIntegratedComponent:63 - No mode defined for component null
2026-03-30 10:27:02,537 [WARN] ModelIntegratedComponent:63 - No mode defined for component null
2026-03-30 10:27:02,537 [WARN] ModelIntegratedComponent:63 - No mode defined for component null
2026-03-30 10:27:02,537 [WARN] ModelIntegratedComponent:63 - No mode defined for component null
2026-03-30 10:27:02,537 [WARN] ModelIntegratedComponent:63 - No mode defined for component null
2026-03-30 10:27:02,537 [WARN] ModelIntegratedComponent:63 - No mode defined for component null
2026-03-30 10:27:02,537 [WARN] ModelIntegratedComponent:63 - No mode defined for component null
2026-03-30 10:27:02,537 [WARN] ModelIntegratedComponent:63 - No mode defined for component null
2026-03-30 10:27:02,537 [WARN] ModelIntegratedComponent:63 - No mode defined for component null
2026-03-30 10:27:02,537 [WARN] ModelIntegratedComponent:63 - No mode defined for component null
2026-03-30 10:27:02,537 [WARN] ModelIntegratedComponent:63 - No mode defined for component null
2026-03-30 10:27:02,537 [WARN] ModelIntegratedComponent:63 - No mode defined for component null
2026-03-30 10:27:02,537 [WARN] ModelIntegratedComponent:63 - No mode defined for component null
2026-03-30 10:27:02,537 [WARN] ModelIntegratedComponent:63 - No mode defined for component null
2026-03-30 10:27:02,537 [WARN] ModelPack:524 - Component already loaded: STMicroelectronics:HAL Drivers:0.0.0:STMicroelectronics:Device:STMicro_Driver:XSPI:HAL::0.0.1:HAL_XSPI
2026-03-30 10:27:03,054 [INFO] ThirdPartyModel:298 - Start build external matchings
2026-03-30 10:27:04,443 [INFO] ThirdPartyModel:316 - End build external matchings
2026-03-30 10:27:04,590 [INFO] UtilMem:75 - End LoadConfig() Used Memory: 664624592 Bytes (1073741824)
2026-03-30 10:27:04,729 [WARN] ThirdParty:833 - waiting for thirdparty lock release [change project]
2026-03-30 10:27:04,729 [INFO] ThirdParty:835 - entering critical section [change project]
2026-03-30 10:27:04,730 [INFO] ThirdParty:1030 - CMSIS Pack Vendor :STMicroelectronics X-CUBE-PM33A1 1.0.0
2026-03-30 10:27:04,730 [INFO] ThirdParty:1030 - CMSIS Pack Vendor :STMicroelectronics USBPD 4.1
2026-03-30 10:27:04,730 [INFO] ThirdParty:1030 - CMSIS Pack Vendor :STMicroelectronics USB_HOST 2.0.0
2026-03-30 10:27:04,730 [INFO] ThirdParty:1030 - CMSIS Pack Vendor :STMicroelectronics FP-SNS-MOTENVWB1 1.4.0
2026-03-30 10:27:04,730 [INFO] ThirdParty:1030 - CMSIS Pack Vendor :STMicroelectronics X-CUBE-AZRTOS-F4 1.1.0
2026-03-30 10:27:04,730 [INFO] ThirdParty:1030 - CMSIS Pack Vendor :STMicroelectronics LIBJPEG 8.0.0
2026-03-30 10:27:04,730 [INFO] ThirdParty:1030 - CMSIS Pack Vendor :STMicroelectronics FP-ATR-ASTRA1 2.0.2
2026-03-30 10:27:04,730 [INFO] ThirdParty:1030 - CMSIS Pack Vendor :Avnet-IotConnect X-CUBE-IoTC-DA16k-PMOD 1.0.0
2026-03-30 10:27:04,730 [INFO] ThirdParty:1030 - CMSIS Pack Vendor :STMicroelectronics X-CUBE-SMBUS 2.1.0
2026-03-30 10:27:04,730 [INFO] ThirdParty:1030 - CMSIS Pack Vendor :STMicroelectronics X-CUBE-ISPU 2.1.0
2026-03-30 10:27:04,730 [INFO] ThirdParty:1030 - CMSIS Pack Vendor :STMicroelectronics X-CUBE-IPS 3.2.0
2026-03-30 10:27:04,730 [INFO] ThirdParty:1030 - CMSIS Pack Vendor :STMicroelectronics X-CUBE-ST60 1.0.0
2026-03-30 10:27:04,730 [INFO] ThirdParty:1030 - CMSIS Pack Vendor :STMicroelectronics X-CUBE-NFC12 1.0.0
2026-03-30 10:27:04,730 [INFO] ThirdParty:1030 - CMSIS Pack Vendor :STMicroelectronics X-CUBE-AZRTOS-F7 1.1.0
2026-03-30 10:27:04,730 [INFO] ThirdParty:1030 - CMSIS Pack Vendor :STMicroelectronics X-CUBE-AZRTOS-L5 2.0.0
2026-03-30 10:27:04,730 [INFO] ThirdParty:1030 - CMSIS Pack Vendor :STMicroelectronics USB_DEVICE 2.0.0
2026-03-30 10:27:04,730 [INFO] ThirdParty:1030 - CMSIS Pack Vendor :STMicroelectronics X-CUBE-NFC6 3.1.0
2026-03-30 10:27:04,730 [INFO] ThirdParty:1030 - CMSIS Pack Vendor :STMicroelectronics FP-SNS-MOTENV1 5.1.0
2026-03-30 10:27:04,730 [INFO] ThirdParty:1030 - CMSIS Pack Vendor :STMicroelectronics FreeRTOS 0.0.1
2026-03-30 10:27:04,730 [INFO] ThirdParty:1030 - CMSIS Pack Vendor :Infineon AIROC-Wi-Fi-Bluetooth-STM32 1.7.1
2026-03-30 10:27:04,730 [INFO] ThirdParty:1030 - CMSIS Pack Vendor :STMicroelectronics PDM2PCM 3.3.0
2026-03-30 10:27:04,730 [INFO] ThirdParty:1030 - CMSIS Pack Vendor :STMicroelectronics X-CUBE-AZRTOS-H7 3.4.0
2026-03-30 10:27:04,730 [INFO] ThirdParty:1030 - CMSIS Pack Vendor :STMicroelectronics X-CUBE-DISPLAY 3.0.0
2026-03-30 10:27:04,730 [INFO] ThirdParty:1030 - CMSIS Pack Vendor :STMicroelectronics FP-SNS-MOTENVWB1 1.5.0
2026-03-30 10:27:04,730 [INFO] ThirdParty:1030 - CMSIS Pack Vendor :STMicroelectronics X-CUBE-NFC10 1.0.0
2026-03-30 10:27:04,730 [INFO] ThirdParty:1030 - CMSIS Pack Vendor :STMicroelectronics X-CUBE-BLEMGR 4.0.0
2026-03-30 10:27:04,730 [INFO] ThirdParty:1030 - CMSIS Pack Vendor :STMicroelectronics X-CUBE-FREERTOS 1.3.1
2026-03-30 10:27:04,730 [INFO] ThirdParty:1030 - CMSIS Pack Vendor :STMicroelectronics HAL Drivers 0.0.0
2026-03-30 10:27:04,730 [INFO] ThirdParty:1030 - CMSIS Pack Vendor :STMicroelectronics X-CUBE-ST60 1.1.0
2026-03-30 10:27:04,730 [INFO] ThirdParty:1030 - CMSIS Pack Vendor :emotas I-CUBE-CANOPEN 1.3.0
2026-03-30 10:27:04,730 [INFO] ThirdParty:1030 - CMSIS Pack Vendor :STMicroelectronics MBEDTLS 2.14.1
2026-03-30 10:27:04,730 [INFO] ThirdParty:1030 - CMSIS Pack Vendor :STMicroelectronics X-CUBE-GNSS1 7.1.0
2026-03-30 10:27:04,730 [INFO] ThirdParty:1030 - CMSIS Pack Vendor :STMicroelectronics X-CUBE-TOUCHGFX 4.26.0
2026-03-30 10:27:04,730 [INFO] ThirdParty:1030 - CMSIS Pack Vendor :quantropi X-CUBE-qispace-sdk-base 2.0.0
2026-03-30 10:27:04,730 [INFO] ThirdParty:1030 - CMSIS Pack Vendor :STMicroelectronics FP-SNS-STBOX1 2.1.0
2026-03-30 10:27:04,730 [INFO] ThirdParty:1030 - CMSIS Pack Vendor :STMicroelectronics FP-SNS-STAIOTCFT 1.0.0
2026-03-30 10:27:04,730 [INFO] ThirdParty:1030 - CMSIS Pack Vendor :STMicroelectronics FP-SNS-SMARTAG2 1.2.0
2026-03-30 10:27:04,730 [INFO] ThirdParty:1030 - CMSIS Pack Vendor :STMicroelectronics FP-SNS-FLIGHT1 5.1.0
2026-03-30 10:27:04,730 [INFO] ThirdParty:1030 - CMSIS Pack Vendor :STMicroelectronics X-CUBE-AZRTOS-WL 2.0.0
2026-03-30 10:27:04,730 [INFO] ThirdParty:1030 - CMSIS Pack Vendor :STMicroelectronics X-CUBE-DPower 1.3.0
2026-03-30 10:27:04,730 [INFO] ThirdParty:1030 - CMSIS Pack Vendor :STMicroelectronics FP-SNS-MOTENV1 5.0.0
2026-03-30 10:27:04,730 [INFO] ThirdParty:1030 - CMSIS Pack Vendor :STMicroelectronics USB_DEVICE 1.0.0
2026-03-30 10:27:04,730 [INFO] ThirdParty:1030 - CMSIS Pack Vendor :STMicroelectronics X-CUBE-AZRTOS-H7RS 1.2.0
2026-03-30 10:27:04,730 [INFO] ThirdParty:1030 - CMSIS Pack Vendor :STMicroelectronics X-CUBE-AZRTOS-L4 2.0.0
2026-03-30 10:27:04,730 [INFO] ThirdParty:1030 - CMSIS Pack Vendor :STMicroelectronics ThreadX 0.0.2
2026-03-30 10:27:04,730 [INFO] ThirdParty:1030 - CMSIS Pack Vendor :WES I-CUBE-Cesium 1.3.0
2026-03-30 10:27:04,730 [INFO] ThirdParty:1030 - CMSIS Pack Vendor :STMicroelectronics lwIP 2.1.2
2026-03-30 10:27:04,730 [INFO] ThirdParty:1030 - CMSIS Pack Vendor :STMicroelectronics X-CUBE-SFXS2LP1 4.0.0
2026-03-30 10:27:04,730 [INFO] ThirdParty:1030 - CMSIS Pack Vendor :STMicroelectronics X-CUBE-BLE2 3.3.0
2026-03-30 10:27:04,730 [INFO] ThirdParty:1030 - CMSIS Pack Vendor :Avnet-IOTCONNECT X-CUBE-iotc-st67-sdk 1.0.0
2026-03-30 10:27:04,730 [INFO] ThirdParty:1030 - CMSIS Pack Vendor :STMicroelectronics PDM2PCM 3.2.0
2026-03-30 10:27:04,730 [INFO] ThirdParty:1030 - CMSIS Pack Vendor :STMicroelectronics X-CUBE-ST67W61 1.2.0
2026-03-30 10:27:04,730 [INFO] ThirdParty:1030 - CMSIS Pack Vendor :STMicroelectronics X-CUBE-NFC9 1.0.0
2026-03-30 10:27:04,730 [INFO] ThirdParty:1030 - CMSIS Pack Vendor :wolfSSL I-CUBE-wolfSSL 5.8.0
2026-03-30 10:27:04,730 [INFO] ThirdParty:1030 - CMSIS Pack Vendor :STMicroelectronics X-CUBE-BLE1 7.1.0
2026-03-30 10:27:04,730 [INFO] ThirdParty:1030 - CMSIS Pack Vendor :wolfSSL I-CUBE-wolfMQTT 1.19.2
2026-03-30 10:27:04,730 [INFO] ThirdParty:1030 - CMSIS Pack Vendor :STMicroelectronics USB_DEVICE 3.0.0
2026-03-30 10:27:04,730 [INFO] ThirdParty:1030 - CMSIS Pack Vendor :STMicroelectronics X-CUBE-FREERTOS 1.4.0
2026-03-30 10:27:04,730 [INFO] ThirdParty:1030 - CMSIS Pack Vendor :STMicroelectronics X-CUBE-EEPRMA1 5.2.0
2026-03-30 10:27:04,730 [INFO] ThirdParty:1030 - CMSIS Pack Vendor :STMicroelectronics X-CUBE-BLEMGR 4.1.0
2026-03-30 10:27:04,730 [INFO] ThirdParty:1030 - CMSIS Pack Vendor :STMicroelectronics X-CUBE-AZRTOS-WB 2.0.0
2026-03-30 10:27:04,730 [INFO] ThirdParty:1030 - CMSIS Pack Vendor :STMicroelectronics X-CUBE-GNSS1 7.0.1
2026-03-30 10:27:04,730 [INFO] ThirdParty:1030 - CMSIS Pack Vendor :STMicroelectronics X-CUBE-TOUCHGFX 4.25.0
2026-03-30 10:27:04,730 [INFO] ThirdParty:1030 - CMSIS Pack Vendor :STMicroelectronics X-CUBE-ST67W61 1.1.0
2026-03-30 10:27:04,730 [INFO] ThirdParty:1030 - CMSIS Pack Vendor :STMicroelectronics X-CUBE-AI 10.1.0
2026-03-30 10:27:04,730 [INFO] ThirdParty:1030 - CMSIS Pack Vendor :STMicroelectronics FP-SNS-STBOX1 2.0.0
2026-03-30 10:27:04,730 [INFO] ThirdParty:1030 - CMSIS Pack Vendor :STMicroelectronics X-CUBE-MEMS1 12.0.0
2026-03-30 10:27:04,730 [INFO] ThirdParty:1030 - CMSIS Pack Vendor :STMicroelectronics X-CUBE-STSE01 2.0.0
2026-03-30 10:27:04,730 [INFO] ThirdParty:1030 - CMSIS Pack Vendor :STMicroelectronics X-CUBE-AZRTOS-G0 1.1.0
2026-03-30 10:27:04,730 [INFO] ThirdParty:1030 - CMSIS Pack Vendor :STMicroelectronics X-CUBE-SAFEA1 1.2.2
2026-03-30 10:27:04,730 [INFO] ThirdParty:1030 - CMSIS Pack Vendor :STMicroelectronics X-CUBE-NFC4 3.0.0
2026-03-30 10:27:04,730 [INFO] ThirdParty:1030 - CMSIS Pack Vendor :STMicroelectronics X-CUBE-SUBG2 5.0.0
2026-03-30 10:27:04,730 [INFO] ThirdParty:1030 - CMSIS Pack Vendor :STMicroelectronics X-CUBE-AZRTOS-H7RS 1.1.0
2026-03-30 10:27:04,730 [INFO] ThirdParty:1030 - CMSIS Pack Vendor :STMicroelectronics STM32_WPAN 1.0.0
2026-03-30 10:27:04,730 [INFO] ThirdParty:1030 - CMSIS Pack Vendor :EmbeddedOffice I-CUBE-FS-RTOS 1.0.1
2026-03-30 10:27:04,730 [INFO] ThirdParty:1030 - CMSIS Pack Vendor :STMicroelectronics lwIP 2.0.3
2026-03-30 10:27:04,730 [INFO] ThirdParty:1030 - CMSIS Pack Vendor :Cesanta I-CUBE-Mongoose 7.13.0
2026-03-30 10:27:04,730 [INFO] ThirdParty:1030 - CMSIS Pack Vendor :STMicroelectronics USB_HOST 1.0.0
2026-03-30 10:27:04,730 [INFO] ThirdParty:1030 - CMSIS Pack Vendor :STMicroelectronics X-CUBE-AZRTOS-G4 2.0.0
2026-03-30 10:27:04,731 [INFO] ThirdParty:1030 - CMSIS Pack Vendor :STMicroelectronics X-CUBE-WB05N 2.0.0
2026-03-30 10:27:04,731 [INFO] ThirdParty:1030 - CMSIS Pack Vendor :STMicroelectronics PDM2PCM 3.1.0
2026-03-30 10:27:04,731 [INFO] ThirdParty:1030 - CMSIS Pack Vendor :wolfSSL I-CUBE-wolfTPM 3.8.0
2026-03-30 10:27:04,731 [INFO] ThirdParty:1030 - CMSIS Pack Vendor :wolfSSL I-CUBE-wolfSSH 1.4.20
2026-03-30 10:27:04,731 [INFO] ThirdParty:1030 - CMSIS Pack Vendor :STMicroelectronics X-CUBE-NFC7 2.0.0
2026-03-30 10:27:04,731 [INFO] ThirdParty:1030 - CMSIS Pack Vendor :STMicroelectronics X-CUBE-TCPP 4.2.0
2026-03-30 10:27:04,731 [INFO] ThirdParty:1030 - CMSIS Pack Vendor :RealThread X-CUBE-RT-Thread_Nano 4.1.1
2026-03-30 10:27:04,731 [INFO] ThirdParty:1030 - CMSIS Pack Vendor :STMicroelectronics FP-ATR-SIGFOX1 3.2.0
2026-03-30 10:27:04,731 [INFO] ThirdParty:1030 - CMSIS Pack Vendor :STMicroelectronics X-CUBE-EEPRMA1 5.1.0
2026-03-30 10:27:04,731 [INFO] ThirdParty:1030 - CMSIS Pack Vendor :STMicroelectronics MBEDTLS 2.16.2
2026-03-30 10:27:04,731 [INFO] ThirdParty:1030 - CMSIS Pack Vendor :STMicroelectronics X-CUBE-IPS 3.1.0
2026-03-30 10:27:04,731 [INFO] ThirdParty:1030 - CMSIS Pack Vendor :STMicroelectronics X-CUBE-ALS 1.0.2
2026-03-30 10:27:04,731 [INFO] ThirdParty:1030 - CMSIS Pack Vendor :ITTIA_DB I-CUBE-ITTIADB 8.9.0
2026-03-30 10:27:04,731 [INFO] ThirdParty:1030 - CMSIS Pack Vendor :STMicroelectronics X-CUBE-STSE01 1.0.0
2026-03-30 10:27:04,731 [INFO] ThirdParty:1030 - CMSIS Pack Vendor :portGmbH I-Cube-SoM-uGOAL 1.1.0
2026-03-30 10:27:04,731 [INFO] ThirdParty:1030 - CMSIS Pack Vendor :STMicroelectronics X-CUBE-NFC6 3.2.0
2026-03-30 10:27:04,731 [INFO] ThirdParty:1030 - CMSIS Pack Vendor :STMicroelectronics X-CUBE-ST67W61 1.0.0
2026-03-30 10:27:04,731 [INFO] ThirdParty:1030 - CMSIS Pack Vendor :STMicroelectronics X-CUBE-AI 10.2.0
2026-03-30 10:27:04,731 [INFO] ThirdParty:1030 - CMSIS Pack Vendor :STMicroelectronics ThreadX 1.0.0
2026-03-30 10:27:04,731 [INFO] ThirdParty:1030 - CMSIS Pack Vendor :SEGGER I-CUBE-embOS 1.3.1
2026-03-30 10:27:04,731 [INFO] ThirdParty:1030 - CMSIS Pack Vendor :STMicroelectronics X-CUBE-ALGOBUILD 1.4.0
2026-03-30 10:27:04,731 [INFO] ThirdParty:1030 - CMSIS Pack Vendor :STMicroelectronics X-CUBE-MEMS1 11.3.0
2026-03-30 10:27:04,731 [INFO] ThirdParty:1030 - CMSIS Pack Vendor :STMicroelectronics X-CUBE-TOF1 3.4.3
2026-03-30 10:27:04,731 [INFO] ThirdParty:841 - exiting critical section [change project]
2026-03-30 10:27:04,992 [INFO] PinOutPanel:1589 - setPackage(No Configuration,No Configuration)
2026-03-30 10:27:04,993 [INFO] PinOutPanel:1589 - setPackage(STM32F407VGTx,LQFP100)
2026-03-30 10:27:05,189 [INFO] UtilMem:75 - Before build in PCC Used Memory: 831168632 Bytes (1073741824)
2026-03-30 10:27:05,333 [INFO] UtilMem:75 - After build in PCC Used Memory: 878880904 Bytes (1073741824)
2026-03-30 10:27:05,355 [INFO] IPUIPlugin:80 - create IPUIPlugin
2026-03-30 10:27:05,355 [INFO] IPUIPlugin:80 - create IPUIPlugin
2026-03-30 10:27:05,356 [INFO] IPUIPlugin:80 - create IPUIPlugin
2026-03-30 10:27:05,356 [INFO] IPUIPlugin:80 - create IPUIPlugin
2026-03-30 10:27:05,356 [INFO] IPUIPlugin:80 - create IPUIPlugin
2026-03-30 10:27:05,356 [INFO] IPUIPlugin:80 - create IPUIPlugin
2026-03-30 10:27:05,356 [INFO] IPUIPlugin:80 - create IPUIPlugin
2026-03-30 10:27:05,356 [INFO] IPUIPlugin:80 - create IPUIPlugin
2026-03-30 10:27:05,356 [INFO] IPUIPlugin:80 - create IPUIPlugin
2026-03-30 10:27:05,357 [INFO] IPUIPlugin:80 - create IPUIPlugin
2026-03-30 10:27:05,357 [INFO] IPUIPlugin:80 - create IPUIPlugin
2026-03-30 10:27:05,357 [INFO] IPUIPlugin:80 - create IPUIPlugin
2026-03-30 10:27:05,357 [INFO] IPUIPlugin:80 - create IPUIPlugin
2026-03-30 10:27:05,357 [INFO] IPUIPlugin:80 - create IPUIPlugin
2026-03-30 10:27:05,357 [INFO] IPUIPlugin:80 - create IPUIPlugin
2026-03-30 10:27:05,357 [INFO] IPUIPlugin:80 - create IPUIPlugin
2026-03-30 10:27:05,357 [INFO] IPUIPlugin:80 - create IPUIPlugin
2026-03-30 10:27:05,358 [INFO] IPUIPlugin:80 - create IPUIPlugin
2026-03-30 10:27:05,358 [INFO] IPUIPlugin:80 - create IPUIPlugin
2026-03-30 10:27:05,358 [INFO] IPUIPlugin:80 - create IPUIPlugin
2026-03-30 10:27:05,358 [INFO] IPUIPlugin:80 - create IPUIPlugin
2026-03-30 10:27:05,358 [INFO] IPUIPlugin:80 - create IPUIPlugin
2026-03-30 10:27:05,359 [INFO] IPUIPlugin:80 - create IPUIPlugin
2026-03-30 10:27:05,359 [INFO] IPUIPlugin:80 - create IPUIPlugin
2026-03-30 10:27:05,359 [INFO] IPUIPlugin:80 - create IPUIPlugin
2026-03-30 10:27:05,359 [INFO] IPUIPlugin:80 - create IPUIPlugin
2026-03-30 10:27:05,359 [INFO] IPUIPlugin:80 - create IPUIPlugin
2026-03-30 10:27:05,359 [INFO] IPUIPlugin:80 - create IPUIPlugin
2026-03-30 10:27:05,359 [INFO] IPUIPlugin:80 - create IPUIPlugin
2026-03-30 10:27:05,360 [INFO] IPUIPlugin:80 - create IPUIPlugin
2026-03-30 10:27:05,360 [INFO] IPUIPlugin:80 - create IPUIPlugin
2026-03-30 10:27:05,360 [INFO] IPUIPlugin:80 - create IPUIPlugin
2026-03-30 10:27:05,360 [INFO] IPUIPlugin:80 - create IPUIPlugin
2026-03-30 10:27:05,360 [INFO] IPUIPlugin:80 - create IPUIPlugin
2026-03-30 10:27:05,360 [INFO] IPUIPlugin:80 - create IPUIPlugin
2026-03-30 10:27:05,360 [INFO] IPUIPlugin:80 - create IPUIPlugin
2026-03-30 10:27:05,360 [INFO] IPUIPlugin:80 - create IPUIPlugin
2026-03-30 10:27:05,360 [INFO] IPUIPlugin:80 - create IPUIPlugin
2026-03-30 10:27:05,361 [INFO] IPUIPlugin:80 - create IPUIPlugin
2026-03-30 10:27:05,361 [INFO] IPUIPlugin:80 - create IPUIPlugin
2026-03-30 10:27:05,361 [INFO] IPUIPlugin:80 - create IPUIPlugin
2026-03-30 10:27:05,361 [INFO] IPUIPlugin:80 - create IPUIPlugin
2026-03-30 10:27:05,361 [INFO] IPUIPlugin:80 - create IPUIPlugin
2026-03-30 10:27:05,361 [INFO] IPUIPlugin:80 - create IPUIPlugin
2026-03-30 10:27:05,362 [INFO] IPUIPlugin:80 - create IPUIPlugin
2026-03-30 10:27:05,362 [INFO] IPUIPlugin:80 - create IPUIPlugin
2026-03-30 10:27:05,362 [INFO] IPUIPlugin:80 - create IPUIPlugin
2026-03-30 10:27:05,362 [INFO] IPUIPlugin:80 - create IPUIPlugin
2026-03-30 10:27:05,362 [INFO] IPUIPlugin:80 - create IPUIPlugin
2026-03-30 10:27:05,362 [INFO] IPUIPlugin:80 - create IPUIPlugin
2026-03-30 10:27:05,362 [INFO] IPUIPlugin:80 - create IPUIPlugin
2026-03-30 10:27:05,362 [INFO] IPUIPlugin:80 - create IPUIPlugin
2026-03-30 10:27:05,362 [INFO] IPUIPlugin:80 - create IPUIPlugin
2026-03-30 10:27:05,363 [INFO] IPUIPlugin:80 - create IPUIPlugin
2026-03-30 10:27:05,363 [INFO] IPUIPlugin:80 - create IPUIPlugin
2026-03-30 10:27:05,363 [INFO] IPUIPlugin:80 - create IPUIPlugin
2026-03-30 10:27:05,363 [INFO] IPUIPlugin:80 - create IPUIPlugin
2026-03-30 10:27:05,363 [INFO] IPUIPlugin:80 - create IPUIPlugin
2026-03-30 10:27:05,366 [INFO] ApiDbMcu:532 - Load IP Config File for PDM2PCM
2026-03-30 10:27:05,389 [INFO] CADModel:165 - CPN selected for project levelSTM32F407VGT6
2026-03-30 10:27:05,389 [INFO] CADModel:114 - Register for checkConnection events
2026-03-30 10:27:05,427 [INFO] OpenFileManager:386 - Restore cursor
2026-03-30 10:27:05,719 [INFO] UtilMem:75 - End SaveConfig() Used Memory: 973472984 Bytes (1073741824)
2026-03-30 10:27:05,774 [INFO] UtilMem:75 - End SaveConfig() Used Memory: 994441240 Bytes (1073741824)
2026-03-30 10:27:06,257 [INFO] BlockDiagram:2775 - set Specific Code input for plugin: SYS
2026-03-30 10:27:06,257 [INFO] BlockDiagram:2775 - set Specific Code input for plugin: RCC
2026-03-30 10:27:06,257 [INFO] BlockDiagram:2775 - set Specific Code input for plugin: NVIC
2026-03-30 10:27:06,257 [INFO] BlockDiagram:2775 - set Specific Code input for plugin: GPIO
2026-03-30 10:27:06,257 [INFO] CodeGenerator:892 - code generatio: config db path: /opt/st/stm32cubeide_1.19.0/plugins/com.st.stm32cube.common.mx_6.15.0.202507011659//db/
2026-03-30 10:27:06,661 [INFO] CodeEngine:265 - oldGeneratedFile, /home/sunbeam/Desktop/workspace/RTOS_workspace/007LED_Btn_ISR/MXTmpFiles/license.tmp_save
2026-03-30 10:27:06,845 [INFO] CodeEngine:289 - Generated code: /home/sunbeam/Desktop/workspace/RTOS_workspace/007LED_Btn_ISR/MXTmpFiles/license.tmp
2026-03-30 10:27:06,893 [INFO] CodeEngine:265 - oldGeneratedFile, /home/sunbeam/Desktop/workspace/RTOS_workspace/007LED_Btn_ISR/MXTmpFiles/gpio.tmp_save
2026-03-30 10:27:07,042 [INFO] CodeEngine:289 - Generated code: /home/sunbeam/Desktop/workspace/RTOS_workspace/007LED_Btn_ISR/MXTmpFiles/gpio.tmp
2026-03-30 10:27:07,066 [INFO] CodeEngine:265 - oldGeneratedFile, /home/sunbeam/Desktop/workspace/RTOS_workspace/007LED_Btn_ISR/Core/Src/stm32f4xx_it.c_save
2026-03-30 10:27:07,273 [INFO] CodeEngine:289 - Generated code: /home/sunbeam/Desktop/workspace/RTOS_workspace/007LED_Btn_ISR/Core/Src/stm32f4xx_it.c
2026-03-30 10:27:07,274 [INFO] CodeEngine:265 - oldGeneratedFile, /home/sunbeam/Desktop/workspace/RTOS_workspace/007LED_Btn_ISR/Core/Inc/stm32f4xx_it.h_save
2026-03-30 10:27:07,368 [INFO] CodeEngine:289 - Generated code: /home/sunbeam/Desktop/workspace/RTOS_workspace/007LED_Btn_ISR/Core/Inc/stm32f4xx_it.h
2026-03-30 10:27:07,372 [INFO] CodeEngine:265 - oldGeneratedFile, /home/sunbeam/Desktop/workspace/RTOS_workspace/007LED_Btn_ISR/Core/Src/stm32f4xx_hal_msp.c_save
2026-03-30 10:27:07,513 [INFO] CodeEngine:289 - Generated code: /home/sunbeam/Desktop/workspace/RTOS_workspace/007LED_Btn_ISR/Core/Src/stm32f4xx_hal_msp.c
2026-03-30 10:27:07,514 [INFO] CodeEngine:265 - oldGeneratedFile, /home/sunbeam/Desktop/workspace/RTOS_workspace/007LED_Btn_ISR/MXTmpFiles/system.tmp_save
2026-03-30 10:27:07,631 [INFO] CodeEngine:289 - Generated code: /home/sunbeam/Desktop/workspace/RTOS_workspace/007LED_Btn_ISR/MXTmpFiles/system.tmp
2026-03-30 10:27:07,635 [INFO] CodeEngine:321 - oldGeneratedFile, /home/sunbeam/Desktop/workspace/RTOS_workspace/007LED_Btn_ISR/Core/Inc/stm32f4xx_hal_conf.h_save
2026-03-30 10:27:07,725 [INFO] CodeEngine:345 - Generated code: /home/sunbeam/Desktop/workspace/RTOS_workspace/007LED_Btn_ISR/Core/Inc/stm32f4xx_hal_conf.h
2026-03-30 10:27:07,742 [INFO] ApiDbMcu:532 - Load IP Config File for RCC
2026-03-30 10:27:07,744 [INFO] CodeEngine:265 - oldGeneratedFile, /home/sunbeam/Desktop/workspace/RTOS_workspace/007LED_Btn_ISR/Core/Inc/main.h_save
2026-03-30 10:27:07,870 [INFO] CodeEngine:289 - Generated code: /home/sunbeam/Desktop/workspace/RTOS_workspace/007LED_Btn_ISR/Core/Inc/main.h
2026-03-30 10:27:07,873 [INFO] CodeEngine:265 - oldGeneratedFile, /home/sunbeam/Desktop/workspace/RTOS_workspace/007LED_Btn_ISR/Core/Src/main.c_save
2026-03-30 10:27:08,031 [INFO] CodeEngine:289 - Generated code: /home/sunbeam/Desktop/workspace/RTOS_workspace/007LED_Btn_ISR/Core/Src/main.c
2026-03-30 10:27:09,171 [INFO] ProjectBuilder:3606 - Time for Copy HAL[1] : 11mS.
2026-03-30 10:27:09,172 [INFO] ProjectBuilder:5216 - Project Generator version: 4.7.0-B52
2026-03-30 10:27:09,313 [INFO] ConfigFileManager:1595 - The Die is : DIE413
2026-03-30 10:27:09,315 [INFO] ApiDbMcu:532 - Load IP Config File for FATFS
2026-03-30 10:27:09,318 [INFO] ApiDbMcu:532 - Load IP Config File for FREERTOS
2026-03-30 10:27:09,319 [INFO] ApiDbMcu:532 - Load IP Config File for LIBJPEG
2026-03-30 10:27:09,324 [INFO] ApiDbMcu:532 - Load IP Config File for LWIP
2026-03-30 10:27:09,327 [INFO] ApiDbMcu:532 - Load IP Config File for MBEDTLS
2026-03-30 10:27:09,332 [INFO] ApiDbMcu:532 - Load IP Config File for USB_DEVICE
2026-03-30 10:27:09,334 [INFO] ApiDbMcu:532 - Load IP Config File for USB_HOST
2026-03-30 10:27:10,482 [INFO] ProjectBuilder:5496 - Time for Generating toolchain IDE Files: 1309mS.
2026-03-30 10:27:10,482 [INFO] ProjectBuilder:3463 - Time for Copy CMSIS : 0mS.
2026-03-30 10:27:10,483 [INFO] ProjectBuilder:3463 - Time for Copy CMSIS : 1mS.
2026-03-30 10:27:11,686 [INFO] McuFinderGlobals:76 - Set McuFinderConnectedMode to true
2026-03-30 10:27:11,689 [INFO] ApiDb:448 - Save user favorites file /home/sunbeam/.stm32cubeide/favorites.mcus.txt: 0 item(s)
2026-03-30 10:27:11,689 [INFO] ApiDb:452 - User favorites MCUs=[]
2026-03-30 10:27:11,691 [INFO] ApiDb:448 - Save user favorites file /home/sunbeam/.stm32cubeide/favorites.boards.txt: 1 item(s)
2026-03-30 10:27:11,691 [INFO] ApiDb:452 - User favorites Boards=[STM32F407G-DISC1]
2026-03-30 10:28:07,261 [INFO] Gpio:278 - dependency for GPIO []
2026-03-30 10:28:13,931 [INFO] UtilMem:75 - End SaveConfig() Used Memory: 625536272 Bytes (1073741824)
2026-03-30 10:28:17,015 [INFO] UtilMem:75 - End SaveConfig() Used Memory: 653847824 Bytes (1073741824)
2026-03-30 10:28:19,673 [INFO] UtilMem:75 - End SaveConfig() Used Memory: 686875920 Bytes (1073741824)
2026-03-30 10:28:20,048 [INFO] BlockDiagram:2775 - set Specific Code input for plugin: SYS
2026-03-30 10:28:20,048 [INFO] BlockDiagram:2775 - set Specific Code input for plugin: RCC
2026-03-30 10:28:20,048 [INFO] BlockDiagram:2775 - set Specific Code input for plugin: NVIC
2026-03-30 10:28:20,049 [INFO] BlockDiagram:2775 - set Specific Code input for plugin: GPIO
2026-03-30 10:28:20,049 [INFO] CodeGenerator:892 - code generatio: config db path: /opt/st/stm32cubeide_1.19.0/plugins/com.st.stm32cube.common.mx_6.15.0.202507011659//db/
2026-03-30 10:28:20,119 [INFO] CodeEngine:265 - oldGeneratedFile, /home/sunbeam/Desktop/workspace/RTOS_workspace/007LED_Btn_ISR/MXTmpFiles/license.tmp_save
2026-03-30 10:28:20,310 [INFO] CodeEngine:289 - Generated code: /home/sunbeam/Desktop/workspace/RTOS_workspace/007LED_Btn_ISR/MXTmpFiles/license.tmp
2026-03-30 10:28:20,355 [INFO] CodeEngine:265 - oldGeneratedFile, /home/sunbeam/Desktop/workspace/RTOS_workspace/007LED_Btn_ISR/MXTmpFiles/gpio.tmp_save
2026-03-30 10:28:20,501 [INFO] CodeEngine:289 - Generated code: /home/sunbeam/Desktop/workspace/RTOS_workspace/007LED_Btn_ISR/MXTmpFiles/gpio.tmp
2026-03-30 10:28:20,527 [INFO] CodeEngine:265 - oldGeneratedFile, /home/sunbeam/Desktop/workspace/RTOS_workspace/007LED_Btn_ISR/Core/Src/stm32f4xx_it.c_save
2026-03-30 10:28:20,658 [INFO] CodeEngine:289 - Generated code: /home/sunbeam/Desktop/workspace/RTOS_workspace/007LED_Btn_ISR/Core/Src/stm32f4xx_it.c
2026-03-30 10:28:20,660 [INFO] CodeEngine:265 - oldGeneratedFile, /home/sunbeam/Desktop/workspace/RTOS_workspace/007LED_Btn_ISR/Core/Inc/stm32f4xx_it.h_save
2026-03-30 10:28:20,762 [INFO] CodeEngine:289 - Generated code: /home/sunbeam/Desktop/workspace/RTOS_workspace/007LED_Btn_ISR/Core/Inc/stm32f4xx_it.h
2026-03-30 10:28:20,766 [INFO] CodeEngine:265 - oldGeneratedFile, /home/sunbeam/Desktop/workspace/RTOS_workspace/007LED_Btn_ISR/Core/Src/stm32f4xx_hal_msp.c_save
2026-03-30 10:28:20,920 [INFO] CodeEngine:289 - Generated code: /home/sunbeam/Desktop/workspace/RTOS_workspace/007LED_Btn_ISR/Core/Src/stm32f4xx_hal_msp.c
2026-03-30 10:28:20,922 [INFO] CodeEngine:265 - oldGeneratedFile, /home/sunbeam/Desktop/workspace/RTOS_workspace/007LED_Btn_ISR/MXTmpFiles/system.tmp_save
2026-03-30 10:28:21,030 [INFO] CodeEngine:289 - Generated code: /home/sunbeam/Desktop/workspace/RTOS_workspace/007LED_Btn_ISR/MXTmpFiles/system.tmp
2026-03-30 10:28:21,031 [INFO] CodeEngine:265 - oldGeneratedFile, /home/sunbeam/Desktop/workspace/RTOS_workspace/007LED_Btn_ISR/Core/Src/stm32f4xx_hal_timebase_tim.c_save
2026-03-30 10:28:21,134 [INFO] CodeEngine:289 - Generated code: /home/sunbeam/Desktop/workspace/RTOS_workspace/007LED_Btn_ISR/Core/Src/stm32f4xx_hal_timebase_tim.c
2026-03-30 10:28:21,139 [INFO] CodeEngine:321 - oldGeneratedFile, /home/sunbeam/Desktop/workspace/RTOS_workspace/007LED_Btn_ISR/Core/Inc/stm32f4xx_hal_conf.h_save
2026-03-30 10:28:21,255 [INFO] CodeEngine:345 - Generated code: /home/sunbeam/Desktop/workspace/RTOS_workspace/007LED_Btn_ISR/Core/Inc/stm32f4xx_hal_conf.h
2026-03-30 10:28:21,285 [INFO] CodeEngine:265 - oldGeneratedFile, /home/sunbeam/Desktop/workspace/RTOS_workspace/007LED_Btn_ISR/Core/Inc/main.h_save
2026-03-30 10:28:21,391 [INFO] CodeEngine:289 - Generated code: /home/sunbeam/Desktop/workspace/RTOS_workspace/007LED_Btn_ISR/Core/Inc/main.h
2026-03-30 10:28:21,393 [INFO] CodeEngine:265 - oldGeneratedFile, /home/sunbeam/Desktop/workspace/RTOS_workspace/007LED_Btn_ISR/Core/Src/main.c_save
2026-03-30 10:28:21,537 [INFO] CodeEngine:289 - Generated code: /home/sunbeam/Desktop/workspace/RTOS_workspace/007LED_Btn_ISR/Core/Src/main.c
2026-03-30 10:28:21,700 [INFO] ProjectBuilder:3606 - Time for Copy HAL[1] : 15mS.
2026-03-30 10:28:21,701 [INFO] ProjectBuilder:5216 - Project Generator version: 4.7.0-B52
2026-03-30 10:28:21,794 [INFO] ConfigFileManager:1595 - The Die is : DIE413
2026-03-30 10:28:22,508 [INFO] ProjectBuilder:5496 - Time for Generating toolchain IDE Files: 806mS.
2026-03-30 10:28:22,508 [INFO] ProjectBuilder:3463 - Time for Copy CMSIS : 0mS.
2026-03-30 10:28:22,509 [INFO] ProjectBuilder:3463 - Time for Copy CMSIS : 0mS.
2026-03-30 10:34:55,574 [INFO] MainUpdater:2872 - connection check result : 10
2026-03-30 10:34:55,575 [INFO] MainUpdater:2872 - connection check result : 10
2026-03-30 10:34:55,599 [INFO] MicroXplorer:468 - Change Database Path : 
2026-03-30 10:34:55,599 [INFO] MicroXplorer:498 - Change Database Version : DB.6.0.150
2026-03-30 10:34:55,611 [ERROR] ProjectManagerView:395 - 
java.lang.NullPointerException: Cannot invoke "javax.swing.JTextField.getText()" because the return value of "java.util.List.get(int)" is null
	at com.st.microxplorer.plugins.projectmanager.gui.ProjectChoiceTab$9.caretUpdate(ProjectChoiceTab.java:2706) ~[filemanager.jar:?]
	at javax.swing.text.JTextComponent.fireCaretUpdate(JTextComponent.java:408) ~[?:?]
	at javax.swing.text.JTextComponent$MutableCaretEvent.fire(JTextComponent.java:4484) ~[?:?]
	at javax.swing.text.JTextComponent$MutableCaretEvent.stateChanged(JTextComponent.java:4506) ~[?:?]
	at javax.swing.text.DefaultCaret.fireStateChanged(DefaultCaret.java:857) ~[?:?]
	at javax.swing.text.DefaultCaret.changeCaretPosition(DefaultCaret.java:1343) ~[?:?]
	at javax.swing.text.DefaultCaret.handleSetDot(DefaultCaret.java:1242) ~[?:?]
	at javax.swing.text.DefaultCaret.setDot(DefaultCaret.java:1223) ~[?:?]
	at javax.swing.text.DefaultCaret$Handler.insertUpdate(DefaultCaret.java:1819) ~[?:?]
	at javax.swing.text.AbstractDocument.fireInsertUpdate(AbstractDocument.java:227) ~[?:?]
	at javax.swing.text.AbstractDocument.handleInsertString(AbstractDocument.java:781) ~[?:?]
	at javax.swing.text.AbstractDocument.insertString(AbstractDocument.java:740) ~[?:?]
	at javax.swing.text.PlainDocument.insertString(PlainDocument.java:131) ~[?:?]
	at javax.swing.text.AbstractDocument.replace(AbstractDocument.java:699) ~[?:?]
	at javax.swing.text.JTextComponent.setText(JTextComponent.java:1725) ~[?:?]
	at com.st.microxplorer.plugins.projectmanager.gui.ProjectChoiceTab.createHeapStackFields(ProjectChoiceTab.java:993) ~[filemanager.jar:?]
	at com.st.microxplorer.plugins.projectmanager.gui.ProjectChoiceTab.buildLinkSettingsPanel(ProjectChoiceTab.java:3813) ~[filemanager.jar:?]
	at com.st.microxplorer.plugins.projectmanager.gui.ProjectChoiceTab.defineWindowsFields(ProjectChoiceTab.java:1987) ~[filemanager.jar:?]
	at com.st.microxplorer.plugins.projectmanager.gui.ProjectChoiceTab.updateSettings(ProjectChoiceTab.java:558) ~[filemanager.jar:?]
	at com.st.microxplorer.plugins.projectmanager.gui.ProjectSettingsPanel.UpdateDialog(ProjectSettingsPanel.java:247) ~[filemanager.jar:?]
	at com.st.microxplorer.plugins.projectmanager.ProjectManagerView.propertyChange(ProjectManagerView.java:392) ~[filemanager.jar:?]
	at java.beans.PropertyChangeSupport.fire(PropertyChangeSupport.java:343) ~[?:?]
	at java.beans.PropertyChangeSupport.firePropertyChange(PropertyChangeSupport.java:335) ~[?:?]
	at java.beans.PropertyChangeSupport.firePropertyChange(PropertyChangeSupport.java:268) ~[?:?]
	at com.st.microxplorer.util.MXPropertyChangeSupport.firePropertyChange(MXPropertyChangeSupport.java:54) ~[STM32CubeMX.jar:?]
	at com.st.microxplorer.mxsystem.MxSystem.closeConfig(MxSystem.java:899) ~[STM32CubeMX.jar:?]
	at com.st.microxplorer.maingui.MainPanel.closeConfig(MainPanel.java:792) ~[STM32CubeMX.jar:?]
	at com.st.microxplorer.plugins.filemanager.engine.OpenFileManager.loadConfigurationFile(OpenFileManager.java:288) ~[filemanager.jar:?]
	at com.st.microxplorer.plugins.filemanager.engine.MainFileManager.userLoadConfig(MainFileManager.java:364) ~[filemanager.jar:?]
	at com.st.microxplorer.plugins.filemanager.engine.MainFileManager.userLoadConfig(MainFileManager.java:342) ~[filemanager.jar:?]
	at com.st.microxplorer.plugins.filemanager.FileManagerView.getSpecificTask(FileManagerView.java:264) ~[filemanager.jar:?]
	at com.st.stm32cube.common.mx.editor.CubeMxEditor.getMxTabbedPaneInstance(CubeMxEditor.java:1198) ~[com.st.stm32cube.common.mx_6.15.0.202507011659/:?]
	at com.st.stm32cube.common.mx.editor.CubeMxEditor$12$1.createSwingComponent(CubeMxEditor.java:1068) ~[com.st.stm32cube.common.mx_6.15.0.202507011659/:?]
	at com.st.stm32cube.common.mx.oss.core.awtswtbridge.EmbeddedSwingComposite.doComponentCreation(EmbeddedSwingComposite.java:492) ~[com.st.stm32cube.common.mx.oss_6.15.0.202507011659/:?]
	at com.st.stm32cube.common.mx.oss.core.awtswtbridge.EmbeddedSwingComposite$4.run(EmbeddedSwingComposite.java:291) ~[com.st.stm32cube.common.mx.oss_6.15.0.202507011659/:?]
	at com.st.stm32cube.common.mx.oss.core.awtswtbridge.AwtEnvironment$2.run(AwtEnvironment.java:166) ~[com.st.stm32cube.common.mx.oss_6.15.0.202507011659/:?]
	at java.awt.event.InvocationEvent.dispatch(InvocationEvent.java:318) ~[?:?]
	at java.awt.EventQueue.dispatchEventImpl(EventQueue.java:773) ~[?:?]
	at java.awt.EventQueue$4.run(EventQueue.java:720) ~[?:?]
	at java.awt.EventQueue$4.run(EventQueue.java:714) ~[?:?]
	at java.security.AccessController.doPrivileged(AccessController.java:400) ~[?:?]
	at java.security.ProtectionDomain$JavaSecurityAccessImpl.doIntersectionPrivilege(ProtectionDomain.java:87) ~[?:?]
	at java.awt.EventQueue.dispatchEvent(EventQueue.java:742) ~[?:?]
	at java.awt.EventDispatchThread.pumpOneEventForFilters(EventDispatchThread.java:203) ~[?:?]
	at java.awt.EventDispatchThread.pumpEventsForFilter(EventDispatchThread.java:124) ~[?:?]
	at java.awt.EventDispatchThread.pumpEventsForHierarchy(EventDispatchThread.java:113) ~[?:?]
	at java.awt.EventDispatchThread.pumpEvents(EventDispatchThread.java:109) ~[?:?]
	at java.awt.EventDispatchThread.pumpEvents(EventDispatchThread.java:101) ~[?:?]
	at java.awt.EventDispatchThread.run(EventDispatchThread.java:90) ~[?:?]
2026-03-30 10:34:55,612 [WARN] ThirdParty:871 - waiting for thirdparty lock release [close project]
2026-03-30 10:34:55,613 [INFO] ThirdParty:873 - entering critical section [close project]
2026-03-30 10:34:55,613 [INFO] ThirdParty:883 - exiting critical section [close project]
2026-03-30 10:34:55,615 [INFO] PinOutPanel:1589 - setPackage(No Configuration,No Configuration)
2026-03-30 10:34:55,622 [WARN] IpParametersView:155 - Warning: This peripheral hasn't parameters
2026-03-30 10:34:55,627 [WARN] MainPanel:289 - <html><b><center>Warning: This peripheral has no parameters to be configured<br></b></html>
2026-03-30 10:34:55,630 [INFO] UtilMem:75 - Begin LoadConfig() Used Memory: 740278512 Bytes (1073741824)
2026-03-30 10:34:55,631 [INFO] MicroXplorer:468 - Change Database Path : 
2026-03-30 10:34:55,631 [INFO] MicroXplorer:498 - Change Database Version : DB.6.0.150
2026-03-30 10:34:55,631 [INFO] OpenFileManager:355 - Change cursor
2026-03-30 10:34:55,655 [INFO] RulesReader:64 - Compatibility file has been processed (317 Rules)
2026-03-30 10:34:55,659 [INFO] Mcu:2029 - Initializing MCU STM32F407V(E-G)Tx STM32F407VGTx STM32F407VGT6
2026-03-30 10:34:56,615 [INFO] Context:786 - Trying to add GPIOservice into a context  which must be forbidden
2026-03-30 10:34:57,183 [INFO] ImportTextPane:234 - (OptionalMessage_ERROR) Pin36 (VP_RIF_VS_RIF1) cannot be retrieved for this MCU
2026-03-30 10:34:57,222 [INFO] RtosManager:558 - Registered RTOS mode: class=CMSIS, group=RTOS, mode=CMSIS_V1, owner=FREERTOS
2026-03-30 10:34:57,222 [INFO] RtosManager:558 - Registered RTOS mode: class=CMSIS, group=RTOS2, mode=CMSIS_V2, owner=FREERTOS
2026-03-30 10:34:57,222 [INFO] RtosManager:558 - Registered RTOS mode: class=RTOS, group=Core, mode=CMSIS_V1, owner=FREERTOS
2026-03-30 10:34:57,222 [INFO] RtosManager:558 - Registered RTOS mode: class=RTOS, group=Core, mode=CMSIS_V2, owner=FREERTOS
2026-03-30 10:34:57,222 [WARN] ModelIntegratedComponent:184 - Missing modes for component STMicroelectronics:FreeRTOS:0.0.1:STMicroelectronics:RTOS:FreeRTOS:Core:::10.2.0:
2026-03-30 10:34:57,227 [WARN] ModelIntegratedComponent:63 - No mode defined for component null
2026-03-30 10:34:57,227 [WARN] ModelIntegratedComponent:63 - No mode defined for component null
2026-03-30 10:34:57,227 [WARN] ModelIntegratedComponent:63 - No mode defined for component null
2026-03-30 10:34:57,228 [WARN] ModelIntegratedComponent:63 - No mode defined for component null
2026-03-30 10:34:57,228 [WARN] ModelIntegratedComponent:63 - No mode defined for component null
2026-03-30 10:34:57,228 [WARN] ModelIntegratedComponent:63 - No mode defined for component null
2026-03-30 10:34:57,228 [WARN] ModelIntegratedComponent:63 - No mode defined for component null
2026-03-30 10:34:57,228 [WARN] ModelIntegratedComponent:63 - No mode defined for component null
2026-03-30 10:34:57,228 [WARN] ModelIntegratedComponent:63 - No mode defined for component null
2026-03-30 10:34:57,228 [WARN] ModelIntegratedComponent:63 - No mode defined for component null
2026-03-30 10:34:57,228 [WARN] ModelIntegratedComponent:63 - No mode defined for component null
2026-03-30 10:34:57,228 [WARN] ModelIntegratedComponent:63 - No mode defined for component null
2026-03-30 10:34:57,228 [WARN] ModelIntegratedComponent:63 - No mode defined for component null
2026-03-30 10:34:57,228 [WARN] ModelIntegratedComponent:63 - No mode defined for component null
2026-03-30 10:34:57,228 [WARN] ModelIntegratedComponent:63 - No mode defined for component null
2026-03-30 10:34:57,228 [WARN] ModelIntegratedComponent:63 - No mode defined for component null
2026-03-30 10:34:57,228 [WARN] ModelIntegratedComponent:63 - No mode defined for component null
2026-03-30 10:34:57,228 [WARN] ModelIntegratedComponent:63 - No mode defined for component null
2026-03-30 10:34:57,228 [WARN] ModelIntegratedComponent:63 - No mode defined for component null
2026-03-30 10:34:57,228 [WARN] ModelIntegratedComponent:63 - No mode defined for component null
2026-03-30 10:34:57,228 [WARN] ModelIntegratedComponent:63 - No mode defined for component null
2026-03-30 10:34:57,228 [WARN] ModelIntegratedComponent:63 - No mode defined for component null
2026-03-30 10:34:57,228 [WARN] ModelIntegratedComponent:63 - No mode defined for component null
2026-03-30 10:34:57,228 [WARN] ModelIntegratedComponent:63 - No mode defined for component null
2026-03-30 10:34:57,228 [WARN] ModelIntegratedComponent:63 - No mode defined for component null
2026-03-30 10:34:57,228 [WARN] ModelIntegratedComponent:63 - No mode defined for component null
2026-03-30 10:34:57,228 [WARN] ModelIntegratedComponent:63 - No mode defined for component null
2026-03-30 10:34:57,228 [WARN] ModelIntegratedComponent:63 - No mode defined for component null
2026-03-30 10:34:57,228 [WARN] ModelIntegratedComponent:63 - No mode defined for component null
2026-03-30 10:34:57,228 [WARN] ModelIntegratedComponent:63 - No mode defined for component null
2026-03-30 10:34:57,229 [WARN] ModelIntegratedComponent:63 - No mode defined for component null
2026-03-30 10:34:57,229 [WARN] ModelIntegratedComponent:63 - No mode defined for component null
2026-03-30 10:34:57,229 [WARN] ModelIntegratedComponent:63 - No mode defined for component null
2026-03-30 10:34:57,229 [WARN] ModelIntegratedComponent:63 - No mode defined for component null
2026-03-30 10:34:57,229 [WARN] ModelIntegratedComponent:63 - No mode defined for component null
2026-03-30 10:34:57,229 [WARN] ModelPack:524 - Component already loaded: STMicroelectronics:HAL Drivers:0.0.0:STMicroelectronics:Device:STMicro_Driver:XSPI:HAL::0.0.1:HAL_XSPI
2026-03-30 10:34:57,368 [INFO] ThirdPartyModel:298 - Start build external matchings
2026-03-30 10:34:58,257 [INFO] ThirdPartyModel:316 - End build external matchings
2026-03-30 10:34:58,439 [INFO] UtilMem:75 - End LoadConfig() Used Memory: 447186520 Bytes (1073741824)
2026-03-30 10:34:58,448 [WARN] ThirdParty:833 - waiting for thirdparty lock release [change project]
2026-03-30 10:34:58,448 [INFO] ThirdParty:835 - entering critical section [change project]
2026-03-30 10:34:58,448 [INFO] ThirdParty:1030 - CMSIS Pack Vendor :STMicroelectronics X-CUBE-PM33A1 1.0.0
2026-03-30 10:34:58,448 [INFO] ThirdParty:1030 - CMSIS Pack Vendor :STMicroelectronics USBPD 4.1
2026-03-30 10:34:58,448 [INFO] ThirdParty:1030 - CMSIS Pack Vendor :STMicroelectronics USB_HOST 2.0.0
2026-03-30 10:34:58,448 [INFO] ThirdParty:1030 - CMSIS Pack Vendor :STMicroelectronics FP-SNS-MOTENVWB1 1.4.0
2026-03-30 10:34:58,448 [INFO] ThirdParty:1030 - CMSIS Pack Vendor :STMicroelectronics X-CUBE-AZRTOS-F4 1.1.0
2026-03-30 10:34:58,448 [INFO] ThirdParty:1030 - CMSIS Pack Vendor :STMicroelectronics LIBJPEG 8.0.0
2026-03-30 10:34:58,448 [INFO] ThirdParty:1030 - CMSIS Pack Vendor :STMicroelectronics FP-ATR-ASTRA1 2.0.2
2026-03-30 10:34:58,448 [INFO] ThirdParty:1030 - CMSIS Pack Vendor :Avnet-IotConnect X-CUBE-IoTC-DA16k-PMOD 1.0.0
2026-03-30 10:34:58,448 [INFO] ThirdParty:1030 - CMSIS Pack Vendor :STMicroelectronics X-CUBE-SMBUS 2.1.0
2026-03-30 10:34:58,448 [INFO] ThirdParty:1030 - CMSIS Pack Vendor :STMicroelectronics X-CUBE-ISPU 2.1.0
2026-03-30 10:34:58,448 [INFO] ThirdParty:1030 - CMSIS Pack Vendor :STMicroelectronics X-CUBE-IPS 3.2.0
2026-03-30 10:34:58,449 [INFO] ThirdParty:1030 - CMSIS Pack Vendor :STMicroelectronics X-CUBE-ST60 1.0.0
2026-03-30 10:34:58,449 [INFO] ThirdParty:1030 - CMSIS Pack Vendor :STMicroelectronics X-CUBE-NFC12 1.0.0
2026-03-30 10:34:58,449 [INFO] ThirdParty:1030 - CMSIS Pack Vendor :STMicroelectronics X-CUBE-AZRTOS-F7 1.1.0
2026-03-30 10:34:58,449 [INFO] ThirdParty:1030 - CMSIS Pack Vendor :STMicroelectronics X-CUBE-AZRTOS-L5 2.0.0
2026-03-30 10:34:58,449 [INFO] ThirdParty:1030 - CMSIS Pack Vendor :STMicroelectronics USB_DEVICE 2.0.0
2026-03-30 10:34:58,449 [INFO] ThirdParty:1030 - CMSIS Pack Vendor :STMicroelectronics X-CUBE-NFC6 3.1.0
2026-03-30 10:34:58,449 [INFO] ThirdParty:1030 - CMSIS Pack Vendor :STMicroelectronics FP-SNS-MOTENV1 5.1.0
2026-03-30 10:34:58,449 [INFO] ThirdParty:1030 - CMSIS Pack Vendor :STMicroelectronics FreeRTOS 0.0.1
2026-03-30 10:34:58,449 [INFO] ThirdParty:1030 - CMSIS Pack Vendor :Infineon AIROC-Wi-Fi-Bluetooth-STM32 1.7.1
2026-03-30 10:34:58,449 [INFO] ThirdParty:1030 - CMSIS Pack Vendor :STMicroelectronics PDM2PCM 3.3.0
2026-03-30 10:34:58,449 [INFO] ThirdParty:1030 - CMSIS Pack Vendor :STMicroelectronics X-CUBE-AZRTOS-H7 3.4.0
2026-03-30 10:34:58,449 [INFO] ThirdParty:1030 - CMSIS Pack Vendor :STMicroelectronics X-CUBE-DISPLAY 3.0.0
2026-03-30 10:34:58,449 [INFO] ThirdParty:1030 - CMSIS Pack Vendor :STMicroelectronics FP-SNS-MOTENVWB1 1.5.0
2026-03-30 10:34:58,449 [INFO] ThirdParty:1030 - CMSIS Pack Vendor :STMicroelectronics X-CUBE-NFC10 1.0.0
2026-03-30 10:34:58,449 [INFO] ThirdParty:1030 - CMSIS Pack Vendor :STMicroelectronics X-CUBE-BLEMGR 4.0.0
2026-03-30 10:34:58,449 [INFO] ThirdParty:1030 - CMSIS Pack Vendor :STMicroelectronics X-CUBE-FREERTOS 1.3.1
2026-03-30 10:34:58,449 [INFO] ThirdParty:1030 - CMSIS Pack Vendor :STMicroelectronics HAL Drivers 0.0.0
2026-03-30 10:34:58,449 [INFO] ThirdParty:1030 - CMSIS Pack Vendor :STMicroelectronics X-CUBE-ST60 1.1.0
2026-03-30 10:34:58,449 [INFO] ThirdParty:1030 - CMSIS Pack Vendor :emotas I-CUBE-CANOPEN 1.3.0
2026-03-30 10:34:58,449 [INFO] ThirdParty:1030 - CMSIS Pack Vendor :STMicroelectronics MBEDTLS 2.14.1
2026-03-30 10:34:58,450 [INFO] ThirdParty:1030 - CMSIS Pack Vendor :STMicroelectronics X-CUBE-GNSS1 7.1.0
2026-03-30 10:34:58,450 [INFO] ThirdParty:1030 - CMSIS Pack Vendor :STMicroelectronics X-CUBE-TOUCHGFX 4.26.0
2026-03-30 10:34:58,450 [INFO] ThirdParty:1030 - CMSIS Pack Vendor :quantropi X-CUBE-qispace-sdk-base 2.0.0
2026-03-30 10:34:58,450 [INFO] ThirdParty:1030 - CMSIS Pack Vendor :STMicroelectronics FP-SNS-STBOX1 2.1.0
2026-03-30 10:34:58,450 [INFO] ThirdParty:1030 - CMSIS Pack Vendor :STMicroelectronics FP-SNS-STAIOTCFT 1.0.0
2026-03-30 10:34:58,450 [INFO] ThirdParty:1030 - CMSIS Pack Vendor :STMicroelectronics FP-SNS-SMARTAG2 1.2.0
2026-03-30 10:34:58,450 [INFO] ThirdParty:1030 - CMSIS Pack Vendor :STMicroelectronics FP-SNS-FLIGHT1 5.1.0
2026-03-30 10:34:58,450 [INFO] ThirdParty:1030 - CMSIS Pack Vendor :STMicroelectronics X-CUBE-AZRTOS-WL 2.0.0
2026-03-30 10:34:58,450 [INFO] ThirdParty:1030 - CMSIS Pack Vendor :STMicroelectronics X-CUBE-DPower 1.3.0
2026-03-30 10:34:58,450 [INFO] ThirdParty:1030 - CMSIS Pack Vendor :STMicroelectronics FP-SNS-MOTENV1 5.0.0
2026-03-30 10:34:58,450 [INFO] ThirdParty:1030 - CMSIS Pack Vendor :STMicroelectronics USB_DEVICE 1.0.0
2026-03-30 10:34:58,450 [INFO] ThirdParty:1030 - CMSIS Pack Vendor :STMicroelectronics X-CUBE-AZRTOS-H7RS 1.2.0
2026-03-30 10:34:58,450 [INFO] ThirdParty:1030 - CMSIS Pack Vendor :STMicroelectronics X-CUBE-AZRTOS-L4 2.0.0
2026-03-30 10:34:58,450 [INFO] ThirdParty:1030 - CMSIS Pack Vendor :STMicroelectronics ThreadX 0.0.2
2026-03-30 10:34:58,450 [INFO] ThirdParty:1030 - CMSIS Pack Vendor :WES I-CUBE-Cesium 1.3.0
2026-03-30 10:34:58,450 [INFO] ThirdParty:1030 - CMSIS Pack Vendor :STMicroelectronics lwIP 2.1.2
2026-03-30 10:34:58,450 [INFO] ThirdParty:1030 - CMSIS Pack Vendor :STMicroelectronics X-CUBE-SFXS2LP1 4.0.0
2026-03-30 10:34:58,450 [INFO] ThirdParty:1030 - CMSIS Pack Vendor :STMicroelectronics X-CUBE-BLE2 3.3.0
2026-03-30 10:34:58,450 [INFO] ThirdParty:1030 - CMSIS Pack Vendor :Avnet-IOTCONNECT X-CUBE-iotc-st67-sdk 1.0.0
2026-03-30 10:34:58,450 [INFO] ThirdParty:1030 - CMSIS Pack Vendor :STMicroelectronics PDM2PCM 3.2.0
2026-03-30 10:34:58,450 [INFO] ThirdParty:1030 - CMSIS Pack Vendor :STMicroelectronics X-CUBE-ST67W61 1.2.0
2026-03-30 10:34:58,450 [INFO] ThirdParty:1030 - CMSIS Pack Vendor :STMicroelectronics X-CUBE-NFC9 1.0.0
2026-03-30 10:34:58,450 [INFO] ThirdParty:1030 - CMSIS Pack Vendor :wolfSSL I-CUBE-wolfSSL 5.8.0
2026-03-30 10:34:58,450 [INFO] ThirdParty:1030 - CMSIS Pack Vendor :STMicroelectronics X-CUBE-BLE1 7.1.0
2026-03-30 10:34:58,450 [INFO] ThirdParty:1030 - CMSIS Pack Vendor :wolfSSL I-CUBE-wolfMQTT 1.19.2
2026-03-30 10:34:58,450 [INFO] ThirdParty:1030 - CMSIS Pack Vendor :STMicroelectronics USB_DEVICE 3.0.0
2026-03-30 10:34:58,450 [INFO] ThirdParty:1030 - CMSIS Pack Vendor :STMicroelectronics X-CUBE-FREERTOS 1.4.0
2026-03-30 10:34:58,450 [INFO] ThirdParty:1030 - CMSIS Pack Vendor :STMicroelectronics X-CUBE-EEPRMA1 5.2.0
2026-03-30 10:34:58,451 [INFO] ThirdParty:1030 - CMSIS Pack Vendor :STMicroelectronics X-CUBE-BLEMGR 4.1.0
2026-03-30 10:34:58,451 [INFO] ThirdParty:1030 - CMSIS Pack Vendor :STMicroelectronics X-CUBE-AZRTOS-WB 2.0.0
2026-03-30 10:34:58,451 [INFO] ThirdParty:1030 - CMSIS Pack Vendor :STMicroelectronics X-CUBE-GNSS1 7.0.1
2026-03-30 10:34:58,451 [INFO] ThirdParty:1030 - CMSIS Pack Vendor :STMicroelectronics X-CUBE-TOUCHGFX 4.25.0
2026-03-30 10:34:58,451 [INFO] ThirdParty:1030 - CMSIS Pack Vendor :STMicroelectronics X-CUBE-ST67W61 1.1.0
2026-03-30 10:34:58,451 [INFO] ThirdParty:1030 - CMSIS Pack Vendor :STMicroelectronics X-CUBE-AI 10.1.0
2026-03-30 10:34:58,451 [INFO] ThirdParty:1030 - CMSIS Pack Vendor :STMicroelectronics FP-SNS-STBOX1 2.0.0
2026-03-30 10:34:58,451 [INFO] ThirdParty:1030 - CMSIS Pack Vendor :STMicroelectronics X-CUBE-MEMS1 12.0.0
2026-03-30 10:34:58,451 [INFO] ThirdParty:1030 - CMSIS Pack Vendor :STMicroelectronics X-CUBE-STSE01 2.0.0
2026-03-30 10:34:58,451 [INFO] ThirdParty:1030 - CMSIS Pack Vendor :STMicroelectronics X-CUBE-AZRTOS-G0 1.1.0
2026-03-30 10:34:58,451 [INFO] ThirdParty:1030 - CMSIS Pack Vendor :STMicroelectronics X-CUBE-SAFEA1 1.2.2
2026-03-30 10:34:58,451 [INFO] ThirdParty:1030 - CMSIS Pack Vendor :STMicroelectronics X-CUBE-NFC4 3.0.0
2026-03-30 10:34:58,451 [INFO] ThirdParty:1030 - CMSIS Pack Vendor :STMicroelectronics X-CUBE-SUBG2 5.0.0
2026-03-30 10:34:58,451 [INFO] ThirdParty:1030 - CMSIS Pack Vendor :STMicroelectronics X-CUBE-AZRTOS-H7RS 1.1.0
2026-03-30 10:34:58,451 [INFO] ThirdParty:1030 - CMSIS Pack Vendor :STMicroelectronics STM32_WPAN 1.0.0
2026-03-30 10:34:58,451 [INFO] ThirdParty:1030 - CMSIS Pack Vendor :EmbeddedOffice I-CUBE-FS-RTOS 1.0.1
2026-03-30 10:34:58,451 [INFO] ThirdParty:1030 - CMSIS Pack Vendor :STMicroelectronics lwIP 2.0.3
2026-03-30 10:34:58,451 [INFO] ThirdParty:1030 - CMSIS Pack Vendor :Cesanta I-CUBE-Mongoose 7.13.0
2026-03-30 10:34:58,451 [INFO] ThirdParty:1030 - CMSIS Pack Vendor :STMicroelectronics USB_HOST 1.0.0
2026-03-30 10:34:58,451 [INFO] ThirdParty:1030 - CMSIS Pack Vendor :STMicroelectronics X-CUBE-AZRTOS-G4 2.0.0
2026-03-30 10:34:58,451 [INFO] ThirdParty:1030 - CMSIS Pack Vendor :STMicroelectronics X-CUBE-WB05N 2.0.0
2026-03-30 10:34:58,451 [INFO] ThirdParty:1030 - CMSIS Pack Vendor :STMicroelectronics PDM2PCM 3.1.0
2026-03-30 10:34:58,451 [INFO] ThirdParty:1030 - CMSIS Pack Vendor :wolfSSL I-CUBE-wolfTPM 3.8.0
2026-03-30 10:34:58,451 [INFO] ThirdParty:1030 - CMSIS Pack Vendor :wolfSSL I-CUBE-wolfSSH 1.4.20
2026-03-30 10:34:58,451 [INFO] ThirdParty:1030 - CMSIS Pack Vendor :STMicroelectronics X-CUBE-NFC7 2.0.0
2026-03-30 10:34:58,451 [INFO] ThirdParty:1030 - CMSIS Pack Vendor :STMicroelectronics X-CUBE-TCPP 4.2.0
2026-03-30 10:34:58,451 [INFO] ThirdParty:1030 - CMSIS Pack Vendor :RealThread X-CUBE-RT-Thread_Nano 4.1.1
2026-03-30 10:34:58,451 [INFO] ThirdParty:1030 - CMSIS Pack Vendor :STMicroelectronics FP-ATR-SIGFOX1 3.2.0
2026-03-30 10:34:58,452 [INFO] ThirdParty:1030 - CMSIS Pack Vendor :STMicroelectronics X-CUBE-EEPRMA1 5.1.0
2026-03-30 10:34:58,452 [INFO] ThirdParty:1030 - CMSIS Pack Vendor :STMicroelectronics MBEDTLS 2.16.2
2026-03-30 10:34:58,452 [INFO] ThirdParty:1030 - CMSIS Pack Vendor :STMicroelectronics X-CUBE-IPS 3.1.0
2026-03-30 10:34:58,452 [INFO] ThirdParty:1030 - CMSIS Pack Vendor :STMicroelectronics X-CUBE-ALS 1.0.2
2026-03-30 10:34:58,452 [INFO] ThirdParty:1030 - CMSIS Pack Vendor :ITTIA_DB I-CUBE-ITTIADB 8.9.0
2026-03-30 10:34:58,452 [INFO] ThirdParty:1030 - CMSIS Pack Vendor :STMicroelectronics X-CUBE-STSE01 1.0.0
2026-03-30 10:34:58,452 [INFO] ThirdParty:1030 - CMSIS Pack Vendor :portGmbH I-Cube-SoM-uGOAL 1.1.0
2026-03-30 10:34:58,452 [INFO] ThirdParty:1030 - CMSIS Pack Vendor :STMicroelectronics X-CUBE-NFC6 3.2.0
2026-03-30 10:34:58,452 [INFO] ThirdParty:1030 - CMSIS Pack Vendor :STMicroelectronics X-CUBE-ST67W61 1.0.0
2026-03-30 10:34:58,452 [INFO] ThirdParty:1030 - CMSIS Pack Vendor :STMicroelectronics X-CUBE-AI 10.2.0
2026-03-30 10:34:58,452 [INFO] ThirdParty:1030 - CMSIS Pack Vendor :STMicroelectronics ThreadX 1.0.0
2026-03-30 10:34:58,452 [INFO] ThirdParty:1030 - CMSIS Pack Vendor :SEGGER I-CUBE-embOS 1.3.1
2026-03-30 10:34:58,452 [INFO] ThirdParty:1030 - CMSIS Pack Vendor :STMicroelectronics X-CUBE-ALGOBUILD 1.4.0
2026-03-30 10:34:58,452 [INFO] ThirdParty:1030 - CMSIS Pack Vendor :STMicroelectronics X-CUBE-MEMS1 11.3.0
2026-03-30 10:34:58,452 [INFO] ThirdParty:1030 - CMSIS Pack Vendor :STMicroelectronics X-CUBE-TOF1 3.4.3
2026-03-30 10:34:58,452 [INFO] ThirdParty:841 - exiting critical section [change project]
2026-03-30 10:34:58,783 [INFO] PinOutPanel:1589 - setPackage(No Configuration,No Configuration)
2026-03-30 10:34:58,784 [INFO] PinOutPanel:1589 - setPackage(STM32F407VGTx,LQFP100)
2026-03-30 10:34:59,034 [INFO] UtilMem:75 - Before build in PCC Used Memory: 607629840 Bytes (1073741824)
2026-03-30 10:34:59,218 [INFO] UtilMem:75 - After build in PCC Used Memory: 653240848 Bytes (1073741824)
2026-03-30 10:34:59,253 [INFO] IPUIPlugin:80 - create IPUIPlugin
2026-03-30 10:34:59,253 [INFO] IPUIPlugin:80 - create IPUIPlugin
2026-03-30 10:34:59,253 [INFO] IPUIPlugin:80 - create IPUIPlugin
2026-03-30 10:34:59,253 [INFO] IPUIPlugin:80 - create IPUIPlugin
2026-03-30 10:34:59,253 [INFO] IPUIPlugin:80 - create IPUIPlugin
2026-03-30 10:34:59,254 [INFO] IPUIPlugin:80 - create IPUIPlugin
2026-03-30 10:34:59,254 [INFO] IPUIPlugin:80 - create IPUIPlugin
2026-03-30 10:34:59,254 [INFO] IPUIPlugin:80 - create IPUIPlugin
2026-03-30 10:34:59,254 [INFO] IPUIPlugin:80 - create IPUIPlugin
2026-03-30 10:34:59,254 [INFO] IPUIPlugin:80 - create IPUIPlugin
2026-03-30 10:34:59,254 [INFO] IPUIPlugin:80 - create IPUIPlugin
2026-03-30 10:34:59,254 [INFO] IPUIPlugin:80 - create IPUIPlugin
2026-03-30 10:34:59,254 [INFO] IPUIPlugin:80 - create IPUIPlugin
2026-03-30 10:34:59,255 [INFO] IPUIPlugin:80 - create IPUIPlugin
2026-03-30 10:34:59,255 [INFO] IPUIPlugin:80 - create IPUIPlugin
2026-03-30 10:34:59,255 [INFO] IPUIPlugin:80 - create IPUIPlugin
2026-03-30 10:34:59,255 [INFO] IPUIPlugin:80 - create IPUIPlugin
2026-03-30 10:34:59,255 [INFO] IPUIPlugin:80 - create IPUIPlugin
2026-03-30 10:34:59,255 [INFO] IPUIPlugin:80 - create IPUIPlugin
2026-03-30 10:34:59,256 [INFO] IPUIPlugin:80 - create IPUIPlugin
2026-03-30 10:34:59,256 [INFO] IPUIPlugin:80 - create IPUIPlugin
2026-03-30 10:34:59,256 [INFO] IPUIPlugin:80 - create IPUIPlugin
2026-03-30 10:34:59,256 [INFO] IPUIPlugin:80 - create IPUIPlugin
2026-03-30 10:34:59,256 [INFO] IPUIPlugin:80 - create IPUIPlugin
2026-03-30 10:34:59,256 [INFO] IPUIPlugin:80 - create IPUIPlugin
2026-03-30 10:34:59,257 [INFO] IPUIPlugin:80 - create IPUIPlugin
2026-03-30 10:34:59,257 [INFO] IPUIPlugin:80 - create IPUIPlugin
2026-03-30 10:34:59,257 [INFO] IPUIPlugin:80 - create IPUIPlugin
2026-03-30 10:34:59,257 [INFO] IPUIPlugin:80 - create IPUIPlugin
2026-03-30 10:34:59,258 [INFO] IPUIPlugin:80 - create IPUIPlugin
2026-03-30 10:34:59,258 [INFO] IPUIPlugin:80 - create IPUIPlugin
2026-03-30 10:34:59,258 [INFO] IPUIPlugin:80 - create IPUIPlugin
2026-03-30 10:34:59,258 [INFO] IPUIPlugin:80 - create IPUIPlugin
2026-03-30 10:34:59,259 [INFO] IPUIPlugin:80 - create IPUIPlugin
2026-03-30 10:34:59,259 [INFO] IPUIPlugin:80 - create IPUIPlugin
2026-03-30 10:34:59,259 [INFO] IPUIPlugin:80 - create IPUIPlugin
2026-03-30 10:34:59,260 [INFO] IPUIPlugin:80 - create IPUIPlugin
2026-03-30 10:34:59,260 [INFO] IPUIPlugin:80 - create IPUIPlugin
2026-03-30 10:34:59,260 [INFO] IPUIPlugin:80 - create IPUIPlugin
2026-03-30 10:34:59,261 [INFO] IPUIPlugin:80 - create IPUIPlugin
2026-03-30 10:34:59,261 [INFO] IPUIPlugin:80 - create IPUIPlugin
2026-03-30 10:34:59,261 [INFO] IPUIPlugin:80 - create IPUIPlugin
2026-03-30 10:34:59,261 [INFO] IPUIPlugin:80 - create IPUIPlugin
2026-03-30 10:34:59,262 [INFO] IPUIPlugin:80 - create IPUIPlugin
2026-03-30 10:34:59,262 [INFO] IPUIPlugin:80 - create IPUIPlugin
2026-03-30 10:34:59,262 [INFO] IPUIPlugin:80 - create IPUIPlugin
2026-03-30 10:34:59,263 [INFO] IPUIPlugin:80 - create IPUIPlugin
2026-03-30 10:34:59,263 [INFO] IPUIPlugin:80 - create IPUIPlugin
2026-03-30 10:34:59,263 [INFO] IPUIPlugin:80 - create IPUIPlugin
2026-03-30 10:34:59,263 [INFO] IPUIPlugin:80 - create IPUIPlugin
2026-03-30 10:34:59,263 [INFO] IPUIPlugin:80 - create IPUIPlugin
2026-03-30 10:34:59,263 [INFO] IPUIPlugin:80 - create IPUIPlugin
2026-03-30 10:34:59,263 [INFO] IPUIPlugin:80 - create IPUIPlugin
2026-03-30 10:34:59,264 [INFO] IPUIPlugin:80 - create IPUIPlugin
2026-03-30 10:34:59,264 [INFO] IPUIPlugin:80 - create IPUIPlugin
2026-03-30 10:34:59,264 [INFO] IPUIPlugin:80 - create IPUIPlugin
2026-03-30 10:34:59,264 [INFO] IPUIPlugin:80 - create IPUIPlugin
2026-03-30 10:34:59,265 [INFO] IPUIPlugin:80 - create IPUIPlugin
2026-03-30 10:34:59,268 [INFO] ApiDbMcu:532 - Load IP Config File for PDM2PCM
2026-03-30 10:34:59,297 [INFO] CADModel:165 - CPN selected for project levelSTM32F407VGT6
2026-03-30 10:34:59,297 [INFO] CADModel:114 - Register for checkConnection events
2026-03-30 10:34:59,334 [INFO] OpenFileManager:386 - Restore cursor
2026-03-30 10:35:45,131 [INFO] Gpio:278 - dependency for GPIO []
2026-03-30 10:36:19,648 [INFO] Gpio:278 - dependency for GPIO []
2026-03-30 10:39:00,292 [INFO] UtilMem:75 - End SaveConfig() Used Memory: 428927776 Bytes (1073741824)
2026-03-30 10:39:01,728 [INFO] UtilMem:75 - End SaveConfig() Used Memory: 451996448 Bytes (1073741824)
2026-03-30 10:39:04,056 [INFO] UtilMem:75 - End SaveConfig() Used Memory: 480916312 Bytes (1073741824)
2026-03-30 10:39:04,177 [INFO] BlockDiagram:2775 - set Specific Code input for plugin: SYS
2026-03-30 10:39:04,177 [INFO] BlockDiagram:2775 - set Specific Code input for plugin: RCC
2026-03-30 10:39:04,177 [INFO] BlockDiagram:2775 - set Specific Code input for plugin: NVIC
2026-03-30 10:39:04,178 [INFO] BlockDiagram:2775 - set Specific Code input for plugin: GPIO
2026-03-30 10:39:04,178 [INFO] CodeGenerator:892 - code generatio: config db path: /opt/st/stm32cubeide_1.19.0/plugins/com.st.stm32cube.common.mx_6.15.0.202507011659//db/
2026-03-30 10:39:04,276 [INFO] CodeEngine:265 - oldGeneratedFile, /home/sunbeam/Desktop/workspace/RTOS_workspace/007LED_Btn_ISR/MXTmpFiles/license.tmp_save
2026-03-30 10:39:04,555 [INFO] CodeEngine:289 - Generated code: /home/sunbeam/Desktop/workspace/RTOS_workspace/007LED_Btn_ISR/MXTmpFiles/license.tmp
2026-03-30 10:39:04,618 [INFO] CodeEngine:265 - oldGeneratedFile, /home/sunbeam/Desktop/workspace/RTOS_workspace/007LED_Btn_ISR/MXTmpFiles/gpio.tmp_save
2026-03-30 10:39:04,762 [INFO] CodeEngine:289 - Generated code: /home/sunbeam/Desktop/workspace/RTOS_workspace/007LED_Btn_ISR/MXTmpFiles/gpio.tmp
2026-03-30 10:39:04,793 [INFO] CodeEngine:265 - oldGeneratedFile, /home/sunbeam/Desktop/workspace/RTOS_workspace/007LED_Btn_ISR/Core/Src/stm32f4xx_it.c_save
2026-03-30 10:39:04,934 [INFO] CodeEngine:289 - Generated code: /home/sunbeam/Desktop/workspace/RTOS_workspace/007LED_Btn_ISR/Core/Src/stm32f4xx_it.c
2026-03-30 10:39:04,936 [INFO] CodeEngine:265 - oldGeneratedFile, /home/sunbeam/Desktop/workspace/RTOS_workspace/007LED_Btn_ISR/Core/Inc/stm32f4xx_it.h_save
2026-03-30 10:39:05,055 [INFO] CodeEngine:289 - Generated code: /home/sunbeam/Desktop/workspace/RTOS_workspace/007LED_Btn_ISR/Core/Inc/stm32f4xx_it.h
2026-03-30 10:39:05,059 [INFO] CodeEngine:265 - oldGeneratedFile, /home/sunbeam/Desktop/workspace/RTOS_workspace/007LED_Btn_ISR/Core/Src/stm32f4xx_hal_msp.c_save
2026-03-30 10:39:05,213 [INFO] CodeEngine:289 - Generated code: /home/sunbeam/Desktop/workspace/RTOS_workspace/007LED_Btn_ISR/Core/Src/stm32f4xx_hal_msp.c
2026-03-30 10:39:05,215 [INFO] CodeEngine:265 - oldGeneratedFile, /home/sunbeam/Desktop/workspace/RTOS_workspace/007LED_Btn_ISR/MXTmpFiles/system.tmp_save
2026-03-30 10:39:05,319 [INFO] CodeEngine:289 - Generated code: /home/sunbeam/Desktop/workspace/RTOS_workspace/007LED_Btn_ISR/MXTmpFiles/system.tmp
2026-03-30 10:39:05,320 [INFO] CodeEngine:265 - oldGeneratedFile, /home/sunbeam/Desktop/workspace/RTOS_workspace/007LED_Btn_ISR/Core/Src/stm32f4xx_hal_timebase_tim.c_save
2026-03-30 10:39:05,428 [INFO] CodeEngine:289 - Generated code: /home/sunbeam/Desktop/workspace/RTOS_workspace/007LED_Btn_ISR/Core/Src/stm32f4xx_hal_timebase_tim.c
2026-03-30 10:39:05,433 [INFO] CodeEngine:321 - oldGeneratedFile, /home/sunbeam/Desktop/workspace/RTOS_workspace/007LED_Btn_ISR/Core/Inc/stm32f4xx_hal_conf.h_save
2026-03-30 10:39:05,537 [INFO] CodeEngine:345 - Generated code: /home/sunbeam/Desktop/workspace/RTOS_workspace/007LED_Btn_ISR/Core/Inc/stm32f4xx_hal_conf.h
2026-03-30 10:39:05,565 [INFO] ApiDbMcu:532 - Load IP Config File for RCC
2026-03-30 10:39:05,569 [INFO] CodeEngine:265 - oldGeneratedFile, /home/sunbeam/Desktop/workspace/RTOS_workspace/007LED_Btn_ISR/Core/Inc/main.h_save
2026-03-30 10:39:05,660 [INFO] CodeEngine:289 - Generated code: /home/sunbeam/Desktop/workspace/RTOS_workspace/007LED_Btn_ISR/Core/Inc/main.h
2026-03-30 10:39:05,662 [INFO] CodeEngine:265 - oldGeneratedFile, /home/sunbeam/Desktop/workspace/RTOS_workspace/007LED_Btn_ISR/Core/Src/main.c_save
2026-03-30 10:39:05,764 [INFO] CodeEngine:289 - Generated code: /home/sunbeam/Desktop/workspace/RTOS_workspace/007LED_Btn_ISR/Core/Src/main.c
2026-03-30 10:39:05,937 [INFO] ProjectBuilder:3606 - Time for Copy HAL[1] : 16mS.
2026-03-30 10:39:05,938 [INFO] ProjectBuilder:5216 - Project Generator version: 4.7.0-B52
2026-03-30 10:39:06,022 [INFO] ConfigFileManager:1595 - The Die is : DIE413
2026-03-30 10:39:06,025 [INFO] ApiDbMcu:532 - Load IP Config File for FATFS
2026-03-30 10:39:06,027 [INFO] ApiDbMcu:532 - Load IP Config File for FREERTOS
2026-03-30 10:39:06,029 [INFO] ApiDbMcu:532 - Load IP Config File for LIBJPEG
2026-03-30 10:39:06,033 [INFO] ApiDbMcu:532 - Load IP Config File for LWIP
2026-03-30 10:39:06,039 [INFO] ApiDbMcu:532 - Load IP Config File for MBEDTLS
2026-03-30 10:39:06,043 [INFO] ApiDbMcu:532 - Load IP Config File for USB_DEVICE
2026-03-30 10:39:06,046 [INFO] ApiDbMcu:532 - Load IP Config File for USB_HOST
2026-03-30 10:39:06,848 [INFO] ProjectBuilder:5496 - Time for Generating toolchain IDE Files: 909mS.
2026-03-30 10:39:06,848 [INFO] ProjectBuilder:3463 - Time for Copy CMSIS : 0mS.
2026-03-30 10:39:06,848 [INFO] ProjectBuilder:3463 - Time for Copy CMSIS : 0mS.
2026-03-30 11:19:35,321 [ERROR] LogOutputStream:75 - [STDERR_REDIRECT] 
2026-03-30 11:19:54,323 [INFO] Activator:176 - 


2026-03-30 11:19:54,325 [INFO] Activator:177 - !SESSION log4j initialized
2026-03-30 11:19:58,421 [INFO] LogOutputStream:77 - [STDOUT_REDIRECT] 
2026-03-30 11:20:00,524 [INFO] ApplicationProperties:184 - Using Application install path: /opt/st/stm32cubeide_1.19.0/plugins/com.st.stm32cube.common.mx_6.15.0.202507011659
2026-03-30 11:20:00,540 [INFO] DbMcusXml:78 - Set database path to: /opt/st/stm32cubeide_1.19.0/plugins/com.st.stm32cube.common.mx_6.15.0.202507011659//db//mcu/
2026-03-30 11:20:00,540 [INFO] ApiDb:274 - Set plugin database path to: /opt/st/stm32cubeide_1.19.0/plugins/com.st.stm32cube.common.mx_6.15.0.202507011659//db//plugins/boardmanager/
2026-03-30 11:20:00,541 [WARN] ApiDb:259 - Overriding images path with different value:  => /opt/st/stm32cubeide_1.19.0/plugins/com.st.stm32cube.common.mx_6.15.0.202507011659//db//plugins/mcufinder/images/
2026-03-30 11:20:00,547 [INFO] ApiDb:250 - Set database path to: /home/sunbeam/.stmcufinder/plugins/mcufinder//mcu/
2026-03-30 11:20:00,548 [INFO] DbMcusAds:125 - Set database path to: /home/sunbeam/.stmcufinder/plugins/mcufinder//mcu/
2026-03-30 11:20:00,666 [INFO] CrossReferenceDbSqlite:203 - Set database path to: /home/sunbeam/.stmcufinder/plugins/mcufinder//mcu/cs/
2026-03-30 11:20:00,779 [INFO] RulesReader:64 - Compatibility file has been processed (317 Rules)
2026-03-30 11:20:00,831 [INFO] DbMcusXml:78 - Set database path to: /opt/st/stm32cubeide_1.19.0/plugins/com.st.stm32cube.common.mx_6.15.0.202507011659//db//mcu/
2026-03-30 11:20:00,831 [INFO] ApiDb:274 - Set plugin database path to: /opt/st/stm32cubeide_1.19.0/plugins/com.st.stm32cube.common.mx_6.15.0.202507011659//db//plugins/boardmanager/
2026-03-30 11:20:00,831 [INFO] ApiDb:261 - Set plugin images path to: /opt/st/stm32cubeide_1.19.0/plugins/com.st.stm32cube.common.mx_6.15.0.202507011659//db//plugins/mcufinder/images/
2026-03-30 11:20:00,831 [WARN] DbFile:41 - Overriding database path with different value: /home/sunbeam/.stmcufinder/plugins/mcufinder/ => /home/sunbeam/.stmcufinder/plugins/mcufinder
2026-03-30 11:20:00,831 [INFO] ApiDb:250 - Set database path to: /home/sunbeam/.stmcufinder/plugins/mcufinder//mcu/
2026-03-30 11:20:00,832 [WARN] DbFile:41 - Overriding database path with different value: /home/sunbeam/.stmcufinder/plugins/mcufinder/ => /home/sunbeam/.stmcufinder/plugins/mcufinder
2026-03-30 11:20:00,832 [INFO] DbMcusAds:125 - Set database path to: /home/sunbeam/.stmcufinder/plugins/mcufinder//mcu/
2026-03-30 11:20:00,832 [WARN] DbFile:41 - Overriding database path with different value: /home/sunbeam/.stmcufinder/plugins/mcufinder/ => /home/sunbeam/.stmcufinder/plugins/mcufinder
2026-03-30 11:20:00,832 [WARN] DbFile:41 - Overriding database path with different value: /home/sunbeam/.stmcufinder/plugins/mcufinder/ => /home/sunbeam/.stmcufinder/plugins/mcufinder
2026-03-30 11:20:00,973 [INFO] CrossReferenceDbSqlite:203 - Set database path to: /home/sunbeam/.stmcufinder/plugins/mcufinder//mcu/cs/
2026-03-30 11:20:01,040 [INFO] MainPanel:274 - HeapMemory: 268435456
2026-03-30 11:20:01,159 [INFO] DbMcusXml:78 - Set database path to: /opt/st/stm32cubeide_1.19.0/plugins/com.st.stm32cube.common.mx_6.15.0.202507011659//db//mcu/
2026-03-30 11:20:01,159 [INFO] ApiDb:274 - Set plugin database path to: /opt/st/stm32cubeide_1.19.0/plugins/com.st.stm32cube.common.mx_6.15.0.202507011659//db//plugins/boardmanager/
2026-03-30 11:20:01,159 [INFO] ApiDb:261 - Set plugin images path to: /opt/st/stm32cubeide_1.19.0/plugins/com.st.stm32cube.common.mx_6.15.0.202507011659//db//plugins/mcufinder/images/
2026-03-30 11:20:01,159 [WARN] DbFile:41 - Overriding database path with different value: /home/sunbeam/.stmcufinder/plugins/mcufinder/ => /home/sunbeam/.stmcufinder/plugins/mcufinder
2026-03-30 11:20:01,160 [INFO] ApiDb:250 - Set database path to: /home/sunbeam/.stmcufinder/plugins/mcufinder//mcu/
2026-03-30 11:20:01,160 [WARN] DbFile:41 - Overriding database path with different value: /home/sunbeam/.stmcufinder/plugins/mcufinder/ => /home/sunbeam/.stmcufinder/plugins/mcufinder
2026-03-30 11:20:01,160 [INFO] DbMcusAds:125 - Set database path to: /home/sunbeam/.stmcufinder/plugins/mcufinder//mcu/
2026-03-30 11:20:01,160 [WARN] DbFile:41 - Overriding database path with different value: /home/sunbeam/.stmcufinder/plugins/mcufinder/ => /home/sunbeam/.stmcufinder/plugins/mcufinder
2026-03-30 11:20:01,160 [WARN] DbFile:41 - Overriding database path with different value: /home/sunbeam/.stmcufinder/plugins/mcufinder/ => /home/sunbeam/.stmcufinder/plugins/mcufinder
2026-03-30 11:20:01,273 [INFO] CrossReferenceDbSqlite:203 - Set database path to: /home/sunbeam/.stmcufinder/plugins/mcufinder//mcu/cs/
2026-03-30 11:20:01,295 [INFO] ApplicationProperties:184 - Using Application install path: /opt/st/stm32cubeide_1.19.0/plugins/com.st.stm32cube.common.mx_6.15.0.202507011659
2026-03-30 11:20:01,297 [INFO] PluginManage:196 - Search for loadable plugins [exclusion list=, ]
2026-03-30 11:20:01,298 [INFO] PluginManage:310 - Check plugin analytics
2026-03-30 11:20:01,668 [INFO] AnalyticsPlugin:253 - Accepted Software Licenses: 
2026-03-30 11:20:01,668 [INFO] AnalyticsPlugin:255 - Accepted CMSIS Pack Licenses: 
2026-03-30 11:20:01,668 [INFO] AnalyticsPlugin:257 - Accepted Firmware Licenses: FW.F4.1.28.0
2026-03-30 11:20:01,670 [INFO] PluginManage:359 - Loaded plugin analytics (category:tool,tabindex:-1)
2026-03-30 11:20:01,670 [INFO] PluginManage:310 - Check plugin cadmodel
2026-03-30 11:20:01,675 [INFO] CADModel:105 - Init CAD model plugin
2026-03-30 11:20:01,676 [INFO] PluginManage:359 - Loaded plugin cadmodel (category:power,tabindex:5)
2026-03-30 11:20:01,676 [INFO] PluginManage:310 - Check plugin clock
2026-03-30 11:20:01,683 [INFO] PluginManage:359 - Loaded plugin clock (category:base,tabindex:2)
2026-03-30 11:20:01,684 [INFO] PluginManage:310 - Check plugin ddr
2026-03-30 11:20:01,686 [INFO] PluginManage:359 - Loaded plugin ddr (category:tool,tabindex:6)
2026-03-30 11:20:01,686 [INFO] PluginManage:310 - Check plugin filemanager
2026-03-30 11:20:01,803 [INFO] PluginManage:359 - Loaded plugin filemanager (category:base,tabindex:10)
2026-03-30 11:20:01,804 [INFO] PluginManage:310 - Check plugin ipmanager
2026-03-30 11:20:01,808 [INFO] PluginManage:359 - Loaded plugin ipmanager (category:base,tabindex:5)
2026-03-30 11:20:01,808 [INFO] PluginManage:310 - Check plugin lpbam
2026-03-30 11:20:01,815 [INFO] PluginManage:359 - Loaded plugin lpbam (category:base,tabindex:0)
2026-03-30 11:20:01,815 [INFO] PluginManage:310 - Check plugin memorymap
2026-03-30 11:20:01,824 [INFO] PluginManage:359 - Loaded plugin memorymap (category:base,tabindex:4)
2026-03-30 11:20:01,825 [INFO] PluginManage:310 - Check plugin pinoutandconfiguration
2026-03-30 11:20:01,840 [INFO] PluginManage:359 - Loaded plugin pinoutandconfiguration (category:base,tabindex:1)
2026-03-30 11:20:01,840 [INFO] PluginManage:310 - Check plugin pinoutconfig
2026-03-30 11:20:01,901 [WARN] SupportedApi:132 - Cannot load RTOS API schema: s4s-elt-must-match.1: The content of 'definitions' must match (annotation?, (simpleType | complexType)?, (unique | key | keyref)*)). A problem was found starting at: attribute.
2026-03-30 11:20:01,998 [INFO] PluginManage:359 - Loaded plugin pinoutconfig (category:base,tabindex:0)
2026-03-30 11:20:01,998 [INFO] PluginManage:310 - Check plugin power
2026-03-30 11:20:02,006 [INFO] PluginManage:359 - Loaded plugin power (category:power,tabindex:4)
2026-03-30 11:20:02,006 [INFO] PluginManage:310 - Check plugin projectmanager
2026-03-30 11:20:02,018 [INFO] PluginManage:359 - Loaded plugin projectmanager (category:projectmanager,tabindex:4)
2026-03-30 11:20:02,019 [INFO] PluginManage:310 - Check plugin rif
2026-03-30 11:20:02,026 [INFO] PluginManage:359 - Loaded plugin rif (category:base,tabindex:3)
2026-03-30 11:20:02,026 [INFO] PluginManage:310 - Check plugin thirdparty
2026-03-30 11:20:02,124 [INFO] PluginManage:359 - Loaded plugin thirdparty (category:base,tabindex:-1)
2026-03-30 11:20:02,124 [WARN] IntegrityCheckThread:84 - waiting for thirdparty lock release [integrity check]
2026-03-30 11:20:02,124 [INFO] PluginManage:310 - Check plugin tools
2026-03-30 11:20:02,124 [INFO] IntegrityCheckThread:86 - entering critical section [integrity check]
2026-03-30 11:20:02,125 [INFO] ThirdPartyUpdaterWithRetryManager:70 - Updater plugin not ready yet. [1/15]
2026-03-30 11:20:02,127 [INFO] PluginManage:359 - Loaded plugin tools (category:base,tabindex:7)
2026-03-30 11:20:02,127 [INFO] PluginManage:310 - Check plugin tutovideos
2026-03-30 11:20:02,277 [INFO] PluginManage:359 - Loaded plugin tutovideos (category:base,tabindex:-1)
2026-03-30 11:20:02,277 [INFO] PluginManage:310 - Check plugin updater
2026-03-30 11:20:02,296 [INFO] PluginManage:359 - Loaded plugin updater (category:base,tabindex:12)
2026-03-30 11:20:02,296 [INFO] PluginManage:310 - Check plugin userauth
2026-03-30 11:20:02,300 [INFO] UserAuth:118 - Init User Auth plugin
2026-03-30 11:20:02,301 [INFO] PluginManage:359 - Loaded plugin userauth (category:base,tabindex:14)
2026-03-30 11:20:02,301 [INFO] PluginManage:283 - PluginManage : Loaded plugins [18]
2026-03-30 11:20:02,436 [INFO] PinOutPanel:1589 - setPackage(No Configuration,No Configuration)
2026-03-30 11:20:02,487 [INFO] CADModel:165 - CPN selected for project level
2026-03-30 11:20:02,487 [INFO] CADModel:114 - Register for checkConnection events
2026-03-30 11:20:02,495 [INFO] IPUIPlugin:80 - create IPUIPlugin
2026-03-30 11:20:02,495 [INFO] PluginManager:220 - loadIPPluginJar : add dfsdm
2026-03-30 11:20:02,499 [INFO] IPUIPlugin:80 - create IPUIPlugin
2026-03-30 11:20:02,499 [INFO] PluginManager:220 - loadIPPluginJar : add gfxmmu
2026-03-30 11:20:02,501 [INFO] IPUIPlugin:80 - create IPUIPlugin
2026-03-30 11:20:02,501 [INFO] PluginManager:220 - loadIPPluginJar : add i3c
2026-03-30 11:20:02,503 [INFO] IPUIPlugin:80 - create IPUIPlugin
2026-03-30 11:20:02,503 [INFO] PluginManager:220 - loadIPPluginJar : add sai
2026-03-30 11:20:02,508 [INFO] IPUIPlugin:80 - create IPUIPlugin
2026-03-30 11:20:02,508 [INFO] PluginManager:220 - loadIPPluginJar : add dma
2026-03-30 11:20:02,510 [INFO] IPUIPlugin:80 - create IPUIPlugin
2026-03-30 11:20:02,510 [INFO] PluginManager:220 - loadIPPluginJar : add quadspi
2026-03-30 11:20:02,513 [INFO] IPUIPlugin:80 - create IPUIPlugin
2026-03-30 11:20:02,513 [INFO] PluginManager:220 - loadIPPluginJar : add opamp
2026-03-30 11:20:02,514 [INFO] IPUIPlugin:80 - create IPUIPlugin
2026-03-30 11:20:02,514 [INFO] PluginManager:220 - loadIPPluginJar : add comp
2026-03-30 11:20:02,519 [INFO] IPUIPlugin:80 - create IPUIPlugin
2026-03-30 11:20:02,521 [INFO] PluginManager:220 - loadIPPluginJar : add plateformsettings
2026-03-30 11:20:02,522 [INFO] IPUIPlugin:80 - create IPUIPlugin
2026-03-30 11:20:02,522 [INFO] PluginManager:220 - loadIPPluginJar : add ltdc
2026-03-30 11:20:02,525 [INFO] IPUIPlugin:80 - create IPUIPlugin
2026-03-30 11:20:02,525 [INFO] PluginManager:220 - loadIPPluginJar : add nvic
2026-03-30 11:20:02,526 [INFO] IPUIPlugin:80 - create IPUIPlugin
2026-03-30 11:20:02,526 [INFO] PluginManager:220 - loadIPPluginJar : add fatfs
2026-03-30 11:20:02,530 [INFO] IPUIPlugin:80 - create IPUIPlugin
2026-03-30 11:20:02,530 [INFO] PluginManager:220 - loadIPPluginJar : add gpio
2026-03-30 11:20:02,532 [INFO] IPUIPlugin:80 - create IPUIPlugin
2026-03-30 11:20:02,532 [INFO] PluginManager:220 - loadIPPluginJar : add aes
2026-03-30 11:20:02,537 [INFO] IPUIPlugin:80 - create IPUIPlugin
2026-03-30 11:20:02,537 [INFO] PluginManager:220 - loadIPPluginJar : add mdma
2026-03-30 11:20:02,539 [INFO] IPUIPlugin:80 - create IPUIPlugin
2026-03-30 11:20:02,539 [INFO] PluginManager:220 - loadIPPluginJar : add pdm2pcm
2026-03-30 11:20:02,544 [INFO] IPUIPlugin:80 - create IPUIPlugin
2026-03-30 11:20:02,545 [INFO] PluginManager:220 - loadIPPluginJar : add linkedlist
2026-03-30 11:20:02,547 [INFO] IPUIPlugin:80 - create IPUIPlugin
2026-03-30 11:20:02,547 [INFO] PluginManager:220 - loadIPPluginJar : add usart
2026-03-30 11:20:02,548 [INFO] IPUIPlugin:80 - create IPUIPlugin
2026-03-30 11:20:02,549 [INFO] PluginManager:220 - loadIPPluginJar : add i2c
2026-03-30 11:20:02,550 [INFO] IPUIPlugin:80 - create IPUIPlugin
2026-03-30 11:20:02,551 [INFO] PluginManager:220 - loadIPPluginJar : add lorawan
2026-03-30 11:20:02,553 [INFO] IPUIPlugin:80 - create IPUIPlugin
2026-03-30 11:20:02,554 [INFO] PluginManager:220 - loadIPPluginJar : add usbx
2026-03-30 11:20:02,557 [INFO] IPUIPlugin:80 - create IPUIPlugin
2026-03-30 11:20:02,557 [INFO] PluginManager:220 - loadIPPluginJar : add fmc
2026-03-30 11:20:02,559 [INFO] IPUIPlugin:80 - create IPUIPlugin
2026-03-30 11:20:02,559 [INFO] PluginManager:220 - loadIPPluginJar : add extmemmanager
2026-03-30 11:20:02,564 [INFO] IPUIPlugin:80 - create IPUIPlugin
2026-03-30 11:20:02,564 [INFO] PluginManager:220 - loadIPPluginJar : add freertos
2026-03-30 11:20:02,566 [INFO] IPUIPlugin:80 - create IPUIPlugin
2026-03-30 11:20:02,566 [INFO] PluginManager:220 - loadIPPluginJar : add can
2026-03-30 11:20:02,569 [INFO] IPUIPlugin:80 - create IPUIPlugin
2026-03-30 11:20:02,569 [INFO] PluginManager:220 - loadIPPluginJar : add touchsensing
2026-03-30 11:20:02,570 [INFO] IPUIPlugin:80 - create IPUIPlugin
2026-03-30 11:20:02,570 [INFO] PluginManager:220 - loadIPPluginJar : add tracer_emb
2026-03-30 11:20:02,572 [INFO] IPUIPlugin:80 - create IPUIPlugin
2026-03-30 11:20:02,572 [INFO] PluginManager:220 - loadIPPluginJar : add ucpd
2026-03-30 11:20:02,573 [INFO] IPUIPlugin:80 - create IPUIPlugin
2026-03-30 11:20:02,573 [INFO] PluginManager:220 - loadIPPluginJar : add ts
2026-03-30 11:20:02,574 [INFO] IPUIPlugin:80 - create IPUIPlugin
2026-03-30 11:20:02,574 [INFO] PluginManager:220 - loadIPPluginJar : add tsc
2026-03-30 11:20:02,577 [INFO] IPUIPlugin:80 - create IPUIPlugin
2026-03-30 11:20:02,577 [INFO] PluginManager:220 - loadIPPluginJar : add resmgrutility
2026-03-30 11:20:02,578 [INFO] IPUIPlugin:80 - create IPUIPlugin
2026-03-30 11:20:02,578 [INFO] PluginManager:220 - loadIPPluginJar : add cryp
2026-03-30 11:20:02,580 [INFO] IPUIPlugin:80 - create IPUIPlugin
2026-03-30 11:20:02,580 [INFO] PluginManager:220 - loadIPPluginJar : add openamp
2026-03-30 11:20:02,585 [INFO] IPUIPlugin:80 - create IPUIPlugin
2026-03-30 11:20:02,585 [INFO] PluginManager:220 - loadIPPluginJar : add adc
2026-03-30 11:20:02,586 [INFO] IPUIPlugin:80 - create IPUIPlugin
2026-03-30 11:20:02,586 [INFO] PluginManager:220 - loadIPPluginJar : add spi
2026-03-30 11:20:02,590 [INFO] IPUIPlugin:80 - create IPUIPlugin
2026-03-30 11:20:02,590 [INFO] PluginManager:220 - loadIPPluginJar : add ipddr
2026-03-30 11:20:02,597 [INFO] IPUIPlugin:80 - create IPUIPlugin
2026-03-30 11:20:02,597 [INFO] PluginManager:220 - loadIPPluginJar : add stm32_wpan
2026-03-30 11:20:02,601 [INFO] IPUIPlugin:80 - create IPUIPlugin
2026-03-30 11:20:02,602 [INFO] PluginManager:220 - loadIPPluginJar : add gic
2026-03-30 11:20:02,604 [INFO] IPUIPlugin:80 - create IPUIPlugin
2026-03-30 11:20:02,604 [INFO] PluginManager:220 - loadIPPluginJar : add ddr_ctrl_phy
2026-03-30 11:20:02,605 [INFO] IPUIPlugin:80 - create IPUIPlugin
2026-03-30 11:20:02,605 [INFO] PluginManager:220 - loadIPPluginJar : add genericplugin
2026-03-30 11:20:02,607 [INFO] IPUIPlugin:80 - create IPUIPlugin
2026-03-30 11:20:02,607 [INFO] PluginManager:220 - loadIPPluginJar : add hash
2026-03-30 11:20:02,608 [INFO] IPUIPlugin:80 - create IPUIPlugin
2026-03-30 11:20:02,608 [INFO] PluginManager:220 - loadIPPluginJar : add tim
2026-03-30 11:20:02,609 [INFO] IPUIPlugin:80 - create IPUIPlugin
2026-03-30 11:20:02,610 [INFO] PluginManager:220 - loadIPPluginJar : add radio
2026-03-30 11:20:02,612 [INFO] IPUIPlugin:80 - create IPUIPlugin
2026-03-30 11:20:02,612 [INFO] PluginManager:220 - loadIPPluginJar : add gtzc
2026-03-30 11:20:02,614 [INFO] IPUIPlugin:80 - create IPUIPlugin
2026-03-30 11:20:02,614 [INFO] PluginManager:220 - loadIPPluginJar : add i2s
2026-03-30 11:20:02,616 [INFO] IPUIPlugin:80 - create IPUIPlugin
2026-03-30 11:20:02,616 [INFO] PluginManager:220 - loadIPPluginJar : add dma3
2026-03-30 11:20:02,712 [FATAL] Updater:351 - Updater called before beeing initialized
2026-03-30 11:20:02,758 [INFO] RulesReader:64 - Compatibility file has been processed (317 Rules)
2026-03-30 11:20:02,771 [INFO] RulesReader:64 - Compatibility file has been processed (317 Rules)
2026-03-30 11:20:02,778 [INFO] CADModel:165 - CPN selected for project level
2026-03-30 11:20:02,778 [INFO] CADModel:114 - Register for checkConnection events
2026-03-30 11:20:02,778 [FATAL] Updater:351 - Updater called before beeing initialized
2026-03-30 11:20:02,778 [ERROR] CADModel:125 - Updater not yet initialized, retry later 
2026-03-30 11:20:02,870 [FATAL] Updater:351 - Updater called before beeing initialized
2026-03-30 11:20:02,872 [INFO] CADModel:165 - CPN selected for project level
2026-03-30 11:20:02,872 [INFO] CADModel:114 - Register for checkConnection events
2026-03-30 11:20:02,872 [FATAL] Updater:351 - Updater called before beeing initialized
2026-03-30 11:20:02,872 [ERROR] CADModel:125 - Updater not yet initialized, retry later 
2026-03-30 11:20:02,875 [FATAL] Updater:351 - Updater called before beeing initialized
2026-03-30 11:20:02,941 [FATAL] Updater:351 - Updater called before beeing initialized
2026-03-30 11:20:02,944 [INFO] DbMcusAds:53 - JSON generation date=Thu Mar 05 20:02:52 IST 2026 (1772721172890)
2026-03-30 11:20:02,944 [FATAL] Updater:351 - Updater called before beeing initialized
2026-03-30 11:20:02,972 [WARN] DetailPanel:346 - Failed to get advertising image, set to default
2026-03-30 11:20:03,031 [FATAL] Updater:351 - Updater called before beeing initialized
2026-03-30 11:20:03,033 [FATAL] Updater:351 - Updater called before beeing initialized
2026-03-30 11:20:03,033 [FATAL] Updater:351 - Updater called before beeing initialized
2026-03-30 11:20:03,033 [WARN] DetailPanel:346 - Failed to get advertising image, set to default
2026-03-30 11:20:03,034 [FATAL] Updater:351 - Updater called before beeing initialized
2026-03-30 11:20:03,062 [ERROR] Updater:1198 - MainUpdater not yet initialized. External WinMGr cannot be set.
2026-03-30 11:20:03,063 [INFO] Updater:1134 - Updater Version found : 6.15.0
2026-03-30 11:20:03,082 [INFO] ApplicationProperties:184 - Using Application install path: /opt/st/stm32cubeide_1.19.0/plugins/com.st.stm32cube.common.mx_6.15.0.202507011659
2026-03-30 11:20:03,668 [INFO] MainUpdater:2872 - connection check result : 10
2026-03-30 11:20:03,668 [INFO] MainUpdater:289 - Updater Check For Update Now.
2026-03-30 11:20:03,668 [INFO] MicroXplorer:498 - Change Database Version : DB.6.0.150
2026-03-30 11:20:03,673 [INFO] McuFinderGlobals:63 - Set McuFinder mode to 2 (CubeIDE integrated)
2026-03-30 11:20:03,673 [INFO] UserAuth:171 - activating auth plugin
2026-03-30 11:20:03,675 [INFO] UserAuth:487 - Internet connection configuration mode: 1
2026-03-30 11:20:03,705 [INFO] JxBrowserEngine:152 - Initiate JxBrowser Engine with user profile folder
2026-03-30 11:20:03,858 [INFO] CheckServerUpdateThread:120 - End of CheckServer Thread
2026-03-30 11:20:04,335 [INFO] WebApp:169 - Instantiating new browser for Auth
2026-03-30 11:20:04,896 [INFO] WebApp:463 - Apply proxy settings
2026-03-30 11:20:04,897 [INFO] WebApp:548 - Chromium requires no authentication
2026-03-30 11:20:04,906 [INFO] WebApp:491 - Direct internet connection detected
2026-03-30 11:20:04,923 [INFO] WebApp:900 - Register for checkConnection events
2026-03-30 11:20:04,924 [INFO] WebApp:463 - Apply proxy settings
2026-03-30 11:20:04,924 [INFO] WebApp:548 - Chromium requires no authentication
2026-03-30 11:20:04,924 [INFO] WebApp:491 - Direct internet connection detected
2026-03-30 11:20:05,038 [INFO] WebApp:225 - Starting web application
2026-03-30 11:20:05,038 [INFO] WebApp:593 - Web application path used /opt/st/stm32cubeide_1.19.0/plugins/com.st.stm32cube.common.mx_6.15.0.202507011659/db/plugins/mcufinder/reactClient1/index.html
2026-03-30 11:20:05,261 [WARN] PackLoader:240 - Cannot read IP mode file for STMicroelectronics.FP-SNS-MOTENVWB1.1.4.0
2026-03-30 11:20:05,267 [WARN] PackLoader:240 - Cannot read IP mode file for STMicroelectronics.FP-ATR-ASTRA1.2.0.2
2026-03-30 11:20:05,272 [WARN] PackLoader:240 - Cannot read IP mode file for STMicroelectronics.X-CUBE-SMBUS.2.1.0
2026-03-30 11:20:05,275 [WARN] PackLoader:240 - Cannot read IP mode file for STMicroelectronics.X-CUBE-ST60.1.0.0
2026-03-30 11:20:05,328 [WARN] PackLoader:240 - Cannot read IP mode file for STMicroelectronics.X-CUBE-AZRTOS-F7.1.1.0
2026-03-30 11:20:05,337 [WARN] PackLoader:240 - Cannot read IP mode file for STMicroelectronics.FP-SNS-MOTENV1.5.1.0
2026-03-30 11:20:05,367 [WARN] PackLoader:240 - Cannot read IP mode file for Infineon.AIROC-Wi-Fi-Bluetooth-STM32.1.7.1
2026-03-30 11:20:05,422 [WARN] PackLoader:240 - Cannot read IP mode file for STMicroelectronics.X-CUBE-AZRTOS-H7.3.4.0
2026-03-30 11:20:05,435 [WARN] PackLoader:240 - Cannot read IP mode file for STMicroelectronics.X-CUBE-DISPLAY.3.0.0
2026-03-30 11:20:05,445 [WARN] PackLoader:240 - Cannot read IP mode file for STMicroelectronics.FP-SNS-MOTENVWB1.1.5.0
2026-03-30 11:20:05,454 [WARN] PackLoader:240 - Cannot read IP mode file for STMicroelectronics.X-CUBE-NFC10.1.0.0
2026-03-30 11:20:05,468 [WARN] PackLoader:240 - Cannot read IP mode file for STMicroelectronics.X-CUBE-BLEMGR.4.0.0
2026-03-30 11:20:05,478 [WARN] PackLoader:240 - Cannot read IP mode file for STMicroelectronics.X-CUBE-ST60.1.1.0
2026-03-30 11:20:05,483 [WARN] PackLoader:240 - Cannot read IP mode file for emotas.I-CUBE-CANOPEN.1.3.0
2026-03-30 11:20:05,489 [WARN] PackLoader:240 - Cannot read IP mode file for STMicroelectronics.X-CUBE-GNSS1.7.1.0
2026-03-30 11:20:05,494 [WARN] ConditionMgr:438 - getConditionDescription Invalid condition id : Cortex-A Device cause : null
2026-03-30 11:20:05,508 [WARN] ConditionMgr:1044 - genDependencies : Invalid condition id : Cortex-A Device cause : null
2026-03-30 11:20:05,508 [WARN] ConditionMgr:1044 - genDependencies : Invalid condition id : Cortex-A Device cause : null
2026-03-30 11:20:05,508 [WARN] ConditionMgr:1044 - genDependencies : Invalid condition id : Cortex-A Device cause : null
2026-03-30 11:20:05,516 [WARN] PackLoader:240 - Cannot read IP mode file for STMicroelectronics.FP-SNS-STBOX1.2.1.0
2026-03-30 11:20:05,523 [WARN] PackLoader:240 - Cannot read IP mode file for STMicroelectronics.FP-SNS-SMARTAG2.1.2.0
2026-03-30 11:20:05,527 [WARN] PackLoader:240 - Cannot read IP mode file for STMicroelectronics.FP-SNS-FLIGHT1.5.1.0
2026-03-30 11:20:05,537 [INFO] LogOutputStream:77 - [STDOUT_REDIRECT] 1 : Invalid condition id : UX_CORESTACK_Condition cause : null
2026-03-30 11:20:05,538 [INFO] LogOutputStream:77 - [STDOUT_REDIRECT] 1 : Invalid condition id : UX_CORESTACK_Condition cause : null
2026-03-30 11:20:05,538 [INFO] LogOutputStream:77 - [STDOUT_REDIRECT] 1 : Invalid condition id : UX_CORESTACK_Condition cause : null
2026-03-30 11:20:05,538 [INFO] LogOutputStream:77 - [STDOUT_REDIRECT] 1 : Invalid condition id : UX_CORESTACK_Condition cause : null
2026-03-30 11:20:05,538 [INFO] LogOutputStream:77 - [STDOUT_REDIRECT] 1 : Invalid condition id : UX_CORESTACK_Condition cause : null
2026-03-30 11:20:05,541 [WARN] PackLoader:240 - Cannot read IP mode file for STMicroelectronics.X-CUBE-AZRTOS-WL.2.0.0
2026-03-30 11:20:05,547 [WARN] PackLoader:240 - Cannot read IP mode file for STMicroelectronics.FP-SNS-MOTENV1.5.0.0
2026-03-30 11:20:05,567 [WARN] PackLoader:240 - Cannot read IP mode file for STMicroelectronics.X-CUBE-AZRTOS-H7RS.1.2.0
2026-03-30 11:20:05,574 [WARN] PackLoader:240 - Cannot read IP mode file for WES.I-CUBE-Cesium.1.3.0
2026-03-30 11:20:05,577 [WARN] PackLoader:240 - Cannot read IP mode file for STMicroelectronics.X-CUBE-BLE2.3.3.0
2026-03-30 11:20:05,589 [WARN] PackLoader:240 - Cannot read IP mode file for STMicroelectronics.X-CUBE-NFC9.1.0.0
2026-03-30 11:20:05,594 [WARN] PackLoader:240 - Cannot read IP mode file for wolfSSL.I-CUBE-wolfSSL.5.8.0
2026-03-30 11:20:05,612 [WARN] PackLoader:240 - Cannot read IP mode file for STMicroelectronics.X-CUBE-BLE1.7.1.0
2026-03-30 11:20:05,618 [WARN] PackLoader:240 - Cannot read IP mode file for wolfSSL.I-CUBE-wolfMQTT.1.19.2
2026-03-30 11:20:05,625 [WARN] PackLoader:240 - Cannot read IP mode file for STMicroelectronics.X-CUBE-FREERTOS.1.4.0
2026-03-30 11:20:05,635 [WARN] PackLoader:240 - Cannot read IP mode file for STMicroelectronics.X-CUBE-EEPRMA1.5.2.0
2026-03-30 11:20:05,642 [WARN] PackLoader:240 - Cannot read IP mode file for STMicroelectronics.X-CUBE-ST67W61.1.1.0
2026-03-30 11:20:05,649 [WARN] PackLoader:240 - Cannot read IP mode file for STMicroelectronics.X-CUBE-AI.10.1.0
2026-03-30 11:20:05,686 [INFO] WebApp:191 - Connection restablished
2026-03-30 11:20:05,705 [WARN] PackLoader:240 - Cannot read IP mode file for STMicroelectronics.X-CUBE-MEMS1.12.0.0
2026-03-30 11:20:05,804 [WARN] PackLoader:240 - Cannot read IP mode file for STMicroelectronics.X-CUBE-AZRTOS-G0.1.1.0
2026-03-30 11:20:05,810 [WARN] PackLoader:240 - Cannot read IP mode file for STMicroelectronics.X-CUBE-SAFEA1.1.2.2
2026-03-30 11:20:05,816 [WARN] PackLoader:240 - Cannot read IP mode file for STMicroelectronics.X-CUBE-NFC4.3.0.0
2026-03-30 11:20:05,823 [WARN] PackLoader:240 - Cannot read IP mode file for EmbeddedOffice.I-CUBE-FS-RTOS.1.0.1
2026-03-30 11:20:05,829 [WARN] PackLoader:240 - Cannot read IP mode file for STMicroelectronics.X-CUBE-WB05N.2.0.0
2026-03-30 11:20:05,833 [WARN] PackLoader:240 - Cannot read IP mode file for wolfSSL.I-CUBE-wolfTPM.3.8.0
2026-03-30 11:20:05,838 [WARN] PackLoader:240 - Cannot read IP mode file for STMicroelectronics.X-CUBE-TCPP.4.2.0
2026-03-30 11:20:05,844 [WARN] PackLoader:240 - Cannot read IP mode file for RealThread.X-CUBE-RT-Thread_Nano.4.1.1
2026-03-30 11:20:05,848 [WARN] PackLoader:240 - Cannot read IP mode file for STMicroelectronics.FP-ATR-SIGFOX1.3.2.0
2026-03-30 11:20:05,857 [WARN] PackLoader:240 - Cannot read IP mode file for STMicroelectronics.X-CUBE-EEPRMA1.5.1.0
2026-03-30 11:20:05,867 [WARN] PackLoader:240 - Cannot read IP mode file for ITTIA_DB.I-CUBE-ITTIADB.8.9.0
2026-03-30 11:20:05,875 [WARN] PackLoader:240 - Cannot read IP mode file for STMicroelectronics.X-CUBE-NFC6.3.2.0
2026-03-30 11:20:05,884 [WARN] PackLoader:240 - Cannot read IP mode file for STMicroelectronics.X-CUBE-ST67W61.1.0.0
2026-03-30 11:20:05,888 [WARN] PackLoader:240 - Cannot read IP mode file for STMicroelectronics.X-CUBE-AI.10.2.0
2026-03-30 11:20:05,931 [WARN] PackLoader:240 - Cannot read IP mode file for SEGGER.I-CUBE-embOS.1.3.1
2026-03-30 11:20:05,971 [WARN] PackLoader:240 - Cannot read IP mode file for STMicroelectronics.X-CUBE-ALGOBUILD.1.4.0
2026-03-30 11:20:06,017 [WARN] PackLoader:240 - Cannot read IP mode file for STMicroelectronics.X-CUBE-MEMS1.11.3.0
2026-03-30 11:20:06,139 [WARN] PackLoader:240 - Cannot read IP mode file for STMicroelectronics.X-CUBE-PM33A1.1.0.0
2026-03-30 11:20:06,159 [WARN] PackLoader:240 - Cannot read IP mode file for STMicroelectronics.X-CUBE-AZRTOS-F4.1.1.0
2026-03-30 11:20:06,180 [WARN] PackLoader:240 - Cannot read IP mode file for Avnet-IotConnect.X-CUBE-IoTC-DA16k-PMOD.1.0.0
2026-03-30 11:20:06,186 [WARN] PackLoader:240 - Cannot read IP mode file for STMicroelectronics.X-CUBE-ISPU.2.1.0
2026-03-30 11:20:06,201 [WARN] PackLoader:240 - Cannot read IP mode file for STMicroelectronics.X-CUBE-IPS.3.2.0
2026-03-30 11:20:06,218 [WARN] PackLoader:240 - Cannot read IP mode file for STMicroelectronics.X-CUBE-NFC12.1.0.0
2026-03-30 11:20:06,236 [WARN] PackLoader:240 - Cannot read IP mode file for STMicroelectronics.X-CUBE-AZRTOS-L5.2.0.0
2026-03-30 11:20:06,286 [WARN] PackLoader:240 - Cannot read IP mode file for STMicroelectronics.X-CUBE-NFC6.3.1.0
2026-03-30 11:20:06,298 [WARN] PackLoader:240 - Cannot read IP mode file for STMicroelectronics.X-CUBE-FREERTOS.1.3.1
2026-03-30 11:20:06,306 [WARN] PackLoader:240 - Cannot read IP mode file for STMicroelectronics.X-CUBE-TOUCHGFX.4.26.0
2026-03-30 11:20:06,317 [WARN] PackLoader:240 - Cannot read IP mode file for STMicroelectronics.FP-SNS-STAIOTCFT.1.0.0
2026-03-30 11:20:06,324 [WARN] PackLoader:240 - Cannot read IP mode file for STMicroelectronics.X-CUBE-DPower.1.3.0
2026-03-30 11:20:06,356 [WARN] ConditionMgr:438 - getConditionDescription Invalid condition id : LAN8742 Phy interface Condition cause : null
2026-03-30 11:20:06,357 [WARN] PackLoader:240 - Cannot read IP mode file for STMicroelectronics.X-CUBE-AZRTOS-L4.2.0.0
2026-03-30 11:20:06,364 [WARN] ConditionMgr:1044 - genDependencies : Invalid condition id : LAN8742 Phy interface Condition cause : null
2026-03-30 11:20:06,365 [WARN] ConditionMgr:1044 - genDependencies : Invalid condition id : LAN8742 Phy interface Condition cause : null
2026-03-30 11:20:06,366 [WARN] ConditionMgr:1044 - genDependencies : Invalid condition id : LAN8742 Phy interface Condition cause : null
2026-03-30 11:20:06,375 [WARN] PackLoader:240 - Cannot read IP mode file for STMicroelectronics.X-CUBE-SFXS2LP1.4.0.0
2026-03-30 11:20:06,386 [WARN] PackLoader:240 - Cannot read IP mode file for STMicroelectronics.X-CUBE-ST67W61.1.2.0
2026-03-30 11:20:06,399 [WARN] PackLoader:240 - Cannot read IP mode file for STMicroelectronics.X-CUBE-BLEMGR.4.1.0
2026-03-30 11:20:06,419 [WARN] ConditionMgr:438 - getConditionDescription Invalid condition id : UX DEVICE CLASS RTOS Condition cause : null
2026-03-30 11:20:06,419 [WARN] ConditionMgr:438 - getConditionDescription Invalid condition id : UX DEVICE CLASS RTOS Condition cause : null
2026-03-30 11:20:06,422 [WARN] PackLoader:240 - Cannot read IP mode file for STMicroelectronics.X-CUBE-AZRTOS-WB.2.0.0
2026-03-30 11:20:06,423 [WARN] ConditionMgr:1044 - genDependencies : Invalid condition id : UX DEVICE CLASS RTOS Condition cause : null
2026-03-30 11:20:06,423 [WARN] ConditionMgr:1044 - genDependencies : Invalid condition id : UX DEVICE CLASS RTOS Condition cause : null
2026-03-30 11:20:06,424 [WARN] ConditionMgr:1044 - genDependencies : Invalid condition id : UX DEVICE CLASS RTOS Condition cause : null
2026-03-30 11:20:06,424 [WARN] ConditionMgr:1044 - genDependencies : Invalid condition id : UX DEVICE CLASS RTOS Condition cause : null
2026-03-30 11:20:06,424 [WARN] ConditionMgr:1044 - genDependencies : Invalid condition id : UX DEVICE CLASS RTOS Condition cause : null
2026-03-30 11:20:06,431 [WARN] PackLoader:240 - Cannot read IP mode file for STMicroelectronics.X-CUBE-GNSS1.7.0.1
2026-03-30 11:20:06,433 [WARN] PackLoader:240 - Cannot read IP mode file for STMicroelectronics.X-CUBE-TOUCHGFX.4.25.0
2026-03-30 11:20:06,437 [WARN] PackLoader:240 - Cannot read IP mode file for STMicroelectronics.FP-SNS-STBOX1.2.0.0
2026-03-30 11:20:06,443 [WARN] PackLoader:240 - Cannot read IP mode file for STMicroelectronics.X-CUBE-STSE01.2.0.0
2026-03-30 11:20:06,451 [WARN] PackLoader:240 - Cannot read IP mode file for STMicroelectronics.X-CUBE-SUBG2.5.0.0
2026-03-30 11:20:06,473 [WARN] PackLoader:240 - Cannot read IP mode file for STMicroelectronics.X-CUBE-AZRTOS-H7RS.1.1.0
2026-03-30 11:20:06,478 [WARN] PackLoader:240 - Cannot read IP mode file for Cesanta.I-CUBE-Mongoose.7.13.0
2026-03-30 11:20:06,486 [WARN] PackLoader:240 - Cannot read IP mode file for STMicroelectronics.X-CUBE-AZRTOS-G4.2.0.0
2026-03-30 11:20:06,489 [WARN] PackLoader:240 - Cannot read IP mode file for wolfSSL.I-CUBE-wolfSSH.1.4.20
2026-03-30 11:20:06,491 [WARN] PackLoader:240 - Cannot read IP mode file for STMicroelectronics.X-CUBE-NFC7.2.0.0
2026-03-30 11:20:06,497 [WARN] PackLoader:240 - Cannot read IP mode file for STMicroelectronics.X-CUBE-IPS.3.1.0
2026-03-30 11:20:06,503 [WARN] PackLoader:240 - Cannot read IP mode file for STMicroelectronics.X-CUBE-ALS.1.0.2
2026-03-30 11:20:06,506 [WARN] PackLoader:240 - Cannot read IP mode file for STMicroelectronics.X-CUBE-STSE01.1.0.0
2026-03-30 11:20:06,510 [WARN] PackLoader:240 - Cannot read IP mode file for portGmbH.I-Cube-SoM-uGOAL.1.1.0
2026-03-30 11:20:06,517 [WARN] PackLoader:240 - Cannot read IP mode file for STMicroelectronics.X-CUBE-TOF1.3.4.3
2026-03-30 11:20:06,523 [INFO] ThirdParty:978 - Integrity check success = true
2026-03-30 11:20:06,523 [INFO] IntegrityCheckThread:100 - exiting critical section [integrity check]
2026-03-30 11:20:06,523 [INFO] IntegrityCheckThread:103 - End integrity checks thread
2026-03-30 11:45:43,171 [INFO] McuFinderGlobals:63 - Set McuFinder mode to 2 (CubeIDE integrated)
2026-03-30 11:45:43,178 [INFO] MainUpdater:2872 - connection check result : 10
2026-03-30 11:45:43,180 [INFO] MainUpdater:2872 - connection check result : 10
2026-03-30 11:45:43,234 [INFO] MicroXplorer:468 - Change Database Path : 
2026-03-30 11:45:43,235 [INFO] MicroXplorer:498 - Change Database Version : DB.6.0.150
2026-03-30 11:45:43,247 [WARN] ThirdParty:871 - waiting for thirdparty lock release [close project]
2026-03-30 11:45:43,247 [INFO] ThirdParty:873 - entering critical section [close project]
2026-03-30 11:45:43,252 [INFO] ThirdParty:883 - exiting critical section [close project]
2026-03-30 11:45:43,258 [INFO] PinOutPanel:1589 - setPackage(No Configuration,No Configuration)
2026-03-30 11:45:43,269 [INFO] UtilMem:75 - Begin LoadConfig() Used Memory: 347811064 Bytes (772800512)
2026-03-30 11:45:43,272 [INFO] MicroXplorer:468 - Change Database Path : 
2026-03-30 11:45:43,273 [INFO] MicroXplorer:498 - Change Database Version : DB.6.0.150
2026-03-30 11:45:43,273 [INFO] OpenFileManager:355 - Change cursor
2026-03-30 11:45:43,348 [INFO] Mcu:2029 - Initializing MCU STM32F407V(E-G)Tx STM32F407VGTx STM32F407VGT6
2026-03-30 11:45:44,782 [INFO] Context:786 - Trying to add GPIOservice into a context  which must be forbidden
2026-03-30 11:45:45,194 [INFO] ImportTextPane:234 - (OptionalMessage_ERROR) Pin36 (VP_RIF_VS_RIF1) cannot be retrieved for this MCU
2026-03-30 11:45:45,306 [INFO] RtosManager:558 - Registered RTOS mode: class=CMSIS, group=RTOS, mode=CMSIS_V1, owner=FREERTOS
2026-03-30 11:45:45,307 [INFO] RtosManager:558 - Registered RTOS mode: class=CMSIS, group=RTOS2, mode=CMSIS_V2, owner=FREERTOS
2026-03-30 11:45:45,307 [INFO] RtosManager:558 - Registered RTOS mode: class=RTOS, group=Core, mode=CMSIS_V1, owner=FREERTOS
2026-03-30 11:45:45,307 [INFO] RtosManager:558 - Registered RTOS mode: class=RTOS, group=Core, mode=CMSIS_V2, owner=FREERTOS
2026-03-30 11:45:45,307 [WARN] ModelIntegratedComponent:184 - Missing modes for component STMicroelectronics:FreeRTOS:0.0.1:STMicroelectronics:RTOS:FreeRTOS:Core:::10.2.0:
2026-03-30 11:45:45,318 [WARN] ModelIntegratedComponent:63 - No mode defined for component null
2026-03-30 11:45:45,319 [WARN] ModelIntegratedComponent:63 - No mode defined for component null
2026-03-30 11:45:45,319 [WARN] ModelIntegratedComponent:63 - No mode defined for component null
2026-03-30 11:45:45,319 [WARN] ModelIntegratedComponent:63 - No mode defined for component null
2026-03-30 11:45:45,319 [WARN] ModelIntegratedComponent:63 - No mode defined for component null
2026-03-30 11:45:45,319 [WARN] ModelIntegratedComponent:63 - No mode defined for component null
2026-03-30 11:45:45,319 [WARN] ModelIntegratedComponent:63 - No mode defined for component null
2026-03-30 11:45:45,319 [WARN] ModelIntegratedComponent:63 - No mode defined for component null
2026-03-30 11:45:45,319 [WARN] ModelIntegratedComponent:63 - No mode defined for component null
2026-03-30 11:45:45,319 [WARN] ModelIntegratedComponent:63 - No mode defined for component null
2026-03-30 11:45:45,320 [WARN] ModelIntegratedComponent:63 - No mode defined for component null
2026-03-30 11:45:45,320 [WARN] ModelIntegratedComponent:63 - No mode defined for component null
2026-03-30 11:45:45,320 [WARN] ModelIntegratedComponent:63 - No mode defined for component null
2026-03-30 11:45:45,320 [WARN] ModelIntegratedComponent:63 - No mode defined for component null
2026-03-30 11:45:45,320 [WARN] ModelIntegratedComponent:63 - No mode defined for component null
2026-03-30 11:45:45,320 [WARN] ModelIntegratedComponent:63 - No mode defined for component null
2026-03-30 11:45:45,320 [WARN] ModelIntegratedComponent:63 - No mode defined for component null
2026-03-30 11:45:45,320 [WARN] ModelIntegratedComponent:63 - No mode defined for component null
2026-03-30 11:45:45,320 [WARN] ModelIntegratedComponent:63 - No mode defined for component null
2026-03-30 11:45:45,320 [WARN] ModelIntegratedComponent:63 - No mode defined for component null
2026-03-30 11:45:45,320 [WARN] ModelIntegratedComponent:63 - No mode defined for component null
2026-03-30 11:45:45,320 [WARN] ModelIntegratedComponent:63 - No mode defined for component null
2026-03-30 11:45:45,321 [WARN] ModelIntegratedComponent:63 - No mode defined for component null
2026-03-30 11:45:45,321 [WARN] ModelIntegratedComponent:63 - No mode defined for component null
2026-03-30 11:45:45,321 [WARN] ModelIntegratedComponent:63 - No mode defined for component null
2026-03-30 11:45:45,321 [WARN] ModelIntegratedComponent:63 - No mode defined for component null
2026-03-30 11:45:45,321 [WARN] ModelIntegratedComponent:63 - No mode defined for component null
2026-03-30 11:45:45,321 [WARN] ModelIntegratedComponent:63 - No mode defined for component null
2026-03-30 11:45:45,321 [WARN] ModelIntegratedComponent:63 - No mode defined for component null
2026-03-30 11:45:45,321 [WARN] ModelIntegratedComponent:63 - No mode defined for component null
2026-03-30 11:45:45,321 [WARN] ModelIntegratedComponent:63 - No mode defined for component null
2026-03-30 11:45:45,321 [WARN] ModelIntegratedComponent:63 - No mode defined for component null
2026-03-30 11:45:45,321 [WARN] ModelIntegratedComponent:63 - No mode defined for component null
2026-03-30 11:45:45,321 [WARN] ModelIntegratedComponent:63 - No mode defined for component null
2026-03-30 11:45:45,321 [WARN] ModelIntegratedComponent:63 - No mode defined for component null
2026-03-30 11:45:45,322 [WARN] ModelPack:524 - Component already loaded: STMicroelectronics:HAL Drivers:0.0.0:STMicroelectronics:Device:STMicro_Driver:XSPI:HAL::0.0.1:HAL_XSPI
2026-03-30 11:45:45,510 [INFO] ThirdPartyModel:298 - Start build external matchings
2026-03-30 11:45:46,220 [INFO] ThirdPartyModel:316 - End build external matchings
2026-03-30 11:45:46,531 [INFO] ApiDb:581 - Connected to CubeFinder SQLite database (/home/sunbeam/.stmcufinder/plugins/mcufinder/mcu/cube-finder-db.db)
2026-03-30 11:45:46,765 [INFO] ApiDb:668 - CubeFinder database Data Model version=2.1
2026-03-30 11:45:46,765 [INFO] ApiDb:669 - CubeFinder database Configuration version=3.0.42
2026-03-30 11:45:46,768 [INFO] ApiDb:670 - CubeFinder database generation date=2026-03-11 (1773229989)
2026-03-30 11:45:46,768 [INFO] ApiDb:671 - CubeFinder database FW Pack versions=[FP-ATR-ASTRA1_V2.0.0, FP-SNS-FLIGHT1_V5.1.0, FP-SNS-MOTENV1_V5.1.0, FP-SNS-MOTENVWB1_V1.5.0, FP-SNS-SMARTAG2_V1.2.0, FP-SNS-STBOX1_V2.1.0, STM32Cube_FW_C0_V1.4.0, STM32Cube_FW_F4_V1.28.3, STM32Cube_FW_F7_V1.17.4, STM32Cube_FW_G0_V1.6.3, STM32Cube_FW_G4_V1.6.2, STM32Cube_FW_H5_V1.6.0, STM32Cube_FW_H7RS_V1.3.0, STM32Cube_FW_H7_V1.13.0, STM32Cube_FW_L0_V1.12.2, STM32Cube_FW_L4_V1.18.2, STM32Cube_FW_L5_V1.6.0, STM32Cube_FW_N6_V1.3.0, STM32Cube_FW_U0_V1.3.0, STM32Cube_FW_U3_V1.3.0, STM32Cube_FW_U5_V1.8.0, STM32Cube_FW_WB0_V1.4.0, STM32Cube_FW_WBA_V1.9.0, STM32Cube_FW_WB_V1.24.0, STM32Cube_FW_WL3_V1.4.0, STM32Cube_FW_WL_V1.5.0, X-CUBE-ALGOBUILD_V1.4.0, X-CUBE-ALS_V1.0.2, X-CUBE-AZRTOS-F4_V1.1.0, X-CUBE-AZRTOS-F7_V1.1.0, X-CUBE-AZRTOS-G0_V1.1.0, X-CUBE-AZRTOS-G4_V2.0.0, X-CUBE-AZRTOS-H7RS_V1.1.0, X-CUBE-AZRTOS-H7_V3.4.0, X-CUBE-AZRTOS-L4_V2.0.0, X-CUBE-AZRTOS-L5_V2.0.0, X-CUBE-AZRTOS-WB_V2.0.0, X-CUBE-AZRTOS-WL_V2.0.0, X-CUBE-BLE1_V7.1.0, X-CUBE-BLE2_V3.3.0, X-CUBE-BLEMGR_V4.1.0, X-CUBE-EEPRMA1_V5.2.0, X-CUBE-FREERTOS_V1.5.0, X-CUBE-GNSS1_V6.0.0, X-CUBE-MEMS1_V12.0.0, X-CUBE-NFC4_V3.0.0, X-CUBE-NFC7_V2.0.0, X-CUBE-SFXS2LP1_V4.0.0, X-CUBE-ST67W61_V1.2.0, X-CUBE-SUBG2_V5.0.0, X-CUBE-TOF1_V3.4.3]
2026-03-30 11:45:46,924 [INFO] DbBoardsSqlite:226 - include board P-NUCLEO-WB55-NUCLEO as a kit item of type 'Nucleo-64'
2026-03-30 11:45:46,925 [INFO] DbBoardsSqlite:226 - include board P-NUCLEO-WB55-USBDONGLE as a kit item of type 'Nucleo USB Dongle'
2026-03-30 11:45:46,926 [INFO] DbBoardsSqlite:226 - include board STEVAL-IDP005V1 as a kit item of type 'Evaluation Board'
2026-03-30 11:45:46,927 [INFO] DbBoardsSqlite:226 - include board STEVAL-IDP005V2 as a kit item of type 'Evaluation Board'
2026-03-30 11:45:47,120 [INFO] ApiDb:240 - Found 880 in-development CPN: [B-G473E-ZEST1S, B-WB1M-WPAN1, B-WBA5M-WPAN, B-WL5M-SUBG1, NUCLEO-C031C6, NUCLEO-C051C8, NUCLEO-C071RB, NUCLEO-C092RC, NUCLEO-H503RB, NUCLEO-H533RE, NUCLEO-H563ZI, NUCLEO-H7S3L8, NUCLEO-N657X0-Q, NUCLEO-U031R8, NUCLEO-U083RC, NUCLEO-U385RG-Q, NUCLEO-U545RE-Q, NUCLEO-U5A5ZJ-Q, NUCLEO-WB05KZ, NUCLEO-WB07CC, NUCLEO-WB09KE, NUCLEO-WBA52CG, NUCLEO-WBA55CG, NUCLEO-WL33CC1, NUCLEO-WL33CC2, STEVAL-PROTEUS1, STEVAL-SMARTAG2, STEVAL-STWINBX1, STM320518-EVAL, STM32C0116-DK, STM32C011D6Y3TR, STM32C011D6Y6TR, STM32C011F4P3, STM32C011F4P6, STM32C011F4U3, STM32C011F4U6TR, STM32C011F6P3, STM32C011F6P6, STM32C011F6U3, STM32C011F6U6TR, STM32C011J4M3, STM32C011J4M6, STM32C011J6M3, STM32C011J6M6, STM32C0316-DK, STM32C031C4T3, STM32C031C4T6, STM32C031C4U3, STM32C031C4U6, STM32C031C6T3, STM32C031C6T6, STM32C031C6U3, STM32C031C6U6, STM32C031F4P3, STM32C031F4P6, STM32C031F6P3, STM32C031F6P6, STM32C031G4U3, STM32C031G4U6, STM32C031G6U3, STM32C031G6U6, STM32C031K4T3, STM32C031K4T6, STM32C031K4U3, STM32C031K4U6, STM32C031K6T3, STM32C031K6T6, STM32C031K6U3, STM32C031K6U6, STM32C051C6T6, STM32C051C6U6, STM32C051C8T6, STM32C051C8U6, STM32C051D8Y6TR, STM32C051F6P6, STM32C051F8P6, STM32C051G6U6, STM32C051G8U6, STM32C051K6T6, STM32C051K6U6, STM32C051K8T6, STM32C071C8T6, STM32C071C8T6N, STM32C071C8U6, STM32C071C8U6N, STM32C071CBT6, STM32C071CBT6N, STM32C071CBU6, STM32C071CBU6N, STM32C071F8P6, STM32C071F8P6N, STM32C071FBP6, STM32C071FBP6N, STM32C071FBY6TR, STM32C071G8U6, STM32C071G8U6N, STM32C071GBU6, STM32C071GBU6N, STM32C071K8T6, STM32C071K8T6N, STM32C071K8U6, STM32C071K8U6N, STM32C071KBT6, STM32C071KBT6N, STM32C071KBU6, STM32C071KBU6N, STM32C071R8T6, STM32C071R8T6N, STM32C071RBI6N, STM32C071RBT6, STM32C071RBT6N, STM32C091CBT6, STM32C091CBU6, STM32C091CCT6, STM32C091CCU6, STM32C091ECY6TR, STM32C091FBP6, STM32C091FCP6, STM32C091GBU6, STM32C091GCU6, STM32C091KBT6, STM32C091KBU6, STM32C091KCT6, STM32C091KCU6, STM32C091RBT6, STM32C091RCI6, STM32C091RCT6, STM32C092CBT6, STM32C092CBU6, STM32C092CCT6, STM32C092CCU6, STM32C092ECY6TR, STM32C092FBP6, STM32C092FCP6, STM32C092GBU6, STM32C092GCU6, STM32C092KBT6, STM32C092KBU6, STM32C092KCT6, STM32C092KCU6, STM32C092RBT6, STM32C092RCI6, STM32C092RCT6, STM32G071K8TXN, STM32G071K8UXN, STM32G081GBU6N, STM32G081KBT6N, STM32G081KBUXN, STM32G0B1CCT6N, STM32G0B1KCT6, STM32G0B1NEY6TR, STM32G0B1RCT6N, STM32G0C1CCT6, STM32G0C1CCT6N, STM32G0C1CCU6N, STM32G0C1CET6N, STM32G0C1CEU6N, STM32G0C1KCT6, STM32G0C1NEY6TR, STM32G0C1RCI6N, STM32G0C1RCT6N, STM32G0C1REI6N, STM32G0C1RET6N, STM32G0C1VCI6, STM32G0C1VEI6, STM32G411C6T3, STM32G411C6T6, STM32G411C6U3, STM32G411C6U6, STM32G411C8T3, STM32G411C8T6, STM32G411C8U3, STM32G411C8U6, STM32G411CBT3, STM32G411CBT6, STM32G411CBU3, STM32G411CBU6, STM32G411K6T3, STM32G411K6T6, STM32G411K6U3, STM32G411K6U6, STM32G411K8T3, STM32G411K8T6, STM32G411K8U3, STM32G411K8U6, STM32G411KBT3, STM32G411KBT6, STM32G411KBU3, STM32G411KBU6, STM32G411M6T3, STM32G411M6T6, STM32G411M8T3, STM32G411M8T6, STM32G411MBT3, STM32G411MBT6, STM32G411R6T3, STM32G411R6T6, STM32G411R8T3, STM32G411R8T6, STM32G411RBT3, STM32G411RBT6, STM32G414CBT3, STM32G414CBT6, STM32G414CBU3, STM32G414CBU6, STM32G414CCT3, STM32G414CCT6, STM32G414CCU3, STM32G414CCU6, STM32G414MBT3, STM32G414MBT6, STM32G414MCT3, STM32G414MCT6, STM32G414RBT3, STM32G414RBT6, STM32G414RCT3, STM32G414RCT6, STM32G414VBT3, STM32G414VBT6, STM32G414VCT3, STM32G414VCT6, STM32G431CBT3Z, STM32G431RBT3Z, STM32G471CCT6, STM32G471CCU6, STM32G471CET3, STM32G471CET6, STM32G471CEU3, STM32G471CEU6, STM32G471MCT6, STM32G471MET3, STM32G471MET6, STM32G471MEY6TR, STM32G471QCT6, STM32G471QET3, STM32G471RCT6, STM32G471RET3, STM32G471RET6, STM32G471VCH6, STM32G471VCI6, STM32G471VCT6, STM32G471VEH3, STM32G471VEH6, STM32G471VEI3, STM32G471VEI6, STM32G471VET3, STM32G471VET6, STM32G473QET3Z, STM32G473RET3Z, STM32G474CCT6, STM32G491RET3Z, STM32H503CBT6, STM32H503CBU6, STM32H503EBY6TR, STM32H503KBU6, STM32H503RBT6, STM32H523CCT6, STM32H523CCU6, STM32H523CET6, STM32H523CEU6, STM32H523HEY6TR, STM32H523RCT6, STM32H523RET6, STM32H523VCI6, STM32H523VCT6, STM32H523VEI6, STM32H523VET6, STM32H523ZCJ6, STM32H523ZCT6, STM32H523ZEJ6, STM32H523ZET6, STM32H533CET6, STM32H533CEU6, STM32H533HEY6TR, STM32H533RET6, STM32H533VEI6, STM32H533VET6, STM32H533ZEJ6, STM32H533ZET6, STM32H562AGI6, STM32H562AII6, STM32H562IGK6, STM32H562IGT6, STM32H562IIK6, STM32H562IIT6, STM32H562RGT6, STM32H562RGV6, STM32H562RIT6, STM32H562RIV6, STM32H562VGT6, STM32H562VIT6, STM32H562ZGT6, STM32H562ZIT6, STM32H563AGI6, STM32H563AII3Q, STM32H563AII6, STM32H563IGK6, STM32H563IGT6, STM32H563IIK3Q, STM32H563IIK6, STM32H563IIT3Q, STM32H563IIT6, STM32H563MIY3QTR, STM32H563RGT6, STM32H563RGV6, STM32H563RIT6, STM32H563RIV6, STM32H563VGT6, STM32H563VIT3Q, STM32H563VIT6, STM32H563ZGT6, STM32H563ZIT3Q, STM32H563ZIT6, STM32H573AII3Q, STM32H573AII6, STM32H573I-DK, STM32H573IIK3Q, STM32H573IIK6, STM32H573IIT3Q, STM32H573IIT6, STM32H573MIY3QTR, STM32H573RIT6, STM32H573RIV6, STM32H573VIT3Q, STM32H573VIT6, STM32H573ZIT3Q, STM32H573ZIT6, STM32H7R3A8I6, STM32H7R3I8K6, STM32H7R3I8T6, STM32H7R3L8H6, STM32H7R3L8H6H, STM32H7R3R8V6, STM32H7R3V8H6, STM32H7R3V8T6, STM32H7R3V8Y6TR, STM32H7R3Z8J6, STM32H7R3Z8T6, STM32H7R7A8I6, STM32H7R7I8K6, STM32H7R7I8T6, STM32H7R7L8H6, STM32H7R7L8H6H, STM32H7R7Z8J6, STM32H7S3A8I6, STM32H7S3I8K6, STM32H7S3I8T6, STM32H7S3L8H6, STM32H7S3L8H6H, STM32H7S3R8V6, STM32H7S3V8H6, STM32H7S3V8T6, STM32H7S3V8Y6TR, STM32H7S3Z8J6, STM32H7S3Z8T6, STM32H7S78-DK, STM32H7S7A8I6, STM32H7S7I8K6, STM32H7S7I8T6, STM32H7S7L8H6, STM32H7S7L8H6H, STM32H7S7Z8J6, STM32L4R5QGI6STR, STM32MP131AAE3, STM32MP131AAF3, STM32MP131AAG3, STM32MP131CAE3, STM32MP131CAF3, STM32MP131CAG3, STM32MP131DAE7, STM32MP131DAF7, STM32MP131DAG7, STM32MP131FAE7, STM32MP131FAF7, STM32MP131FAG7, STM32MP133AAE3, STM32MP133AAF3, STM32MP133AAG3, STM32MP133CAE3, STM32MP133CAF3, STM32MP133CAG3, STM32MP133DAE7, STM32MP133DAF7, STM32MP133DAG7, STM32MP133FAE7, STM32MP133FAF7, STM32MP133FAG7, STM32MP135AAE3, STM32MP135AAF3, STM32MP135AAG3, STM32MP135CAE3, STM32MP135CAF3, STM32MP135CAG3, STM32MP135DAE7, STM32MP135DAF7, STM32MP135DAG7, STM32MP135F-DK, STM32MP135FAE7, STM32MP135FAF7, STM32MP135FAF7T, STM32MP135FAF7U, STM32MP135FAG7, STM32MP211AAL3, STM32MP211AAM3, STM32MP211AAN3, STM32MP211AAO3, STM32MP211CAL3, STM32MP211CAM3, STM32MP211CAN3, STM32MP211CAO3, STM32MP211DAL3, STM32MP211DAM3, STM32MP211DAN3, STM32MP211DAO3, STM32MP211FAL3, STM32MP211FAM3, STM32MP211FAN3, STM32MP211FAO3, STM32MP213AAL3, STM32MP213AAM3, STM32MP213AAN3, STM32MP213AAO3, STM32MP213CAL3, STM32MP213CAM3, STM32MP213CAN3, STM32MP213CAO3, STM32MP213DAL3, STM32MP213DAM3, STM32MP213DAN3, STM32MP213DAO3, STM32MP213FAL3, STM32MP213FAM3, STM32MP213FAN3, STM32MP213FAO3, STM32MP215AAL3, STM32MP215AAM3, STM32MP215AAN3, STM32MP215AAO3, STM32MP215CAL3, STM32MP215CAM3, STM32MP215CAN3, STM32MP215CAO3, STM32MP215DAL3, STM32MP215DAM3, STM32MP215DAN3, STM32MP215DAO3, STM32MP215F-DK, STM32MP215FAL3, STM32MP215FAM3, STM32MP215FAN3, STM32MP215FAO3, STM32MP231AAJ3, STM32MP231AAK3, STM32MP231AAL3, STM32MP231CAJ3, STM32MP231CAK3, STM32MP231CAL3, STM32MP231DAJ3, STM32MP231DAK3, STM32MP231DAL3, STM32MP231FAJ3, STM32MP231FAK3, STM32MP231FAL3, STM32MP233AAJ3, STM32MP233AAK3, STM32MP233AAL3, STM32MP233CAJ3, STM32MP233CAK3, STM32MP233CAL3, STM32MP233DAJ3, STM32MP233DAK3, STM32MP233DAL3, STM32MP233FAJ3, STM32MP233FAK3, STM32MP233FAL3, STM32MP235AAJ3, STM32MP235AAK3, STM32MP235AAL3, STM32MP235CAJ3, STM32MP235CAK3, STM32MP235CAL3, STM32MP235DAJ3, STM32MP235DAK3, STM32MP235DAL3, STM32MP235FAJ3, STM32MP235FAK3, STM32MP235FAL3, STM32MP251AAI3, STM32MP251AAK3, STM32MP251AAL3, STM32MP251CAI3, STM32MP251CAK3, STM32MP251CAL3, STM32MP251DAI3, STM32MP251DAK3, STM32MP251DAL3, STM32MP251FAI3, STM32MP251FAK3, STM32MP251FAL3, STM32MP253AAI3, STM32MP253AAK3, STM32MP253AAL3, STM32MP253CAI3, STM32MP253CAK3, STM32MP253CAL3, STM32MP253DAI3, STM32MP253DAK3, STM32MP253DAL3, STM32MP253FAI3, STM32MP253FAK3, STM32MP253FAL3, STM32MP255AAI3, STM32MP255AAK3, STM32MP255AAL3, STM32MP255CAI3, STM32MP255CAK3, STM32MP255CAL3, STM32MP255DAI3, STM32MP255DAK3, STM32MP255DAL3, STM32MP255FAI3, STM32MP255FAK3, STM32MP255FAL3, STM32MP257AAI3, STM32MP257AAK3, STM32MP257AAL3, STM32MP257CAI3, STM32MP257CAK3, STM32MP257CAL3, STM32MP257DAI3, STM32MP257DAK3, STM32MP257DAL3, STM32MP257F-DK, STM32MP257F-EV1, STM32MP257FAI3, STM32MP257FAK3, STM32MP257FAL3, STM32N645A0H3Q, STM32N645B0H3Q, STM32N645I0H3Q, STM32N645L0H3Q, STM32N645X0H3Q, STM32N645Z0H3Q, STM32N647A0H3Q, STM32N647B0H3Q, STM32N647I0H3Q, STM32N647L0H3Q, STM32N647X0H3Q, STM32N647Z0H3Q, STM32N655A0H3Q, STM32N655B0H3Q, STM32N655I0H3Q, STM32N655L0H3Q, STM32N655X0H3Q, STM32N655Z0H3Q, STM32N6570-DK, STM32N657A0H3Q, STM32N657B0H3Q, STM32N657I0H3Q, STM32N657L0H3Q, STM32N657X0H3Q, STM32N657Z0H3Q, STM32U031C6T6, STM32U031C6U6, STM32U031C8T6, STM32U031C8U6, STM32U031F4P6, STM32U031F6P6, STM32U031F8P6, STM32U031G6Y6TR, STM32U031G8Y6TR, STM32U031K4U6, STM32U031K6U6, STM32U031K8U6, STM32U031R6I6, STM32U031R6T6, STM32U031R8I6, STM32U031R8T6, STM32U073C8T6, STM32U073C8U6, STM32U073CBT6, STM32U073CBU6, STM32U073CCT6, STM32U073CCU6, STM32U073H8Y6TR, STM32U073HBY6TR, STM32U073HCY6TR, STM32U073K8U6, STM32U073KBU6, STM32U073KCU6, STM32U073M8I6, STM32U073M8T6, STM32U073MBI6, STM32U073MBT6, STM32U073MCI6, STM32U073MCT6, STM32U073R8I6, STM32U073R8T6, STM32U073RBI6, STM32U073RBT6, STM32U073RCI6, STM32U073RCT6, STM32U083C-DK, STM32U083CCT6, STM32U083CCU6, STM32U083HCY6TR, STM32U083KCU6, STM32U083MCI6, STM32U083MCT6, STM32U083RCI6, STM32U083RCT6, STM32U375CET6, STM32U375CET6Q, STM32U375CEU6, STM32U375CEU6Q, STM32U375CEY6QTR, STM32U375CGT6, STM32U375CGT6Q, STM32U375CGU6, STM32U375CGU6Q, STM32U375CGY6QTR, STM32U375KEU6, STM32U375KGU6, STM32U375REI6, STM32U375REI6Q, STM32U375RET6, STM32U375RET6Q, STM32U375REY6GTR, STM32U375REY6QTR, STM32U375RGI6, STM32U375RGI6Q, STM32U375RGT6, STM32U375RGT6Q, STM32U375RGY6GTR, STM32U375RGY6QTR, STM32U375VEI6, STM32U375VEI6Q, STM32U375VET6, STM32U375VET6Q, STM32U375VGI6, STM32U375VGI6Q, STM32U375VGT6, STM32U375VGT6Q, STM32U385CGT6, STM32U385CGT6Q, STM32U385CGU6, STM32U385CGU6Q, STM32U385CGY6QTR, STM32U385KGU6, STM32U385RGI6, STM32U385RGI6Q, STM32U385RGT6, STM32U385RGT6Q, STM32U385RGY6GTR, STM32U385RGY6QTR, STM32U385VGI6, STM32U385VGI6Q, STM32U385VGT6, STM32U385VGT6Q, STM32U535CBT6, STM32U535CBT6Q, STM32U535CBU6, STM32U535CBU6Q, STM32U535CCT6, STM32U535CCT6Q, STM32U535CCU6, STM32U535CCU6Q, STM32U535CET6, STM32U535CET6Q, STM32U535CEU6, STM32U535CEU6Q, STM32U535JEY6QTR, STM32U535NCY6QTR, STM32U535NEY6QTR, STM32U535RBI6, STM32U535RBI6Q, STM32U535RBT6, STM32U535RBT6Q, STM32U535RCI6, STM32U535RCI6Q, STM32U535RCT6, STM32U535RCT6Q, STM32U535REI6, STM32U535REI6Q, STM32U535RET6, STM32U535RET6Q, STM32U535VCI6, STM32U535VCI6Q, STM32U535VCT6, STM32U535VCT6Q, STM32U535VEI6, STM32U535VEI6Q, STM32U535VET6, STM32U535VET6Q, STM32U545CET6, STM32U545CET6Q, STM32U545CEU6, STM32U545CEU6Q, STM32U545JEY6QTR, STM32U545NEY6QTR, STM32U545REI6, STM32U545REI6Q, STM32U545RET6, STM32U545RET6Q, STM32U545VEI6, STM32U545VEI6Q, STM32U545VET6, STM32U545VET6Q, STM32U595AIH6, STM32U595AIH6Q, STM32U595AJH6, STM32U595AJH6Q, STM32U595QII6, STM32U595QII6Q, STM32U595QJI6, STM32U595QJI6Q, STM32U595RIT6, STM32U595RIT6Q, STM32U595RJT6, STM32U595RJT6Q, STM32U595VIT6, STM32U595VIT6Q, STM32U595VJT6, STM32U595VJT6Q, STM32U595ZIT6, STM32U595ZIT6Q, STM32U595ZIY6QTR, STM32U595ZJT6, STM32U595ZJT6Q, STM32U595ZJY6QTR, STM32U599BJY6QTR, STM32U599NIH6Q, STM32U599NJH6Q, STM32U599VIT6Q, STM32U599VJT6, STM32U599VJT6Q, STM32U599ZIT6Q, STM32U599ZIY6QTR, STM32U599ZJT6Q, STM32U599ZJY6QTR, STM32U5A5AJH6, STM32U5A5AJH6Q, STM32U5A5QII3Q , STM32U5A5QJI6, STM32U5A5QJI6Q, STM32U5A5RJT6, STM32U5A5RJT6Q, STM32U5A5VJT6, STM32U5A5VJT6Q, STM32U5A5ZJT6, STM32U5A5ZJT6Q, STM32U5A5ZJY6QTR, STM32U5A9BJY6QTR, STM32U5A9J-DK, STM32U5A9NJH6Q, STM32U5A9VJT6Q, STM32U5A9ZJT6Q, STM32U5A9ZJY6QTR, STM32U5F7VIT6, STM32U5F7VIT6Q, STM32U5F7VJT6, STM32U5F7VJT6Q, STM32U5F9BJY6QTR, STM32U5F9NJH6Q, STM32U5F9VIT6Q, STM32U5F9VJT6Q, STM32U5F9ZIJ6QTR, STM32U5F9ZIT6Q, STM32U5F9ZJJ6QTR, STM32U5F9ZJT6Q, STM32U5G7VJT6, STM32U5G7VJT6Q, STM32U5G9BJY6QTR, STM32U5G9J-DK1, STM32U5G9J-DK2, STM32U5G9NJH6Q, STM32U5G9VJT6Q, STM32U5G9ZJJ6QTR, STM32U5G9ZJT6Q, STM32WB05KZV6TR, STM32WB05KZV7TR, STM32WB05TZF6TR, STM32WB05TZF7TR, STM32WB06CCF6TR, STM32WB06CCF7TR, STM32WB06CCV6TR, STM32WB06CCV7TR, STM32WB06KCV6TR, STM32WB06KCV7TR, STM32WB07CCF6TR, STM32WB07CCF7TR, STM32WB07CCV6TR, STM32WB07CCV7TR, STM32WB07KCV6TR, STM32WB07KCV7TR, STM32WB09KEV6TR, STM32WB09KEV7TR, STM32WB09TEF6TR, STM32WB09TEF7TR, STM32WB1MMCH6, STM32WBA50KGU6, STM32WBA50KGU6TR, STM32WBA52CEU6, STM32WBA52CEU6TR, STM32WBA52CEU7, STM32WBA52CEU7TR, STM32WBA52CGU6, STM32WBA52CGU6TR, STM32WBA52CGU6U, STM32WBA52CGU7, STM32WBA52CGU7TR, STM32WBA52KEU6, STM32WBA52KEU6TR, STM32WBA52KGU6, STM32WBA52KGU6TR, STM32WBA54CEU6, STM32WBA54CEU6TR, STM32WBA54CEU7, STM32WBA54CEU7TR, STM32WBA54CGU6, STM32WBA54CGU6TR, STM32WBA54CGU7, STM32WBA54CGU7TR, STM32WBA54KEU6, STM32WBA54KEU6TR, STM32WBA54KEU7, STM32WBA54KEU7TR, STM32WBA54KGU6, STM32WBA54KGU6TR, STM32WBA54KGU7, STM32WBA54KGU7TR, STM32WBA55CEU6, STM32WBA55CEU6TR, STM32WBA55CEU7, STM32WBA55CEU7TR, STM32WBA55CGU6, STM32WBA55CGU6TR, STM32WBA55CGU6U, STM32WBA55CGU7, STM32WBA55CGU7TR, STM32WBA55G-DK1, STM32WBA55HEF6, STM32WBA55HEF7, STM32WBA55HGF6, STM32WBA55HGF7, STM32WBA55UEI6, STM32WBA55UEI6TR, STM32WBA55UEI7, STM32WBA55UEI7TR, STM32WBA55UGI6, STM32WBA55UGI6TR, STM32WBA55UGI7, STM32WBA55UGI7TR, STM32WBA5MMGH6TR, STM32WBA62MGF6, STM32WBA62MIF6, STM32WBA65MGF7, STM32WBA65MIF6, STM32WBA65MIF7, STM32WL30K8V6, STM32WL30KBV6, STM32WL31C8V6, STM32WL31CBV6, STM32WL31K8V6, STM32WL31KBV6, STM32WL33C8V6, STM32WL33C8V6X, STM32WL33CBV6, STM32WL33CBV6X, STM32WL33CCV6, STM32WL33CCV6A, STM32WL33CCV6X, STM32WL33K8V7, STM32WL33K8V7X, STM32WL33KBV7 , STM32WL33KBV7X, STM32WL33KCV7, STM32WL33KCV7X, STM32WL5MOCH6, STM32WL5MOCH6TR]
2026-03-30 11:45:47,129 [INFO] ApiDb:668 - CubeFinder database Data Model version=2.1
2026-03-30 11:45:47,129 [INFO] ApiDb:669 - CubeFinder database Configuration version=3.0.42
2026-03-30 11:45:47,129 [INFO] ApiDb:670 - CubeFinder database generation date=2026-03-11 (1773229989)
2026-03-30 11:45:47,130 [INFO] ApiDb:671 - CubeFinder database FW Pack versions=[FP-ATR-ASTRA1_V2.0.0, FP-SNS-FLIGHT1_V5.1.0, FP-SNS-MOTENV1_V5.1.0, FP-SNS-MOTENVWB1_V1.5.0, FP-SNS-SMARTAG2_V1.2.0, FP-SNS-STBOX1_V2.1.0, STM32Cube_FW_C0_V1.4.0, STM32Cube_FW_F4_V1.28.3, STM32Cube_FW_F7_V1.17.4, STM32Cube_FW_G0_V1.6.3, STM32Cube_FW_G4_V1.6.2, STM32Cube_FW_H5_V1.6.0, STM32Cube_FW_H7RS_V1.3.0, STM32Cube_FW_H7_V1.13.0, STM32Cube_FW_L0_V1.12.2, STM32Cube_FW_L4_V1.18.2, STM32Cube_FW_L5_V1.6.0, STM32Cube_FW_N6_V1.3.0, STM32Cube_FW_U0_V1.3.0, STM32Cube_FW_U3_V1.3.0, STM32Cube_FW_U5_V1.8.0, STM32Cube_FW_WB0_V1.4.0, STM32Cube_FW_WBA_V1.9.0, STM32Cube_FW_WB_V1.24.0, STM32Cube_FW_WL3_V1.4.0, STM32Cube_FW_WL_V1.5.0, X-CUBE-ALGOBUILD_V1.4.0, X-CUBE-ALS_V1.0.2, X-CUBE-AZRTOS-F4_V1.1.0, X-CUBE-AZRTOS-F7_V1.1.0, X-CUBE-AZRTOS-G0_V1.1.0, X-CUBE-AZRTOS-G4_V2.0.0, X-CUBE-AZRTOS-H7RS_V1.1.0, X-CUBE-AZRTOS-H7_V3.4.0, X-CUBE-AZRTOS-L4_V2.0.0, X-CUBE-AZRTOS-L5_V2.0.0, X-CUBE-AZRTOS-WB_V2.0.0, X-CUBE-AZRTOS-WL_V2.0.0, X-CUBE-BLE1_V7.1.0, X-CUBE-BLE2_V3.3.0, X-CUBE-BLEMGR_V4.1.0, X-CUBE-EEPRMA1_V5.2.0, X-CUBE-FREERTOS_V1.5.0, X-CUBE-GNSS1_V6.0.0, X-CUBE-MEMS1_V12.0.0, X-CUBE-NFC4_V3.0.0, X-CUBE-NFC7_V2.0.0, X-CUBE-SFXS2LP1_V4.0.0, X-CUBE-ST67W61_V1.2.0, X-CUBE-SUBG2_V5.0.0, X-CUBE-TOF1_V3.4.3]
2026-03-30 11:45:49,973 [INFO] ApiDb:240 - Found 880 in-development CPN: [B-G473E-ZEST1S, B-WB1M-WPAN1, B-WBA5M-WPAN, B-WL5M-SUBG1, NUCLEO-C031C6, NUCLEO-C051C8, NUCLEO-C071RB, NUCLEO-C092RC, NUCLEO-H503RB, NUCLEO-H533RE, NUCLEO-H563ZI, NUCLEO-H7S3L8, NUCLEO-N657X0-Q, NUCLEO-U031R8, NUCLEO-U083RC, NUCLEO-U385RG-Q, NUCLEO-U545RE-Q, NUCLEO-U5A5ZJ-Q, NUCLEO-WB05KZ, NUCLEO-WB07CC, NUCLEO-WB09KE, NUCLEO-WBA52CG, NUCLEO-WBA55CG, NUCLEO-WL33CC1, NUCLEO-WL33CC2, STEVAL-PROTEUS1, STEVAL-SMARTAG2, STEVAL-STWINBX1, STM320518-EVAL, STM32C0116-DK, STM32C011D6Y3TR, STM32C011D6Y6TR, STM32C011F4P3, STM32C011F4P6, STM32C011F4U3, STM32C011F4U6TR, STM32C011F6P3, STM32C011F6P6, STM32C011F6U3, STM32C011F6U6TR, STM32C011J4M3, STM32C011J4M6, STM32C011J6M3, STM32C011J6M6, STM32C0316-DK, STM32C031C4T3, STM32C031C4T6, STM32C031C4U3, STM32C031C4U6, STM32C031C6T3, STM32C031C6T6, STM32C031C6U3, STM32C031C6U6, STM32C031F4P3, STM32C031F4P6, STM32C031F6P3, STM32C031F6P6, STM32C031G4U3, STM32C031G4U6, STM32C031G6U3, STM32C031G6U6, STM32C031K4T3, STM32C031K4T6, STM32C031K4U3, STM32C031K4U6, STM32C031K6T3, STM32C031K6T6, STM32C031K6U3, STM32C031K6U6, STM32C051C6T6, STM32C051C6U6, STM32C051C8T6, STM32C051C8U6, STM32C051D8Y6TR, STM32C051F6P6, STM32C051F8P6, STM32C051G6U6, STM32C051G8U6, STM32C051K6T6, STM32C051K6U6, STM32C051K8T6, STM32C071C8T6, STM32C071C8T6N, STM32C071C8U6, STM32C071C8U6N, STM32C071CBT6, STM32C071CBT6N, STM32C071CBU6, STM32C071CBU6N, STM32C071F8P6, STM32C071F8P6N, STM32C071FBP6, STM32C071FBP6N, STM32C071FBY6TR, STM32C071G8U6, STM32C071G8U6N, STM32C071GBU6, STM32C071GBU6N, STM32C071K8T6, STM32C071K8T6N, STM32C071K8U6, STM32C071K8U6N, STM32C071KBT6, STM32C071KBT6N, STM32C071KBU6, STM32C071KBU6N, STM32C071R8T6, STM32C071R8T6N, STM32C071RBI6N, STM32C071RBT6, STM32C071RBT6N, STM32C091CBT6, STM32C091CBU6, STM32C091CCT6, STM32C091CCU6, STM32C091ECY6TR, STM32C091FBP6, STM32C091FCP6, STM32C091GBU6, STM32C091GCU6, STM32C091KBT6, STM32C091KBU6, STM32C091KCT6, STM32C091KCU6, STM32C091RBT6, STM32C091RCI6, STM32C091RCT6, STM32C092CBT6, STM32C092CBU6, STM32C092CCT6, STM32C092CCU6, STM32C092ECY6TR, STM32C092FBP6, STM32C092FCP6, STM32C092GBU6, STM32C092GCU6, STM32C092KBT6, STM32C092KBU6, STM32C092KCT6, STM32C092KCU6, STM32C092RBT6, STM32C092RCI6, STM32C092RCT6, STM32G071K8TXN, STM32G071K8UXN, STM32G081GBU6N, STM32G081KBT6N, STM32G081KBUXN, STM32G0B1CCT6N, STM32G0B1KCT6, STM32G0B1NEY6TR, STM32G0B1RCT6N, STM32G0C1CCT6, STM32G0C1CCT6N, STM32G0C1CCU6N, STM32G0C1CET6N, STM32G0C1CEU6N, STM32G0C1KCT6, STM32G0C1NEY6TR, STM32G0C1RCI6N, STM32G0C1RCT6N, STM32G0C1REI6N, STM32G0C1RET6N, STM32G0C1VCI6, STM32G0C1VEI6, STM32G411C6T3, STM32G411C6T6, STM32G411C6U3, STM32G411C6U6, STM32G411C8T3, STM32G411C8T6, STM32G411C8U3, STM32G411C8U6, STM32G411CBT3, STM32G411CBT6, STM32G411CBU3, STM32G411CBU6, STM32G411K6T3, STM32G411K6T6, STM32G411K6U3, STM32G411K6U6, STM32G411K8T3, STM32G411K8T6, STM32G411K8U3, STM32G411K8U6, STM32G411KBT3, STM32G411KBT6, STM32G411KBU3, STM32G411KBU6, STM32G411M6T3, STM32G411M6T6, STM32G411M8T3, STM32G411M8T6, STM32G411MBT3, STM32G411MBT6, STM32G411R6T3, STM32G411R6T6, STM32G411R8T3, STM32G411R8T6, STM32G411RBT3, STM32G411RBT6, STM32G414CBT3, STM32G414CBT6, STM32G414CBU3, STM32G414CBU6, STM32G414CCT3, STM32G414CCT6, STM32G414CCU3, STM32G414CCU6, STM32G414MBT3, STM32G414MBT6, STM32G414MCT3, STM32G414MCT6, STM32G414RBT3, STM32G414RBT6, STM32G414RCT3, STM32G414RCT6, STM32G414VBT3, STM32G414VBT6, STM32G414VCT3, STM32G414VCT6, STM32G431CBT3Z, STM32G431RBT3Z, STM32G471CCT6, STM32G471CCU6, STM32G471CET3, STM32G471CET6, STM32G471CEU3, STM32G471CEU6, STM32G471MCT6, STM32G471MET3, STM32G471MET6, STM32G471MEY6TR, STM32G471QCT6, STM32G471QET3, STM32G471RCT6, STM32G471RET3, STM32G471RET6, STM32G471VCH6, STM32G471VCI6, STM32G471VCT6, STM32G471VEH3, STM32G471VEH6, STM32G471VEI3, STM32G471VEI6, STM32G471VET3, STM32G471VET6, STM32G473QET3Z, STM32G473RET3Z, STM32G474CCT6, STM32G491RET3Z, STM32H503CBT6, STM32H503CBU6, STM32H503EBY6TR, STM32H503KBU6, STM32H503RBT6, STM32H523CCT6, STM32H523CCU6, STM32H523CET6, STM32H523CEU6, STM32H523HEY6TR, STM32H523RCT6, STM32H523RET6, STM32H523VCI6, STM32H523VCT6, STM32H523VEI6, STM32H523VET6, STM32H523ZCJ6, STM32H523ZCT6, STM32H523ZEJ6, STM32H523ZET6, STM32H533CET6, STM32H533CEU6, STM32H533HEY6TR, STM32H533RET6, STM32H533VEI6, STM32H533VET6, STM32H533ZEJ6, STM32H533ZET6, STM32H562AGI6, STM32H562AII6, STM32H562IGK6, STM32H562IGT6, STM32H562IIK6, STM32H562IIT6, STM32H562RGT6, STM32H562RGV6, STM32H562RIT6, STM32H562RIV6, STM32H562VGT6, STM32H562VIT6, STM32H562ZGT6, STM32H562ZIT6, STM32H563AGI6, STM32H563AII3Q, STM32H563AII6, STM32H563IGK6, STM32H563IGT6, STM32H563IIK3Q, STM32H563IIK6, STM32H563IIT3Q, STM32H563IIT6, STM32H563MIY3QTR, STM32H563RGT6, STM32H563RGV6, STM32H563RIT6, STM32H563RIV6, STM32H563VGT6, STM32H563VIT3Q, STM32H563VIT6, STM32H563ZGT6, STM32H563ZIT3Q, STM32H563ZIT6, STM32H573AII3Q, STM32H573AII6, STM32H573I-DK, STM32H573IIK3Q, STM32H573IIK6, STM32H573IIT3Q, STM32H573IIT6, STM32H573MIY3QTR, STM32H573RIT6, STM32H573RIV6, STM32H573VIT3Q, STM32H573VIT6, STM32H573ZIT3Q, STM32H573ZIT6, STM32H7R3A8I6, STM32H7R3I8K6, STM32H7R3I8T6, STM32H7R3L8H6, STM32H7R3L8H6H, STM32H7R3R8V6, STM32H7R3V8H6, STM32H7R3V8T6, STM32H7R3V8Y6TR, STM32H7R3Z8J6, STM32H7R3Z8T6, STM32H7R7A8I6, STM32H7R7I8K6, STM32H7R7I8T6, STM32H7R7L8H6, STM32H7R7L8H6H, STM32H7R7Z8J6, STM32H7S3A8I6, STM32H7S3I8K6, STM32H7S3I8T6, STM32H7S3L8H6, STM32H7S3L8H6H, STM32H7S3R8V6, STM32H7S3V8H6, STM32H7S3V8T6, STM32H7S3V8Y6TR, STM32H7S3Z8J6, STM32H7S3Z8T6, STM32H7S78-DK, STM32H7S7A8I6, STM32H7S7I8K6, STM32H7S7I8T6, STM32H7S7L8H6, STM32H7S7L8H6H, STM32H7S7Z8J6, STM32L4R5QGI6STR, STM32MP131AAE3, STM32MP131AAF3, STM32MP131AAG3, STM32MP131CAE3, STM32MP131CAF3, STM32MP131CAG3, STM32MP131DAE7, STM32MP131DAF7, STM32MP131DAG7, STM32MP131FAE7, STM32MP131FAF7, STM32MP131FAG7, STM32MP133AAE3, STM32MP133AAF3, STM32MP133AAG3, STM32MP133CAE3, STM32MP133CAF3, STM32MP133CAG3, STM32MP133DAE7, STM32MP133DAF7, STM32MP133DAG7, STM32MP133FAE7, STM32MP133FAF7, STM32MP133FAG7, STM32MP135AAE3, STM32MP135AAF3, STM32MP135AAG3, STM32MP135CAE3, STM32MP135CAF3, STM32MP135CAG3, STM32MP135DAE7, STM32MP135DAF7, STM32MP135DAG7, STM32MP135F-DK, STM32MP135FAE7, STM32MP135FAF7, STM32MP135FAF7T, STM32MP135FAF7U, STM32MP135FAG7, STM32MP211AAL3, STM32MP211AAM3, STM32MP211AAN3, STM32MP211AAO3, STM32MP211CAL3, STM32MP211CAM3, STM32MP211CAN3, STM32MP211CAO3, STM32MP211DAL3, STM32MP211DAM3, STM32MP211DAN3, STM32MP211DAO3, STM32MP211FAL3, STM32MP211FAM3, STM32MP211FAN3, STM32MP211FAO3, STM32MP213AAL3, STM32MP213AAM3, STM32MP213AAN3, STM32MP213AAO3, STM32MP213CAL3, STM32MP213CAM3, STM32MP213CAN3, STM32MP213CAO3, STM32MP213DAL3, STM32MP213DAM3, STM32MP213DAN3, STM32MP213DAO3, STM32MP213FAL3, STM32MP213FAM3, STM32MP213FAN3, STM32MP213FAO3, STM32MP215AAL3, STM32MP215AAM3, STM32MP215AAN3, STM32MP215AAO3, STM32MP215CAL3, STM32MP215CAM3, STM32MP215CAN3, STM32MP215CAO3, STM32MP215DAL3, STM32MP215DAM3, STM32MP215DAN3, STM32MP215DAO3, STM32MP215F-DK, STM32MP215FAL3, STM32MP215FAM3, STM32MP215FAN3, STM32MP215FAO3, STM32MP231AAJ3, STM32MP231AAK3, STM32MP231AAL3, STM32MP231CAJ3, STM32MP231CAK3, STM32MP231CAL3, STM32MP231DAJ3, STM32MP231DAK3, STM32MP231DAL3, STM32MP231FAJ3, STM32MP231FAK3, STM32MP231FAL3, STM32MP233AAJ3, STM32MP233AAK3, STM32MP233AAL3, STM32MP233CAJ3, STM32MP233CAK3, STM32MP233CAL3, STM32MP233DAJ3, STM32MP233DAK3, STM32MP233DAL3, STM32MP233FAJ3, STM32MP233FAK3, STM32MP233FAL3, STM32MP235AAJ3, STM32MP235AAK3, STM32MP235AAL3, STM32MP235CAJ3, STM32MP235CAK3, STM32MP235CAL3, STM32MP235DAJ3, STM32MP235DAK3, STM32MP235DAL3, STM32MP235FAJ3, STM32MP235FAK3, STM32MP235FAL3, STM32MP251AAI3, STM32MP251AAK3, STM32MP251AAL3, STM32MP251CAI3, STM32MP251CAK3, STM32MP251CAL3, STM32MP251DAI3, STM32MP251DAK3, STM32MP251DAL3, STM32MP251FAI3, STM32MP251FAK3, STM32MP251FAL3, STM32MP253AAI3, STM32MP253AAK3, STM32MP253AAL3, STM32MP253CAI3, STM32MP253CAK3, STM32MP253CAL3, STM32MP253DAI3, STM32MP253DAK3, STM32MP253DAL3, STM32MP253FAI3, STM32MP253FAK3, STM32MP253FAL3, STM32MP255AAI3, STM32MP255AAK3, STM32MP255AAL3, STM32MP255CAI3, STM32MP255CAK3, STM32MP255CAL3, STM32MP255DAI3, STM32MP255DAK3, STM32MP255DAL3, STM32MP255FAI3, STM32MP255FAK3, STM32MP255FAL3, STM32MP257AAI3, STM32MP257AAK3, STM32MP257AAL3, STM32MP257CAI3, STM32MP257CAK3, STM32MP257CAL3, STM32MP257DAI3, STM32MP257DAK3, STM32MP257DAL3, STM32MP257F-DK, STM32MP257F-EV1, STM32MP257FAI3, STM32MP257FAK3, STM32MP257FAL3, STM32N645A0H3Q, STM32N645B0H3Q, STM32N645I0H3Q, STM32N645L0H3Q, STM32N645X0H3Q, STM32N645Z0H3Q, STM32N647A0H3Q, STM32N647B0H3Q, STM32N647I0H3Q, STM32N647L0H3Q, STM32N647X0H3Q, STM32N647Z0H3Q, STM32N655A0H3Q, STM32N655B0H3Q, STM32N655I0H3Q, STM32N655L0H3Q, STM32N655X0H3Q, STM32N655Z0H3Q, STM32N6570-DK, STM32N657A0H3Q, STM32N657B0H3Q, STM32N657I0H3Q, STM32N657L0H3Q, STM32N657X0H3Q, STM32N657Z0H3Q, STM32U031C6T6, STM32U031C6U6, STM32U031C8T6, STM32U031C8U6, STM32U031F4P6, STM32U031F6P6, STM32U031F8P6, STM32U031G6Y6TR, STM32U031G8Y6TR, STM32U031K4U6, STM32U031K6U6, STM32U031K8U6, STM32U031R6I6, STM32U031R6T6, STM32U031R8I6, STM32U031R8T6, STM32U073C8T6, STM32U073C8U6, STM32U073CBT6, STM32U073CBU6, STM32U073CCT6, STM32U073CCU6, STM32U073H8Y6TR, STM32U073HBY6TR, STM32U073HCY6TR, STM32U073K8U6, STM32U073KBU6, STM32U073KCU6, STM32U073M8I6, STM32U073M8T6, STM32U073MBI6, STM32U073MBT6, STM32U073MCI6, STM32U073MCT6, STM32U073R8I6, STM32U073R8T6, STM32U073RBI6, STM32U073RBT6, STM32U073RCI6, STM32U073RCT6, STM32U083C-DK, STM32U083CCT6, STM32U083CCU6, STM32U083HCY6TR, STM32U083KCU6, STM32U083MCI6, STM32U083MCT6, STM32U083RCI6, STM32U083RCT6, STM32U375CET6, STM32U375CET6Q, STM32U375CEU6, STM32U375CEU6Q, STM32U375CEY6QTR, STM32U375CGT6, STM32U375CGT6Q, STM32U375CGU6, STM32U375CGU6Q, STM32U375CGY6QTR, STM32U375KEU6, STM32U375KGU6, STM32U375REI6, STM32U375REI6Q, STM32U375RET6, STM32U375RET6Q, STM32U375REY6GTR, STM32U375REY6QTR, STM32U375RGI6, STM32U375RGI6Q, STM32U375RGT6, STM32U375RGT6Q, STM32U375RGY6GTR, STM32U375RGY6QTR, STM32U375VEI6, STM32U375VEI6Q, STM32U375VET6, STM32U375VET6Q, STM32U375VGI6, STM32U375VGI6Q, STM32U375VGT6, STM32U375VGT6Q, STM32U385CGT6, STM32U385CGT6Q, STM32U385CGU6, STM32U385CGU6Q, STM32U385CGY6QTR, STM32U385KGU6, STM32U385RGI6, STM32U385RGI6Q, STM32U385RGT6, STM32U385RGT6Q, STM32U385RGY6GTR, STM32U385RGY6QTR, STM32U385VGI6, STM32U385VGI6Q, STM32U385VGT6, STM32U385VGT6Q, STM32U535CBT6, STM32U535CBT6Q, STM32U535CBU6, STM32U535CBU6Q, STM32U535CCT6, STM32U535CCT6Q, STM32U535CCU6, STM32U535CCU6Q, STM32U535CET6, STM32U535CET6Q, STM32U535CEU6, STM32U535CEU6Q, STM32U535JEY6QTR, STM32U535NCY6QTR, STM32U535NEY6QTR, STM32U535RBI6, STM32U535RBI6Q, STM32U535RBT6, STM32U535RBT6Q, STM32U535RCI6, STM32U535RCI6Q, STM32U535RCT6, STM32U535RCT6Q, STM32U535REI6, STM32U535REI6Q, STM32U535RET6, STM32U535RET6Q, STM32U535VCI6, STM32U535VCI6Q, STM32U535VCT6, STM32U535VCT6Q, STM32U535VEI6, STM32U535VEI6Q, STM32U535VET6, STM32U535VET6Q, STM32U545CET6, STM32U545CET6Q, STM32U545CEU6, STM32U545CEU6Q, STM32U545JEY6QTR, STM32U545NEY6QTR, STM32U545REI6, STM32U545REI6Q, STM32U545RET6, STM32U545RET6Q, STM32U545VEI6, STM32U545VEI6Q, STM32U545VET6, STM32U545VET6Q, STM32U595AIH6, STM32U595AIH6Q, STM32U595AJH6, STM32U595AJH6Q, STM32U595QII6, STM32U595QII6Q, STM32U595QJI6, STM32U595QJI6Q, STM32U595RIT6, STM32U595RIT6Q, STM32U595RJT6, STM32U595RJT6Q, STM32U595VIT6, STM32U595VIT6Q, STM32U595VJT6, STM32U595VJT6Q, STM32U595ZIT6, STM32U595ZIT6Q, STM32U595ZIY6QTR, STM32U595ZJT6, STM32U595ZJT6Q, STM32U595ZJY6QTR, STM32U599BJY6QTR, STM32U599NIH6Q, STM32U599NJH6Q, STM32U599VIT6Q, STM32U599VJT6, STM32U599VJT6Q, STM32U599ZIT6Q, STM32U599ZIY6QTR, STM32U599ZJT6Q, STM32U599ZJY6QTR, STM32U5A5AJH6, STM32U5A5AJH6Q, STM32U5A5QII3Q , STM32U5A5QJI6, STM32U5A5QJI6Q, STM32U5A5RJT6, STM32U5A5RJT6Q, STM32U5A5VJT6, STM32U5A5VJT6Q, STM32U5A5ZJT6, STM32U5A5ZJT6Q, STM32U5A5ZJY6QTR, STM32U5A9BJY6QTR, STM32U5A9J-DK, STM32U5A9NJH6Q, STM32U5A9VJT6Q, STM32U5A9ZJT6Q, STM32U5A9ZJY6QTR, STM32U5F7VIT6, STM32U5F7VIT6Q, STM32U5F7VJT6, STM32U5F7VJT6Q, STM32U5F9BJY6QTR, STM32U5F9NJH6Q, STM32U5F9VIT6Q, STM32U5F9VJT6Q, STM32U5F9ZIJ6QTR, STM32U5F9ZIT6Q, STM32U5F9ZJJ6QTR, STM32U5F9ZJT6Q, STM32U5G7VJT6, STM32U5G7VJT6Q, STM32U5G9BJY6QTR, STM32U5G9J-DK1, STM32U5G9J-DK2, STM32U5G9NJH6Q, STM32U5G9VJT6Q, STM32U5G9ZJJ6QTR, STM32U5G9ZJT6Q, STM32WB05KZV6TR, STM32WB05KZV7TR, STM32WB05TZF6TR, STM32WB05TZF7TR, STM32WB06CCF6TR, STM32WB06CCF7TR, STM32WB06CCV6TR, STM32WB06CCV7TR, STM32WB06KCV6TR, STM32WB06KCV7TR, STM32WB07CCF6TR, STM32WB07CCF7TR, STM32WB07CCV6TR, STM32WB07CCV7TR, STM32WB07KCV6TR, STM32WB07KCV7TR, STM32WB09KEV6TR, STM32WB09KEV7TR, STM32WB09TEF6TR, STM32WB09TEF7TR, STM32WB1MMCH6, STM32WBA50KGU6, STM32WBA50KGU6TR, STM32WBA52CEU6, STM32WBA52CEU6TR, STM32WBA52CEU7, STM32WBA52CEU7TR, STM32WBA52CGU6, STM32WBA52CGU6TR, STM32WBA52CGU6U, STM32WBA52CGU7, STM32WBA52CGU7TR, STM32WBA52KEU6, STM32WBA52KEU6TR, STM32WBA52KGU6, STM32WBA52KGU6TR, STM32WBA54CEU6, STM32WBA54CEU6TR, STM32WBA54CEU7, STM32WBA54CEU7TR, STM32WBA54CGU6, STM32WBA54CGU6TR, STM32WBA54CGU7, STM32WBA54CGU7TR, STM32WBA54KEU6, STM32WBA54KEU6TR, STM32WBA54KEU7, STM32WBA54KEU7TR, STM32WBA54KGU6, STM32WBA54KGU6TR, STM32WBA54KGU7, STM32WBA54KGU7TR, STM32WBA55CEU6, STM32WBA55CEU6TR, STM32WBA55CEU7, STM32WBA55CEU7TR, STM32WBA55CGU6, STM32WBA55CGU6TR, STM32WBA55CGU6U, STM32WBA55CGU7, STM32WBA55CGU7TR, STM32WBA55G-DK1, STM32WBA55HEF6, STM32WBA55HEF7, STM32WBA55HGF6, STM32WBA55HGF7, STM32WBA55UEI6, STM32WBA55UEI6TR, STM32WBA55UEI7, STM32WBA55UEI7TR, STM32WBA55UGI6, STM32WBA55UGI6TR, STM32WBA55UGI7, STM32WBA55UGI7TR, STM32WBA5MMGH6TR, STM32WBA62MGF6, STM32WBA62MIF6, STM32WBA65MGF7, STM32WBA65MIF6, STM32WBA65MIF7, STM32WL30K8V6, STM32WL30KBV6, STM32WL31C8V6, STM32WL31CBV6, STM32WL31K8V6, STM32WL31KBV6, STM32WL33C8V6, STM32WL33C8V6X, STM32WL33CBV6, STM32WL33CBV6X, STM32WL33CCV6, STM32WL33CCV6A, STM32WL33CCV6X, STM32WL33K8V7, STM32WL33K8V7X, STM32WL33KBV7 , STM32WL33KBV7X, STM32WL33KCV7, STM32WL33KCV7X, STM32WL5MOCH6, STM32WL5MOCH6TR]
2026-03-30 11:45:49,979 [INFO] DbMcus:218 - Found 5055 MCUs, 4968 are supported
2026-03-30 11:45:49,980 [INFO] ApiDb:423 - Load user favorites file /home/sunbeam/.stm32cubeide/favorites.mcus.txt: 0 item(s)
2026-03-30 11:45:49,980 [INFO] ApiDb:427 - User favorites MCUs=[]
2026-03-30 11:45:49,980 [INFO] DbMcus:224 - Set 0 / 0 favorites MCUs
2026-03-30 11:45:50,472 [INFO] BoardInfo:889 - No configuration file found for board NUCLEO-H5E5ZJ
2026-03-30 11:45:50,473 [INFO] DbBoards:161 - Board is not supported: NUCLEO-H5E5ZJ
2026-03-30 11:45:50,543 [INFO] BoardInfo:889 - No configuration file found for board NUCLEO-U3C5ZI-Q
2026-03-30 11:45:50,543 [INFO] DbBoards:161 - Board is not supported: NUCLEO-U3C5ZI-Q
2026-03-30 11:45:50,553 [INFO] BoardInfo:889 - No configuration file found for board NUCLEO-WBA25CE1
2026-03-30 11:45:50,553 [INFO] DbBoards:161 - Board is not supported: NUCLEO-WBA25CE1
2026-03-30 11:45:50,559 [INFO] BoardInfo:889 - No configuration file found for board NUCLEO-WL3RKB1
2026-03-30 11:45:50,559 [INFO] DbBoards:161 - Board is not supported: NUCLEO-WL3RKB1
2026-03-30 11:45:50,560 [INFO] BoardInfo:889 - No configuration file found for board NUCLEO-WL3RKB2
2026-03-30 11:45:50,561 [INFO] DbBoards:161 - Board is not supported: NUCLEO-WL3RKB2
2026-03-30 11:45:50,566 [INFO] BoardInfo:889 - No configuration file found for board P-NUCLEO-WB55
2026-03-30 11:45:50,566 [INFO] DbBoards:161 - Kit is not supported: P-NUCLEO-WB55
2026-03-30 11:45:50,570 [INFO] BoardInfo:889 - No configuration file found for board STEVAL-BFA001V1B
2026-03-30 11:45:50,570 [INFO] DbBoards:161 - Kit is not supported: STEVAL-BFA001V1B
2026-03-30 11:45:50,571 [INFO] BoardInfo:889 - No configuration file found for board STEVAL-BFA001V2B
2026-03-30 11:45:50,571 [INFO] DbBoards:161 - Kit is not supported: STEVAL-BFA001V2B
2026-03-30 11:45:50,632 [INFO] BoardInfo:889 - No configuration file found for board STM32H5F5J-DK
2026-03-30 11:45:50,633 [INFO] DbBoards:161 - Board is not supported: STM32H5F5J-DK
2026-03-30 11:45:50,672 [INFO] DbBoards:168 - Found 218 boards, 209 are supported
2026-03-30 11:45:50,673 [INFO] DbBoards:169 - Found 218 boards, 43 of them is supported for  Bsp
2026-03-30 11:45:50,682 [INFO] ApiDb:423 - Load user favorites file /home/sunbeam/.stm32cubeide/favorites.boards.txt: 1 item(s)
2026-03-30 11:45:50,683 [INFO] ApiDb:427 - User favorites Boards=[STM32F407G-DISC1]
2026-03-30 11:45:50,683 [INFO] DbBoards:198 - Set 1 / 1 favorites Boards
2026-03-30 11:45:50,743 [INFO] UtilMem:75 - End LoadConfig() Used Memory: 402230600 Bytes (772800512)
2026-03-30 11:45:50,919 [WARN] ThirdParty:833 - waiting for thirdparty lock release [change project]
2026-03-30 11:45:50,920 [INFO] ThirdParty:835 - entering critical section [change project]
2026-03-30 11:45:50,920 [INFO] ThirdParty:1030 - CMSIS Pack Vendor :STMicroelectronics X-CUBE-PM33A1 1.0.0
2026-03-30 11:45:50,920 [INFO] ThirdParty:1030 - CMSIS Pack Vendor :STMicroelectronics USBPD 4.1
2026-03-30 11:45:50,920 [INFO] ThirdParty:1030 - CMSIS Pack Vendor :STMicroelectronics USB_HOST 2.0.0
2026-03-30 11:45:50,920 [INFO] ThirdParty:1030 - CMSIS Pack Vendor :STMicroelectronics FP-SNS-MOTENVWB1 1.4.0
2026-03-30 11:45:50,920 [INFO] ThirdParty:1030 - CMSIS Pack Vendor :STMicroelectronics X-CUBE-AZRTOS-F4 1.1.0
2026-03-30 11:45:50,920 [INFO] ThirdParty:1030 - CMSIS Pack Vendor :STMicroelectronics LIBJPEG 8.0.0
2026-03-30 11:45:50,920 [INFO] ThirdParty:1030 - CMSIS Pack Vendor :STMicroelectronics FP-ATR-ASTRA1 2.0.2
2026-03-30 11:45:50,920 [INFO] ThirdParty:1030 - CMSIS Pack Vendor :Avnet-IotConnect X-CUBE-IoTC-DA16k-PMOD 1.0.0
2026-03-30 11:45:50,921 [INFO] ThirdParty:1030 - CMSIS Pack Vendor :STMicroelectronics X-CUBE-SMBUS 2.1.0
2026-03-30 11:45:50,921 [INFO] ThirdParty:1030 - CMSIS Pack Vendor :STMicroelectronics X-CUBE-ISPU 2.1.0
2026-03-30 11:45:50,921 [INFO] ThirdParty:1030 - CMSIS Pack Vendor :STMicroelectronics X-CUBE-IPS 3.2.0
2026-03-30 11:45:50,921 [INFO] ThirdParty:1030 - CMSIS Pack Vendor :STMicroelectronics X-CUBE-ST60 1.0.0
2026-03-30 11:45:50,921 [INFO] ThirdParty:1030 - CMSIS Pack Vendor :STMicroelectronics X-CUBE-NFC12 1.0.0
2026-03-30 11:45:50,921 [INFO] ThirdParty:1030 - CMSIS Pack Vendor :STMicroelectronics X-CUBE-AZRTOS-F7 1.1.0
2026-03-30 11:45:50,921 [INFO] ThirdParty:1030 - CMSIS Pack Vendor :STMicroelectronics X-CUBE-AZRTOS-L5 2.0.0
2026-03-30 11:45:50,921 [INFO] ThirdParty:1030 - CMSIS Pack Vendor :STMicroelectronics USB_DEVICE 2.0.0
2026-03-30 11:45:50,921 [INFO] ThirdParty:1030 - CMSIS Pack Vendor :STMicroelectronics X-CUBE-NFC6 3.1.0
2026-03-30 11:45:50,921 [INFO] ThirdParty:1030 - CMSIS Pack Vendor :STMicroelectronics FP-SNS-MOTENV1 5.1.0
2026-03-30 11:45:50,921 [INFO] ThirdParty:1030 - CMSIS Pack Vendor :STMicroelectronics FreeRTOS 0.0.1
2026-03-30 11:45:50,921 [INFO] ThirdParty:1030 - CMSIS Pack Vendor :Infineon AIROC-Wi-Fi-Bluetooth-STM32 1.7.1
2026-03-30 11:45:50,921 [INFO] ThirdParty:1030 - CMSIS Pack Vendor :STMicroelectronics PDM2PCM 3.3.0
2026-03-30 11:45:50,921 [INFO] ThirdParty:1030 - CMSIS Pack Vendor :STMicroelectronics X-CUBE-AZRTOS-H7 3.4.0
2026-03-30 11:45:50,921 [INFO] ThirdParty:1030 - CMSIS Pack Vendor :STMicroelectronics X-CUBE-DISPLAY 3.0.0
2026-03-30 11:45:50,921 [INFO] ThirdParty:1030 - CMSIS Pack Vendor :STMicroelectronics FP-SNS-MOTENVWB1 1.5.0
2026-03-30 11:45:50,922 [INFO] ThirdParty:1030 - CMSIS Pack Vendor :STMicroelectronics X-CUBE-NFC10 1.0.0
2026-03-30 11:45:50,922 [INFO] ThirdParty:1030 - CMSIS Pack Vendor :STMicroelectronics X-CUBE-BLEMGR 4.0.0
2026-03-30 11:45:50,922 [INFO] ThirdParty:1030 - CMSIS Pack Vendor :STMicroelectronics X-CUBE-FREERTOS 1.3.1
2026-03-30 11:45:50,922 [INFO] ThirdParty:1030 - CMSIS Pack Vendor :STMicroelectronics HAL Drivers 0.0.0
2026-03-30 11:45:50,922 [INFO] ThirdParty:1030 - CMSIS Pack Vendor :STMicroelectronics X-CUBE-ST60 1.1.0
2026-03-30 11:45:50,922 [INFO] ThirdParty:1030 - CMSIS Pack Vendor :emotas I-CUBE-CANOPEN 1.3.0
2026-03-30 11:45:50,922 [INFO] ThirdParty:1030 - CMSIS Pack Vendor :STMicroelectronics MBEDTLS 2.14.1
2026-03-30 11:45:50,922 [INFO] ThirdParty:1030 - CMSIS Pack Vendor :STMicroelectronics X-CUBE-GNSS1 7.1.0
2026-03-30 11:45:50,922 [INFO] ThirdParty:1030 - CMSIS Pack Vendor :STMicroelectronics X-CUBE-TOUCHGFX 4.26.0
2026-03-30 11:45:50,922 [INFO] ThirdParty:1030 - CMSIS Pack Vendor :quantropi X-CUBE-qispace-sdk-base 2.0.0
2026-03-30 11:45:50,922 [INFO] ThirdParty:1030 - CMSIS Pack Vendor :STMicroelectronics FP-SNS-STBOX1 2.1.0
2026-03-30 11:45:50,922 [INFO] ThirdParty:1030 - CMSIS Pack Vendor :STMicroelectronics FP-SNS-STAIOTCFT 1.0.0
2026-03-30 11:45:50,922 [INFO] ThirdParty:1030 - CMSIS Pack Vendor :STMicroelectronics FP-SNS-SMARTAG2 1.2.0
2026-03-30 11:45:50,922 [INFO] ThirdParty:1030 - CMSIS Pack Vendor :STMicroelectronics FP-SNS-FLIGHT1 5.1.0
2026-03-30 11:45:50,922 [INFO] ThirdParty:1030 - CMSIS Pack Vendor :STMicroelectronics X-CUBE-AZRTOS-WL 2.0.0
2026-03-30 11:45:50,922 [INFO] ThirdParty:1030 - CMSIS Pack Vendor :STMicroelectronics X-CUBE-DPower 1.3.0
2026-03-30 11:45:50,922 [INFO] ThirdParty:1030 - CMSIS Pack Vendor :STMicroelectronics FP-SNS-MOTENV1 5.0.0
2026-03-30 11:45:50,922 [INFO] ThirdParty:1030 - CMSIS Pack Vendor :STMicroelectronics USB_DEVICE 1.0.0
2026-03-30 11:45:50,922 [INFO] ThirdParty:1030 - CMSIS Pack Vendor :STMicroelectronics X-CUBE-AZRTOS-H7RS 1.2.0
2026-03-30 11:45:50,922 [INFO] ThirdParty:1030 - CMSIS Pack Vendor :STMicroelectronics X-CUBE-AZRTOS-L4 2.0.0
2026-03-30 11:45:50,922 [INFO] ThirdParty:1030 - CMSIS Pack Vendor :STMicroelectronics ThreadX 0.0.2
2026-03-30 11:45:50,922 [INFO] ThirdParty:1030 - CMSIS Pack Vendor :WES I-CUBE-Cesium 1.3.0
2026-03-30 11:45:50,923 [INFO] ThirdParty:1030 - CMSIS Pack Vendor :STMicroelectronics lwIP 2.1.2
2026-03-30 11:45:50,923 [INFO] ThirdParty:1030 - CMSIS Pack Vendor :STMicroelectronics X-CUBE-SFXS2LP1 4.0.0
2026-03-30 11:45:50,923 [INFO] ThirdParty:1030 - CMSIS Pack Vendor :STMicroelectronics X-CUBE-BLE2 3.3.0
2026-03-30 11:45:50,923 [INFO] ThirdParty:1030 - CMSIS Pack Vendor :Avnet-IOTCONNECT X-CUBE-iotc-st67-sdk 1.0.0
2026-03-30 11:45:50,923 [INFO] ThirdParty:1030 - CMSIS Pack Vendor :STMicroelectronics PDM2PCM 3.2.0
2026-03-30 11:45:50,923 [INFO] ThirdParty:1030 - CMSIS Pack Vendor :STMicroelectronics X-CUBE-ST67W61 1.2.0
2026-03-30 11:45:50,923 [INFO] ThirdParty:1030 - CMSIS Pack Vendor :STMicroelectronics X-CUBE-NFC9 1.0.0
2026-03-30 11:45:50,923 [INFO] ThirdParty:1030 - CMSIS Pack Vendor :wolfSSL I-CUBE-wolfSSL 5.8.0
2026-03-30 11:45:50,923 [INFO] ThirdParty:1030 - CMSIS Pack Vendor :STMicroelectronics X-CUBE-BLE1 7.1.0
2026-03-30 11:45:50,923 [INFO] ThirdParty:1030 - CMSIS Pack Vendor :wolfSSL I-CUBE-wolfMQTT 1.19.2
2026-03-30 11:45:50,923 [INFO] ThirdParty:1030 - CMSIS Pack Vendor :STMicroelectronics USB_DEVICE 3.0.0
2026-03-30 11:45:50,923 [INFO] ThirdParty:1030 - CMSIS Pack Vendor :STMicroelectronics X-CUBE-FREERTOS 1.4.0
2026-03-30 11:45:50,923 [INFO] ThirdParty:1030 - CMSIS Pack Vendor :STMicroelectronics X-CUBE-EEPRMA1 5.2.0
2026-03-30 11:45:50,923 [INFO] ThirdParty:1030 - CMSIS Pack Vendor :STMicroelectronics X-CUBE-BLEMGR 4.1.0
2026-03-30 11:45:50,923 [INFO] ThirdParty:1030 - CMSIS Pack Vendor :STMicroelectronics X-CUBE-AZRTOS-WB 2.0.0
2026-03-30 11:45:50,923 [INFO] ThirdParty:1030 - CMSIS Pack Vendor :STMicroelectronics X-CUBE-GNSS1 7.0.1
2026-03-30 11:45:50,923 [INFO] ThirdParty:1030 - CMSIS Pack Vendor :STMicroelectronics X-CUBE-TOUCHGFX 4.25.0
2026-03-30 11:45:50,923 [INFO] ThirdParty:1030 - CMSIS Pack Vendor :STMicroelectronics X-CUBE-ST67W61 1.1.0
2026-03-30 11:45:50,923 [INFO] ThirdParty:1030 - CMSIS Pack Vendor :STMicroelectronics X-CUBE-AI 10.1.0
2026-03-30 11:45:50,923 [INFO] ThirdParty:1030 - CMSIS Pack Vendor :STMicroelectronics FP-SNS-STBOX1 2.0.0
2026-03-30 11:45:50,923 [INFO] ThirdParty:1030 - CMSIS Pack Vendor :STMicroelectronics X-CUBE-MEMS1 12.0.0
2026-03-30 11:45:50,923 [INFO] ThirdParty:1030 - CMSIS Pack Vendor :STMicroelectronics X-CUBE-STSE01 2.0.0
2026-03-30 11:45:50,923 [INFO] ThirdParty:1030 - CMSIS Pack Vendor :STMicroelectronics X-CUBE-AZRTOS-G0 1.1.0
2026-03-30 11:45:50,923 [INFO] ThirdParty:1030 - CMSIS Pack Vendor :STMicroelectronics X-CUBE-SAFEA1 1.2.2
2026-03-30 11:45:50,923 [INFO] ThirdParty:1030 - CMSIS Pack Vendor :STMicroelectronics X-CUBE-NFC4 3.0.0
2026-03-30 11:45:50,923 [INFO] ThirdParty:1030 - CMSIS Pack Vendor :STMicroelectronics X-CUBE-SUBG2 5.0.0
2026-03-30 11:45:50,923 [INFO] ThirdParty:1030 - CMSIS Pack Vendor :STMicroelectronics X-CUBE-AZRTOS-H7RS 1.1.0
2026-03-30 11:45:50,923 [INFO] ThirdParty:1030 - CMSIS Pack Vendor :STMicroelectronics STM32_WPAN 1.0.0
2026-03-30 11:45:50,924 [INFO] ThirdParty:1030 - CMSIS Pack Vendor :EmbeddedOffice I-CUBE-FS-RTOS 1.0.1
2026-03-30 11:45:50,924 [INFO] ThirdParty:1030 - CMSIS Pack Vendor :STMicroelectronics lwIP 2.0.3
2026-03-30 11:45:50,924 [INFO] ThirdParty:1030 - CMSIS Pack Vendor :Cesanta I-CUBE-Mongoose 7.13.0
2026-03-30 11:45:50,924 [INFO] ThirdParty:1030 - CMSIS Pack Vendor :STMicroelectronics USB_HOST 1.0.0
2026-03-30 11:45:50,924 [INFO] ThirdParty:1030 - CMSIS Pack Vendor :STMicroelectronics X-CUBE-AZRTOS-G4 2.0.0
2026-03-30 11:45:50,924 [INFO] ThirdParty:1030 - CMSIS Pack Vendor :STMicroelectronics X-CUBE-WB05N 2.0.0
2026-03-30 11:45:50,924 [INFO] ThirdParty:1030 - CMSIS Pack Vendor :STMicroelectronics PDM2PCM 3.1.0
2026-03-30 11:45:50,924 [INFO] ThirdParty:1030 - CMSIS Pack Vendor :wolfSSL I-CUBE-wolfTPM 3.8.0
2026-03-30 11:45:50,924 [INFO] ThirdParty:1030 - CMSIS Pack Vendor :wolfSSL I-CUBE-wolfSSH 1.4.20
2026-03-30 11:45:50,924 [INFO] ThirdParty:1030 - CMSIS Pack Vendor :STMicroelectronics X-CUBE-NFC7 2.0.0
2026-03-30 11:45:50,924 [INFO] ThirdParty:1030 - CMSIS Pack Vendor :STMicroelectronics X-CUBE-TCPP 4.2.0
2026-03-30 11:45:50,924 [INFO] ThirdParty:1030 - CMSIS Pack Vendor :RealThread X-CUBE-RT-Thread_Nano 4.1.1
2026-03-30 11:45:50,924 [INFO] ThirdParty:1030 - CMSIS Pack Vendor :STMicroelectronics FP-ATR-SIGFOX1 3.2.0
2026-03-30 11:45:50,924 [INFO] ThirdParty:1030 - CMSIS Pack Vendor :STMicroelectronics X-CUBE-EEPRMA1 5.1.0
2026-03-30 11:45:50,924 [INFO] ThirdParty:1030 - CMSIS Pack Vendor :STMicroelectronics MBEDTLS 2.16.2
2026-03-30 11:45:50,924 [INFO] ThirdParty:1030 - CMSIS Pack Vendor :STMicroelectronics X-CUBE-IPS 3.1.0
2026-03-30 11:45:50,924 [INFO] ThirdParty:1030 - CMSIS Pack Vendor :STMicroelectronics X-CUBE-ALS 1.0.2
2026-03-30 11:45:50,924 [INFO] ThirdParty:1030 - CMSIS Pack Vendor :ITTIA_DB I-CUBE-ITTIADB 8.9.0
2026-03-30 11:45:50,924 [INFO] ThirdParty:1030 - CMSIS Pack Vendor :STMicroelectronics X-CUBE-STSE01 1.0.0
2026-03-30 11:45:50,925 [INFO] ThirdParty:1030 - CMSIS Pack Vendor :portGmbH I-Cube-SoM-uGOAL 1.1.0
2026-03-30 11:45:50,925 [INFO] ThirdParty:1030 - CMSIS Pack Vendor :STMicroelectronics X-CUBE-NFC6 3.2.0
2026-03-30 11:45:50,925 [INFO] ThirdParty:1030 - CMSIS Pack Vendor :STMicroelectronics X-CUBE-ST67W61 1.0.0
2026-03-30 11:45:50,925 [INFO] ThirdParty:1030 - CMSIS Pack Vendor :STMicroelectronics X-CUBE-AI 10.2.0
2026-03-30 11:45:50,925 [INFO] ThirdParty:1030 - CMSIS Pack Vendor :STMicroelectronics ThreadX 1.0.0
2026-03-30 11:45:50,925 [INFO] ThirdParty:1030 - CMSIS Pack Vendor :SEGGER I-CUBE-embOS 1.3.1
2026-03-30 11:45:50,925 [INFO] ThirdParty:1030 - CMSIS Pack Vendor :STMicroelectronics X-CUBE-ALGOBUILD 1.4.0
2026-03-30 11:45:50,925 [INFO] ThirdParty:1030 - CMSIS Pack Vendor :STMicroelectronics X-CUBE-MEMS1 11.3.0
2026-03-30 11:45:50,925 [INFO] ThirdParty:1030 - CMSIS Pack Vendor :STMicroelectronics X-CUBE-TOF1 3.4.3
2026-03-30 11:45:50,925 [INFO] ThirdParty:841 - exiting critical section [change project]
2026-03-30 11:45:51,418 [INFO] PinOutPanel:1589 - setPackage(No Configuration,No Configuration)
2026-03-30 11:45:51,419 [INFO] PinOutPanel:1589 - setPackage(STM32F407VGTx,LQFP100)
2026-03-30 11:45:51,836 [INFO] UtilMem:75 - Before build in PCC Used Memory: 274469368 Bytes (772800512)
2026-03-30 11:45:52,452 [INFO] UtilMem:75 - After build in PCC Used Memory: 402423424 Bytes (772800512)
2026-03-30 11:45:52,503 [INFO] IPUIPlugin:80 - create IPUIPlugin
2026-03-30 11:45:52,503 [INFO] IPUIPlugin:80 - create IPUIPlugin
2026-03-30 11:45:52,503 [INFO] IPUIPlugin:80 - create IPUIPlugin
2026-03-30 11:45:52,503 [INFO] IPUIPlugin:80 - create IPUIPlugin
2026-03-30 11:45:52,503 [INFO] IPUIPlugin:80 - create IPUIPlugin
2026-03-30 11:45:52,504 [INFO] IPUIPlugin:80 - create IPUIPlugin
2026-03-30 11:45:52,504 [INFO] IPUIPlugin:80 - create IPUIPlugin
2026-03-30 11:45:52,504 [INFO] IPUIPlugin:80 - create IPUIPlugin
2026-03-30 11:45:52,504 [INFO] IPUIPlugin:80 - create IPUIPlugin
2026-03-30 11:45:52,504 [INFO] IPUIPlugin:80 - create IPUIPlugin
2026-03-30 11:45:52,505 [INFO] IPUIPlugin:80 - create IPUIPlugin
2026-03-30 11:45:52,505 [INFO] IPUIPlugin:80 - create IPUIPlugin
2026-03-30 11:45:52,505 [INFO] IPUIPlugin:80 - create IPUIPlugin
2026-03-30 11:45:52,505 [INFO] IPUIPlugin:80 - create IPUIPlugin
2026-03-30 11:45:52,505 [INFO] IPUIPlugin:80 - create IPUIPlugin
2026-03-30 11:45:52,505 [INFO] IPUIPlugin:80 - create IPUIPlugin
2026-03-30 11:45:52,506 [INFO] IPUIPlugin:80 - create IPUIPlugin
2026-03-30 11:45:52,506 [INFO] IPUIPlugin:80 - create IPUIPlugin
2026-03-30 11:45:52,506 [INFO] IPUIPlugin:80 - create IPUIPlugin
2026-03-30 11:45:52,506 [INFO] IPUIPlugin:80 - create IPUIPlugin
2026-03-30 11:45:52,507 [INFO] IPUIPlugin:80 - create IPUIPlugin
2026-03-30 11:45:52,507 [INFO] IPUIPlugin:80 - create IPUIPlugin
2026-03-30 11:45:52,507 [INFO] IPUIPlugin:80 - create IPUIPlugin
2026-03-30 11:45:52,507 [INFO] IPUIPlugin:80 - create IPUIPlugin
2026-03-30 11:45:52,507 [INFO] IPUIPlugin:80 - create IPUIPlugin
2026-03-30 11:45:52,508 [INFO] IPUIPlugin:80 - create IPUIPlugin
2026-03-30 11:45:52,508 [INFO] IPUIPlugin:80 - create IPUIPlugin
2026-03-30 11:45:52,508 [INFO] IPUIPlugin:80 - create IPUIPlugin
2026-03-30 11:45:52,509 [INFO] IPUIPlugin:80 - create IPUIPlugin
2026-03-30 11:45:52,509 [INFO] IPUIPlugin:80 - create IPUIPlugin
2026-03-30 11:45:52,509 [INFO] IPUIPlugin:80 - create IPUIPlugin
2026-03-30 11:45:52,509 [INFO] IPUIPlugin:80 - create IPUIPlugin
2026-03-30 11:45:52,510 [INFO] IPUIPlugin:80 - create IPUIPlugin
2026-03-30 11:45:52,510 [INFO] IPUIPlugin:80 - create IPUIPlugin
2026-03-30 11:45:52,510 [INFO] IPUIPlugin:80 - create IPUIPlugin
2026-03-30 11:45:52,511 [INFO] IPUIPlugin:80 - create IPUIPlugin
2026-03-30 11:45:52,511 [INFO] IPUIPlugin:80 - create IPUIPlugin
2026-03-30 11:45:52,511 [INFO] IPUIPlugin:80 - create IPUIPlugin
2026-03-30 11:45:52,512 [INFO] IPUIPlugin:80 - create IPUIPlugin
2026-03-30 11:45:52,512 [INFO] IPUIPlugin:80 - create IPUIPlugin
2026-03-30 11:45:52,512 [INFO] IPUIPlugin:80 - create IPUIPlugin
2026-03-30 11:45:52,513 [INFO] IPUIPlugin:80 - create IPUIPlugin
2026-03-30 11:45:52,513 [INFO] IPUIPlugin:80 - create IPUIPlugin
2026-03-30 11:45:52,513 [INFO] IPUIPlugin:80 - create IPUIPlugin
2026-03-30 11:45:52,514 [INFO] IPUIPlugin:80 - create IPUIPlugin
2026-03-30 11:45:52,514 [INFO] IPUIPlugin:80 - create IPUIPlugin
2026-03-30 11:45:52,514 [INFO] IPUIPlugin:80 - create IPUIPlugin
2026-03-30 11:45:52,515 [INFO] IPUIPlugin:80 - create IPUIPlugin
2026-03-30 11:45:52,515 [INFO] IPUIPlugin:80 - create IPUIPlugin
2026-03-30 11:45:52,515 [INFO] IPUIPlugin:80 - create IPUIPlugin
2026-03-30 11:45:52,515 [INFO] IPUIPlugin:80 - create IPUIPlugin
2026-03-30 11:45:52,515 [INFO] IPUIPlugin:80 - create IPUIPlugin
2026-03-30 11:45:52,516 [INFO] IPUIPlugin:80 - create IPUIPlugin
2026-03-30 11:45:52,516 [INFO] IPUIPlugin:80 - create IPUIPlugin
2026-03-30 11:45:52,517 [INFO] IPUIPlugin:80 - create IPUIPlugin
2026-03-30 11:45:52,517 [INFO] IPUIPlugin:80 - create IPUIPlugin
2026-03-30 11:45:52,518 [INFO] IPUIPlugin:80 - create IPUIPlugin
2026-03-30 11:45:52,518 [INFO] IPUIPlugin:80 - create IPUIPlugin
2026-03-30 11:45:52,558 [INFO] ApiDbMcu:532 - Load IP Config File for PDM2PCM
2026-03-30 11:45:52,730 [INFO] CADModel:165 - CPN selected for project levelSTM32F407VGT6
2026-03-30 11:45:52,731 [INFO] CADModel:114 - Register for checkConnection events
2026-03-30 11:45:52,772 [INFO] OpenFileManager:386 - Restore cursor
2026-03-30 11:50:33,640 [ERROR] LogOutputStream:75 - [STDERR_REDIRECT] 
2026-03-30 11:56:28,728 [INFO] Activator:176 - 


2026-03-30 11:56:28,730 [INFO] Activator:177 - !SESSION log4j initialized
2026-03-30 11:56:33,159 [INFO] LogOutputStream:77 - [STDOUT_REDIRECT] 
2026-03-30 11:56:35,267 [INFO] ApplicationProperties:184 - Using Application install path: /opt/st/stm32cubeide_1.19.0/plugins/com.st.stm32cube.common.mx_6.15.0.202507011659
2026-03-30 11:56:35,298 [INFO] DbMcusXml:78 - Set database path to: /opt/st/stm32cubeide_1.19.0/plugins/com.st.stm32cube.common.mx_6.15.0.202507011659//db//mcu/
2026-03-30 11:56:35,299 [INFO] ApiDb:274 - Set plugin database path to: /opt/st/stm32cubeide_1.19.0/plugins/com.st.stm32cube.common.mx_6.15.0.202507011659//db//plugins/boardmanager/
2026-03-30 11:56:35,299 [WARN] ApiDb:259 - Overriding images path with different value:  => /opt/st/stm32cubeide_1.19.0/plugins/com.st.stm32cube.common.mx_6.15.0.202507011659//db//plugins/mcufinder/images/
2026-03-30 11:56:35,306 [INFO] ApiDb:250 - Set database path to: /home/sunbeam/.stmcufinder/plugins/mcufinder//mcu/
2026-03-30 11:56:35,308 [INFO] DbMcusAds:125 - Set database path to: /home/sunbeam/.stmcufinder/plugins/mcufinder//mcu/
2026-03-30 11:56:35,413 [INFO] CrossReferenceDbSqlite:203 - Set database path to: /home/sunbeam/.stmcufinder/plugins/mcufinder//mcu/cs/
2026-03-30 11:56:35,616 [INFO] RulesReader:64 - Compatibility file has been processed (317 Rules)
2026-03-30 11:56:35,697 [INFO] DbMcusXml:78 - Set database path to: /opt/st/stm32cubeide_1.19.0/plugins/com.st.stm32cube.common.mx_6.15.0.202507011659//db//mcu/
2026-03-30 11:56:35,697 [INFO] ApiDb:274 - Set plugin database path to: /opt/st/stm32cubeide_1.19.0/plugins/com.st.stm32cube.common.mx_6.15.0.202507011659//db//plugins/boardmanager/
2026-03-30 11:56:35,697 [INFO] ApiDb:261 - Set plugin images path to: /opt/st/stm32cubeide_1.19.0/plugins/com.st.stm32cube.common.mx_6.15.0.202507011659//db//plugins/mcufinder/images/
2026-03-30 11:56:35,697 [WARN] DbFile:41 - Overriding database path with different value: /home/sunbeam/.stmcufinder/plugins/mcufinder/ => /home/sunbeam/.stmcufinder/plugins/mcufinder
2026-03-30 11:56:35,698 [INFO] ApiDb:250 - Set database path to: /home/sunbeam/.stmcufinder/plugins/mcufinder//mcu/
2026-03-30 11:56:35,698 [WARN] DbFile:41 - Overriding database path with different value: /home/sunbeam/.stmcufinder/plugins/mcufinder/ => /home/sunbeam/.stmcufinder/plugins/mcufinder
2026-03-30 11:56:35,698 [INFO] DbMcusAds:125 - Set database path to: /home/sunbeam/.stmcufinder/plugins/mcufinder//mcu/
2026-03-30 11:56:35,698 [WARN] DbFile:41 - Overriding database path with different value: /home/sunbeam/.stmcufinder/plugins/mcufinder/ => /home/sunbeam/.stmcufinder/plugins/mcufinder
2026-03-30 11:56:35,698 [WARN] DbFile:41 - Overriding database path with different value: /home/sunbeam/.stmcufinder/plugins/mcufinder/ => /home/sunbeam/.stmcufinder/plugins/mcufinder
2026-03-30 11:56:35,814 [INFO] CrossReferenceDbSqlite:203 - Set database path to: /home/sunbeam/.stmcufinder/plugins/mcufinder//mcu/cs/
2026-03-30 11:56:35,913 [INFO] MainPanel:274 - HeapMemory: 268435456
2026-03-30 11:56:36,035 [INFO] DbMcusXml:78 - Set database path to: /opt/st/stm32cubeide_1.19.0/plugins/com.st.stm32cube.common.mx_6.15.0.202507011659//db//mcu/
2026-03-30 11:56:36,035 [INFO] ApiDb:274 - Set plugin database path to: /opt/st/stm32cubeide_1.19.0/plugins/com.st.stm32cube.common.mx_6.15.0.202507011659//db//plugins/boardmanager/
2026-03-30 11:56:36,035 [INFO] ApiDb:261 - Set plugin images path to: /opt/st/stm32cubeide_1.19.0/plugins/com.st.stm32cube.common.mx_6.15.0.202507011659//db//plugins/mcufinder/images/
2026-03-30 11:56:36,036 [WARN] DbFile:41 - Overriding database path with different value: /home/sunbeam/.stmcufinder/plugins/mcufinder/ => /home/sunbeam/.stmcufinder/plugins/mcufinder
2026-03-30 11:56:36,036 [INFO] ApiDb:250 - Set database path to: /home/sunbeam/.stmcufinder/plugins/mcufinder//mcu/
2026-03-30 11:56:36,036 [WARN] DbFile:41 - Overriding database path with different value: /home/sunbeam/.stmcufinder/plugins/mcufinder/ => /home/sunbeam/.stmcufinder/plugins/mcufinder
2026-03-30 11:56:36,036 [INFO] DbMcusAds:125 - Set database path to: /home/sunbeam/.stmcufinder/plugins/mcufinder//mcu/
2026-03-30 11:56:36,036 [WARN] DbFile:41 - Overriding database path with different value: /home/sunbeam/.stmcufinder/plugins/mcufinder/ => /home/sunbeam/.stmcufinder/plugins/mcufinder
2026-03-30 11:56:36,036 [WARN] DbFile:41 - Overriding database path with different value: /home/sunbeam/.stmcufinder/plugins/mcufinder/ => /home/sunbeam/.stmcufinder/plugins/mcufinder
2026-03-30 11:56:36,122 [INFO] CrossReferenceDbSqlite:203 - Set database path to: /home/sunbeam/.stmcufinder/plugins/mcufinder//mcu/cs/
2026-03-30 11:56:36,141 [INFO] ApplicationProperties:184 - Using Application install path: /opt/st/stm32cubeide_1.19.0/plugins/com.st.stm32cube.common.mx_6.15.0.202507011659
2026-03-30 11:56:36,143 [INFO] PluginManage:196 - Search for loadable plugins [exclusion list=, ]
2026-03-30 11:56:36,145 [INFO] PluginManage:310 - Check plugin analytics
2026-03-30 11:56:36,525 [INFO] AnalyticsPlugin:253 - Accepted Software Licenses: 
2026-03-30 11:56:36,525 [INFO] AnalyticsPlugin:255 - Accepted CMSIS Pack Licenses: 
2026-03-30 11:56:36,525 [INFO] AnalyticsPlugin:257 - Accepted Firmware Licenses: FW.F4.1.28.0
2026-03-30 11:56:36,527 [INFO] PluginManage:359 - Loaded plugin analytics (category:tool,tabindex:-1)
2026-03-30 11:56:36,528 [INFO] PluginManage:310 - Check plugin cadmodel
2026-03-30 11:56:36,530 [INFO] CADModel:105 - Init CAD model plugin
2026-03-30 11:56:36,531 [INFO] PluginManage:359 - Loaded plugin cadmodel (category:power,tabindex:5)
2026-03-30 11:56:36,531 [INFO] PluginManage:310 - Check plugin clock
2026-03-30 11:56:36,539 [INFO] PluginManage:359 - Loaded plugin clock (category:base,tabindex:2)
2026-03-30 11:56:36,539 [INFO] PluginManage:310 - Check plugin ddr
2026-03-30 11:56:36,541 [INFO] PluginManage:359 - Loaded plugin ddr (category:tool,tabindex:6)
2026-03-30 11:56:36,541 [INFO] PluginManage:310 - Check plugin filemanager
2026-03-30 11:56:36,693 [INFO] PluginManage:359 - Loaded plugin filemanager (category:base,tabindex:10)
2026-03-30 11:56:36,694 [INFO] PluginManage:310 - Check plugin ipmanager
2026-03-30 11:56:36,698 [INFO] PluginManage:359 - Loaded plugin ipmanager (category:base,tabindex:5)
2026-03-30 11:56:36,699 [INFO] PluginManage:310 - Check plugin lpbam
2026-03-30 11:56:36,710 [INFO] PluginManage:359 - Loaded plugin lpbam (category:base,tabindex:0)
2026-03-30 11:56:36,710 [INFO] PluginManage:310 - Check plugin memorymap
2026-03-30 11:56:36,722 [INFO] PluginManage:359 - Loaded plugin memorymap (category:base,tabindex:4)
2026-03-30 11:56:36,723 [INFO] PluginManage:310 - Check plugin pinoutandconfiguration
2026-03-30 11:56:36,729 [INFO] PluginManage:359 - Loaded plugin pinoutandconfiguration (category:base,tabindex:1)
2026-03-30 11:56:36,730 [INFO] PluginManage:310 - Check plugin pinoutconfig
2026-03-30 11:56:36,810 [WARN] SupportedApi:132 - Cannot load RTOS API schema: s4s-elt-must-match.1: The content of 'definitions' must match (annotation?, (simpleType | complexType)?, (unique | key | keyref)*)). A problem was found starting at: attribute.
2026-03-30 11:56:36,934 [INFO] PluginManage:359 - Loaded plugin pinoutconfig (category:base,tabindex:0)
2026-03-30 11:56:36,934 [INFO] PluginManage:310 - Check plugin power
2026-03-30 11:56:36,943 [INFO] PluginManage:359 - Loaded plugin power (category:power,tabindex:4)
2026-03-30 11:56:36,944 [INFO] PluginManage:310 - Check plugin projectmanager
2026-03-30 11:56:36,959 [INFO] PluginManage:359 - Loaded plugin projectmanager (category:projectmanager,tabindex:4)
2026-03-30 11:56:36,960 [INFO] PluginManage:310 - Check plugin rif
2026-03-30 11:56:36,968 [INFO] PluginManage:359 - Loaded plugin rif (category:base,tabindex:3)
2026-03-30 11:56:36,968 [INFO] PluginManage:310 - Check plugin thirdparty
2026-03-30 11:56:37,100 [INFO] PluginManage:359 - Loaded plugin thirdparty (category:base,tabindex:-1)
2026-03-30 11:56:37,100 [WARN] IntegrityCheckThread:84 - waiting for thirdparty lock release [integrity check]
2026-03-30 11:56:37,100 [INFO] PluginManage:310 - Check plugin tools
2026-03-30 11:56:37,100 [INFO] IntegrityCheckThread:86 - entering critical section [integrity check]
2026-03-30 11:56:37,101 [INFO] ThirdPartyUpdaterWithRetryManager:70 - Updater plugin not ready yet. [1/15]
2026-03-30 11:56:37,103 [INFO] PluginManage:359 - Loaded plugin tools (category:base,tabindex:7)
2026-03-30 11:56:37,103 [INFO] PluginManage:310 - Check plugin tutovideos
2026-03-30 11:56:37,280 [INFO] PluginManage:359 - Loaded plugin tutovideos (category:base,tabindex:-1)
2026-03-30 11:56:37,280 [INFO] PluginManage:310 - Check plugin updater
2026-03-30 11:56:37,299 [INFO] PluginManage:359 - Loaded plugin updater (category:base,tabindex:12)
2026-03-30 11:56:37,299 [INFO] PluginManage:310 - Check plugin userauth
2026-03-30 11:56:37,302 [INFO] UserAuth:118 - Init User Auth plugin
2026-03-30 11:56:37,303 [INFO] PluginManage:359 - Loaded plugin userauth (category:base,tabindex:14)
2026-03-30 11:56:37,304 [INFO] PluginManage:283 - PluginManage : Loaded plugins [18]
2026-03-30 11:56:37,458 [INFO] PinOutPanel:1589 - setPackage(No Configuration,No Configuration)
2026-03-30 11:56:37,520 [INFO] CADModel:165 - CPN selected for project level
2026-03-30 11:56:37,520 [INFO] CADModel:114 - Register for checkConnection events
2026-03-30 11:56:37,528 [INFO] IPUIPlugin:80 - create IPUIPlugin
2026-03-30 11:56:37,528 [INFO] PluginManager:220 - loadIPPluginJar : add dfsdm
2026-03-30 11:56:37,532 [INFO] IPUIPlugin:80 - create IPUIPlugin
2026-03-30 11:56:37,532 [INFO] PluginManager:220 - loadIPPluginJar : add gfxmmu
2026-03-30 11:56:37,534 [INFO] IPUIPlugin:80 - create IPUIPlugin
2026-03-30 11:56:37,535 [INFO] PluginManager:220 - loadIPPluginJar : add i3c
2026-03-30 11:56:37,537 [INFO] IPUIPlugin:80 - create IPUIPlugin
2026-03-30 11:56:37,537 [INFO] PluginManager:220 - loadIPPluginJar : add sai
2026-03-30 11:56:37,542 [INFO] IPUIPlugin:80 - create IPUIPlugin
2026-03-30 11:56:37,543 [INFO] PluginManager:220 - loadIPPluginJar : add dma
2026-03-30 11:56:37,544 [INFO] IPUIPlugin:80 - create IPUIPlugin
2026-03-30 11:56:37,544 [INFO] PluginManager:220 - loadIPPluginJar : add quadspi
2026-03-30 11:56:37,547 [INFO] IPUIPlugin:80 - create IPUIPlugin
2026-03-30 11:56:37,548 [INFO] PluginManager:220 - loadIPPluginJar : add opamp
2026-03-30 11:56:37,549 [INFO] IPUIPlugin:80 - create IPUIPlugin
2026-03-30 11:56:37,549 [INFO] PluginManager:220 - loadIPPluginJar : add comp
2026-03-30 11:56:37,554 [INFO] IPUIPlugin:80 - create IPUIPlugin
2026-03-30 11:56:37,556 [INFO] PluginManager:220 - loadIPPluginJar : add plateformsettings
2026-03-30 11:56:37,557 [INFO] IPUIPlugin:80 - create IPUIPlugin
2026-03-30 11:56:37,557 [INFO] PluginManager:220 - loadIPPluginJar : add ltdc
2026-03-30 11:56:37,559 [INFO] IPUIPlugin:80 - create IPUIPlugin
2026-03-30 11:56:37,560 [INFO] PluginManager:220 - loadIPPluginJar : add nvic
2026-03-30 11:56:37,561 [INFO] IPUIPlugin:80 - create IPUIPlugin
2026-03-30 11:56:37,561 [INFO] PluginManager:220 - loadIPPluginJar : add fatfs
2026-03-30 11:56:37,564 [INFO] IPUIPlugin:80 - create IPUIPlugin
2026-03-30 11:56:37,565 [INFO] PluginManager:220 - loadIPPluginJar : add gpio
2026-03-30 11:56:37,566 [INFO] IPUIPlugin:80 - create IPUIPlugin
2026-03-30 11:56:37,566 [INFO] PluginManager:220 - loadIPPluginJar : add aes
2026-03-30 11:56:37,571 [INFO] IPUIPlugin:80 - create IPUIPlugin
2026-03-30 11:56:37,572 [INFO] PluginManager:220 - loadIPPluginJar : add mdma
2026-03-30 11:56:37,574 [INFO] IPUIPlugin:80 - create IPUIPlugin
2026-03-30 11:56:37,574 [INFO] PluginManager:220 - loadIPPluginJar : add pdm2pcm
2026-03-30 11:56:37,580 [INFO] IPUIPlugin:80 - create IPUIPlugin
2026-03-30 11:56:37,580 [INFO] PluginManager:220 - loadIPPluginJar : add linkedlist
2026-03-30 11:56:37,582 [INFO] IPUIPlugin:80 - create IPUIPlugin
2026-03-30 11:56:37,582 [INFO] PluginManager:220 - loadIPPluginJar : add usart
2026-03-30 11:56:37,584 [INFO] IPUIPlugin:80 - create IPUIPlugin
2026-03-30 11:56:37,584 [INFO] PluginManager:220 - loadIPPluginJar : add i2c
2026-03-30 11:56:37,586 [INFO] IPUIPlugin:80 - create IPUIPlugin
2026-03-30 11:56:37,586 [INFO] PluginManager:220 - loadIPPluginJar : add lorawan
2026-03-30 11:56:37,588 [INFO] IPUIPlugin:80 - create IPUIPlugin
2026-03-30 11:56:37,588 [INFO] PluginManager:220 - loadIPPluginJar : add usbx
2026-03-30 11:56:37,592 [INFO] IPUIPlugin:80 - create IPUIPlugin
2026-03-30 11:56:37,592 [INFO] PluginManager:220 - loadIPPluginJar : add fmc
2026-03-30 11:56:37,594 [INFO] IPUIPlugin:80 - create IPUIPlugin
2026-03-30 11:56:37,594 [INFO] PluginManager:220 - loadIPPluginJar : add extmemmanager
2026-03-30 11:56:37,599 [INFO] IPUIPlugin:80 - create IPUIPlugin
2026-03-30 11:56:37,599 [INFO] PluginManager:220 - loadIPPluginJar : add freertos
2026-03-30 11:56:37,602 [INFO] IPUIPlugin:80 - create IPUIPlugin
2026-03-30 11:56:37,602 [INFO] PluginManager:220 - loadIPPluginJar : add can
2026-03-30 11:56:37,605 [INFO] IPUIPlugin:80 - create IPUIPlugin
2026-03-30 11:56:37,605 [INFO] PluginManager:220 - loadIPPluginJar : add touchsensing
2026-03-30 11:56:37,606 [INFO] IPUIPlugin:80 - create IPUIPlugin
2026-03-30 11:56:37,607 [INFO] PluginManager:220 - loadIPPluginJar : add tracer_emb
2026-03-30 11:56:37,608 [INFO] IPUIPlugin:80 - create IPUIPlugin
2026-03-30 11:56:37,608 [INFO] PluginManager:220 - loadIPPluginJar : add ucpd
2026-03-30 11:56:37,610 [INFO] IPUIPlugin:80 - create IPUIPlugin
2026-03-30 11:56:37,610 [INFO] PluginManager:220 - loadIPPluginJar : add ts
2026-03-30 11:56:37,611 [INFO] IPUIPlugin:80 - create IPUIPlugin
2026-03-30 11:56:37,611 [INFO] PluginManager:220 - loadIPPluginJar : add tsc
2026-03-30 11:56:37,614 [INFO] IPUIPlugin:80 - create IPUIPlugin
2026-03-30 11:56:37,614 [INFO] PluginManager:220 - loadIPPluginJar : add resmgrutility
2026-03-30 11:56:37,616 [INFO] IPUIPlugin:80 - create IPUIPlugin
2026-03-30 11:56:37,616 [INFO] PluginManager:220 - loadIPPluginJar : add cryp
2026-03-30 11:56:37,618 [INFO] IPUIPlugin:80 - create IPUIPlugin
2026-03-30 11:56:37,619 [INFO] PluginManager:220 - loadIPPluginJar : add openamp
2026-03-30 11:56:37,625 [INFO] IPUIPlugin:80 - create IPUIPlugin
2026-03-30 11:56:37,626 [INFO] PluginManager:220 - loadIPPluginJar : add adc
2026-03-30 11:56:37,628 [INFO] IPUIPlugin:80 - create IPUIPlugin
2026-03-30 11:56:37,628 [INFO] PluginManager:220 - loadIPPluginJar : add spi
2026-03-30 11:56:37,631 [INFO] IPUIPlugin:80 - create IPUIPlugin
2026-03-30 11:56:37,631 [INFO] PluginManager:220 - loadIPPluginJar : add ipddr
2026-03-30 11:56:37,639 [INFO] IPUIPlugin:80 - create IPUIPlugin
2026-03-30 11:56:37,639 [INFO] PluginManager:220 - loadIPPluginJar : add stm32_wpan
2026-03-30 11:56:37,644 [INFO] IPUIPlugin:80 - create IPUIPlugin
2026-03-30 11:56:37,645 [INFO] PluginManager:220 - loadIPPluginJar : add gic
2026-03-30 11:56:37,647 [INFO] IPUIPlugin:80 - create IPUIPlugin
2026-03-30 11:56:37,647 [INFO] PluginManager:220 - loadIPPluginJar : add ddr_ctrl_phy
2026-03-30 11:56:37,649 [INFO] IPUIPlugin:80 - create IPUIPlugin
2026-03-30 11:56:37,649 [INFO] PluginManager:220 - loadIPPluginJar : add genericplugin
2026-03-30 11:56:37,651 [INFO] IPUIPlugin:80 - create IPUIPlugin
2026-03-30 11:56:37,652 [INFO] PluginManager:220 - loadIPPluginJar : add hash
2026-03-30 11:56:37,653 [INFO] IPUIPlugin:80 - create IPUIPlugin
2026-03-30 11:56:37,653 [INFO] PluginManager:220 - loadIPPluginJar : add tim
2026-03-30 11:56:37,655 [INFO] IPUIPlugin:80 - create IPUIPlugin
2026-03-30 11:56:37,656 [INFO] PluginManager:220 - loadIPPluginJar : add radio
2026-03-30 11:56:37,658 [INFO] IPUIPlugin:80 - create IPUIPlugin
2026-03-30 11:56:37,658 [INFO] PluginManager:220 - loadIPPluginJar : add gtzc
2026-03-30 11:56:37,661 [INFO] IPUIPlugin:80 - create IPUIPlugin
2026-03-30 11:56:37,661 [INFO] PluginManager:220 - loadIPPluginJar : add i2s
2026-03-30 11:56:37,663 [INFO] IPUIPlugin:80 - create IPUIPlugin
2026-03-30 11:56:37,663 [INFO] PluginManager:220 - loadIPPluginJar : add dma3
2026-03-30 11:56:37,776 [FATAL] Updater:351 - Updater called before beeing initialized
2026-03-30 11:56:37,821 [INFO] RulesReader:64 - Compatibility file has been processed (317 Rules)
2026-03-30 11:56:37,845 [INFO] RulesReader:64 - Compatibility file has been processed (317 Rules)
2026-03-30 11:56:37,858 [INFO] CADModel:165 - CPN selected for project level
2026-03-30 11:56:37,858 [INFO] CADModel:114 - Register for checkConnection events
2026-03-30 11:56:37,858 [FATAL] Updater:351 - Updater called before beeing initialized
2026-03-30 11:56:37,859 [ERROR] CADModel:125 - Updater not yet initialized, retry later 
2026-03-30 11:56:37,997 [FATAL] Updater:351 - Updater called before beeing initialized
2026-03-30 11:56:37,999 [INFO] CADModel:165 - CPN selected for project level
2026-03-30 11:56:37,999 [INFO] CADModel:114 - Register for checkConnection events
2026-03-30 11:56:37,999 [FATAL] Updater:351 - Updater called before beeing initialized
2026-03-30 11:56:37,999 [ERROR] CADModel:125 - Updater not yet initialized, retry later 
2026-03-30 11:56:38,002 [FATAL] Updater:351 - Updater called before beeing initialized
2026-03-30 11:56:38,095 [FATAL] Updater:351 - Updater called before beeing initialized
2026-03-30 11:56:38,098 [INFO] DbMcusAds:53 - JSON generation date=Thu Mar 05 20:02:52 IST 2026 (1772721172890)
2026-03-30 11:56:38,098 [FATAL] Updater:351 - Updater called before beeing initialized
2026-03-30 11:56:38,134 [WARN] DetailPanel:346 - Failed to get advertising image, set to default
2026-03-30 11:56:38,213 [FATAL] Updater:351 - Updater called before beeing initialized
2026-03-30 11:56:38,215 [FATAL] Updater:351 - Updater called before beeing initialized
2026-03-30 11:56:38,215 [FATAL] Updater:351 - Updater called before beeing initialized
2026-03-30 11:56:38,215 [WARN] DetailPanel:346 - Failed to get advertising image, set to default
2026-03-30 11:56:38,217 [FATAL] Updater:351 - Updater called before beeing initialized
2026-03-30 11:56:38,255 [ERROR] Updater:1198 - MainUpdater not yet initialized. External WinMGr cannot be set.
2026-03-30 11:56:38,257 [INFO] Updater:1134 - Updater Version found : 6.15.0
2026-03-30 11:56:38,281 [INFO] ApplicationProperties:184 - Using Application install path: /opt/st/stm32cubeide_1.19.0/plugins/com.st.stm32cube.common.mx_6.15.0.202507011659
2026-03-30 11:56:39,005 [INFO] MainUpdater:2872 - connection check result : 10
2026-03-30 11:56:39,006 [INFO] MainUpdater:289 - Updater Check For Update Now.
2026-03-30 11:56:39,006 [INFO] MicroXplorer:498 - Change Database Version : DB.6.0.150
2026-03-30 11:56:39,013 [INFO] McuFinderGlobals:63 - Set McuFinder mode to 2 (CubeIDE integrated)
2026-03-30 11:56:39,014 [INFO] UserAuth:171 - activating auth plugin
2026-03-30 11:56:39,019 [INFO] UserAuth:487 - Internet connection configuration mode: 1
2026-03-30 11:56:39,049 [INFO] JxBrowserEngine:152 - Initiate JxBrowser Engine with user profile folder
2026-03-30 11:56:39,266 [INFO] CheckServerUpdateThread:120 - End of CheckServer Thread
2026-03-30 11:56:39,878 [INFO] WebApp:169 - Instantiating new browser for Auth
2026-03-30 11:56:40,250 [WARN] PackLoader:240 - Cannot read IP mode file for STMicroelectronics.FP-SNS-MOTENVWB1.1.4.0
2026-03-30 11:56:40,257 [WARN] PackLoader:240 - Cannot read IP mode file for STMicroelectronics.FP-ATR-ASTRA1.2.0.2
2026-03-30 11:56:40,264 [WARN] PackLoader:240 - Cannot read IP mode file for STMicroelectronics.X-CUBE-SMBUS.2.1.0
2026-03-30 11:56:40,269 [WARN] PackLoader:240 - Cannot read IP mode file for STMicroelectronics.X-CUBE-ST60.1.0.0
2026-03-30 11:56:40,310 [WARN] PackLoader:240 - Cannot read IP mode file for STMicroelectronics.X-CUBE-AZRTOS-F7.1.1.0
2026-03-30 11:56:40,321 [WARN] PackLoader:240 - Cannot read IP mode file for STMicroelectronics.FP-SNS-MOTENV1.5.1.0
2026-03-30 11:56:40,353 [WARN] PackLoader:240 - Cannot read IP mode file for Infineon.AIROC-Wi-Fi-Bluetooth-STM32.1.7.1
2026-03-30 11:56:40,388 [WARN] PackLoader:240 - Cannot read IP mode file for STMicroelectronics.X-CUBE-AZRTOS-H7.3.4.0
2026-03-30 11:56:40,400 [WARN] PackLoader:240 - Cannot read IP mode file for STMicroelectronics.X-CUBE-DISPLAY.3.0.0
2026-03-30 11:56:40,409 [WARN] PackLoader:240 - Cannot read IP mode file for STMicroelectronics.FP-SNS-MOTENVWB1.1.5.0
2026-03-30 11:56:40,433 [WARN] PackLoader:240 - Cannot read IP mode file for STMicroelectronics.X-CUBE-NFC10.1.0.0
2026-03-30 11:56:40,456 [WARN] PackLoader:240 - Cannot read IP mode file for STMicroelectronics.X-CUBE-BLEMGR.4.0.0
2026-03-30 11:56:40,468 [WARN] PackLoader:240 - Cannot read IP mode file for STMicroelectronics.X-CUBE-ST60.1.1.0
2026-03-30 11:56:40,475 [WARN] PackLoader:240 - Cannot read IP mode file for emotas.I-CUBE-CANOPEN.1.3.0
2026-03-30 11:56:40,481 [WARN] PackLoader:240 - Cannot read IP mode file for STMicroelectronics.X-CUBE-GNSS1.7.1.0
2026-03-30 11:56:40,486 [WARN] ConditionMgr:438 - getConditionDescription Invalid condition id : Cortex-A Device cause : null
2026-03-30 11:56:40,507 [WARN] ConditionMgr:1044 - genDependencies : Invalid condition id : Cortex-A Device cause : null
2026-03-30 11:56:40,507 [WARN] ConditionMgr:1044 - genDependencies : Invalid condition id : Cortex-A Device cause : null
2026-03-30 11:56:40,507 [WARN] ConditionMgr:1044 - genDependencies : Invalid condition id : Cortex-A Device cause : null
2026-03-30 11:56:40,515 [WARN] PackLoader:240 - Cannot read IP mode file for STMicroelectronics.FP-SNS-STBOX1.2.1.0
2026-03-30 11:56:40,523 [WARN] PackLoader:240 - Cannot read IP mode file for STMicroelectronics.FP-SNS-SMARTAG2.1.2.0
2026-03-30 11:56:40,528 [WARN] PackLoader:240 - Cannot read IP mode file for STMicroelectronics.FP-SNS-FLIGHT1.5.1.0
2026-03-30 11:56:40,564 [INFO] LogOutputStream:77 - [STDOUT_REDIRECT] 1 : Invalid condition id : UX_CORESTACK_Condition cause : null
2026-03-30 11:56:40,565 [INFO] LogOutputStream:77 - [STDOUT_REDIRECT] 1 : Invalid condition id : UX_CORESTACK_Condition cause : null
2026-03-30 11:56:40,567 [INFO] LogOutputStream:77 - [STDOUT_REDIRECT] 1 : Invalid condition id : UX_CORESTACK_Condition cause : null
2026-03-30 11:56:40,570 [INFO] LogOutputStream:77 - [STDOUT_REDIRECT] 1 : Invalid condition id : UX_CORESTACK_Condition cause : null
2026-03-30 11:56:40,571 [INFO] LogOutputStream:77 - [STDOUT_REDIRECT] 1 : Invalid condition id : UX_CORESTACK_Condition cause : null
2026-03-30 11:56:40,579 [WARN] PackLoader:240 - Cannot read IP mode file for STMicroelectronics.X-CUBE-AZRTOS-WL.2.0.0
2026-03-30 11:56:40,587 [WARN] PackLoader:240 - Cannot read IP mode file for STMicroelectronics.FP-SNS-MOTENV1.5.0.0
2026-03-30 11:56:40,622 [WARN] PackLoader:240 - Cannot read IP mode file for STMicroelectronics.X-CUBE-AZRTOS-H7RS.1.2.0
2026-03-30 11:56:40,643 [WARN] PackLoader:240 - Cannot read IP mode file for WES.I-CUBE-Cesium.1.3.0
2026-03-30 11:56:40,648 [WARN] PackLoader:240 - Cannot read IP mode file for STMicroelectronics.X-CUBE-BLE2.3.3.0
2026-03-30 11:56:40,665 [WARN] PackLoader:240 - Cannot read IP mode file for STMicroelectronics.X-CUBE-NFC9.1.0.0
2026-03-30 11:56:40,671 [WARN] PackLoader:240 - Cannot read IP mode file for wolfSSL.I-CUBE-wolfSSL.5.8.0
2026-03-30 11:56:40,675 [WARN] PackLoader:240 - Cannot read IP mode file for STMicroelectronics.X-CUBE-BLE1.7.1.0
2026-03-30 11:56:40,679 [WARN] PackLoader:240 - Cannot read IP mode file for wolfSSL.I-CUBE-wolfMQTT.1.19.2
2026-03-30 11:56:40,685 [WARN] PackLoader:240 - Cannot read IP mode file for STMicroelectronics.X-CUBE-FREERTOS.1.4.0
2026-03-30 11:56:40,692 [WARN] PackLoader:240 - Cannot read IP mode file for STMicroelectronics.X-CUBE-EEPRMA1.5.2.0
2026-03-30 11:56:40,700 [WARN] PackLoader:240 - Cannot read IP mode file for STMicroelectronics.X-CUBE-ST67W61.1.1.0
2026-03-30 11:56:40,705 [WARN] PackLoader:240 - Cannot read IP mode file for STMicroelectronics.X-CUBE-AI.10.1.0
2026-03-30 11:56:40,777 [WARN] PackLoader:240 - Cannot read IP mode file for STMicroelectronics.X-CUBE-MEMS1.12.0.0
2026-03-30 11:56:40,856 [INFO] WebApp:463 - Apply proxy settings
2026-03-30 11:56:40,856 [INFO] WebApp:548 - Chromium requires no authentication
2026-03-30 11:56:40,872 [INFO] WebApp:491 - Direct internet connection detected
2026-03-30 11:56:40,904 [INFO] WebApp:900 - Register for checkConnection events
2026-03-30 11:56:40,905 [INFO] WebApp:463 - Apply proxy settings
2026-03-30 11:56:40,905 [INFO] WebApp:548 - Chromium requires no authentication
2026-03-30 11:56:40,905 [INFO] WebApp:491 - Direct internet connection detected
2026-03-30 11:56:40,917 [WARN] PackLoader:240 - Cannot read IP mode file for STMicroelectronics.X-CUBE-AZRTOS-G0.1.1.0
2026-03-30 11:56:40,926 [WARN] PackLoader:240 - Cannot read IP mode file for STMicroelectronics.X-CUBE-SAFEA1.1.2.2
2026-03-30 11:56:40,932 [WARN] PackLoader:240 - Cannot read IP mode file for STMicroelectronics.X-CUBE-NFC4.3.0.0
2026-03-30 11:56:40,942 [WARN] PackLoader:240 - Cannot read IP mode file for EmbeddedOffice.I-CUBE-FS-RTOS.1.0.1
2026-03-30 11:56:40,946 [WARN] PackLoader:240 - Cannot read IP mode file for STMicroelectronics.X-CUBE-WB05N.2.0.0
2026-03-30 11:56:40,949 [WARN] PackLoader:240 - Cannot read IP mode file for wolfSSL.I-CUBE-wolfTPM.3.8.0
2026-03-30 11:56:40,955 [WARN] PackLoader:240 - Cannot read IP mode file for STMicroelectronics.X-CUBE-TCPP.4.2.0
2026-03-30 11:56:40,961 [WARN] PackLoader:240 - Cannot read IP mode file for RealThread.X-CUBE-RT-Thread_Nano.4.1.1
2026-03-30 11:56:40,965 [WARN] PackLoader:240 - Cannot read IP mode file for STMicroelectronics.FP-ATR-SIGFOX1.3.2.0
2026-03-30 11:56:40,971 [WARN] PackLoader:240 - Cannot read IP mode file for STMicroelectronics.X-CUBE-EEPRMA1.5.1.0
2026-03-30 11:56:40,978 [WARN] PackLoader:240 - Cannot read IP mode file for ITTIA_DB.I-CUBE-ITTIADB.8.9.0
2026-03-30 11:56:40,985 [WARN] PackLoader:240 - Cannot read IP mode file for STMicroelectronics.X-CUBE-NFC6.3.2.0
2026-03-30 11:56:40,993 [WARN] PackLoader:240 - Cannot read IP mode file for STMicroelectronics.X-CUBE-ST67W61.1.0.0
2026-03-30 11:56:40,997 [WARN] PackLoader:240 - Cannot read IP mode file for STMicroelectronics.X-CUBE-AI.10.2.0
2026-03-30 11:56:41,070 [WARN] PackLoader:240 - Cannot read IP mode file for SEGGER.I-CUBE-embOS.1.3.1
2026-03-30 11:56:41,138 [WARN] PackLoader:240 - Cannot read IP mode file for STMicroelectronics.X-CUBE-ALGOBUILD.1.4.0
2026-03-30 11:56:41,153 [INFO] WebApp:225 - Starting web application
2026-03-30 11:56:41,153 [INFO] WebApp:593 - Web application path used /opt/st/stm32cubeide_1.19.0/plugins/com.st.stm32cube.common.mx_6.15.0.202507011659/db/plugins/mcufinder/reactClient1/index.html
2026-03-30 11:56:41,200 [WARN] PackLoader:240 - Cannot read IP mode file for STMicroelectronics.X-CUBE-MEMS1.11.3.0
2026-03-30 11:56:41,384 [WARN] PackLoader:240 - Cannot read IP mode file for STMicroelectronics.X-CUBE-PM33A1.1.0.0
2026-03-30 11:56:41,410 [WARN] PackLoader:240 - Cannot read IP mode file for STMicroelectronics.X-CUBE-AZRTOS-F4.1.1.0
2026-03-30 11:56:41,416 [WARN] PackLoader:240 - Cannot read IP mode file for Avnet-IotConnect.X-CUBE-IoTC-DA16k-PMOD.1.0.0
2026-03-30 11:56:41,419 [WARN] PackLoader:240 - Cannot read IP mode file for STMicroelectronics.X-CUBE-ISPU.2.1.0
2026-03-30 11:56:41,445 [WARN] PackLoader:240 - Cannot read IP mode file for STMicroelectronics.X-CUBE-IPS.3.2.0
2026-03-30 11:56:41,471 [WARN] PackLoader:240 - Cannot read IP mode file for STMicroelectronics.X-CUBE-NFC12.1.0.0
2026-03-30 11:56:41,522 [WARN] PackLoader:240 - Cannot read IP mode file for STMicroelectronics.X-CUBE-AZRTOS-L5.2.0.0
2026-03-30 11:56:41,538 [WARN] PackLoader:240 - Cannot read IP mode file for STMicroelectronics.X-CUBE-NFC6.3.1.0
2026-03-30 11:56:41,549 [WARN] PackLoader:240 - Cannot read IP mode file for STMicroelectronics.X-CUBE-FREERTOS.1.3.1
2026-03-30 11:56:41,551 [INFO] WebApp:191 - Connection restablished
2026-03-30 11:56:41,554 [WARN] PackLoader:240 - Cannot read IP mode file for STMicroelectronics.X-CUBE-TOUCHGFX.4.26.0
2026-03-30 11:56:41,560 [WARN] PackLoader:240 - Cannot read IP mode file for STMicroelectronics.FP-SNS-STAIOTCFT.1.0.0
2026-03-30 11:56:41,566 [WARN] PackLoader:240 - Cannot read IP mode file for STMicroelectronics.X-CUBE-DPower.1.3.0
2026-03-30 11:56:41,594 [WARN] ConditionMgr:438 - getConditionDescription Invalid condition id : LAN8742 Phy interface Condition cause : null
2026-03-30 11:56:41,595 [WARN] PackLoader:240 - Cannot read IP mode file for STMicroelectronics.X-CUBE-AZRTOS-L4.2.0.0
2026-03-30 11:56:41,609 [WARN] ConditionMgr:1044 - genDependencies : Invalid condition id : LAN8742 Phy interface Condition cause : null
2026-03-30 11:56:41,609 [WARN] ConditionMgr:1044 - genDependencies : Invalid condition id : LAN8742 Phy interface Condition cause : null
2026-03-30 11:56:41,610 [WARN] ConditionMgr:1044 - genDependencies : Invalid condition id : LAN8742 Phy interface Condition cause : null
2026-03-30 11:56:41,625 [WARN] PackLoader:240 - Cannot read IP mode file for STMicroelectronics.X-CUBE-SFXS2LP1.4.0.0
2026-03-30 11:56:41,632 [WARN] PackLoader:240 - Cannot read IP mode file for STMicroelectronics.X-CUBE-ST67W61.1.2.0
2026-03-30 11:56:41,640 [WARN] PackLoader:240 - Cannot read IP mode file for STMicroelectronics.X-CUBE-BLEMGR.4.1.0
2026-03-30 11:56:41,651 [WARN] ConditionMgr:438 - getConditionDescription Invalid condition id : UX DEVICE CLASS RTOS Condition cause : null
2026-03-30 11:56:41,652 [WARN] ConditionMgr:438 - getConditionDescription Invalid condition id : UX DEVICE CLASS RTOS Condition cause : null
2026-03-30 11:56:41,654 [WARN] PackLoader:240 - Cannot read IP mode file for STMicroelectronics.X-CUBE-AZRTOS-WB.2.0.0
2026-03-30 11:56:41,655 [WARN] ConditionMgr:1044 - genDependencies : Invalid condition id : UX DEVICE CLASS RTOS Condition cause : null
2026-03-30 11:56:41,655 [WARN] ConditionMgr:1044 - genDependencies : Invalid condition id : UX DEVICE CLASS RTOS Condition cause : null
2026-03-30 11:56:41,656 [WARN] ConditionMgr:1044 - genDependencies : Invalid condition id : UX DEVICE CLASS RTOS Condition cause : null
2026-03-30 11:56:41,656 [WARN] ConditionMgr:1044 - genDependencies : Invalid condition id : UX DEVICE CLASS RTOS Condition cause : null
2026-03-30 11:56:41,656 [WARN] ConditionMgr:1044 - genDependencies : Invalid condition id : UX DEVICE CLASS RTOS Condition cause : null
2026-03-30 11:56:41,660 [WARN] PackLoader:240 - Cannot read IP mode file for STMicroelectronics.X-CUBE-GNSS1.7.0.1
2026-03-30 11:56:41,663 [WARN] PackLoader:240 - Cannot read IP mode file for STMicroelectronics.X-CUBE-TOUCHGFX.4.25.0
2026-03-30 11:56:41,671 [WARN] PackLoader:240 - Cannot read IP mode file for STMicroelectronics.FP-SNS-STBOX1.2.0.0
2026-03-30 11:56:41,677 [WARN] PackLoader:240 - Cannot read IP mode file for STMicroelectronics.X-CUBE-STSE01.2.0.0
2026-03-30 11:56:41,687 [WARN] PackLoader:240 - Cannot read IP mode file for STMicroelectronics.X-CUBE-SUBG2.5.0.0
2026-03-30 11:56:41,707 [WARN] PackLoader:240 - Cannot read IP mode file for STMicroelectronics.X-CUBE-AZRTOS-H7RS.1.1.0
2026-03-30 11:56:41,712 [WARN] PackLoader:240 - Cannot read IP mode file for Cesanta.I-CUBE-Mongoose.7.13.0
2026-03-30 11:56:41,725 [WARN] PackLoader:240 - Cannot read IP mode file for STMicroelectronics.X-CUBE-AZRTOS-G4.2.0.0
2026-03-30 11:56:41,731 [WARN] PackLoader:240 - Cannot read IP mode file for wolfSSL.I-CUBE-wolfSSH.1.4.20
2026-03-30 11:56:41,737 [WARN] PackLoader:240 - Cannot read IP mode file for STMicroelectronics.X-CUBE-NFC7.2.0.0
2026-03-30 11:56:41,754 [WARN] PackLoader:240 - Cannot read IP mode file for STMicroelectronics.X-CUBE-IPS.3.1.0
2026-03-30 11:56:41,768 [WARN] PackLoader:240 - Cannot read IP mode file for STMicroelectronics.X-CUBE-ALS.1.0.2
2026-03-30 11:56:41,777 [WARN] PackLoader:240 - Cannot read IP mode file for STMicroelectronics.X-CUBE-STSE01.1.0.0
2026-03-30 11:56:41,784 [WARN] PackLoader:240 - Cannot read IP mode file for portGmbH.I-Cube-SoM-uGOAL.1.1.0
2026-03-30 11:56:41,797 [WARN] PackLoader:240 - Cannot read IP mode file for STMicroelectronics.X-CUBE-TOF1.3.4.3
2026-03-30 11:56:41,811 [INFO] ThirdParty:978 - Integrity check success = true
2026-03-30 11:56:41,811 [INFO] IntegrityCheckThread:100 - exiting critical section [integrity check]
2026-03-30 11:56:41,811 [INFO] IntegrityCheckThread:103 - End integrity checks thread
2026-03-30 12:30:05,805 [INFO] WebApp:194 - Connection lost
2026-03-30 12:30:11,826 [INFO] WebApp:191 - Connection restablished
2026-03-30 12:30:13,607 [INFO] WebApp:194 - Connection lost
2026-03-30 12:30:14,204 [INFO] WebApp:191 - Connection restablished
2026-03-30 12:30:19,305 [INFO] WebApp:194 - Connection lost
2026-03-30 12:30:19,646 [INFO] WebApp:191 - Connection restablished
2026-03-30 12:48:47,442 [INFO] Activator:176 - 


2026-03-30 12:48:47,444 [INFO] Activator:177 - !SESSION log4j initialized
2026-03-30 12:48:52,726 [INFO] LogOutputStream:77 - [STDOUT_REDIRECT] 
2026-03-30 12:48:54,590 [INFO] ApplicationProperties:184 - Using Application install path: /opt/st/stm32cubeide_1.19.0/plugins/com.st.stm32cube.common.mx_6.15.0.202507011659
2026-03-30 12:48:54,608 [INFO] DbMcusXml:78 - Set database path to: /opt/st/stm32cubeide_1.19.0/plugins/com.st.stm32cube.common.mx_6.15.0.202507011659//db//mcu/
2026-03-30 12:48:54,608 [INFO] ApiDb:274 - Set plugin database path to: /opt/st/stm32cubeide_1.19.0/plugins/com.st.stm32cube.common.mx_6.15.0.202507011659//db//plugins/boardmanager/
2026-03-30 12:48:54,609 [WARN] ApiDb:259 - Overriding images path with different value:  => /opt/st/stm32cubeide_1.19.0/plugins/com.st.stm32cube.common.mx_6.15.0.202507011659//db//plugins/mcufinder/images/
2026-03-30 12:48:54,613 [INFO] ApiDb:250 - Set database path to: /home/sunbeam/.stmcufinder/plugins/mcufinder//mcu/
2026-03-30 12:48:54,614 [INFO] DbMcusAds:125 - Set database path to: /home/sunbeam/.stmcufinder/plugins/mcufinder//mcu/
2026-03-30 12:48:54,690 [INFO] CrossReferenceDbSqlite:203 - Set database path to: /home/sunbeam/.stmcufinder/plugins/mcufinder//mcu/cs/
2026-03-30 12:48:54,840 [INFO] RulesReader:64 - Compatibility file has been processed (317 Rules)
2026-03-30 12:48:54,906 [INFO] DbMcusXml:78 - Set database path to: /opt/st/stm32cubeide_1.19.0/plugins/com.st.stm32cube.common.mx_6.15.0.202507011659//db//mcu/
2026-03-30 12:48:54,906 [INFO] ApiDb:274 - Set plugin database path to: /opt/st/stm32cubeide_1.19.0/plugins/com.st.stm32cube.common.mx_6.15.0.202507011659//db//plugins/boardmanager/
2026-03-30 12:48:54,906 [INFO] ApiDb:261 - Set plugin images path to: /opt/st/stm32cubeide_1.19.0/plugins/com.st.stm32cube.common.mx_6.15.0.202507011659//db//plugins/mcufinder/images/
2026-03-30 12:48:54,906 [WARN] DbFile:41 - Overriding database path with different value: /home/sunbeam/.stmcufinder/plugins/mcufinder/ => /home/sunbeam/.stmcufinder/plugins/mcufinder
2026-03-30 12:48:54,906 [INFO] ApiDb:250 - Set database path to: /home/sunbeam/.stmcufinder/plugins/mcufinder//mcu/
2026-03-30 12:48:54,907 [WARN] DbFile:41 - Overriding database path with different value: /home/sunbeam/.stmcufinder/plugins/mcufinder/ => /home/sunbeam/.stmcufinder/plugins/mcufinder
2026-03-30 12:48:54,907 [INFO] DbMcusAds:125 - Set database path to: /home/sunbeam/.stmcufinder/plugins/mcufinder//mcu/
2026-03-30 12:48:54,907 [WARN] DbFile:41 - Overriding database path with different value: /home/sunbeam/.stmcufinder/plugins/mcufinder/ => /home/sunbeam/.stmcufinder/plugins/mcufinder
2026-03-30 12:48:54,907 [WARN] DbFile:41 - Overriding database path with different value: /home/sunbeam/.stmcufinder/plugins/mcufinder/ => /home/sunbeam/.stmcufinder/plugins/mcufinder
2026-03-30 12:48:55,108 [INFO] CrossReferenceDbSqlite:203 - Set database path to: /home/sunbeam/.stmcufinder/plugins/mcufinder//mcu/cs/
2026-03-30 12:48:55,201 [INFO] MainPanel:274 - HeapMemory: 268435456
2026-03-30 12:48:55,319 [INFO] DbMcusXml:78 - Set database path to: /opt/st/stm32cubeide_1.19.0/plugins/com.st.stm32cube.common.mx_6.15.0.202507011659//db//mcu/
2026-03-30 12:48:55,319 [INFO] ApiDb:274 - Set plugin database path to: /opt/st/stm32cubeide_1.19.0/plugins/com.st.stm32cube.common.mx_6.15.0.202507011659//db//plugins/boardmanager/
2026-03-30 12:48:55,319 [INFO] ApiDb:261 - Set plugin images path to: /opt/st/stm32cubeide_1.19.0/plugins/com.st.stm32cube.common.mx_6.15.0.202507011659//db//plugins/mcufinder/images/
2026-03-30 12:48:55,320 [WARN] DbFile:41 - Overriding database path with different value: /home/sunbeam/.stmcufinder/plugins/mcufinder/ => /home/sunbeam/.stmcufinder/plugins/mcufinder
2026-03-30 12:48:55,320 [INFO] ApiDb:250 - Set database path to: /home/sunbeam/.stmcufinder/plugins/mcufinder//mcu/
2026-03-30 12:48:55,320 [WARN] DbFile:41 - Overriding database path with different value: /home/sunbeam/.stmcufinder/plugins/mcufinder/ => /home/sunbeam/.stmcufinder/plugins/mcufinder
2026-03-30 12:48:55,320 [INFO] DbMcusAds:125 - Set database path to: /home/sunbeam/.stmcufinder/plugins/mcufinder//mcu/
2026-03-30 12:48:55,321 [WARN] DbFile:41 - Overriding database path with different value: /home/sunbeam/.stmcufinder/plugins/mcufinder/ => /home/sunbeam/.stmcufinder/plugins/mcufinder
2026-03-30 12:48:55,321 [WARN] DbFile:41 - Overriding database path with different value: /home/sunbeam/.stmcufinder/plugins/mcufinder/ => /home/sunbeam/.stmcufinder/plugins/mcufinder
2026-03-30 12:48:55,416 [INFO] CrossReferenceDbSqlite:203 - Set database path to: /home/sunbeam/.stmcufinder/plugins/mcufinder//mcu/cs/
2026-03-30 12:48:55,448 [INFO] ApplicationProperties:184 - Using Application install path: /opt/st/stm32cubeide_1.19.0/plugins/com.st.stm32cube.common.mx_6.15.0.202507011659
2026-03-30 12:48:55,451 [INFO] PluginManage:196 - Search for loadable plugins [exclusion list=, ]
2026-03-30 12:48:55,454 [INFO] PluginManage:310 - Check plugin analytics
2026-03-30 12:48:55,934 [INFO] AnalyticsPlugin:253 - Accepted Software Licenses: 
2026-03-30 12:48:55,934 [INFO] AnalyticsPlugin:255 - Accepted CMSIS Pack Licenses: 
2026-03-30 12:48:55,934 [INFO] AnalyticsPlugin:257 - Accepted Firmware Licenses: FW.F4.1.28.0
2026-03-30 12:48:55,936 [INFO] PluginManage:359 - Loaded plugin analytics (category:tool,tabindex:-1)
2026-03-30 12:48:55,936 [INFO] PluginManage:310 - Check plugin cadmodel
2026-03-30 12:48:55,939 [INFO] CADModel:105 - Init CAD model plugin
2026-03-30 12:48:55,939 [INFO] PluginManage:359 - Loaded plugin cadmodel (category:power,tabindex:5)
2026-03-30 12:48:55,939 [INFO] PluginManage:310 - Check plugin clock
2026-03-30 12:48:55,946 [INFO] PluginManage:359 - Loaded plugin clock (category:base,tabindex:2)
2026-03-30 12:48:55,947 [INFO] PluginManage:310 - Check plugin ddr
2026-03-30 12:48:55,948 [INFO] PluginManage:359 - Loaded plugin ddr (category:tool,tabindex:6)
2026-03-30 12:48:55,948 [INFO] PluginManage:310 - Check plugin filemanager
2026-03-30 12:48:56,096 [INFO] PluginManage:359 - Loaded plugin filemanager (category:base,tabindex:10)
2026-03-30 12:48:56,096 [INFO] PluginManage:310 - Check plugin ipmanager
2026-03-30 12:48:56,101 [INFO] PluginManage:359 - Loaded plugin ipmanager (category:base,tabindex:5)
2026-03-30 12:48:56,102 [INFO] PluginManage:310 - Check plugin lpbam
2026-03-30 12:48:56,114 [INFO] PluginManage:359 - Loaded plugin lpbam (category:base,tabindex:0)
2026-03-30 12:48:56,115 [INFO] PluginManage:310 - Check plugin memorymap
2026-03-30 12:48:56,135 [INFO] PluginManage:359 - Loaded plugin memorymap (category:base,tabindex:4)
2026-03-30 12:48:56,135 [INFO] PluginManage:310 - Check plugin pinoutandconfiguration
2026-03-30 12:48:56,144 [INFO] PluginManage:359 - Loaded plugin pinoutandconfiguration (category:base,tabindex:1)
2026-03-30 12:48:56,144 [INFO] PluginManage:310 - Check plugin pinoutconfig
2026-03-30 12:48:56,285 [WARN] SupportedApi:132 - Cannot load RTOS API schema: s4s-elt-must-match.1: The content of 'definitions' must match (annotation?, (simpleType | complexType)?, (unique | key | keyref)*)). A problem was found starting at: attribute.
2026-03-30 12:48:56,530 [INFO] PluginManage:359 - Loaded plugin pinoutconfig (category:base,tabindex:0)
2026-03-30 12:48:56,530 [INFO] PluginManage:310 - Check plugin power
2026-03-30 12:48:56,543 [INFO] PluginManage:359 - Loaded plugin power (category:power,tabindex:4)
2026-03-30 12:48:56,544 [INFO] PluginManage:310 - Check plugin projectmanager
2026-03-30 12:48:56,575 [INFO] PluginManage:359 - Loaded plugin projectmanager (category:projectmanager,tabindex:4)
2026-03-30 12:48:56,575 [INFO] PluginManage:310 - Check plugin rif
2026-03-30 12:48:56,592 [INFO] PluginManage:359 - Loaded plugin rif (category:base,tabindex:3)
2026-03-30 12:48:56,592 [INFO] PluginManage:310 - Check plugin thirdparty
2026-03-30 12:48:56,818 [INFO] PluginManage:359 - Loaded plugin thirdparty (category:base,tabindex:-1)
2026-03-30 12:48:56,818 [WARN] IntegrityCheckThread:84 - waiting for thirdparty lock release [integrity check]
2026-03-30 12:48:56,818 [INFO] IntegrityCheckThread:86 - entering critical section [integrity check]
2026-03-30 12:48:56,818 [INFO] PluginManage:310 - Check plugin tools
2026-03-30 12:48:56,819 [INFO] ThirdPartyUpdaterWithRetryManager:70 - Updater plugin not ready yet. [1/15]
2026-03-30 12:48:56,823 [INFO] PluginManage:359 - Loaded plugin tools (category:base,tabindex:7)
2026-03-30 12:48:56,823 [INFO] PluginManage:310 - Check plugin tutovideos
2026-03-30 12:48:57,129 [INFO] PluginManage:359 - Loaded plugin tutovideos (category:base,tabindex:-1)
2026-03-30 12:48:57,130 [INFO] PluginManage:310 - Check plugin updater
2026-03-30 12:48:57,157 [INFO] PluginManage:359 - Loaded plugin updater (category:base,tabindex:12)
2026-03-30 12:48:57,157 [INFO] PluginManage:310 - Check plugin userauth
2026-03-30 12:48:57,163 [INFO] UserAuth:118 - Init User Auth plugin
2026-03-30 12:48:57,164 [INFO] PluginManage:359 - Loaded plugin userauth (category:base,tabindex:14)
2026-03-30 12:48:57,165 [INFO] PluginManage:283 - PluginManage : Loaded plugins [18]
2026-03-30 12:48:57,367 [INFO] PinOutPanel:1589 - setPackage(No Configuration,No Configuration)
2026-03-30 12:48:57,475 [INFO] CADModel:165 - CPN selected for project level
2026-03-30 12:48:57,475 [INFO] CADModel:114 - Register for checkConnection events
2026-03-30 12:48:57,490 [INFO] IPUIPlugin:80 - create IPUIPlugin
2026-03-30 12:48:57,490 [INFO] PluginManager:220 - loadIPPluginJar : add dfsdm
2026-03-30 12:48:57,496 [INFO] IPUIPlugin:80 - create IPUIPlugin
2026-03-30 12:48:57,496 [INFO] PluginManager:220 - loadIPPluginJar : add gfxmmu
2026-03-30 12:48:57,498 [INFO] IPUIPlugin:80 - create IPUIPlugin
2026-03-30 12:48:57,498 [INFO] PluginManager:220 - loadIPPluginJar : add i3c
2026-03-30 12:48:57,501 [INFO] IPUIPlugin:80 - create IPUIPlugin
2026-03-30 12:48:57,501 [INFO] PluginManager:220 - loadIPPluginJar : add sai
2026-03-30 12:48:57,507 [INFO] IPUIPlugin:80 - create IPUIPlugin
2026-03-30 12:48:57,507 [INFO] PluginManager:220 - loadIPPluginJar : add dma
2026-03-30 12:48:57,508 [INFO] IPUIPlugin:80 - create IPUIPlugin
2026-03-30 12:48:57,508 [INFO] PluginManager:220 - loadIPPluginJar : add quadspi
2026-03-30 12:48:57,514 [INFO] IPUIPlugin:80 - create IPUIPlugin
2026-03-30 12:48:57,514 [INFO] PluginManager:220 - loadIPPluginJar : add opamp
2026-03-30 12:48:57,515 [INFO] IPUIPlugin:80 - create IPUIPlugin
2026-03-30 12:48:57,515 [INFO] PluginManager:220 - loadIPPluginJar : add comp
2026-03-30 12:48:57,523 [INFO] IPUIPlugin:80 - create IPUIPlugin
2026-03-30 12:48:57,526 [INFO] PluginManager:220 - loadIPPluginJar : add plateformsettings
2026-03-30 12:48:57,528 [INFO] IPUIPlugin:80 - create IPUIPlugin
2026-03-30 12:48:57,528 [INFO] PluginManager:220 - loadIPPluginJar : add ltdc
2026-03-30 12:48:57,531 [INFO] IPUIPlugin:80 - create IPUIPlugin
2026-03-30 12:48:57,531 [INFO] PluginManager:220 - loadIPPluginJar : add nvic
2026-03-30 12:48:57,532 [INFO] IPUIPlugin:80 - create IPUIPlugin
2026-03-30 12:48:57,532 [INFO] PluginManager:220 - loadIPPluginJar : add fatfs
2026-03-30 12:48:57,535 [INFO] IPUIPlugin:80 - create IPUIPlugin
2026-03-30 12:48:57,536 [INFO] PluginManager:220 - loadIPPluginJar : add gpio
2026-03-30 12:48:57,537 [INFO] IPUIPlugin:80 - create IPUIPlugin
2026-03-30 12:48:57,538 [INFO] PluginManager:220 - loadIPPluginJar : add aes
2026-03-30 12:48:57,543 [INFO] IPUIPlugin:80 - create IPUIPlugin
2026-03-30 12:48:57,543 [INFO] PluginManager:220 - loadIPPluginJar : add mdma
2026-03-30 12:48:57,546 [INFO] IPUIPlugin:80 - create IPUIPlugin
2026-03-30 12:48:57,546 [INFO] PluginManager:220 - loadIPPluginJar : add pdm2pcm
2026-03-30 12:48:57,554 [INFO] IPUIPlugin:80 - create IPUIPlugin
2026-03-30 12:48:57,554 [INFO] PluginManager:220 - loadIPPluginJar : add linkedlist
2026-03-30 12:48:57,557 [INFO] IPUIPlugin:80 - create IPUIPlugin
2026-03-30 12:48:57,558 [INFO] PluginManager:220 - loadIPPluginJar : add usart
2026-03-30 12:48:57,560 [INFO] IPUIPlugin:80 - create IPUIPlugin
2026-03-30 12:48:57,560 [INFO] PluginManager:220 - loadIPPluginJar : add i2c
2026-03-30 12:48:57,563 [INFO] IPUIPlugin:80 - create IPUIPlugin
2026-03-30 12:48:57,563 [INFO] PluginManager:220 - loadIPPluginJar : add lorawan
2026-03-30 12:48:57,565 [INFO] IPUIPlugin:80 - create IPUIPlugin
2026-03-30 12:48:57,565 [INFO] PluginManager:220 - loadIPPluginJar : add usbx
2026-03-30 12:48:57,569 [INFO] IPUIPlugin:80 - create IPUIPlugin
2026-03-30 12:48:57,569 [INFO] PluginManager:220 - loadIPPluginJar : add fmc
2026-03-30 12:48:57,571 [INFO] IPUIPlugin:80 - create IPUIPlugin
2026-03-30 12:48:57,571 [INFO] PluginManager:220 - loadIPPluginJar : add extmemmanager
2026-03-30 12:48:57,576 [INFO] IPUIPlugin:80 - create IPUIPlugin
2026-03-30 12:48:57,576 [INFO] PluginManager:220 - loadIPPluginJar : add freertos
2026-03-30 12:48:57,580 [INFO] IPUIPlugin:80 - create IPUIPlugin
2026-03-30 12:48:57,581 [INFO] PluginManager:220 - loadIPPluginJar : add can
2026-03-30 12:48:57,583 [INFO] IPUIPlugin:80 - create IPUIPlugin
2026-03-30 12:48:57,584 [INFO] PluginManager:220 - loadIPPluginJar : add touchsensing
2026-03-30 12:48:57,587 [INFO] IPUIPlugin:80 - create IPUIPlugin
2026-03-30 12:48:57,587 [INFO] PluginManager:220 - loadIPPluginJar : add tracer_emb
2026-03-30 12:48:57,591 [INFO] IPUIPlugin:80 - create IPUIPlugin
2026-03-30 12:48:57,591 [INFO] PluginManager:220 - loadIPPluginJar : add ucpd
2026-03-30 12:48:57,593 [INFO] IPUIPlugin:80 - create IPUIPlugin
2026-03-30 12:48:57,594 [INFO] PluginManager:220 - loadIPPluginJar : add ts
2026-03-30 12:48:57,596 [INFO] IPUIPlugin:80 - create IPUIPlugin
2026-03-30 12:48:57,596 [INFO] PluginManager:220 - loadIPPluginJar : add tsc
2026-03-30 12:48:57,598 [INFO] IPUIPlugin:80 - create IPUIPlugin
2026-03-30 12:48:57,599 [INFO] PluginManager:220 - loadIPPluginJar : add resmgrutility
2026-03-30 12:48:57,600 [INFO] IPUIPlugin:80 - create IPUIPlugin
2026-03-30 12:48:57,600 [INFO] PluginManager:220 - loadIPPluginJar : add cryp
2026-03-30 12:48:57,603 [INFO] IPUIPlugin:80 - create IPUIPlugin
2026-03-30 12:48:57,603 [INFO] PluginManager:220 - loadIPPluginJar : add openamp
2026-03-30 12:48:57,608 [INFO] IPUIPlugin:80 - create IPUIPlugin
2026-03-30 12:48:57,609 [INFO] PluginManager:220 - loadIPPluginJar : add adc
2026-03-30 12:48:57,610 [INFO] IPUIPlugin:80 - create IPUIPlugin
2026-03-30 12:48:57,610 [INFO] PluginManager:220 - loadIPPluginJar : add spi
2026-03-30 12:48:57,615 [INFO] IPUIPlugin:80 - create IPUIPlugin
2026-03-30 12:48:57,615 [INFO] PluginManager:220 - loadIPPluginJar : add ipddr
2026-03-30 12:48:57,626 [INFO] IPUIPlugin:80 - create IPUIPlugin
2026-03-30 12:48:57,626 [INFO] PluginManager:220 - loadIPPluginJar : add stm32_wpan
2026-03-30 12:48:57,632 [INFO] IPUIPlugin:80 - create IPUIPlugin
2026-03-30 12:48:57,632 [INFO] PluginManager:220 - loadIPPluginJar : add gic
2026-03-30 12:48:57,634 [INFO] IPUIPlugin:80 - create IPUIPlugin
2026-03-30 12:48:57,635 [INFO] PluginManager:220 - loadIPPluginJar : add ddr_ctrl_phy
2026-03-30 12:48:57,636 [INFO] IPUIPlugin:80 - create IPUIPlugin
2026-03-30 12:48:57,636 [INFO] PluginManager:220 - loadIPPluginJar : add genericplugin
2026-03-30 12:48:57,638 [INFO] IPUIPlugin:80 - create IPUIPlugin
2026-03-30 12:48:57,639 [INFO] PluginManager:220 - loadIPPluginJar : add hash
2026-03-30 12:48:57,640 [INFO] IPUIPlugin:80 - create IPUIPlugin
2026-03-30 12:48:57,640 [INFO] PluginManager:220 - loadIPPluginJar : add tim
2026-03-30 12:48:57,641 [INFO] IPUIPlugin:80 - create IPUIPlugin
2026-03-30 12:48:57,642 [INFO] PluginManager:220 - loadIPPluginJar : add radio
2026-03-30 12:48:57,644 [INFO] IPUIPlugin:80 - create IPUIPlugin
2026-03-30 12:48:57,645 [INFO] PluginManager:220 - loadIPPluginJar : add gtzc
2026-03-30 12:48:57,648 [INFO] IPUIPlugin:80 - create IPUIPlugin
2026-03-30 12:48:57,648 [INFO] PluginManager:220 - loadIPPluginJar : add i2s
2026-03-30 12:48:57,650 [INFO] IPUIPlugin:80 - create IPUIPlugin
2026-03-30 12:48:57,650 [INFO] PluginManager:220 - loadIPPluginJar : add dma3
2026-03-30 12:48:57,763 [FATAL] Updater:351 - Updater called before beeing initialized
2026-03-30 12:48:57,825 [INFO] RulesReader:64 - Compatibility file has been processed (317 Rules)
2026-03-30 12:48:57,854 [INFO] RulesReader:64 - Compatibility file has been processed (317 Rules)
2026-03-30 12:48:57,866 [INFO] CADModel:165 - CPN selected for project level
2026-03-30 12:48:57,866 [INFO] CADModel:114 - Register for checkConnection events
2026-03-30 12:48:57,866 [FATAL] Updater:351 - Updater called before beeing initialized
2026-03-30 12:48:57,866 [ERROR] CADModel:125 - Updater not yet initialized, retry later 
2026-03-30 12:48:58,015 [FATAL] Updater:351 - Updater called before beeing initialized
2026-03-30 12:48:58,017 [INFO] CADModel:165 - CPN selected for project level
2026-03-30 12:48:58,017 [INFO] CADModel:114 - Register for checkConnection events
2026-03-30 12:48:58,017 [FATAL] Updater:351 - Updater called before beeing initialized
2026-03-30 12:48:58,017 [ERROR] CADModel:125 - Updater not yet initialized, retry later 
2026-03-30 12:48:58,022 [FATAL] Updater:351 - Updater called before beeing initialized
2026-03-30 12:48:58,130 [FATAL] Updater:351 - Updater called before beeing initialized
2026-03-30 12:48:58,136 [INFO] DbMcusAds:53 - JSON generation date=Thu Mar 05 20:02:52 IST 2026 (1772721172890)
2026-03-30 12:48:58,136 [FATAL] Updater:351 - Updater called before beeing initialized
2026-03-30 12:48:58,169 [WARN] DetailPanel:346 - Failed to get advertising image, set to default
2026-03-30 12:48:58,244 [FATAL] Updater:351 - Updater called before beeing initialized
2026-03-30 12:48:58,246 [FATAL] Updater:351 - Updater called before beeing initialized
2026-03-30 12:48:58,246 [FATAL] Updater:351 - Updater called before beeing initialized
2026-03-30 12:48:58,246 [WARN] DetailPanel:346 - Failed to get advertising image, set to default
2026-03-30 12:48:58,247 [FATAL] Updater:351 - Updater called before beeing initialized
2026-03-30 12:48:58,281 [ERROR] Updater:1198 - MainUpdater not yet initialized. External WinMGr cannot be set.
2026-03-30 12:48:58,283 [INFO] Updater:1134 - Updater Version found : 6.15.0
2026-03-30 12:48:58,309 [INFO] ApplicationProperties:184 - Using Application install path: /opt/st/stm32cubeide_1.19.0/plugins/com.st.stm32cube.common.mx_6.15.0.202507011659
2026-03-30 12:48:58,774 [INFO] MainUpdater:2872 - connection check result : 10
2026-03-30 12:48:58,775 [INFO] MainUpdater:289 - Updater Check For Update Now.
2026-03-30 12:48:58,776 [INFO] MicroXplorer:498 - Change Database Version : DB.6.0.150
2026-03-30 12:48:58,784 [INFO] McuFinderGlobals:63 - Set McuFinder mode to 2 (CubeIDE integrated)
2026-03-30 12:48:58,785 [INFO] UserAuth:171 - activating auth plugin
2026-03-30 12:48:58,790 [INFO] UserAuth:487 - Internet connection configuration mode: 1
2026-03-30 12:48:58,815 [INFO] JxBrowserEngine:152 - Initiate JxBrowser Engine with user profile folder
2026-03-30 12:48:59,033 [INFO] CheckServerUpdateThread:120 - End of CheckServer Thread
2026-03-30 12:48:59,626 [INFO] WebApp:169 - Instantiating new browser for Auth
2026-03-30 12:48:59,996 [WARN] PackLoader:240 - Cannot read IP mode file for STMicroelectronics.FP-SNS-MOTENVWB1.1.4.0
2026-03-30 12:49:00,006 [WARN] PackLoader:240 - Cannot read IP mode file for STMicroelectronics.FP-ATR-ASTRA1.2.0.2
2026-03-30 12:49:00,014 [WARN] PackLoader:240 - Cannot read IP mode file for STMicroelectronics.X-CUBE-SMBUS.2.1.0
2026-03-30 12:49:00,019 [WARN] PackLoader:240 - Cannot read IP mode file for STMicroelectronics.X-CUBE-ST60.1.0.0
2026-03-30 12:49:00,080 [WARN] PackLoader:240 - Cannot read IP mode file for STMicroelectronics.X-CUBE-AZRTOS-F7.1.1.0
2026-03-30 12:49:00,091 [WARN] PackLoader:240 - Cannot read IP mode file for STMicroelectronics.FP-SNS-MOTENV1.5.1.0
2026-03-30 12:49:00,131 [WARN] PackLoader:240 - Cannot read IP mode file for Infineon.AIROC-Wi-Fi-Bluetooth-STM32.1.7.1
2026-03-30 12:49:00,173 [WARN] PackLoader:240 - Cannot read IP mode file for STMicroelectronics.X-CUBE-AZRTOS-H7.3.4.0
2026-03-30 12:49:00,188 [WARN] PackLoader:240 - Cannot read IP mode file for STMicroelectronics.X-CUBE-DISPLAY.3.0.0
2026-03-30 12:49:00,201 [WARN] PackLoader:240 - Cannot read IP mode file for STMicroelectronics.FP-SNS-MOTENVWB1.1.5.0
2026-03-30 12:49:00,209 [WARN] PackLoader:240 - Cannot read IP mode file for STMicroelectronics.X-CUBE-NFC10.1.0.0
2026-03-30 12:49:00,226 [WARN] PackLoader:240 - Cannot read IP mode file for STMicroelectronics.X-CUBE-BLEMGR.4.0.0
2026-03-30 12:49:00,233 [WARN] PackLoader:240 - Cannot read IP mode file for STMicroelectronics.X-CUBE-ST60.1.1.0
2026-03-30 12:49:00,238 [WARN] PackLoader:240 - Cannot read IP mode file for emotas.I-CUBE-CANOPEN.1.3.0
2026-03-30 12:49:00,242 [WARN] PackLoader:240 - Cannot read IP mode file for STMicroelectronics.X-CUBE-GNSS1.7.1.0
2026-03-30 12:49:00,245 [WARN] ConditionMgr:438 - getConditionDescription Invalid condition id : Cortex-A Device cause : null
2026-03-30 12:49:00,260 [WARN] ConditionMgr:1044 - genDependencies : Invalid condition id : Cortex-A Device cause : null
2026-03-30 12:49:00,260 [WARN] ConditionMgr:1044 - genDependencies : Invalid condition id : Cortex-A Device cause : null
2026-03-30 12:49:00,260 [WARN] ConditionMgr:1044 - genDependencies : Invalid condition id : Cortex-A Device cause : null
2026-03-30 12:49:00,266 [WARN] PackLoader:240 - Cannot read IP mode file for STMicroelectronics.FP-SNS-STBOX1.2.1.0
2026-03-30 12:49:00,271 [WARN] PackLoader:240 - Cannot read IP mode file for STMicroelectronics.FP-SNS-SMARTAG2.1.2.0
2026-03-30 12:49:00,274 [WARN] PackLoader:240 - Cannot read IP mode file for STMicroelectronics.FP-SNS-FLIGHT1.5.1.0
2026-03-30 12:49:00,283 [INFO] LogOutputStream:77 - [STDOUT_REDIRECT] 1 : Invalid condition id : UX_CORESTACK_Condition cause : null
2026-03-30 12:49:00,283 [INFO] LogOutputStream:77 - [STDOUT_REDIRECT] 1 : Invalid condition id : UX_CORESTACK_Condition cause : null
2026-03-30 12:49:00,283 [INFO] LogOutputStream:77 - [STDOUT_REDIRECT] 1 : Invalid condition id : UX_CORESTACK_Condition cause : null
2026-03-30 12:49:00,284 [INFO] LogOutputStream:77 - [STDOUT_REDIRECT] 1 : Invalid condition id : UX_CORESTACK_Condition cause : null
2026-03-30 12:49:00,284 [INFO] LogOutputStream:77 - [STDOUT_REDIRECT] 1 : Invalid condition id : UX_CORESTACK_Condition cause : null
2026-03-30 12:49:00,288 [WARN] PackLoader:240 - Cannot read IP mode file for STMicroelectronics.X-CUBE-AZRTOS-WL.2.0.0
2026-03-30 12:49:00,295 [WARN] PackLoader:240 - Cannot read IP mode file for STMicroelectronics.FP-SNS-MOTENV1.5.0.0
2026-03-30 12:49:00,310 [WARN] PackLoader:240 - Cannot read IP mode file for STMicroelectronics.X-CUBE-AZRTOS-H7RS.1.2.0
2026-03-30 12:49:00,320 [WARN] PackLoader:240 - Cannot read IP mode file for WES.I-CUBE-Cesium.1.3.0
2026-03-30 12:49:00,327 [WARN] PackLoader:240 - Cannot read IP mode file for STMicroelectronics.X-CUBE-BLE2.3.3.0
2026-03-30 12:49:00,342 [WARN] PackLoader:240 - Cannot read IP mode file for STMicroelectronics.X-CUBE-NFC9.1.0.0
2026-03-30 12:49:00,348 [WARN] PackLoader:240 - Cannot read IP mode file for wolfSSL.I-CUBE-wolfSSL.5.8.0
2026-03-30 12:49:00,351 [WARN] PackLoader:240 - Cannot read IP mode file for STMicroelectronics.X-CUBE-BLE1.7.1.0
2026-03-30 12:49:00,357 [WARN] PackLoader:240 - Cannot read IP mode file for wolfSSL.I-CUBE-wolfMQTT.1.19.2
2026-03-30 12:49:00,364 [WARN] PackLoader:240 - Cannot read IP mode file for STMicroelectronics.X-CUBE-FREERTOS.1.4.0
2026-03-30 12:49:00,370 [WARN] PackLoader:240 - Cannot read IP mode file for STMicroelectronics.X-CUBE-EEPRMA1.5.2.0
2026-03-30 12:49:00,376 [WARN] PackLoader:240 - Cannot read IP mode file for STMicroelectronics.X-CUBE-ST67W61.1.1.0
2026-03-30 12:49:00,384 [WARN] PackLoader:240 - Cannot read IP mode file for STMicroelectronics.X-CUBE-AI.10.1.0
2026-03-30 12:49:00,454 [WARN] PackLoader:240 - Cannot read IP mode file for STMicroelectronics.X-CUBE-MEMS1.12.0.0
2026-03-30 12:49:00,688 [WARN] PackLoader:240 - Cannot read IP mode file for STMicroelectronics.X-CUBE-AZRTOS-G0.1.1.0
2026-03-30 12:49:00,709 [WARN] PackLoader:240 - Cannot read IP mode file for STMicroelectronics.X-CUBE-SAFEA1.1.2.2
2026-03-30 12:49:00,715 [WARN] PackLoader:240 - Cannot read IP mode file for STMicroelectronics.X-CUBE-NFC4.3.0.0
2026-03-30 12:49:00,732 [INFO] WebApp:463 - Apply proxy settings
2026-03-30 12:49:00,732 [INFO] WebApp:548 - Chromium requires no authentication
2026-03-30 12:49:00,734 [WARN] PackLoader:240 - Cannot read IP mode file for EmbeddedOffice.I-CUBE-FS-RTOS.1.0.1
2026-03-30 12:49:00,741 [WARN] PackLoader:240 - Cannot read IP mode file for STMicroelectronics.X-CUBE-WB05N.2.0.0
2026-03-30 12:49:00,747 [WARN] PackLoader:240 - Cannot read IP mode file for wolfSSL.I-CUBE-wolfTPM.3.8.0
2026-03-30 12:49:00,749 [INFO] WebApp:491 - Direct internet connection detected
2026-03-30 12:49:00,756 [WARN] PackLoader:240 - Cannot read IP mode file for STMicroelectronics.X-CUBE-TCPP.4.2.0
2026-03-30 12:49:00,764 [WARN] PackLoader:240 - Cannot read IP mode file for RealThread.X-CUBE-RT-Thread_Nano.4.1.1
2026-03-30 12:49:00,769 [WARN] PackLoader:240 - Cannot read IP mode file for STMicroelectronics.FP-ATR-SIGFOX1.3.2.0
2026-03-30 12:49:00,777 [WARN] PackLoader:240 - Cannot read IP mode file for STMicroelectronics.X-CUBE-EEPRMA1.5.1.0
2026-03-30 12:49:00,784 [INFO] WebApp:900 - Register for checkConnection events
2026-03-30 12:49:00,784 [INFO] WebApp:463 - Apply proxy settings
2026-03-30 12:49:00,784 [INFO] WebApp:548 - Chromium requires no authentication
2026-03-30 12:49:00,786 [INFO] WebApp:491 - Direct internet connection detected
2026-03-30 12:49:00,787 [WARN] PackLoader:240 - Cannot read IP mode file for ITTIA_DB.I-CUBE-ITTIADB.8.9.0
2026-03-30 12:49:00,798 [WARN] PackLoader:240 - Cannot read IP mode file for STMicroelectronics.X-CUBE-NFC6.3.2.0
2026-03-30 12:49:00,805 [WARN] PackLoader:240 - Cannot read IP mode file for STMicroelectronics.X-CUBE-ST67W61.1.0.0
2026-03-30 12:49:00,808 [WARN] PackLoader:240 - Cannot read IP mode file for STMicroelectronics.X-CUBE-AI.10.2.0
2026-03-30 12:49:00,840 [WARN] PackLoader:240 - Cannot read IP mode file for SEGGER.I-CUBE-embOS.1.3.1
2026-03-30 12:49:00,888 [WARN] PackLoader:240 - Cannot read IP mode file for STMicroelectronics.X-CUBE-ALGOBUILD.1.4.0
2026-03-30 12:49:00,939 [WARN] PackLoader:240 - Cannot read IP mode file for STMicroelectronics.X-CUBE-MEMS1.11.3.0
2026-03-30 12:49:00,985 [INFO] WebApp:225 - Starting web application
2026-03-30 12:49:00,985 [INFO] WebApp:593 - Web application path used /opt/st/stm32cubeide_1.19.0/plugins/com.st.stm32cube.common.mx_6.15.0.202507011659/db/plugins/mcufinder/reactClient1/index.html
2026-03-30 12:49:01,075 [WARN] PackLoader:240 - Cannot read IP mode file for STMicroelectronics.X-CUBE-PM33A1.1.0.0
2026-03-30 12:49:01,088 [WARN] PackLoader:240 - Cannot read IP mode file for STMicroelectronics.X-CUBE-AZRTOS-F4.1.1.0
2026-03-30 12:49:01,094 [WARN] PackLoader:240 - Cannot read IP mode file for Avnet-IotConnect.X-CUBE-IoTC-DA16k-PMOD.1.0.0
2026-03-30 12:49:01,097 [WARN] PackLoader:240 - Cannot read IP mode file for STMicroelectronics.X-CUBE-ISPU.2.1.0
2026-03-30 12:49:01,128 [WARN] PackLoader:240 - Cannot read IP mode file for STMicroelectronics.X-CUBE-IPS.3.2.0
2026-03-30 12:49:01,143 [WARN] PackLoader:240 - Cannot read IP mode file for STMicroelectronics.X-CUBE-NFC12.1.0.0
2026-03-30 12:49:01,169 [WARN] PackLoader:240 - Cannot read IP mode file for STMicroelectronics.X-CUBE-AZRTOS-L5.2.0.0
2026-03-30 12:49:01,183 [WARN] PackLoader:240 - Cannot read IP mode file for STMicroelectronics.X-CUBE-NFC6.3.1.0
2026-03-30 12:49:01,195 [WARN] PackLoader:240 - Cannot read IP mode file for STMicroelectronics.X-CUBE-FREERTOS.1.3.1
2026-03-30 12:49:01,201 [WARN] PackLoader:240 - Cannot read IP mode file for STMicroelectronics.X-CUBE-TOUCHGFX.4.26.0
2026-03-30 12:49:01,207 [WARN] PackLoader:240 - Cannot read IP mode file for STMicroelectronics.FP-SNS-STAIOTCFT.1.0.0
2026-03-30 12:49:01,213 [WARN] PackLoader:240 - Cannot read IP mode file for STMicroelectronics.X-CUBE-DPower.1.3.0
2026-03-30 12:49:01,233 [WARN] ConditionMgr:438 - getConditionDescription Invalid condition id : LAN8742 Phy interface Condition cause : null
2026-03-30 12:49:01,234 [WARN] PackLoader:240 - Cannot read IP mode file for STMicroelectronics.X-CUBE-AZRTOS-L4.2.0.0
2026-03-30 12:49:01,235 [WARN] ConditionMgr:1044 - genDependencies : Invalid condition id : LAN8742 Phy interface Condition cause : null
2026-03-30 12:49:01,236 [WARN] ConditionMgr:1044 - genDependencies : Invalid condition id : LAN8742 Phy interface Condition cause : null
2026-03-30 12:49:01,236 [WARN] ConditionMgr:1044 - genDependencies : Invalid condition id : LAN8742 Phy interface Condition cause : null
2026-03-30 12:49:01,243 [WARN] PackLoader:240 - Cannot read IP mode file for STMicroelectronics.X-CUBE-SFXS2LP1.4.0.0
2026-03-30 12:49:01,250 [WARN] PackLoader:240 - Cannot read IP mode file for STMicroelectronics.X-CUBE-ST67W61.1.2.0
2026-03-30 12:49:01,263 [WARN] PackLoader:240 - Cannot read IP mode file for STMicroelectronics.X-CUBE-BLEMGR.4.1.0
2026-03-30 12:49:01,275 [WARN] ConditionMgr:438 - getConditionDescription Invalid condition id : UX DEVICE CLASS RTOS Condition cause : null
2026-03-30 12:49:01,276 [WARN] ConditionMgr:438 - getConditionDescription Invalid condition id : UX DEVICE CLASS RTOS Condition cause : null
2026-03-30 12:49:01,278 [WARN] PackLoader:240 - Cannot read IP mode file for STMicroelectronics.X-CUBE-AZRTOS-WB.2.0.0
2026-03-30 12:49:01,278 [WARN] ConditionMgr:1044 - genDependencies : Invalid condition id : UX DEVICE CLASS RTOS Condition cause : null
2026-03-30 12:49:01,279 [WARN] ConditionMgr:1044 - genDependencies : Invalid condition id : UX DEVICE CLASS RTOS Condition cause : null
2026-03-30 12:49:01,279 [WARN] ConditionMgr:1044 - genDependencies : Invalid condition id : UX DEVICE CLASS RTOS Condition cause : null
2026-03-30 12:49:01,280 [WARN] ConditionMgr:1044 - genDependencies : Invalid condition id : UX DEVICE CLASS RTOS Condition cause : null
2026-03-30 12:49:01,280 [WARN] ConditionMgr:1044 - genDependencies : Invalid condition id : UX DEVICE CLASS RTOS Condition cause : null
2026-03-30 12:49:01,285 [WARN] PackLoader:240 - Cannot read IP mode file for STMicroelectronics.X-CUBE-GNSS1.7.0.1
2026-03-30 12:49:01,290 [WARN] PackLoader:240 - Cannot read IP mode file for STMicroelectronics.X-CUBE-TOUCHGFX.4.25.0
2026-03-30 12:49:01,294 [WARN] PackLoader:240 - Cannot read IP mode file for STMicroelectronics.FP-SNS-STBOX1.2.0.0
2026-03-30 12:49:01,300 [WARN] PackLoader:240 - Cannot read IP mode file for STMicroelectronics.X-CUBE-STSE01.2.0.0
2026-03-30 12:49:01,307 [WARN] PackLoader:240 - Cannot read IP mode file for STMicroelectronics.X-CUBE-SUBG2.5.0.0
2026-03-30 12:49:01,326 [WARN] PackLoader:240 - Cannot read IP mode file for STMicroelectronics.X-CUBE-AZRTOS-H7RS.1.1.0
2026-03-30 12:49:01,333 [WARN] PackLoader:240 - Cannot read IP mode file for Cesanta.I-CUBE-Mongoose.7.13.0
2026-03-30 12:49:01,341 [WARN] PackLoader:240 - Cannot read IP mode file for STMicroelectronics.X-CUBE-AZRTOS-G4.2.0.0
2026-03-30 12:49:01,344 [WARN] PackLoader:240 - Cannot read IP mode file for wolfSSL.I-CUBE-wolfSSH.1.4.20
2026-03-30 12:49:01,347 [WARN] PackLoader:240 - Cannot read IP mode file for STMicroelectronics.X-CUBE-NFC7.2.0.0
2026-03-30 12:49:01,356 [WARN] PackLoader:240 - Cannot read IP mode file for STMicroelectronics.X-CUBE-IPS.3.1.0
2026-03-30 12:49:01,364 [WARN] PackLoader:240 - Cannot read IP mode file for STMicroelectronics.X-CUBE-ALS.1.0.2
2026-03-30 12:49:01,368 [WARN] PackLoader:240 - Cannot read IP mode file for STMicroelectronics.X-CUBE-STSE01.1.0.0
2026-03-30 12:49:01,371 [WARN] PackLoader:240 - Cannot read IP mode file for portGmbH.I-Cube-SoM-uGOAL.1.1.0
2026-03-30 12:49:01,378 [WARN] PackLoader:240 - Cannot read IP mode file for STMicroelectronics.X-CUBE-TOF1.3.4.3
2026-03-30 12:49:01,387 [INFO] ThirdParty:978 - Integrity check success = true
2026-03-30 12:49:01,388 [INFO] IntegrityCheckThread:100 - exiting critical section [integrity check]
2026-03-30 12:49:01,388 [INFO] IntegrityCheckThread:103 - End integrity checks thread
2026-03-30 12:49:02,110 [INFO] WebApp:191 - Connection restablished
2026-03-30 12:52:07,540 [INFO] McuFinderGlobals:63 - Set McuFinder mode to 2 (CubeIDE integrated)
2026-03-30 12:52:07,543 [INFO] MainUpdater:2872 - connection check result : 10
2026-03-30 12:52:07,547 [INFO] McuFinderGlobals:76 - Set McuFinderConnectedMode to true
2026-03-30 12:52:08,093 [INFO] ServerAccessManage:452 - Complete download http(s) 200
2026-03-30 12:52:08,096 [INFO] ServerAccessManage:509 - Download File mcusAds.json._tmp_
2026-03-30 12:52:08,210 [INFO] LoadUrlFilesThread:156 - End of LoadUrlFiles Thread
2026-03-30 12:52:08,751 [INFO] ServerAccessManage:452 - Complete download http(s) 200
2026-03-30 12:52:08,753 [INFO] ServerAccessManage:509 - Download File cube-finder-db.zip
2026-03-30 12:52:09,006 [INFO] ProgressBarDialog:492 - /home/sunbeam/.stmcufinder/plugins/mcufinder/mcu/cube-finder-db.zip.tmp : file deleted.
2026-03-30 12:52:09,163 [ERROR] ServerAccessManage:740 - User Cancel Download : cube-finder-db.zip.
2026-03-30 12:52:09,264 [INFO] LoadUrlFilesThread:156 - End of LoadUrlFiles Thread
2026-03-30 12:52:09,861 [INFO] DbMcusAds:53 - JSON generation date=Thu Mar 05 20:02:52 IST 2026 (1772721172890)
2026-03-30 12:52:09,912 [ERROR] TargetSelectorAdapter:267 - Unable to refresh data
2026-03-30 12:52:10,334 [INFO] ApiDb:581 - Connected to CubeFinder SQLite database (/home/sunbeam/.stmcufinder/plugins/mcufinder/mcu/cube-finder-db.db)
2026-03-30 12:52:10,380 [INFO] ApiDb:668 - CubeFinder database Data Model version=2.1
2026-03-30 12:52:10,380 [INFO] ApiDb:669 - CubeFinder database Configuration version=3.0.42
2026-03-30 12:52:10,381 [INFO] ApiDb:670 - CubeFinder database generation date=2026-03-11 (1773229989)
2026-03-30 12:52:10,381 [INFO] ApiDb:671 - CubeFinder database FW Pack versions=[FP-ATR-ASTRA1_V2.0.0, FP-SNS-FLIGHT1_V5.1.0, FP-SNS-MOTENV1_V5.1.0, FP-SNS-MOTENVWB1_V1.5.0, FP-SNS-SMARTAG2_V1.2.0, FP-SNS-STBOX1_V2.1.0, STM32Cube_FW_C0_V1.4.0, STM32Cube_FW_F4_V1.28.3, STM32Cube_FW_F7_V1.17.4, STM32Cube_FW_G0_V1.6.3, STM32Cube_FW_G4_V1.6.2, STM32Cube_FW_H5_V1.6.0, STM32Cube_FW_H7RS_V1.3.0, STM32Cube_FW_H7_V1.13.0, STM32Cube_FW_L0_V1.12.2, STM32Cube_FW_L4_V1.18.2, STM32Cube_FW_L5_V1.6.0, STM32Cube_FW_N6_V1.3.0, STM32Cube_FW_U0_V1.3.0, STM32Cube_FW_U3_V1.3.0, STM32Cube_FW_U5_V1.8.0, STM32Cube_FW_WB0_V1.4.0, STM32Cube_FW_WBA_V1.9.0, STM32Cube_FW_WB_V1.24.0, STM32Cube_FW_WL3_V1.4.0, STM32Cube_FW_WL_V1.5.0, X-CUBE-ALGOBUILD_V1.4.0, X-CUBE-ALS_V1.0.2, X-CUBE-AZRTOS-F4_V1.1.0, X-CUBE-AZRTOS-F7_V1.1.0, X-CUBE-AZRTOS-G0_V1.1.0, X-CUBE-AZRTOS-G4_V2.0.0, X-CUBE-AZRTOS-H7RS_V1.1.0, X-CUBE-AZRTOS-H7_V3.4.0, X-CUBE-AZRTOS-L4_V2.0.0, X-CUBE-AZRTOS-L5_V2.0.0, X-CUBE-AZRTOS-WB_V2.0.0, X-CUBE-AZRTOS-WL_V2.0.0, X-CUBE-BLE1_V7.1.0, X-CUBE-BLE2_V3.3.0, X-CUBE-BLEMGR_V4.1.0, X-CUBE-EEPRMA1_V5.2.0, X-CUBE-FREERTOS_V1.5.0, X-CUBE-GNSS1_V6.0.0, X-CUBE-MEMS1_V12.0.0, X-CUBE-NFC4_V3.0.0, X-CUBE-NFC7_V2.0.0, X-CUBE-SFXS2LP1_V4.0.0, X-CUBE-ST67W61_V1.2.0, X-CUBE-SUBG2_V5.0.0, X-CUBE-TOF1_V3.4.3]
2026-03-30 12:52:12,954 [INFO] ApiDb:240 - Found 880 in-development CPN: [B-G473E-ZEST1S, B-WB1M-WPAN1, B-WBA5M-WPAN, B-WL5M-SUBG1, NUCLEO-C031C6, NUCLEO-C051C8, NUCLEO-C071RB, NUCLEO-C092RC, NUCLEO-H503RB, NUCLEO-H533RE, NUCLEO-H563ZI, NUCLEO-H7S3L8, NUCLEO-N657X0-Q, NUCLEO-U031R8, NUCLEO-U083RC, NUCLEO-U385RG-Q, NUCLEO-U545RE-Q, NUCLEO-U5A5ZJ-Q, NUCLEO-WB05KZ, NUCLEO-WB07CC, NUCLEO-WB09KE, NUCLEO-WBA52CG, NUCLEO-WBA55CG, NUCLEO-WL33CC1, NUCLEO-WL33CC2, STEVAL-PROTEUS1, STEVAL-SMARTAG2, STEVAL-STWINBX1, STM320518-EVAL, STM32C0116-DK, STM32C011D6Y3TR, STM32C011D6Y6TR, STM32C011F4P3, STM32C011F4P6, STM32C011F4U3, STM32C011F4U6TR, STM32C011F6P3, STM32C011F6P6, STM32C011F6U3, STM32C011F6U6TR, STM32C011J4M3, STM32C011J4M6, STM32C011J6M3, STM32C011J6M6, STM32C0316-DK, STM32C031C4T3, STM32C031C4T6, STM32C031C4U3, STM32C031C4U6, STM32C031C6T3, STM32C031C6T6, STM32C031C6U3, STM32C031C6U6, STM32C031F4P3, STM32C031F4P6, STM32C031F6P3, STM32C031F6P6, STM32C031G4U3, STM32C031G4U6, STM32C031G6U3, STM32C031G6U6, STM32C031K4T3, STM32C031K4T6, STM32C031K4U3, STM32C031K4U6, STM32C031K6T3, STM32C031K6T6, STM32C031K6U3, STM32C031K6U6, STM32C051C6T6, STM32C051C6U6, STM32C051C8T6, STM32C051C8U6, STM32C051D8Y6TR, STM32C051F6P6, STM32C051F8P6, STM32C051G6U6, STM32C051G8U6, STM32C051K6T6, STM32C051K6U6, STM32C051K8T6, STM32C071C8T6, STM32C071C8T6N, STM32C071C8U6, STM32C071C8U6N, STM32C071CBT6, STM32C071CBT6N, STM32C071CBU6, STM32C071CBU6N, STM32C071F8P6, STM32C071F8P6N, STM32C071FBP6, STM32C071FBP6N, STM32C071FBY6TR, STM32C071G8U6, STM32C071G8U6N, STM32C071GBU6, STM32C071GBU6N, STM32C071K8T6, STM32C071K8T6N, STM32C071K8U6, STM32C071K8U6N, STM32C071KBT6, STM32C071KBT6N, STM32C071KBU6, STM32C071KBU6N, STM32C071R8T6, STM32C071R8T6N, STM32C071RBI6N, STM32C071RBT6, STM32C071RBT6N, STM32C091CBT6, STM32C091CBU6, STM32C091CCT6, STM32C091CCU6, STM32C091ECY6TR, STM32C091FBP6, STM32C091FCP6, STM32C091GBU6, STM32C091GCU6, STM32C091KBT6, STM32C091KBU6, STM32C091KCT6, STM32C091KCU6, STM32C091RBT6, STM32C091RCI6, STM32C091RCT6, STM32C092CBT6, STM32C092CBU6, STM32C092CCT6, STM32C092CCU6, STM32C092ECY6TR, STM32C092FBP6, STM32C092FCP6, STM32C092GBU6, STM32C092GCU6, STM32C092KBT6, STM32C092KBU6, STM32C092KCT6, STM32C092KCU6, STM32C092RBT6, STM32C092RCI6, STM32C092RCT6, STM32G071K8TXN, STM32G071K8UXN, STM32G081GBU6N, STM32G081KBT6N, STM32G081KBUXN, STM32G0B1CCT6N, STM32G0B1KCT6, STM32G0B1NEY6TR, STM32G0B1RCT6N, STM32G0C1CCT6, STM32G0C1CCT6N, STM32G0C1CCU6N, STM32G0C1CET6N, STM32G0C1CEU6N, STM32G0C1KCT6, STM32G0C1NEY6TR, STM32G0C1RCI6N, STM32G0C1RCT6N, STM32G0C1REI6N, STM32G0C1RET6N, STM32G0C1VCI6, STM32G0C1VEI6, STM32G411C6T3, STM32G411C6T6, STM32G411C6U3, STM32G411C6U6, STM32G411C8T3, STM32G411C8T6, STM32G411C8U3, STM32G411C8U6, STM32G411CBT3, STM32G411CBT6, STM32G411CBU3, STM32G411CBU6, STM32G411K6T3, STM32G411K6T6, STM32G411K6U3, STM32G411K6U6, STM32G411K8T3, STM32G411K8T6, STM32G411K8U3, STM32G411K8U6, STM32G411KBT3, STM32G411KBT6, STM32G411KBU3, STM32G411KBU6, STM32G411M6T3, STM32G411M6T6, STM32G411M8T3, STM32G411M8T6, STM32G411MBT3, STM32G411MBT6, STM32G411R6T3, STM32G411R6T6, STM32G411R8T3, STM32G411R8T6, STM32G411RBT3, STM32G411RBT6, STM32G414CBT3, STM32G414CBT6, STM32G414CBU3, STM32G414CBU6, STM32G414CCT3, STM32G414CCT6, STM32G414CCU3, STM32G414CCU6, STM32G414MBT3, STM32G414MBT6, STM32G414MCT3, STM32G414MCT6, STM32G414RBT3, STM32G414RBT6, STM32G414RCT3, STM32G414RCT6, STM32G414VBT3, STM32G414VBT6, STM32G414VCT3, STM32G414VCT6, STM32G431CBT3Z, STM32G431RBT3Z, STM32G471CCT6, STM32G471CCU6, STM32G471CET3, STM32G471CET6, STM32G471CEU3, STM32G471CEU6, STM32G471MCT6, STM32G471MET3, STM32G471MET6, STM32G471MEY6TR, STM32G471QCT6, STM32G471QET3, STM32G471RCT6, STM32G471RET3, STM32G471RET6, STM32G471VCH6, STM32G471VCI6, STM32G471VCT6, STM32G471VEH3, STM32G471VEH6, STM32G471VEI3, STM32G471VEI6, STM32G471VET3, STM32G471VET6, STM32G473QET3Z, STM32G473RET3Z, STM32G474CCT6, STM32G491RET3Z, STM32H503CBT6, STM32H503CBU6, STM32H503EBY6TR, STM32H503KBU6, STM32H503RBT6, STM32H523CCT6, STM32H523CCU6, STM32H523CET6, STM32H523CEU6, STM32H523HEY6TR, STM32H523RCT6, STM32H523RET6, STM32H523VCI6, STM32H523VCT6, STM32H523VEI6, STM32H523VET6, STM32H523ZCJ6, STM32H523ZCT6, STM32H523ZEJ6, STM32H523ZET6, STM32H533CET6, STM32H533CEU6, STM32H533HEY6TR, STM32H533RET6, STM32H533VEI6, STM32H533VET6, STM32H533ZEJ6, STM32H533ZET6, STM32H562AGI6, STM32H562AII6, STM32H562IGK6, STM32H562IGT6, STM32H562IIK6, STM32H562IIT6, STM32H562RGT6, STM32H562RGV6, STM32H562RIT6, STM32H562RIV6, STM32H562VGT6, STM32H562VIT6, STM32H562ZGT6, STM32H562ZIT6, STM32H563AGI6, STM32H563AII3Q, STM32H563AII6, STM32H563IGK6, STM32H563IGT6, STM32H563IIK3Q, STM32H563IIK6, STM32H563IIT3Q, STM32H563IIT6, STM32H563MIY3QTR, STM32H563RGT6, STM32H563RGV6, STM32H563RIT6, STM32H563RIV6, STM32H563VGT6, STM32H563VIT3Q, STM32H563VIT6, STM32H563ZGT6, STM32H563ZIT3Q, STM32H563ZIT6, STM32H573AII3Q, STM32H573AII6, STM32H573I-DK, STM32H573IIK3Q, STM32H573IIK6, STM32H573IIT3Q, STM32H573IIT6, STM32H573MIY3QTR, STM32H573RIT6, STM32H573RIV6, STM32H573VIT3Q, STM32H573VIT6, STM32H573ZIT3Q, STM32H573ZIT6, STM32H7R3A8I6, STM32H7R3I8K6, STM32H7R3I8T6, STM32H7R3L8H6, STM32H7R3L8H6H, STM32H7R3R8V6, STM32H7R3V8H6, STM32H7R3V8T6, STM32H7R3V8Y6TR, STM32H7R3Z8J6, STM32H7R3Z8T6, STM32H7R7A8I6, STM32H7R7I8K6, STM32H7R7I8T6, STM32H7R7L8H6, STM32H7R7L8H6H, STM32H7R7Z8J6, STM32H7S3A8I6, STM32H7S3I8K6, STM32H7S3I8T6, STM32H7S3L8H6, STM32H7S3L8H6H, STM32H7S3R8V6, STM32H7S3V8H6, STM32H7S3V8T6, STM32H7S3V8Y6TR, STM32H7S3Z8J6, STM32H7S3Z8T6, STM32H7S78-DK, STM32H7S7A8I6, STM32H7S7I8K6, STM32H7S7I8T6, STM32H7S7L8H6, STM32H7S7L8H6H, STM32H7S7Z8J6, STM32L4R5QGI6STR, STM32MP131AAE3, STM32MP131AAF3, STM32MP131AAG3, STM32MP131CAE3, STM32MP131CAF3, STM32MP131CAG3, STM32MP131DAE7, STM32MP131DAF7, STM32MP131DAG7, STM32MP131FAE7, STM32MP131FAF7, STM32MP131FAG7, STM32MP133AAE3, STM32MP133AAF3, STM32MP133AAG3, STM32MP133CAE3, STM32MP133CAF3, STM32MP133CAG3, STM32MP133DAE7, STM32MP133DAF7, STM32MP133DAG7, STM32MP133FAE7, STM32MP133FAF7, STM32MP133FAG7, STM32MP135AAE3, STM32MP135AAF3, STM32MP135AAG3, STM32MP135CAE3, STM32MP135CAF3, STM32MP135CAG3, STM32MP135DAE7, STM32MP135DAF7, STM32MP135DAG7, STM32MP135F-DK, STM32MP135FAE7, STM32MP135FAF7, STM32MP135FAF7T, STM32MP135FAF7U, STM32MP135FAG7, STM32MP211AAL3, STM32MP211AAM3, STM32MP211AAN3, STM32MP211AAO3, STM32MP211CAL3, STM32MP211CAM3, STM32MP211CAN3, STM32MP211CAO3, STM32MP211DAL3, STM32MP211DAM3, STM32MP211DAN3, STM32MP211DAO3, STM32MP211FAL3, STM32MP211FAM3, STM32MP211FAN3, STM32MP211FAO3, STM32MP213AAL3, STM32MP213AAM3, STM32MP213AAN3, STM32MP213AAO3, STM32MP213CAL3, STM32MP213CAM3, STM32MP213CAN3, STM32MP213CAO3, STM32MP213DAL3, STM32MP213DAM3, STM32MP213DAN3, STM32MP213DAO3, STM32MP213FAL3, STM32MP213FAM3, STM32MP213FAN3, STM32MP213FAO3, STM32MP215AAL3, STM32MP215AAM3, STM32MP215AAN3, STM32MP215AAO3, STM32MP215CAL3, STM32MP215CAM3, STM32MP215CAN3, STM32MP215CAO3, STM32MP215DAL3, STM32MP215DAM3, STM32MP215DAN3, STM32MP215DAO3, STM32MP215F-DK, STM32MP215FAL3, STM32MP215FAM3, STM32MP215FAN3, STM32MP215FAO3, STM32MP231AAJ3, STM32MP231AAK3, STM32MP231AAL3, STM32MP231CAJ3, STM32MP231CAK3, STM32MP231CAL3, STM32MP231DAJ3, STM32MP231DAK3, STM32MP231DAL3, STM32MP231FAJ3, STM32MP231FAK3, STM32MP231FAL3, STM32MP233AAJ3, STM32MP233AAK3, STM32MP233AAL3, STM32MP233CAJ3, STM32MP233CAK3, STM32MP233CAL3, STM32MP233DAJ3, STM32MP233DAK3, STM32MP233DAL3, STM32MP233FAJ3, STM32MP233FAK3, STM32MP233FAL3, STM32MP235AAJ3, STM32MP235AAK3, STM32MP235AAL3, STM32MP235CAJ3, STM32MP235CAK3, STM32MP235CAL3, STM32MP235DAJ3, STM32MP235DAK3, STM32MP235DAL3, STM32MP235FAJ3, STM32MP235FAK3, STM32MP235FAL3, STM32MP251AAI3, STM32MP251AAK3, STM32MP251AAL3, STM32MP251CAI3, STM32MP251CAK3, STM32MP251CAL3, STM32MP251DAI3, STM32MP251DAK3, STM32MP251DAL3, STM32MP251FAI3, STM32MP251FAK3, STM32MP251FAL3, STM32MP253AAI3, STM32MP253AAK3, STM32MP253AAL3, STM32MP253CAI3, STM32MP253CAK3, STM32MP253CAL3, STM32MP253DAI3, STM32MP253DAK3, STM32MP253DAL3, STM32MP253FAI3, STM32MP253FAK3, STM32MP253FAL3, STM32MP255AAI3, STM32MP255AAK3, STM32MP255AAL3, STM32MP255CAI3, STM32MP255CAK3, STM32MP255CAL3, STM32MP255DAI3, STM32MP255DAK3, STM32MP255DAL3, STM32MP255FAI3, STM32MP255FAK3, STM32MP255FAL3, STM32MP257AAI3, STM32MP257AAK3, STM32MP257AAL3, STM32MP257CAI3, STM32MP257CAK3, STM32MP257CAL3, STM32MP257DAI3, STM32MP257DAK3, STM32MP257DAL3, STM32MP257F-DK, STM32MP257F-EV1, STM32MP257FAI3, STM32MP257FAK3, STM32MP257FAL3, STM32N645A0H3Q, STM32N645B0H3Q, STM32N645I0H3Q, STM32N645L0H3Q, STM32N645X0H3Q, STM32N645Z0H3Q, STM32N647A0H3Q, STM32N647B0H3Q, STM32N647I0H3Q, STM32N647L0H3Q, STM32N647X0H3Q, STM32N647Z0H3Q, STM32N655A0H3Q, STM32N655B0H3Q, STM32N655I0H3Q, STM32N655L0H3Q, STM32N655X0H3Q, STM32N655Z0H3Q, STM32N6570-DK, STM32N657A0H3Q, STM32N657B0H3Q, STM32N657I0H3Q, STM32N657L0H3Q, STM32N657X0H3Q, STM32N657Z0H3Q, STM32U031C6T6, STM32U031C6U6, STM32U031C8T6, STM32U031C8U6, STM32U031F4P6, STM32U031F6P6, STM32U031F8P6, STM32U031G6Y6TR, STM32U031G8Y6TR, STM32U031K4U6, STM32U031K6U6, STM32U031K8U6, STM32U031R6I6, STM32U031R6T6, STM32U031R8I6, STM32U031R8T6, STM32U073C8T6, STM32U073C8U6, STM32U073CBT6, STM32U073CBU6, STM32U073CCT6, STM32U073CCU6, STM32U073H8Y6TR, STM32U073HBY6TR, STM32U073HCY6TR, STM32U073K8U6, STM32U073KBU6, STM32U073KCU6, STM32U073M8I6, STM32U073M8T6, STM32U073MBI6, STM32U073MBT6, STM32U073MCI6, STM32U073MCT6, STM32U073R8I6, STM32U073R8T6, STM32U073RBI6, STM32U073RBT6, STM32U073RCI6, STM32U073RCT6, STM32U083C-DK, STM32U083CCT6, STM32U083CCU6, STM32U083HCY6TR, STM32U083KCU6, STM32U083MCI6, STM32U083MCT6, STM32U083RCI6, STM32U083RCT6, STM32U375CET6, STM32U375CET6Q, STM32U375CEU6, STM32U375CEU6Q, STM32U375CEY6QTR, STM32U375CGT6, STM32U375CGT6Q, STM32U375CGU6, STM32U375CGU6Q, STM32U375CGY6QTR, STM32U375KEU6, STM32U375KGU6, STM32U375REI6, STM32U375REI6Q, STM32U375RET6, STM32U375RET6Q, STM32U375REY6GTR, STM32U375REY6QTR, STM32U375RGI6, STM32U375RGI6Q, STM32U375RGT6, STM32U375RGT6Q, STM32U375RGY6GTR, STM32U375RGY6QTR, STM32U375VEI6, STM32U375VEI6Q, STM32U375VET6, STM32U375VET6Q, STM32U375VGI6, STM32U375VGI6Q, STM32U375VGT6, STM32U375VGT6Q, STM32U385CGT6, STM32U385CGT6Q, STM32U385CGU6, STM32U385CGU6Q, STM32U385CGY6QTR, STM32U385KGU6, STM32U385RGI6, STM32U385RGI6Q, STM32U385RGT6, STM32U385RGT6Q, STM32U385RGY6GTR, STM32U385RGY6QTR, STM32U385VGI6, STM32U385VGI6Q, STM32U385VGT6, STM32U385VGT6Q, STM32U535CBT6, STM32U535CBT6Q, STM32U535CBU6, STM32U535CBU6Q, STM32U535CCT6, STM32U535CCT6Q, STM32U535CCU6, STM32U535CCU6Q, STM32U535CET6, STM32U535CET6Q, STM32U535CEU6, STM32U535CEU6Q, STM32U535JEY6QTR, STM32U535NCY6QTR, STM32U535NEY6QTR, STM32U535RBI6, STM32U535RBI6Q, STM32U535RBT6, STM32U535RBT6Q, STM32U535RCI6, STM32U535RCI6Q, STM32U535RCT6, STM32U535RCT6Q, STM32U535REI6, STM32U535REI6Q, STM32U535RET6, STM32U535RET6Q, STM32U535VCI6, STM32U535VCI6Q, STM32U535VCT6, STM32U535VCT6Q, STM32U535VEI6, STM32U535VEI6Q, STM32U535VET6, STM32U535VET6Q, STM32U545CET6, STM32U545CET6Q, STM32U545CEU6, STM32U545CEU6Q, STM32U545JEY6QTR, STM32U545NEY6QTR, STM32U545REI6, STM32U545REI6Q, STM32U545RET6, STM32U545RET6Q, STM32U545VEI6, STM32U545VEI6Q, STM32U545VET6, STM32U545VET6Q, STM32U595AIH6, STM32U595AIH6Q, STM32U595AJH6, STM32U595AJH6Q, STM32U595QII6, STM32U595QII6Q, STM32U595QJI6, STM32U595QJI6Q, STM32U595RIT6, STM32U595RIT6Q, STM32U595RJT6, STM32U595RJT6Q, STM32U595VIT6, STM32U595VIT6Q, STM32U595VJT6, STM32U595VJT6Q, STM32U595ZIT6, STM32U595ZIT6Q, STM32U595ZIY6QTR, STM32U595ZJT6, STM32U595ZJT6Q, STM32U595ZJY6QTR, STM32U599BJY6QTR, STM32U599NIH6Q, STM32U599NJH6Q, STM32U599VIT6Q, STM32U599VJT6, STM32U599VJT6Q, STM32U599ZIT6Q, STM32U599ZIY6QTR, STM32U599ZJT6Q, STM32U599ZJY6QTR, STM32U5A5AJH6, STM32U5A5AJH6Q, STM32U5A5QII3Q , STM32U5A5QJI6, STM32U5A5QJI6Q, STM32U5A5RJT6, STM32U5A5RJT6Q, STM32U5A5VJT6, STM32U5A5VJT6Q, STM32U5A5ZJT6, STM32U5A5ZJT6Q, STM32U5A5ZJY6QTR, STM32U5A9BJY6QTR, STM32U5A9J-DK, STM32U5A9NJH6Q, STM32U5A9VJT6Q, STM32U5A9ZJT6Q, STM32U5A9ZJY6QTR, STM32U5F7VIT6, STM32U5F7VIT6Q, STM32U5F7VJT6, STM32U5F7VJT6Q, STM32U5F9BJY6QTR, STM32U5F9NJH6Q, STM32U5F9VIT6Q, STM32U5F9VJT6Q, STM32U5F9ZIJ6QTR, STM32U5F9ZIT6Q, STM32U5F9ZJJ6QTR, STM32U5F9ZJT6Q, STM32U5G7VJT6, STM32U5G7VJT6Q, STM32U5G9BJY6QTR, STM32U5G9J-DK1, STM32U5G9J-DK2, STM32U5G9NJH6Q, STM32U5G9VJT6Q, STM32U5G9ZJJ6QTR, STM32U5G9ZJT6Q, STM32WB05KZV6TR, STM32WB05KZV7TR, STM32WB05TZF6TR, STM32WB05TZF7TR, STM32WB06CCF6TR, STM32WB06CCF7TR, STM32WB06CCV6TR, STM32WB06CCV7TR, STM32WB06KCV6TR, STM32WB06KCV7TR, STM32WB07CCF6TR, STM32WB07CCF7TR, STM32WB07CCV6TR, STM32WB07CCV7TR, STM32WB07KCV6TR, STM32WB07KCV7TR, STM32WB09KEV6TR, STM32WB09KEV7TR, STM32WB09TEF6TR, STM32WB09TEF7TR, STM32WB1MMCH6, STM32WBA50KGU6, STM32WBA50KGU6TR, STM32WBA52CEU6, STM32WBA52CEU6TR, STM32WBA52CEU7, STM32WBA52CEU7TR, STM32WBA52CGU6, STM32WBA52CGU6TR, STM32WBA52CGU6U, STM32WBA52CGU7, STM32WBA52CGU7TR, STM32WBA52KEU6, STM32WBA52KEU6TR, STM32WBA52KGU6, STM32WBA52KGU6TR, STM32WBA54CEU6, STM32WBA54CEU6TR, STM32WBA54CEU7, STM32WBA54CEU7TR, STM32WBA54CGU6, STM32WBA54CGU6TR, STM32WBA54CGU7, STM32WBA54CGU7TR, STM32WBA54KEU6, STM32WBA54KEU6TR, STM32WBA54KEU7, STM32WBA54KEU7TR, STM32WBA54KGU6, STM32WBA54KGU6TR, STM32WBA54KGU7, STM32WBA54KGU7TR, STM32WBA55CEU6, STM32WBA55CEU6TR, STM32WBA55CEU7, STM32WBA55CEU7TR, STM32WBA55CGU6, STM32WBA55CGU6TR, STM32WBA55CGU6U, STM32WBA55CGU7, STM32WBA55CGU7TR, STM32WBA55G-DK1, STM32WBA55HEF6, STM32WBA55HEF7, STM32WBA55HGF6, STM32WBA55HGF7, STM32WBA55UEI6, STM32WBA55UEI6TR, STM32WBA55UEI7, STM32WBA55UEI7TR, STM32WBA55UGI6, STM32WBA55UGI6TR, STM32WBA55UGI7, STM32WBA55UGI7TR, STM32WBA5MMGH6TR, STM32WBA62MGF6, STM32WBA62MIF6, STM32WBA65MGF7, STM32WBA65MIF6, STM32WBA65MIF7, STM32WL30K8V6, STM32WL30KBV6, STM32WL31C8V6, STM32WL31CBV6, STM32WL31K8V6, STM32WL31KBV6, STM32WL33C8V6, STM32WL33C8V6X, STM32WL33CBV6, STM32WL33CBV6X, STM32WL33CCV6, STM32WL33CCV6A, STM32WL33CCV6X, STM32WL33K8V7, STM32WL33K8V7X, STM32WL33KBV7 , STM32WL33KBV7X, STM32WL33KCV7, STM32WL33KCV7X, STM32WL5MOCH6, STM32WL5MOCH6TR]
2026-03-30 12:52:12,959 [INFO] DbMcus:218 - Found 5055 MCUs, 4968 are supported
2026-03-30 12:52:12,960 [INFO] ApiDb:423 - Load user favorites file /home/sunbeam/.stm32cubeide/favorites.mcus.txt: 0 item(s)
2026-03-30 12:52:12,960 [INFO] ApiDb:427 - User favorites MCUs=[]
2026-03-30 12:52:12,960 [INFO] DbMcus:224 - Set 0 / 0 favorites MCUs
2026-03-30 12:52:13,612 [INFO] ApiDb:668 - CubeFinder database Data Model version=2.1
2026-03-30 12:52:13,612 [INFO] ApiDb:669 - CubeFinder database Configuration version=3.0.42
2026-03-30 12:52:13,612 [INFO] ApiDb:670 - CubeFinder database generation date=2026-03-11 (1773229989)
2026-03-30 12:52:13,612 [INFO] ApiDb:671 - CubeFinder database FW Pack versions=[FP-ATR-ASTRA1_V2.0.0, FP-SNS-FLIGHT1_V5.1.0, FP-SNS-MOTENV1_V5.1.0, FP-SNS-MOTENVWB1_V1.5.0, FP-SNS-SMARTAG2_V1.2.0, FP-SNS-STBOX1_V2.1.0, STM32Cube_FW_C0_V1.4.0, STM32Cube_FW_F4_V1.28.3, STM32Cube_FW_F7_V1.17.4, STM32Cube_FW_G0_V1.6.3, STM32Cube_FW_G4_V1.6.2, STM32Cube_FW_H5_V1.6.0, STM32Cube_FW_H7RS_V1.3.0, STM32Cube_FW_H7_V1.13.0, STM32Cube_FW_L0_V1.12.2, STM32Cube_FW_L4_V1.18.2, STM32Cube_FW_L5_V1.6.0, STM32Cube_FW_N6_V1.3.0, STM32Cube_FW_U0_V1.3.0, STM32Cube_FW_U3_V1.3.0, STM32Cube_FW_U5_V1.8.0, STM32Cube_FW_WB0_V1.4.0, STM32Cube_FW_WBA_V1.9.0, STM32Cube_FW_WB_V1.24.0, STM32Cube_FW_WL3_V1.4.0, STM32Cube_FW_WL_V1.5.0, X-CUBE-ALGOBUILD_V1.4.0, X-CUBE-ALS_V1.0.2, X-CUBE-AZRTOS-F4_V1.1.0, X-CUBE-AZRTOS-F7_V1.1.0, X-CUBE-AZRTOS-G0_V1.1.0, X-CUBE-AZRTOS-G4_V2.0.0, X-CUBE-AZRTOS-H7RS_V1.1.0, X-CUBE-AZRTOS-H7_V3.4.0, X-CUBE-AZRTOS-L4_V2.0.0, X-CUBE-AZRTOS-L5_V2.0.0, X-CUBE-AZRTOS-WB_V2.0.0, X-CUBE-AZRTOS-WL_V2.0.0, X-CUBE-BLE1_V7.1.0, X-CUBE-BLE2_V3.3.0, X-CUBE-BLEMGR_V4.1.0, X-CUBE-EEPRMA1_V5.2.0, X-CUBE-FREERTOS_V1.5.0, X-CUBE-GNSS1_V6.0.0, X-CUBE-MEMS1_V12.0.0, X-CUBE-NFC4_V3.0.0, X-CUBE-NFC7_V2.0.0, X-CUBE-SFXS2LP1_V4.0.0, X-CUBE-ST67W61_V1.2.0, X-CUBE-SUBG2_V5.0.0, X-CUBE-TOF1_V3.4.3]
2026-03-30 12:52:13,655 [INFO] DbBoardsSqlite:226 - include board P-NUCLEO-WB55-NUCLEO as a kit item of type 'Nucleo-64'
2026-03-30 12:52:13,655 [INFO] DbBoardsSqlite:226 - include board P-NUCLEO-WB55-USBDONGLE as a kit item of type 'Nucleo USB Dongle'
2026-03-30 12:52:13,655 [INFO] DbBoardsSqlite:226 - include board STEVAL-IDP005V1 as a kit item of type 'Evaluation Board'
2026-03-30 12:52:13,656 [INFO] DbBoardsSqlite:226 - include board STEVAL-IDP005V2 as a kit item of type 'Evaluation Board'
2026-03-30 12:52:13,695 [INFO] ApiDb:240 - Found 880 in-development CPN: [B-G473E-ZEST1S, B-WB1M-WPAN1, B-WBA5M-WPAN, B-WL5M-SUBG1, NUCLEO-C031C6, NUCLEO-C051C8, NUCLEO-C071RB, NUCLEO-C092RC, NUCLEO-H503RB, NUCLEO-H533RE, NUCLEO-H563ZI, NUCLEO-H7S3L8, NUCLEO-N657X0-Q, NUCLEO-U031R8, NUCLEO-U083RC, NUCLEO-U385RG-Q, NUCLEO-U545RE-Q, NUCLEO-U5A5ZJ-Q, NUCLEO-WB05KZ, NUCLEO-WB07CC, NUCLEO-WB09KE, NUCLEO-WBA52CG, NUCLEO-WBA55CG, NUCLEO-WL33CC1, NUCLEO-WL33CC2, STEVAL-PROTEUS1, STEVAL-SMARTAG2, STEVAL-STWINBX1, STM320518-EVAL, STM32C0116-DK, STM32C011D6Y3TR, STM32C011D6Y6TR, STM32C011F4P3, STM32C011F4P6, STM32C011F4U3, STM32C011F4U6TR, STM32C011F6P3, STM32C011F6P6, STM32C011F6U3, STM32C011F6U6TR, STM32C011J4M3, STM32C011J4M6, STM32C011J6M3, STM32C011J6M6, STM32C0316-DK, STM32C031C4T3, STM32C031C4T6, STM32C031C4U3, STM32C031C4U6, STM32C031C6T3, STM32C031C6T6, STM32C031C6U3, STM32C031C6U6, STM32C031F4P3, STM32C031F4P6, STM32C031F6P3, STM32C031F6P6, STM32C031G4U3, STM32C031G4U6, STM32C031G6U3, STM32C031G6U6, STM32C031K4T3, STM32C031K4T6, STM32C031K4U3, STM32C031K4U6, STM32C031K6T3, STM32C031K6T6, STM32C031K6U3, STM32C031K6U6, STM32C051C6T6, STM32C051C6U6, STM32C051C8T6, STM32C051C8U6, STM32C051D8Y6TR, STM32C051F6P6, STM32C051F8P6, STM32C051G6U6, STM32C051G8U6, STM32C051K6T6, STM32C051K6U6, STM32C051K8T6, STM32C071C8T6, STM32C071C8T6N, STM32C071C8U6, STM32C071C8U6N, STM32C071CBT6, STM32C071CBT6N, STM32C071CBU6, STM32C071CBU6N, STM32C071F8P6, STM32C071F8P6N, STM32C071FBP6, STM32C071FBP6N, STM32C071FBY6TR, STM32C071G8U6, STM32C071G8U6N, STM32C071GBU6, STM32C071GBU6N, STM32C071K8T6, STM32C071K8T6N, STM32C071K8U6, STM32C071K8U6N, STM32C071KBT6, STM32C071KBT6N, STM32C071KBU6, STM32C071KBU6N, STM32C071R8T6, STM32C071R8T6N, STM32C071RBI6N, STM32C071RBT6, STM32C071RBT6N, STM32C091CBT6, STM32C091CBU6, STM32C091CCT6, STM32C091CCU6, STM32C091ECY6TR, STM32C091FBP6, STM32C091FCP6, STM32C091GBU6, STM32C091GCU6, STM32C091KBT6, STM32C091KBU6, STM32C091KCT6, STM32C091KCU6, STM32C091RBT6, STM32C091RCI6, STM32C091RCT6, STM32C092CBT6, STM32C092CBU6, STM32C092CCT6, STM32C092CCU6, STM32C092ECY6TR, STM32C092FBP6, STM32C092FCP6, STM32C092GBU6, STM32C092GCU6, STM32C092KBT6, STM32C092KBU6, STM32C092KCT6, STM32C092KCU6, STM32C092RBT6, STM32C092RCI6, STM32C092RCT6, STM32G071K8TXN, STM32G071K8UXN, STM32G081GBU6N, STM32G081KBT6N, STM32G081KBUXN, STM32G0B1CCT6N, STM32G0B1KCT6, STM32G0B1NEY6TR, STM32G0B1RCT6N, STM32G0C1CCT6, STM32G0C1CCT6N, STM32G0C1CCU6N, STM32G0C1CET6N, STM32G0C1CEU6N, STM32G0C1KCT6, STM32G0C1NEY6TR, STM32G0C1RCI6N, STM32G0C1RCT6N, STM32G0C1REI6N, STM32G0C1RET6N, STM32G0C1VCI6, STM32G0C1VEI6, STM32G411C6T3, STM32G411C6T6, STM32G411C6U3, STM32G411C6U6, STM32G411C8T3, STM32G411C8T6, STM32G411C8U3, STM32G411C8U6, STM32G411CBT3, STM32G411CBT6, STM32G411CBU3, STM32G411CBU6, STM32G411K6T3, STM32G411K6T6, STM32G411K6U3, STM32G411K6U6, STM32G411K8T3, STM32G411K8T6, STM32G411K8U3, STM32G411K8U6, STM32G411KBT3, STM32G411KBT6, STM32G411KBU3, STM32G411KBU6, STM32G411M6T3, STM32G411M6T6, STM32G411M8T3, STM32G411M8T6, STM32G411MBT3, STM32G411MBT6, STM32G411R6T3, STM32G411R6T6, STM32G411R8T3, STM32G411R8T6, STM32G411RBT3, STM32G411RBT6, STM32G414CBT3, STM32G414CBT6, STM32G414CBU3, STM32G414CBU6, STM32G414CCT3, STM32G414CCT6, STM32G414CCU3, STM32G414CCU6, STM32G414MBT3, STM32G414MBT6, STM32G414MCT3, STM32G414MCT6, STM32G414RBT3, STM32G414RBT6, STM32G414RCT3, STM32G414RCT6, STM32G414VBT3, STM32G414VBT6, STM32G414VCT3, STM32G414VCT6, STM32G431CBT3Z, STM32G431RBT3Z, STM32G471CCT6, STM32G471CCU6, STM32G471CET3, STM32G471CET6, STM32G471CEU3, STM32G471CEU6, STM32G471MCT6, STM32G471MET3, STM32G471MET6, STM32G471MEY6TR, STM32G471QCT6, STM32G471QET3, STM32G471RCT6, STM32G471RET3, STM32G471RET6, STM32G471VCH6, STM32G471VCI6, STM32G471VCT6, STM32G471VEH3, STM32G471VEH6, STM32G471VEI3, STM32G471VEI6, STM32G471VET3, STM32G471VET6, STM32G473QET3Z, STM32G473RET3Z, STM32G474CCT6, STM32G491RET3Z, STM32H503CBT6, STM32H503CBU6, STM32H503EBY6TR, STM32H503KBU6, STM32H503RBT6, STM32H523CCT6, STM32H523CCU6, STM32H523CET6, STM32H523CEU6, STM32H523HEY6TR, STM32H523RCT6, STM32H523RET6, STM32H523VCI6, STM32H523VCT6, STM32H523VEI6, STM32H523VET6, STM32H523ZCJ6, STM32H523ZCT6, STM32H523ZEJ6, STM32H523ZET6, STM32H533CET6, STM32H533CEU6, STM32H533HEY6TR, STM32H533RET6, STM32H533VEI6, STM32H533VET6, STM32H533ZEJ6, STM32H533ZET6, STM32H562AGI6, STM32H562AII6, STM32H562IGK6, STM32H562IGT6, STM32H562IIK6, STM32H562IIT6, STM32H562RGT6, STM32H562RGV6, STM32H562RIT6, STM32H562RIV6, STM32H562VGT6, STM32H562VIT6, STM32H562ZGT6, STM32H562ZIT6, STM32H563AGI6, STM32H563AII3Q, STM32H563AII6, STM32H563IGK6, STM32H563IGT6, STM32H563IIK3Q, STM32H563IIK6, STM32H563IIT3Q, STM32H563IIT6, STM32H563MIY3QTR, STM32H563RGT6, STM32H563RGV6, STM32H563RIT6, STM32H563RIV6, STM32H563VGT6, STM32H563VIT3Q, STM32H563VIT6, STM32H563ZGT6, STM32H563ZIT3Q, STM32H563ZIT6, STM32H573AII3Q, STM32H573AII6, STM32H573I-DK, STM32H573IIK3Q, STM32H573IIK6, STM32H573IIT3Q, STM32H573IIT6, STM32H573MIY3QTR, STM32H573RIT6, STM32H573RIV6, STM32H573VIT3Q, STM32H573VIT6, STM32H573ZIT3Q, STM32H573ZIT6, STM32H7R3A8I6, STM32H7R3I8K6, STM32H7R3I8T6, STM32H7R3L8H6, STM32H7R3L8H6H, STM32H7R3R8V6, STM32H7R3V8H6, STM32H7R3V8T6, STM32H7R3V8Y6TR, STM32H7R3Z8J6, STM32H7R3Z8T6, STM32H7R7A8I6, STM32H7R7I8K6, STM32H7R7I8T6, STM32H7R7L8H6, STM32H7R7L8H6H, STM32H7R7Z8J6, STM32H7S3A8I6, STM32H7S3I8K6, STM32H7S3I8T6, STM32H7S3L8H6, STM32H7S3L8H6H, STM32H7S3R8V6, STM32H7S3V8H6, STM32H7S3V8T6, STM32H7S3V8Y6TR, STM32H7S3Z8J6, STM32H7S3Z8T6, STM32H7S78-DK, STM32H7S7A8I6, STM32H7S7I8K6, STM32H7S7I8T6, STM32H7S7L8H6, STM32H7S7L8H6H, STM32H7S7Z8J6, STM32L4R5QGI6STR, STM32MP131AAE3, STM32MP131AAF3, STM32MP131AAG3, STM32MP131CAE3, STM32MP131CAF3, STM32MP131CAG3, STM32MP131DAE7, STM32MP131DAF7, STM32MP131DAG7, STM32MP131FAE7, STM32MP131FAF7, STM32MP131FAG7, STM32MP133AAE3, STM32MP133AAF3, STM32MP133AAG3, STM32MP133CAE3, STM32MP133CAF3, STM32MP133CAG3, STM32MP133DAE7, STM32MP133DAF7, STM32MP133DAG7, STM32MP133FAE7, STM32MP133FAF7, STM32MP133FAG7, STM32MP135AAE3, STM32MP135AAF3, STM32MP135AAG3, STM32MP135CAE3, STM32MP135CAF3, STM32MP135CAG3, STM32MP135DAE7, STM32MP135DAF7, STM32MP135DAG7, STM32MP135F-DK, STM32MP135FAE7, STM32MP135FAF7, STM32MP135FAF7T, STM32MP135FAF7U, STM32MP135FAG7, STM32MP211AAL3, STM32MP211AAM3, STM32MP211AAN3, STM32MP211AAO3, STM32MP211CAL3, STM32MP211CAM3, STM32MP211CAN3, STM32MP211CAO3, STM32MP211DAL3, STM32MP211DAM3, STM32MP211DAN3, STM32MP211DAO3, STM32MP211FAL3, STM32MP211FAM3, STM32MP211FAN3, STM32MP211FAO3, STM32MP213AAL3, STM32MP213AAM3, STM32MP213AAN3, STM32MP213AAO3, STM32MP213CAL3, STM32MP213CAM3, STM32MP213CAN3, STM32MP213CAO3, STM32MP213DAL3, STM32MP213DAM3, STM32MP213DAN3, STM32MP213DAO3, STM32MP213FAL3, STM32MP213FAM3, STM32MP213FAN3, STM32MP213FAO3, STM32MP215AAL3, STM32MP215AAM3, STM32MP215AAN3, STM32MP215AAO3, STM32MP215CAL3, STM32MP215CAM3, STM32MP215CAN3, STM32MP215CAO3, STM32MP215DAL3, STM32MP215DAM3, STM32MP215DAN3, STM32MP215DAO3, STM32MP215F-DK, STM32MP215FAL3, STM32MP215FAM3, STM32MP215FAN3, STM32MP215FAO3, STM32MP231AAJ3, STM32MP231AAK3, STM32MP231AAL3, STM32MP231CAJ3, STM32MP231CAK3, STM32MP231CAL3, STM32MP231DAJ3, STM32MP231DAK3, STM32MP231DAL3, STM32MP231FAJ3, STM32MP231FAK3, STM32MP231FAL3, STM32MP233AAJ3, STM32MP233AAK3, STM32MP233AAL3, STM32MP233CAJ3, STM32MP233CAK3, STM32MP233CAL3, STM32MP233DAJ3, STM32MP233DAK3, STM32MP233DAL3, STM32MP233FAJ3, STM32MP233FAK3, STM32MP233FAL3, STM32MP235AAJ3, STM32MP235AAK3, STM32MP235AAL3, STM32MP235CAJ3, STM32MP235CAK3, STM32MP235CAL3, STM32MP235DAJ3, STM32MP235DAK3, STM32MP235DAL3, STM32MP235FAJ3, STM32MP235FAK3, STM32MP235FAL3, STM32MP251AAI3, STM32MP251AAK3, STM32MP251AAL3, STM32MP251CAI3, STM32MP251CAK3, STM32MP251CAL3, STM32MP251DAI3, STM32MP251DAK3, STM32MP251DAL3, STM32MP251FAI3, STM32MP251FAK3, STM32MP251FAL3, STM32MP253AAI3, STM32MP253AAK3, STM32MP253AAL3, STM32MP253CAI3, STM32MP253CAK3, STM32MP253CAL3, STM32MP253DAI3, STM32MP253DAK3, STM32MP253DAL3, STM32MP253FAI3, STM32MP253FAK3, STM32MP253FAL3, STM32MP255AAI3, STM32MP255AAK3, STM32MP255AAL3, STM32MP255CAI3, STM32MP255CAK3, STM32MP255CAL3, STM32MP255DAI3, STM32MP255DAK3, STM32MP255DAL3, STM32MP255FAI3, STM32MP255FAK3, STM32MP255FAL3, STM32MP257AAI3, STM32MP257AAK3, STM32MP257AAL3, STM32MP257CAI3, STM32MP257CAK3, STM32MP257CAL3, STM32MP257DAI3, STM32MP257DAK3, STM32MP257DAL3, STM32MP257F-DK, STM32MP257F-EV1, STM32MP257FAI3, STM32MP257FAK3, STM32MP257FAL3, STM32N645A0H3Q, STM32N645B0H3Q, STM32N645I0H3Q, STM32N645L0H3Q, STM32N645X0H3Q, STM32N645Z0H3Q, STM32N647A0H3Q, STM32N647B0H3Q, STM32N647I0H3Q, STM32N647L0H3Q, STM32N647X0H3Q, STM32N647Z0H3Q, STM32N655A0H3Q, STM32N655B0H3Q, STM32N655I0H3Q, STM32N655L0H3Q, STM32N655X0H3Q, STM32N655Z0H3Q, STM32N6570-DK, STM32N657A0H3Q, STM32N657B0H3Q, STM32N657I0H3Q, STM32N657L0H3Q, STM32N657X0H3Q, STM32N657Z0H3Q, STM32U031C6T6, STM32U031C6U6, STM32U031C8T6, STM32U031C8U6, STM32U031F4P6, STM32U031F6P6, STM32U031F8P6, STM32U031G6Y6TR, STM32U031G8Y6TR, STM32U031K4U6, STM32U031K6U6, STM32U031K8U6, STM32U031R6I6, STM32U031R6T6, STM32U031R8I6, STM32U031R8T6, STM32U073C8T6, STM32U073C8U6, STM32U073CBT6, STM32U073CBU6, STM32U073CCT6, STM32U073CCU6, STM32U073H8Y6TR, STM32U073HBY6TR, STM32U073HCY6TR, STM32U073K8U6, STM32U073KBU6, STM32U073KCU6, STM32U073M8I6, STM32U073M8T6, STM32U073MBI6, STM32U073MBT6, STM32U073MCI6, STM32U073MCT6, STM32U073R8I6, STM32U073R8T6, STM32U073RBI6, STM32U073RBT6, STM32U073RCI6, STM32U073RCT6, STM32U083C-DK, STM32U083CCT6, STM32U083CCU6, STM32U083HCY6TR, STM32U083KCU6, STM32U083MCI6, STM32U083MCT6, STM32U083RCI6, STM32U083RCT6, STM32U375CET6, STM32U375CET6Q, STM32U375CEU6, STM32U375CEU6Q, STM32U375CEY6QTR, STM32U375CGT6, STM32U375CGT6Q, STM32U375CGU6, STM32U375CGU6Q, STM32U375CGY6QTR, STM32U375KEU6, STM32U375KGU6, STM32U375REI6, STM32U375REI6Q, STM32U375RET6, STM32U375RET6Q, STM32U375REY6GTR, STM32U375REY6QTR, STM32U375RGI6, STM32U375RGI6Q, STM32U375RGT6, STM32U375RGT6Q, STM32U375RGY6GTR, STM32U375RGY6QTR, STM32U375VEI6, STM32U375VEI6Q, STM32U375VET6, STM32U375VET6Q, STM32U375VGI6, STM32U375VGI6Q, STM32U375VGT6, STM32U375VGT6Q, STM32U385CGT6, STM32U385CGT6Q, STM32U385CGU6, STM32U385CGU6Q, STM32U385CGY6QTR, STM32U385KGU6, STM32U385RGI6, STM32U385RGI6Q, STM32U385RGT6, STM32U385RGT6Q, STM32U385RGY6GTR, STM32U385RGY6QTR, STM32U385VGI6, STM32U385VGI6Q, STM32U385VGT6, STM32U385VGT6Q, STM32U535CBT6, STM32U535CBT6Q, STM32U535CBU6, STM32U535CBU6Q, STM32U535CCT6, STM32U535CCT6Q, STM32U535CCU6, STM32U535CCU6Q, STM32U535CET6, STM32U535CET6Q, STM32U535CEU6, STM32U535CEU6Q, STM32U535JEY6QTR, STM32U535NCY6QTR, STM32U535NEY6QTR, STM32U535RBI6, STM32U535RBI6Q, STM32U535RBT6, STM32U535RBT6Q, STM32U535RCI6, STM32U535RCI6Q, STM32U535RCT6, STM32U535RCT6Q, STM32U535REI6, STM32U535REI6Q, STM32U535RET6, STM32U535RET6Q, STM32U535VCI6, STM32U535VCI6Q, STM32U535VCT6, STM32U535VCT6Q, STM32U535VEI6, STM32U535VEI6Q, STM32U535VET6, STM32U535VET6Q, STM32U545CET6, STM32U545CET6Q, STM32U545CEU6, STM32U545CEU6Q, STM32U545JEY6QTR, STM32U545NEY6QTR, STM32U545REI6, STM32U545REI6Q, STM32U545RET6, STM32U545RET6Q, STM32U545VEI6, STM32U545VEI6Q, STM32U545VET6, STM32U545VET6Q, STM32U595AIH6, STM32U595AIH6Q, STM32U595AJH6, STM32U595AJH6Q, STM32U595QII6, STM32U595QII6Q, STM32U595QJI6, STM32U595QJI6Q, STM32U595RIT6, STM32U595RIT6Q, STM32U595RJT6, STM32U595RJT6Q, STM32U595VIT6, STM32U595VIT6Q, STM32U595VJT6, STM32U595VJT6Q, STM32U595ZIT6, STM32U595ZIT6Q, STM32U595ZIY6QTR, STM32U595ZJT6, STM32U595ZJT6Q, STM32U595ZJY6QTR, STM32U599BJY6QTR, STM32U599NIH6Q, STM32U599NJH6Q, STM32U599VIT6Q, STM32U599VJT6, STM32U599VJT6Q, STM32U599ZIT6Q, STM32U599ZIY6QTR, STM32U599ZJT6Q, STM32U599ZJY6QTR, STM32U5A5AJH6, STM32U5A5AJH6Q, STM32U5A5QII3Q , STM32U5A5QJI6, STM32U5A5QJI6Q, STM32U5A5RJT6, STM32U5A5RJT6Q, STM32U5A5VJT6, STM32U5A5VJT6Q, STM32U5A5ZJT6, STM32U5A5ZJT6Q, STM32U5A5ZJY6QTR, STM32U5A9BJY6QTR, STM32U5A9J-DK, STM32U5A9NJH6Q, STM32U5A9VJT6Q, STM32U5A9ZJT6Q, STM32U5A9ZJY6QTR, STM32U5F7VIT6, STM32U5F7VIT6Q, STM32U5F7VJT6, STM32U5F7VJT6Q, STM32U5F9BJY6QTR, STM32U5F9NJH6Q, STM32U5F9VIT6Q, STM32U5F9VJT6Q, STM32U5F9ZIJ6QTR, STM32U5F9ZIT6Q, STM32U5F9ZJJ6QTR, STM32U5F9ZJT6Q, STM32U5G7VJT6, STM32U5G7VJT6Q, STM32U5G9BJY6QTR, STM32U5G9J-DK1, STM32U5G9J-DK2, STM32U5G9NJH6Q, STM32U5G9VJT6Q, STM32U5G9ZJJ6QTR, STM32U5G9ZJT6Q, STM32WB05KZV6TR, STM32WB05KZV7TR, STM32WB05TZF6TR, STM32WB05TZF7TR, STM32WB06CCF6TR, STM32WB06CCF7TR, STM32WB06CCV6TR, STM32WB06CCV7TR, STM32WB06KCV6TR, STM32WB06KCV7TR, STM32WB07CCF6TR, STM32WB07CCF7TR, STM32WB07CCV6TR, STM32WB07CCV7TR, STM32WB07KCV6TR, STM32WB07KCV7TR, STM32WB09KEV6TR, STM32WB09KEV7TR, STM32WB09TEF6TR, STM32WB09TEF7TR, STM32WB1MMCH6, STM32WBA50KGU6, STM32WBA50KGU6TR, STM32WBA52CEU6, STM32WBA52CEU6TR, STM32WBA52CEU7, STM32WBA52CEU7TR, STM32WBA52CGU6, STM32WBA52CGU6TR, STM32WBA52CGU6U, STM32WBA52CGU7, STM32WBA52CGU7TR, STM32WBA52KEU6, STM32WBA52KEU6TR, STM32WBA52KGU6, STM32WBA52KGU6TR, STM32WBA54CEU6, STM32WBA54CEU6TR, STM32WBA54CEU7, STM32WBA54CEU7TR, STM32WBA54CGU6, STM32WBA54CGU6TR, STM32WBA54CGU7, STM32WBA54CGU7TR, STM32WBA54KEU6, STM32WBA54KEU6TR, STM32WBA54KEU7, STM32WBA54KEU7TR, STM32WBA54KGU6, STM32WBA54KGU6TR, STM32WBA54KGU7, STM32WBA54KGU7TR, STM32WBA55CEU6, STM32WBA55CEU6TR, STM32WBA55CEU7, STM32WBA55CEU7TR, STM32WBA55CGU6, STM32WBA55CGU6TR, STM32WBA55CGU6U, STM32WBA55CGU7, STM32WBA55CGU7TR, STM32WBA55G-DK1, STM32WBA55HEF6, STM32WBA55HEF7, STM32WBA55HGF6, STM32WBA55HGF7, STM32WBA55UEI6, STM32WBA55UEI6TR, STM32WBA55UEI7, STM32WBA55UEI7TR, STM32WBA55UGI6, STM32WBA55UGI6TR, STM32WBA55UGI7, STM32WBA55UGI7TR, STM32WBA5MMGH6TR, STM32WBA62MGF6, STM32WBA62MIF6, STM32WBA65MGF7, STM32WBA65MIF6, STM32WBA65MIF7, STM32WL30K8V6, STM32WL30KBV6, STM32WL31C8V6, STM32WL31CBV6, STM32WL31K8V6, STM32WL31KBV6, STM32WL33C8V6, STM32WL33C8V6X, STM32WL33CBV6, STM32WL33CBV6X, STM32WL33CCV6, STM32WL33CCV6A, STM32WL33CCV6X, STM32WL33K8V7, STM32WL33K8V7X, STM32WL33KBV7 , STM32WL33KBV7X, STM32WL33KCV7, STM32WL33KCV7X, STM32WL5MOCH6, STM32WL5MOCH6TR]
2026-03-30 12:52:13,754 [INFO] BoardInfo:889 - No configuration file found for board NUCLEO-H5E5ZJ
2026-03-30 12:52:13,755 [INFO] DbBoards:161 - Board is not supported: NUCLEO-H5E5ZJ
2026-03-30 12:52:13,783 [INFO] BoardInfo:889 - No configuration file found for board NUCLEO-U3C5ZI-Q
2026-03-30 12:52:13,783 [INFO] DbBoards:161 - Board is not supported: NUCLEO-U3C5ZI-Q
2026-03-30 12:52:13,791 [INFO] BoardInfo:889 - No configuration file found for board NUCLEO-WBA25CE1
2026-03-30 12:52:13,791 [INFO] DbBoards:161 - Board is not supported: NUCLEO-WBA25CE1
2026-03-30 12:52:13,796 [INFO] BoardInfo:889 - No configuration file found for board NUCLEO-WL3RKB1
2026-03-30 12:52:13,796 [INFO] DbBoards:161 - Board is not supported: NUCLEO-WL3RKB1
2026-03-30 12:52:13,797 [INFO] BoardInfo:889 - No configuration file found for board NUCLEO-WL3RKB2
2026-03-30 12:52:13,797 [INFO] DbBoards:161 - Board is not supported: NUCLEO-WL3RKB2
2026-03-30 12:52:13,801 [INFO] BoardInfo:889 - No configuration file found for board P-NUCLEO-WB55
2026-03-30 12:52:13,802 [INFO] DbBoards:161 - Kit is not supported: P-NUCLEO-WB55
2026-03-30 12:52:13,805 [INFO] BoardInfo:889 - No configuration file found for board STEVAL-BFA001V1B
2026-03-30 12:52:13,805 [INFO] DbBoards:161 - Kit is not supported: STEVAL-BFA001V1B
2026-03-30 12:52:13,806 [INFO] BoardInfo:889 - No configuration file found for board STEVAL-BFA001V2B
2026-03-30 12:52:13,806 [INFO] DbBoards:161 - Kit is not supported: STEVAL-BFA001V2B
2026-03-30 12:52:13,857 [INFO] BoardInfo:889 - No configuration file found for board STM32H5F5J-DK
2026-03-30 12:52:13,857 [INFO] DbBoards:161 - Board is not supported: STM32H5F5J-DK
2026-03-30 12:52:13,897 [INFO] DbBoards:168 - Found 218 boards, 209 are supported
2026-03-30 12:52:13,898 [INFO] DbBoards:169 - Found 218 boards, 43 of them is supported for  Bsp
2026-03-30 12:52:13,903 [INFO] ApiDb:423 - Load user favorites file /home/sunbeam/.stm32cubeide/favorites.boards.txt: 1 item(s)
2026-03-30 12:52:13,903 [INFO] ApiDb:427 - User favorites Boards=[STM32F407G-DISC1]
2026-03-30 12:52:13,904 [INFO] DbBoards:198 - Set 1 / 1 favorites Boards
2026-03-30 12:52:13,904 [INFO] McuFinderGlobals:76 - Set McuFinderConnectedMode to true
2026-03-30 12:52:13,940 [INFO] MultiScanPanel:200 - Auto-refresh data requested => check proxy status ongoing
2026-03-30 12:52:13,943 [INFO] FinderPluginLoader:96 - Searching for filters in installed packs
2026-03-30 12:52:15,561 [INFO] LoadUrlFilesThread:185 - End of LoadServerUrlFiles without Thread
2026-03-30 12:52:15,576 [INFO] DetailPanel:341 - Set advertising image to /home/sunbeam/STM32Cube/Repository//en.prom-stm32c5-0326.jpg
2026-03-30 12:52:18,929 [INFO] MultiScanPanel:200 - Auto-refresh data requested => check proxy status ongoing
2026-03-30 12:52:19,211 [INFO] LoadUrlFilesThread:185 - End of LoadServerUrlFiles without Thread
2026-03-30 12:52:19,212 [INFO] DetailPanel:341 - Set advertising image to /home/sunbeam/STM32Cube/Repository//en.prom-stm32c5-0326.jpg
2026-03-30 12:52:19,228 [INFO] DbBoards:642 - Loading board mini-images...
2026-03-30 12:52:21,755 [INFO] DbBoards:665 - Loaded 218 board mini-images
2026-03-30 12:52:50,415 [INFO] MainUpdater:2872 - connection check result : 10
2026-03-30 12:52:50,415 [INFO] MainUpdater:2872 - connection check result : 10
2026-03-30 12:52:50,428 [INFO] MicroXplorer:468 - Change Database Path : 
2026-03-30 12:52:50,428 [INFO] MicroXplorer:498 - Change Database Version : DB.6.0.150
2026-03-30 12:52:50,434 [WARN] ThirdParty:871 - waiting for thirdparty lock release [close project]
2026-03-30 12:52:50,434 [INFO] ThirdParty:873 - entering critical section [close project]
2026-03-30 12:52:50,435 [INFO] ThirdParty:883 - exiting critical section [close project]
2026-03-30 12:52:50,438 [INFO] PinOutPanel:1589 - setPackage(No Configuration,No Configuration)
2026-03-30 12:52:50,441 [INFO] UtilMem:75 - Begin LoadConfig() Used Memory: 232765832 Bytes (692060160)
2026-03-30 12:52:50,444 [INFO] OpenFileManager:355 - Change cursor
2026-03-30 12:52:50,502 [INFO] ProjectFactory:514 - No CPN specified for board STM32F407G-DISC1 => set CPN to STM32F407VGT6
2026-03-30 12:52:50,505 [INFO] Mcu:2029 - Initializing MCU STM32F407V(E-G)Tx STM32F407VGTx STM32F407VGT6
2026-03-30 12:52:51,973 [INFO] Context:786 - Trying to add GPIOservice into a context  which must be forbidden
2026-03-30 12:52:52,446 [INFO] Rule:233 - rule 117617 - U5Cobra4M][GTZC] default value MPCBB3 and MPCBB5 - Not Secured memory - MPCBB1 is applicable
2026-03-30 12:52:52,446 [INFO] Rule:233 - rule 117617 - U5Cobra4M][GTZC] default value MPCBB3 and MPCBB5 - Not Secured memory - MPCBB1 is applicable
2026-03-30 12:52:52,446 [INFO] Rule:233 - rule 117617 - U5Cobra4M][GTZC] default value MPCBB3 and MPCBB5 - Not Secured memory - MPCBB2 is applicable
2026-03-30 12:52:52,446 [INFO] Rule:233 - rule 117617 - U5Cobra4M][GTZC] default value MPCBB3 and MPCBB5 - Not Secured memory - MPCBB2 is applicable
2026-03-30 12:52:52,446 [INFO] Rule:233 - rule 117617 - U5Cobra4M][GTZC] default value MPCBB3 and MPCBB5 - Not Secured memory - MPCBB3 is applicable
2026-03-30 12:52:52,446 [INFO] Rule:233 - rule 117617 - U5Cobra4M][GTZC] default value MPCBB3 and MPCBB5 - Not Secured memory - MPCBB3 is applicable
2026-03-30 12:52:52,446 [INFO] Rule:233 - rule 117617 - U5Cobra4M][GTZC] default value MPCBB3 and MPCBB5 - Not Secured memory - MPCBB4 is applicable
2026-03-30 12:52:52,446 [INFO] Rule:233 - rule 117617 - U5Cobra4M][GTZC] default value MPCBB3 and MPCBB5 - Not Secured memory - MPCBB4 is applicable
2026-03-30 12:52:52,446 [INFO] Rule:233 - rule 117617 - U5Cobra4M][GTZC] default value MPCBB3 and MPCBB5 - Secured memory - MPCBB1 is applicable
2026-03-30 12:52:52,446 [INFO] Rule:233 - rule 117617 - U5Cobra4M][GTZC] default value MPCBB3 and MPCBB5 - Secured memory - MPCBB2 is applicable
2026-03-30 12:52:52,446 [INFO] Rule:233 - rule 117617 - U5Cobra4M][GTZC] default value MPCBB3 and MPCBB5 - Secured memory - MPCBB3 is applicable
2026-03-30 12:52:52,447 [INFO] Rule:233 - rule 117617 - U5Cobra4M][GTZC] default value MPCBB3 and MPCBB5 - Secured memory - MPCBB4 is applicable
2026-03-30 12:52:52,447 [INFO] Rule:233 - rule 117617 - U5Cobra4M][GTZC] default value MPCBB3 and MPCBB5 - Privileged memory - MPCBB1 is applicable
2026-03-30 12:52:52,447 [INFO] Rule:233 - rule 117617 - U5Cobra4M][GTZC] default value MPCBB3 and MPCBB5 - Privileged memory - MPCBB2 is applicable
2026-03-30 12:52:52,447 [INFO] Rule:233 - rule 117617 - U5Cobra4M][GTZC] default value MPCBB3 and MPCBB5 - Privileged memory - MPCBB3 is applicable
2026-03-30 12:52:52,447 [INFO] Rule:233 - rule 117617 - U5Cobra4M][GTZC] default value MPCBB3 and MPCBB5 - Privileged memory - MPCBB4 is applicable
2026-03-30 12:52:52,447 [INFO] Rule:233 - rule 117617 - U5Cobra4M][GTZC] default value MPCBB3 and MPCBB5 - Not Privileged memory - MPCBB1 is applicable
2026-03-30 12:52:52,447 [INFO] Rule:233 - rule 117617 - U5Cobra4M][GTZC] default value MPCBB3 and MPCBB5 - Not Privileged memory - MPCBB2 is applicable
2026-03-30 12:52:52,447 [INFO] Rule:233 - rule 117617 - U5Cobra4M][GTZC] default value MPCBB3 and MPCBB5 - Not Privileged memory - MPCBB3 is applicable
2026-03-30 12:52:52,447 [INFO] Rule:233 - rule 117617 - U5Cobra4M][GTZC] default value MPCBB3 and MPCBB5 - Not Privileged memory - MPCBB4 is applicable
2026-03-30 12:52:52,447 [INFO] Rule:233 - rule 117617 - U5Cobra4M][GTZC] default value MPCBB3 and MPCBB5 - Privileged memory - MPCBB1 is applicable
2026-03-30 12:52:52,447 [INFO] Rule:233 - rule 117617 - U5Cobra4M][GTZC] default value MPCBB3 and MPCBB5 - Privileged memory - MPCBB2 is applicable
2026-03-30 12:52:52,447 [INFO] Rule:233 - rule 117617 - U5Cobra4M][GTZC] default value MPCBB3 and MPCBB5 - Privileged memory - MPCBB3 is applicable
2026-03-30 12:52:52,447 [INFO] Rule:233 - rule 117617 - U5Cobra4M][GTZC] default value MPCBB3 and MPCBB5 - Privileged memory - MPCBB4 is applicable
2026-03-30 12:52:52,447 [INFO] Rule:233 - rule 117617 - U5Cobra4M][GTZC] default value MPCBB3 and MPCBB5 - Privileged memory - MPCBB1 is applicable
2026-03-30 12:52:52,447 [INFO] Rule:233 - rule 117617 - U5Cobra4M][GTZC] default value MPCBB3 and MPCBB5 - Privileged memory - MPCBB2 is applicable
2026-03-30 12:52:52,447 [INFO] Rule:233 - rule 117617 - U5Cobra4M][GTZC] default value MPCBB3 and MPCBB5 - Privileged memory - MPCBB3 is applicable
2026-03-30 12:52:52,447 [INFO] Rule:233 - rule 117617 - U5Cobra4M][GTZC] default value MPCBB3 and MPCBB5 - Privileged memory - MPCBB4 is applicable
2026-03-30 12:52:52,447 [INFO] Rule:233 - rule 117617 - U5Cobra4M][GTZC] default value MPCBB3 and MPCBB5 - Not Privileged memory - MPCBB1 is applicable
2026-03-30 12:52:52,447 [INFO] Rule:233 - rule 117617 - U5Cobra4M][GTZC] default value MPCBB3 and MPCBB5 - Not Privileged memory - MPCBB2 is applicable
2026-03-30 12:52:52,447 [INFO] Rule:233 - rule 117617 - U5Cobra4M][GTZC] default value MPCBB3 and MPCBB5 - Not Privileged memory - MPCBB3 is applicable
2026-03-30 12:52:52,447 [INFO] Rule:233 - rule 117617 - U5Cobra4M][GTZC] default value MPCBB3 and MPCBB5 - Not Privileged memory - MPCBB4 is applicable
2026-03-30 12:52:52,447 [INFO] Rule:233 - rule 117617 - U5Cobra4M][GTZC] default value MPCBB3 and MPCBB5 - Privileged memory - MPCBB1 is applicable
2026-03-30 12:52:52,447 [INFO] Rule:233 - rule 117617 - U5Cobra4M][GTZC] default value MPCBB3 and MPCBB5 - Privileged memory - MPCBB2 is applicable
2026-03-30 12:52:52,447 [INFO] Rule:233 - rule 117617 - U5Cobra4M][GTZC] default value MPCBB3 and MPCBB5 - Privileged memory - MPCBB3 is applicable
2026-03-30 12:52:52,447 [INFO] Rule:233 - rule 117617 - U5Cobra4M][GTZC] default value MPCBB3 and MPCBB5 - Privileged memory - MPCBB4 is applicable
2026-03-30 12:52:52,448 [INFO] Rule:233 - rule Rename SubGHz_Phy SUBGHZ_APPLICATION SUBGHZ_PINGPONG to SUBGHZ_ADV_APPLICATION is applicable
2026-03-30 12:52:52,448 [INFO] Rule:233 - rule Rename Enabled to IBEACON is applicable
2026-03-30 12:52:52,448 [INFO] Rule:233 - rule GTZC_S instance for project manager is applicable
2026-03-30 12:52:52,448 [INFO] Rule:233 - rule GTZC_S instance for context M33S is applicable
2026-03-30 12:52:52,448 [INFO] Rule:233 - rule GTZC_S instance value for IP GTZC is applicable
2026-03-30 12:52:52,448 [INFO] Rule:233 - rule GTZC_S instance for mcu.IP is applicable
2026-03-30 12:52:52,448 [INFO] Rule:233 - rule GTZC_S instance for VP is applicable
2026-03-30 12:52:52,448 [INFO] Rule:233 - rule GTZC_S instance for signal is applicable
2026-03-30 12:52:52,448 [INFO] Rule:233 - rule GTZC_S instance for mcu.Pin is applicable
2026-03-30 12:52:52,448 [INFO] Rule:233 - rule GTZC_S instance for VP is applicable
2026-03-30 12:52:52,448 [INFO] Rule:233 - rule GTZC_S instance for signal is applicable
2026-03-30 12:52:52,448 [INFO] Rule:233 - rule GTZC_S instance for mcu is applicable
2026-03-30 12:52:52,448 [INFO] Rule:233 - rule GTZC_S instance for mcu.Pin is applicable
2026-03-30 12:52:52,448 [INFO] Rule:233 - rule GTZC_S instance value for IP GTZC is applicable
2026-03-30 12:52:52,448 [INFO] Rule:233 - rule GTZC_S instance for project manager is applicable
2026-03-30 12:52:52,448 [INFO] Rule:233 - rule GTZC_S instance for context M33S is applicable
2026-03-30 12:52:52,448 [INFO] Rule:233 - rule GTZC_S instance for VP is applicable
2026-03-30 12:52:52,448 [INFO] Rule:233 - rule GTZC_S instance for signal is applicable
2026-03-30 12:52:52,448 [INFO] Rule:233 - rule SPDIFRX instance for mcu is applicable
2026-03-30 12:52:52,448 [INFO] Rule:233 - rule Rename Tracer Mode is applicable
2026-03-30 12:52:52,448 [INFO] Rule:233 - rule SPDIFRX instance value for IP SPDIFRX is applicable
2026-03-30 12:52:52,448 [INFO] Rule:233 - rule SPDIFRX instance for signal is applicable
2026-03-30 12:52:52,448 [INFO] Rule:233 - rule SPDIFRX instance for project manager is applicable
2026-03-30 12:52:52,449 [INFO] Rule:233 - rule SPDIFRX instance for project manager is applicable
2026-03-30 12:52:52,449 [INFO] Rule:233 - rule ADC Scan  fix with FW F7 is applicable
2026-03-30 12:52:52,449 [INFO] Rule:233 - rule ADC Scan  fix with FW F7 is applicable
2026-03-30 12:52:52,449 [INFO] Rule:233 - rule WakeUp0 Mode is applicable
2026-03-30 12:52:52,449 [INFO] Rule:233 - rule WakeUp0 SIGNAL is applicable
2026-03-30 12:52:52,449 [INFO] Rule:233 - rule WakeUp1 Mode is applicable
2026-03-30 12:52:52,449 [INFO] Rule:233 - rule WakeUp1 SIGNAL is applicable
2026-03-30 12:52:52,449 [INFO] Rule:233 - rule WakeUp2 Mode is applicable
2026-03-30 12:52:52,449 [INFO] Rule:233 - rule WakeUp2 SIGNAL is applicable
2026-03-30 12:52:52,449 [INFO] Rule:233 - rule WakeUp4 Mode is applicable
2026-03-30 12:52:52,449 [INFO] Rule:233 - rule WakeUp4 SIGNAL is applicable
2026-03-30 12:52:52,449 [INFO] Rule:233 - rule WakeUp5 Mode is applicable
2026-03-30 12:52:52,449 [INFO] Rule:233 - rule WakeUp5 SIGNAL is applicable
2026-03-30 12:52:52,449 [INFO] Rule:233 - rule UART/USART WORD LENGTH 7 is applicable
2026-03-30 12:52:52,449 [INFO] Rule:233 - rule UART/USART WORD LENGTH 8 is applicable
2026-03-30 12:52:52,449 [INFO] Rule:233 - rule UART/USART WORD LENGTH 9 is applicable
2026-03-30 12:52:52,449 [INFO] Rule:233 - rule Change Default Value for LSE Drive Capability for WB family is applicable
2026-03-30 12:52:52,449 [INFO] Rule:233 - rule Change Default Value for ADC Clock Prescaler G0 family is applicable
2026-03-30 12:52:52,449 [INFO] Rule:233 - rule ADC SamplingTime fix with FW L0  is applicable
2026-03-30 12:52:52,449 [INFO] Rule:233 - rule ADC SamplingTime fix with FW L0  is applicable
2026-03-30 12:52:52,449 [INFO] Rule:233 - rule ADC SamplingTime fix with FW L0 is applicable
2026-03-30 12:52:52,449 [INFO] Rule:233 - rule ADC SamplingTime fix with FW L0 is applicable
2026-03-30 12:52:52,449 [INFO] Rule:233 - rule ADC SamplingTime fix with FW L0  is applicable
2026-03-30 12:52:52,450 [INFO] Rule:233 - rule ADC SamplingTime fix with FW L0 is applicable
2026-03-30 12:52:52,450 [INFO] Rule:233 - rule Rename USB_OE Signal is applicable
2026-03-30 12:52:52,450 [INFO] Rule:233 - rule Rename Activate_OE Mode is applicable
2026-03-30 12:52:52,450 [INFO] Rule:233 - rule Rename DIE462/DIE415 pin PC14/OSC32_IN -> PC14-OSC32_IN (PC14) is applicable
2026-03-30 12:52:52,450 [INFO] Rule:233 - rule Rename DIE462/DIE415 pin PC15/OSC32_OUT -> PC15-OSC32_OUT (PC15) is applicable
2026-03-30 12:52:52,450 [INFO] Rule:233 - rule Rename DIE462/DIE415 pin PH0/OSC_IN -> PH0-OSC_IN (PH0) is applicable
2026-03-30 12:52:52,450 [INFO] Rule:233 - rule Rename DIE462/DIE415 pin PH1/OSC_OUT -> PH1-OSC_OUT (PH1) is applicable
2026-03-30 12:52:52,450 [INFO] Rule:233 - rule Rename DIE462 pin PA13 -> PA13 (JTMS/SWDIO) is applicable
2026-03-30 12:52:52,450 [INFO] Rule:233 - rule Rename DIE415 pin PA13 -> PA13 (JTMS/SWDIO) is applicable
2026-03-30 12:52:52,450 [INFO] Rule:233 - rule Rename DIE462 pin PA14 -> PA14 (JTCK/SWCLK) is applicable
2026-03-30 12:52:52,450 [INFO] Rule:233 - rule Rename DIE415 pin PA14 -> PA14 (JTCK/SWCLK) is applicable
2026-03-30 12:52:52,450 [INFO] Rule:233 - rule Rename DIE462/DIE415 pin PA15 -> PA15 (JTDI) is applicable
2026-03-30 12:52:52,450 [INFO] Rule:233 - rule Rename DIE462 pin PB3 -> PB3 (JTD0/TRACESWO) is applicable
2026-03-30 12:52:52,450 [INFO] Rule:233 - rule Rename DIE415 pin PB3 -> PB3 (JTD0-TRACESWO) is applicable
2026-03-30 12:52:52,450 [INFO] Rule:233 - rule Rename DIE462/DIE415 pin PB4 -> PB4 (NJTRST) is applicable
2026-03-30 12:52:52,450 [INFO] Rule:233 - rule Rename DIE462 pin PH3/BOOT0 -> PH3-BOOT0 (BOOT0) is applicable
2026-03-30 12:52:52,450 [INFO] Rule:233 - rule Rename CRYP DataEncryptionTypesList to Algorithm is applicable
2026-03-30 12:52:52,450 [INFO] Rule:233 - rule Rename AES DataEncryptionTypesList to Algorithm is applicable
2026-03-30 12:52:52,450 [INFO] Rule:233 - rule Rename TDESECB to CRYP_TDES_ECB is applicable
2026-03-30 12:52:52,450 [INFO] Rule:233 - rule Rename TDESCBC to CRYP_TDES_CBC is applicable
2026-03-30 12:52:52,450 [INFO] Rule:233 - rule Rename DESECB to CRYP_DES_ECB is applicable
2026-03-30 12:52:52,450 [INFO] Rule:233 - rule Rename DESCBC to CRYP_DES_CBC is applicable
2026-03-30 12:52:52,450 [INFO] Rule:233 - rule Rename AESECB to CRYP_AES_ECB is applicable
2026-03-30 12:52:52,450 [INFO] Rule:233 - rule Rename AESCBC to CRYP_AES_CBC is applicable
2026-03-30 12:52:52,450 [INFO] Rule:233 - rule Rename AESCTR to CRYP_AES_CTR is applicable
2026-03-30 12:52:52,450 [INFO] Rule:233 - rule Rename AESGCM to CRYP_AES_GCM is applicable
2026-03-30 12:52:52,450 [INFO] Rule:233 - rule Rename AESCCM to CRYP_AES_CCM is applicable
2026-03-30 12:52:52,451 [INFO] Rule:233 - rule Rename CAN TimeSeg1 to BS1 is applicable
2026-03-30 12:52:52,451 [INFO] Rule:233 - rule Rename CAN TimeSeg2 to BS2 is applicable
2026-03-30 12:52:52,451 [INFO] Rule:233 - rule Rename CAN SyncJumpWidth to SJW is applicable
2026-03-30 12:52:52,451 [INFO] Rule:233 - rule TimeTriggeredMode to TTCM is applicable
2026-03-30 12:52:52,451 [INFO] Rule:233 - rule Rename CAN AutoBusOff to ABOM is applicable
2026-03-30 12:52:52,451 [INFO] Rule:233 - rule Rename CAN AutoWakeUp to AWUM is applicable
2026-03-30 12:52:52,451 [INFO] Rule:233 - rule Rename CAN AutoRetransmission to NART is applicable
2026-03-30 12:52:52,451 [INFO] Rule:233 - rule Rename CAN ReceiveFifoLocked to RFLM is applicable
2026-03-30 12:52:52,451 [INFO] Rule:233 - rule Rename CAN TransmitFifoPriority to TXFP is applicable
2026-03-30 12:52:52,451 [INFO] Rule:233 - rule Rename HRTIMER HRTIM_OUTPUTFAULTLEVEL_HIGH in HRTIMER HRTIM_OUTPUTFAULTLEVEL_HIGHZ is applicable
2026-03-30 12:52:52,451 [INFO] Rule:233 - rule Rename TIMER TIM_CLEARINPUTSOURCE_OCREFCLR in  TIMER TIM_CLEARINPUTSOURCE_NONE for F7 family is applicable
2026-03-30 12:52:52,451 [INFO] Rule:233 - rule FDCAN_R1 - Rename FDCAN mode Master into Classic is applicable
2026-03-30 12:52:52,451 [INFO] Rule:233 - rule FDCAN_R2 - Rename FDCAN mode Slave into Classic is applicable
2026-03-30 12:52:52,452 [INFO] Rule:233 - rule FDCAN1_R3 - if PA10.Mode=FullDuplex, add Pin PA12 is applicable
2026-03-30 12:52:52,452 [INFO] Rule:233 - rule FDCAN1_R3 - if PA9.Mode=FullDuplex, add Pin PA11 is applicable
2026-03-30 12:52:52,452 [INFO] Rule:233 - rule FDCAN1_R3 - Alternatepin_1 - if PE1.Mode=FullDuplex, add Pin PB9 is applicable
2026-03-30 12:52:52,452 [INFO] Rule:233 - rule FDCAN1_R3 - Alternatepin_1 - if PE0.Mode=FullDuplex, add Pin PB8 is applicable
2026-03-30 12:52:52,452 [INFO] Rule:233 - rule FDCAN1_R3 - Alternatepin_2 - if PD5.Mode=FullDuplex, add Pin PD1 is applicable
2026-03-30 12:52:52,452 [INFO] Rule:233 - rule FDCAN1_R3 - Alternatepin_2 - if PD4.Mode=FullDuplex, add Pin PD0 is applicable
2026-03-30 12:52:52,452 [INFO] Rule:233 - rule FDCAN1_R4 - Rename Mode FullDuplex into Enable FDCAN_TXFD for pin PA10 is applicable
2026-03-30 12:52:52,452 [INFO] Rule:233 - rule FDCAN1_R4 - Rename Mode FullDuplex into Enable FDCAN_TXFD for pin PA9 is applicable
2026-03-30 12:52:52,452 [INFO] Rule:233 - rule FDCAN1_R4 - Alternatepin_1 - Rename Mode FullDuplex into Enable FDCAN_TXFD for pin PE1 is applicable
2026-03-30 12:52:52,452 [INFO] Rule:233 - rule FDCAN1_R4 - Alternatepin_1 - Rename Mode FullDuplex into Enable FDCAN_TXFD for pin PE0 is applicable
2026-03-30 12:52:52,452 [INFO] Rule:233 - rule FDCAN1_R4 - Alternatepin_2 - Rename Mode FullDuplex into Enable FDCAN_TXFD for pin PD5 is applicable
2026-03-30 12:52:52,452 [INFO] Rule:233 - rule FDCAN1_R4 - Alternatepin_2 - Rename Mode FullDuplex into Enable FDCAN_TXFD for pin PD4 is applicable
2026-03-30 12:52:52,452 [INFO] Rule:233 - rule FDCAN2_R3 - if PD10.Mode=FullDuplex, add Pin PB13 is applicable
2026-03-30 12:52:52,452 [INFO] Rule:233 - rule FDCAN2_R3 - if PD9.Mode=FullDuplex, add Pin PB12 is applicable
2026-03-30 12:52:52,452 [INFO] Rule:233 - rule FDCAN2_R3 - Alternatepin_1 - if PB7.Mode=FullDuplex, add Pin PB6 is applicable
2026-03-30 12:52:52,452 [INFO] Rule:233 - rule FDCAN2_R3 - Alternatepin_1 - if PD9.Mode=FullDuplex, add Pin PB12 is applicable
2026-03-30 12:52:52,452 [INFO] Rule:233 - rule FDCAN2_R4 - Rename Mode FullDuplex into Enable FDCAN_TXFD for pin PD10 is applicable
2026-03-30 12:52:52,452 [INFO] Rule:233 - rule FDCAN2_R4 - Rename Mode FullDuplex into Enable FDCAN_TXFD for pin PD9 is applicable
2026-03-30 12:52:52,452 [INFO] Rule:233 - rule FDCAN2_R4 - Alternatepin_1 - Rename Mode FullDuplex into Enable FDCAN_TXFD for pin PB7 is applicable
2026-03-30 12:52:52,452 [INFO] Rule:233 - rule FDCAN2_R4 - Alternatepin_1 - Rename Mode FullDuplex into Enable FDCAN_TXFD for pin PD6 is applicable
2026-03-30 12:52:52,452 [INFO] Rule:233 - rule USART TxPinLevelInvertParam Mode is applicable
2026-03-30 12:52:52,452 [INFO] Rule:233 - rule USART RxPinLevelInvertParam Mode is applicable
2026-03-30 12:52:52,452 [INFO] Rule:233 - rule USART DataInvertParam Mode is applicable
2026-03-30 12:52:52,452 [INFO] Rule:233 - rule USART SwapParam Mode is applicable
2026-03-30 12:52:52,453 [INFO] Rule:233 - rule USART OverrunDisableParam Mode is applicable
2026-03-30 12:52:52,453 [INFO] Rule:233 - rule USART DMADisableonRxErrorParam Mode is applicable
2026-03-30 12:52:52,453 [INFO] Rule:233 - rule USART MSBFirstParam Mode is applicable
2026-03-30 12:52:52,453 [INFO] Rule:233 - rule Update MwName for USB_DEVICE is applicable
2026-03-30 12:52:52,453 [INFO] Rule:233 - rule Change PWR_Regulator_Voltage_Scale Default Value for RCC  H7 family is applicable
2026-03-30 12:52:52,453 [INFO] Rule:233 - rule UART/USART IPParameter rename Prescaler parameter to ClockPrescaler is applicable
2026-03-30 12:52:52,453 [INFO] Rule:233 - rule UART/USART Prescaler rename Prescaler parameter to ClockPrescaler is applicable
2026-03-30 12:52:52,453 [INFO] Rule:233 - rule TIM1CLockSelection is applicable
2026-03-30 12:52:52,453 [INFO] Rule:233 - rule TIM15CLockSelection is applicable
2026-03-30 12:52:52,453 [INFO] Rule:233 - rule align RCC SDMMC3CLockSelection default value on MP1 is applicable
2026-03-30 12:52:52,453 [INFO] Rule:233 - rule align RCC SDMMC12CLockSelection default value on MP1 is applicable
2026-03-30 12:52:52,453 [INFO] Rule:233 - rule align RCC QSPICLockSelection default value on MP1 is applicable
2026-03-30 12:52:52,453 [INFO] Rule:233 - rule align RCC QSPICLockSelection default value on MP1 is applicable
2026-03-30 12:52:52,453 [INFO] Rule:233 - rule align RCC SPI6CLockSelection default value on MP1 is applicable
2026-03-30 12:52:52,453 [INFO] Rule:233 - rule align RCC LPTIM23CLockSelection default value on MP1 is applicable
2026-03-30 12:52:52,453 [INFO] Rule:233 - rule align RCC LPTIM1CLockSelection default value on MP1 is applicable
2026-03-30 12:52:52,453 [INFO] Rule:233 - rule align RCC USART1CLockSelection default value on MP1 is applicable
2026-03-30 12:52:52,453 [INFO] Rule:233 - rule align RCC USART24CLockSelection default value on MP1 is applicable
2026-03-30 12:52:52,453 [INFO] Rule:233 - rule align RCC USART6CLockSelection default value on MP1 is applicable
2026-03-30 12:52:52,453 [INFO] Rule:233 - rule align RCC UART78CLockSelection default value on MP1 is applicable
2026-03-30 12:52:52,453 [INFO] Rule:233 - rule align RCC USART35CLockSelection default value on MP1 is applicable
2026-03-30 12:52:52,453 [INFO] Rule:233 - rule align RCC SPI45CLockSelection default value on MP1 is applicable
2026-03-30 12:52:52,453 [INFO] Rule:233 - rule align RCC I2C46CLockSelection BCLK value on MP1 is applicable
2026-03-30 12:52:52,453 [INFO] Rule:233 - rule align RCC SPI45CLockSelection default value on MP1 is applicable
2026-03-30 12:52:52,453 [INFO] Rule:233 - rule align RCC I2C12CLockSelection default value on MP1 is applicable
2026-03-30 12:52:52,453 [INFO] Rule:233 - rule align RCC I2C35CLockSelection default value on MP1 is applicable
2026-03-30 12:52:52,453 [INFO] Rule:233 - rule align RCC LPTIM45CLockSelection default value on MP1 is applicable
2026-03-30 12:52:52,454 [INFO] Rule:233 - rule Rename DCMI PIXCK signal is applicable
2026-03-30 12:52:52,454 [INFO] Rule:233 - rule Change Default Value for I2C46CLockSelection MP1 family is applicable
2026-03-30 12:52:52,454 [INFO] Rule:233 - rule Change Default Value for UART for G4, G0 and WB families is applicable
2026-03-30 12:52:52,454 [INFO] Rule:233 - rule Change Default Value for USART for G4, G0 and WB families is applicable
2026-03-30 12:52:52,454 [INFO] Rule:233 - rule Change Default Value for USART for G4 family is applicable
2026-03-30 12:52:52,454 [INFO] Rule:233 - rule Change USART1CLockSelection refparam name for MP1 is applicable
2026-03-30 12:52:52,454 [INFO] Rule:233 - rule Change USART2CLockSelection refparam name for MP1 is applicable
2026-03-30 12:52:52,454 [INFO] Rule:233 - rule Change USART3CLockSelection refparam name for MP1 is applicable
2026-03-30 12:52:52,454 [INFO] Rule:233 - rule Change UART4CLockSelection refparam name for MP1 is applicable
2026-03-30 12:52:52,454 [INFO] Rule:233 - rule Change UART5CLockSelection refparam name for MP1 is applicable
2026-03-30 12:52:52,454 [INFO] Rule:233 - rule Change LPUART1CLockSelection refparam name for MP1 is applicable
2026-03-30 12:52:52,454 [INFO] Rule:233 - rule Change LPTIM1CLockSelection refparam name for MP1 is applicable
2026-03-30 12:52:52,454 [INFO] Rule:233 - rule Change LPTIM2CLockSelection refparam name for MP1 is applicable
2026-03-30 12:52:52,454 [INFO] Rule:233 - rule Change RCC_MCO1Source refparam name for MP1 is applicable
2026-03-30 12:52:52,454 [INFO] Rule:233 - rule Change LSCOSource1 refparam name for MP1 is applicable
2026-03-30 12:52:52,454 [INFO] Rule:233 - rule Change SMPSCLockSelection refparam name for MP1 is applicable
2026-03-30 12:52:52,454 [INFO] Rule:233 - rule Change LPTIM3CLockSelection refparam name for MP1 is applicable
2026-03-30 12:52:52,454 [INFO] Rule:233 - rule Change MPCBB* Default Template Mode to Parameters is applicable
2026-03-30 12:52:52,454 [INFO] Rule:233 - rule Change MPCWM* or MPCBB* Secure Mode to Parameters is applicable
2026-03-30 12:52:52,454 [INFO] Rule:233 - rule Change MPCWM* or MPCBB* No Secure Mode to Parameters is applicable
2026-03-30 12:52:52,454 [INFO] Rule:233 - rule Change TZSC IP Secure Mode to Parameters is applicable
2026-03-30 12:52:52,454 [INFO] Rule:233 - rule Change TZSC IP No Secure Mode to Parameters is applicable
2026-03-30 12:52:52,454 [INFO] Rule:233 - rule Change TZSC IP Privilege Mode to Parameters is applicable
2026-03-30 12:52:52,454 [INFO] Rule:233 - rule Change TZSC IP No Privilege Mode to Parameters is applicable
2026-03-30 12:52:52,454 [INFO] Rule:233 - rule Change TZIC IT Secure Mode to Parameters is applicable
2026-03-30 12:52:52,454 [INFO] Rule:233 - rule Change TZIC IT No Secure Mode to Parameters is applicable
2026-03-30 12:52:52,454 [INFO] Rule:233 - rule Add MPCBB1_NonSecureArea_Start_Address value with referenced to MPCBB1_NonSecureArea_Start value is applicable
2026-03-30 12:52:52,454 [INFO] Rule:233 - rule Add MPCBB2_NonSecureArea_Start_Address value with referenced to MPCBB2_NonSecureArea_Start value is applicable
2026-03-30 12:52:52,455 [INFO] Rule:233 - rule Add MPCWM1_NonSecureArea*_Start_Address value with referenced to MPCWM1_NonSecureArea*_Start value is applicable
2026-03-30 12:52:52,455 [INFO] Rule:233 - rule Add MPCWM2_NonSecureArea*_Start_Address value with referenced to MPCWM2_NonSecureArea*_Start value is applicable
2026-03-30 12:52:52,455 [INFO] Rule:233 - rule Add MPCWM3_NonSecureArea_Start_Address value with referenced to MPCWM3_NonSecureArea_Start value is applicable
2026-03-30 12:52:52,455 [INFO] Rule:233 - rule Change Default Value for PLL1UserDefinedConfig is applicable
2026-03-30 12:52:52,455 [INFO] Rule:233 - rule Change GPIO_PuPd Default Value for USART in async mode is applicable
2026-03-30 12:52:52,455 [INFO] Rule:233 - rule Change SMPSDivider Default Value is applicable
2026-03-30 12:52:52,455 [INFO] Rule:233 - rule OPAMP is applicable
2026-03-30 12:52:52,455 [INFO] Rule:233 - rule LPUART IPParameter rename Prescaler parameter to ClockPrescaler for STM32H7 is applicable
2026-03-30 12:52:52,455 [INFO] Rule:233 - rule LPUART IPParameter rename Prescaler parameter to ClockPrescaler for STM32H7 is applicable
2026-03-30 12:52:52,455 [INFO] Rule:233 - rule LPUART IPParameter rename Prescaler parameter to ClockPrescaler for STM32WB is applicable
2026-03-30 12:52:52,455 [INFO] Rule:233 - rule LPUART IPParameter rename Prescaler parameter to ClockPrescaler for STM32WB is applicable
2026-03-30 12:52:52,455 [INFO] Rule:233 - rule LPUART IPParameter rename Prescaler parameter to ClockPrescaler for STM32G4 is applicable
2026-03-30 12:52:52,455 [INFO] Rule:233 - rule LPUART IPParameter rename Prescaler parameter to ClockPrescaler for STM32G4 is applicable
2026-03-30 12:52:52,455 [INFO] Rule:233 - rule LPUART IPParameter rename Prescaler parameter to ClockPrescaler for STM32L5 is applicable
2026-03-30 12:52:52,455 [INFO] Rule:233 - rule LPUART IPParameter rename Prescaler parameter to ClockPrescaler for STM32L5 is applicable
2026-03-30 12:52:52,455 [INFO] Rule:233 - rule LPUART IPParameter rename Prescaler parameter to ClockPrescaler for STM32G4 is applicable
2026-03-30 12:52:52,455 [INFO] Rule:233 - rule LPUART IPParameter rename Prescaler parameter to ClockPrescaler for STM32G4 is applicable
2026-03-30 12:52:52,455 [INFO] Rule:233 - rule USB device lib V2.5.3 for L0 rename USBD_SUPPORT_USER_STRING parameter to USBD_SUPPORT_USER_STRING_DESC4 is applicable
2026-03-30 12:52:52,455 [INFO] Rule:233 - rule I2SCLockSelection clock entry align is applicable
2026-03-30 12:52:52,455 [INFO] Rule:233 - rule Assign TIMx context if used as SYS timebase is applicable
2026-03-30 12:52:52,455 [INFO] Rule:233 - rule Change GPIO_Pu Default Value for I2C is applicable
2026-03-30 12:52:52,455 [INFO] Rule:233 - rule Change GPIO_Pu Default Value for SMBus is applicable
2026-03-30 12:52:52,455 [INFO] Rule:233 - rule change FDCAN default value is applicable
2026-03-30 12:52:52,455 [INFO] Rule:233 - rule Change mode sai is applicable
2026-03-30 12:52:52,455 [INFO] Rule:233 - rule **Change sai mode is applicable
2026-03-30 12:52:52,455 [INFO] Rule:233 - rule Rename STM32WPAN CFG_BLE_IRK to CFG_BLE_IR is applicable
2026-03-30 12:52:52,455 [INFO] Rule:233 - rule Rename STM32WPAN CFG_BLE_ERK to CFG_BLE_ER is applicable
2026-03-30 12:52:52,455 [INFO] Rule:233 - rule Rename STM32WPAN CFG_BLE_IRK_HEX to CFG_BLE_IR_HEX is applicable
2026-03-30 12:52:52,455 [INFO] Rule:233 - rule Rename STM32WPAN CFG_BLE_ERK_HEX to CFG_BLE_ER_HEX is applicable
2026-03-30 12:52:52,455 [INFO] Rule:233 - rule Adapt Old IOC before rework replace old CORTEX_M33/CORTEX_M55 attributes by the new one. is applicable
2026-03-30 12:52:52,456 [INFO] Rule:233 - rule Rename parametre of RCC RCC_APBDBG_DIV2 to RCC_TIMPRES_DIV2 is applicable
2026-03-30 12:52:52,456 [INFO] Rule:233 - rule Rename DIE493 pin PA10 [PA12] -> PA10 is applicable
2026-03-30 12:52:52,456 [INFO] Rule:233 - rule Rename DIE493 pin PA9 [PA11] -> PA9 is applicable
2026-03-30 12:52:52,456 [INFO] Rule:233 - rule Rename DIE492 PartNumber CPN STM32WBA5MJGHx -> STM32WBA5MMGHx is applicable
2026-03-30 12:52:52,456 [INFO] Rule:233 - rule Rename DIE492 PartNumber  Name STM32WBA5MJGHx -> STM32WBA5MMGHx is applicable
2026-03-30 12:52:52,456 [INFO] Rule:233 - rule Rename DIE492 PartNumber UserName STM32WBA5MJGHx -> STM32WBA5MMGHx is applicable
2026-03-30 12:52:52,456 [INFO] Rule:233 - rule Rename DIE492 PartNumber DeviceId STM32WBA5MJGHx -> STM32WBA5MMGHx is applicable
2026-03-30 12:52:52,456 [INFO] Rule:233 - rule Adapt Old IOC CSI. is applicable
2026-03-30 12:52:52,456 [INFO] Rule:233 - rule Adapt Old IOC DCMIPP. is applicable
2026-03-30 12:52:52,456 [INFO] Rule:233 - rule Adapt Old IOC DCMIPP Mode Parallel. is applicable
2026-03-30 12:52:52,456 [INFO] Rule:233 - rule Adapt Old IOC LTDC. is applicable
2026-03-30 12:52:52,456 [INFO] Rule:233 - rule Rename STM32MP2 RIF Peripheral LTDC RIF.RISUP.LTDC_L0L1.Privilege -> RIF.RISUP.LTDC_L1L2.Privilege is applicable
2026-03-30 12:52:52,456 [INFO] Rule:233 - rule Rename STM32MP2 RIF Peripheral LTDC RIF.RISUP.LTDC_L0L1.Privilege -> RIF.RISUP.LTDC_L1L2.Privilege is applicable
2026-03-30 12:52:52,456 [INFO] Rule:233 - rule Rename STM32MP2 RIF Peripheral LTDC RIF.RISUP.LTDC_L0L1.Lock -> RIF.RISUP.LTDC_L1L2.Lock is applicable
2026-03-30 12:52:52,456 [INFO] Rule:233 - rule Rename STM32MP2 RIF Peripheral LTDC RIF.RISUP.LTDC_L2.Lock -> RIF.RISUP.LTDC_L3.Lock is applicable
2026-03-30 12:52:52,456 [INFO] Rule:233 - rule Adapt the old IOC example for updating the SYS when it is misconfigured. is applicable
2026-03-30 12:52:52,456 [INFO] Rule:233 - rule Rename STM32C09 Mcu.Package LQFP64 -> LQFP48 is applicable
2026-03-30 12:52:52,456 [INFO] Rule:233 - rule Adapt the old IOC example for updating the SYS when it is misconfigured. is applicable
2026-03-30 12:52:52,456 [INFO] Rule:233 - rule Adapt the old IOC example for updating the SYS when it is misconfigured. is applicable
2026-03-30 12:52:52,475 [INFO] DbConfProperties:307 - Apply Compatibility (38/250 Rules)
2026-03-30 12:52:52,497 [INFO] ImportTextPane:234 - (OptionalMessage_ERROR) Unable to find key (Mcu.ThirdPartyNb) in loaded IOC file
2026-03-30 12:52:52,501 [INFO] ImportTextPane:234 - (OptionalMessage_ERROR) Pin34 (VP_RIF_VS_RIF1) cannot be retrieved for this MCU
2026-03-30 12:52:52,572 [INFO] RtosManager:558 - Registered RTOS mode: class=CMSIS, group=RTOS, mode=CMSIS_V1, owner=FREERTOS
2026-03-30 12:52:52,572 [INFO] RtosManager:558 - Registered RTOS mode: class=CMSIS, group=RTOS2, mode=CMSIS_V2, owner=FREERTOS
2026-03-30 12:52:52,573 [INFO] RtosManager:558 - Registered RTOS mode: class=RTOS, group=Core, mode=CMSIS_V1, owner=FREERTOS
2026-03-30 12:52:52,573 [INFO] RtosManager:558 - Registered RTOS mode: class=RTOS, group=Core, mode=CMSIS_V2, owner=FREERTOS
2026-03-30 12:52:52,573 [WARN] ModelIntegratedComponent:184 - Missing modes for component STMicroelectronics:FreeRTOS:0.0.1:STMicroelectronics:RTOS:FreeRTOS:Core:::10.2.0:
2026-03-30 12:52:52,581 [WARN] ModelIntegratedComponent:63 - No mode defined for component null
2026-03-30 12:52:52,581 [WARN] ModelIntegratedComponent:63 - No mode defined for component null
2026-03-30 12:52:52,581 [WARN] ModelIntegratedComponent:63 - No mode defined for component null
2026-03-30 12:52:52,581 [WARN] ModelIntegratedComponent:63 - No mode defined for component null
2026-03-30 12:52:52,581 [WARN] ModelIntegratedComponent:63 - No mode defined for component null
2026-03-30 12:52:52,581 [WARN] ModelIntegratedComponent:63 - No mode defined for component null
2026-03-30 12:52:52,581 [WARN] ModelIntegratedComponent:63 - No mode defined for component null
2026-03-30 12:52:52,581 [WARN] ModelIntegratedComponent:63 - No mode defined for component null
2026-03-30 12:52:52,581 [WARN] ModelIntegratedComponent:63 - No mode defined for component null
2026-03-30 12:52:52,581 [WARN] ModelIntegratedComponent:63 - No mode defined for component null
2026-03-30 12:52:52,582 [WARN] ModelIntegratedComponent:63 - No mode defined for component null
2026-03-30 12:52:52,582 [WARN] ModelIntegratedComponent:63 - No mode defined for component null
2026-03-30 12:52:52,582 [WARN] ModelIntegratedComponent:63 - No mode defined for component null
2026-03-30 12:52:52,582 [WARN] ModelIntegratedComponent:63 - No mode defined for component null
2026-03-30 12:52:52,582 [WARN] ModelIntegratedComponent:63 - No mode defined for component null
2026-03-30 12:52:52,582 [WARN] ModelIntegratedComponent:63 - No mode defined for component null
2026-03-30 12:52:52,582 [WARN] ModelIntegratedComponent:63 - No mode defined for component null
2026-03-30 12:52:52,582 [WARN] ModelIntegratedComponent:63 - No mode defined for component null
2026-03-30 12:52:52,582 [WARN] ModelIntegratedComponent:63 - No mode defined for component null
2026-03-30 12:52:52,582 [WARN] ModelIntegratedComponent:63 - No mode defined for component null
2026-03-30 12:52:52,582 [WARN] ModelIntegratedComponent:63 - No mode defined for component null
2026-03-30 12:52:52,582 [WARN] ModelIntegratedComponent:63 - No mode defined for component null
2026-03-30 12:52:52,582 [WARN] ModelIntegratedComponent:63 - No mode defined for component null
2026-03-30 12:52:52,582 [WARN] ModelIntegratedComponent:63 - No mode defined for component null
2026-03-30 12:52:52,582 [WARN] ModelIntegratedComponent:63 - No mode defined for component null
2026-03-30 12:52:52,582 [WARN] ModelIntegratedComponent:63 - No mode defined for component null
2026-03-30 12:52:52,582 [WARN] ModelIntegratedComponent:63 - No mode defined for component null
2026-03-30 12:52:52,582 [WARN] ModelIntegratedComponent:63 - No mode defined for component null
2026-03-30 12:52:52,582 [WARN] ModelIntegratedComponent:63 - No mode defined for component null
2026-03-30 12:52:52,582 [WARN] ModelIntegratedComponent:63 - No mode defined for component null
2026-03-30 12:52:52,583 [WARN] ModelIntegratedComponent:63 - No mode defined for component null
2026-03-30 12:52:52,583 [WARN] ModelIntegratedComponent:63 - No mode defined for component null
2026-03-30 12:52:52,583 [WARN] ModelIntegratedComponent:63 - No mode defined for component null
2026-03-30 12:52:52,583 [WARN] ModelIntegratedComponent:63 - No mode defined for component null
2026-03-30 12:52:52,583 [WARN] ModelIntegratedComponent:63 - No mode defined for component null
2026-03-30 12:52:52,583 [WARN] ModelPack:524 - Component already loaded: STMicroelectronics:HAL Drivers:0.0.0:STMicroelectronics:Device:STMicro_Driver:XSPI:HAL::0.0.1:HAL_XSPI
2026-03-30 12:52:52,794 [INFO] ThirdPartyModel:298 - Start build external matchings
2026-03-30 12:52:53,742 [INFO] ThirdPartyModel:316 - End build external matchings
2026-03-30 12:52:53,962 [INFO] UtilMem:75 - End LoadConfig() Used Memory: 271602240 Bytes (692060160)
2026-03-30 12:52:54,163 [WARN] ThirdParty:833 - waiting for thirdparty lock release [change project]
2026-03-30 12:52:54,163 [INFO] ThirdParty:835 - entering critical section [change project]
2026-03-30 12:52:54,163 [INFO] ThirdParty:1030 - CMSIS Pack Vendor :STMicroelectronics X-CUBE-PM33A1 1.0.0
2026-03-30 12:52:54,163 [INFO] ThirdParty:1030 - CMSIS Pack Vendor :STMicroelectronics USBPD 4.1
2026-03-30 12:52:54,163 [INFO] ThirdParty:1030 - CMSIS Pack Vendor :STMicroelectronics USB_HOST 2.0.0
2026-03-30 12:52:54,164 [INFO] ThirdParty:1030 - CMSIS Pack Vendor :STMicroelectronics FP-SNS-MOTENVWB1 1.4.0
2026-03-30 12:52:54,164 [INFO] ThirdParty:1030 - CMSIS Pack Vendor :STMicroelectronics X-CUBE-AZRTOS-F4 1.1.0
2026-03-30 12:52:54,164 [INFO] ThirdParty:1030 - CMSIS Pack Vendor :STMicroelectronics LIBJPEG 8.0.0
2026-03-30 12:52:54,164 [INFO] ThirdParty:1030 - CMSIS Pack Vendor :STMicroelectronics FP-ATR-ASTRA1 2.0.2
2026-03-30 12:52:54,164 [INFO] ThirdParty:1030 - CMSIS Pack Vendor :Avnet-IotConnect X-CUBE-IoTC-DA16k-PMOD 1.0.0
2026-03-30 12:52:54,164 [INFO] ThirdParty:1030 - CMSIS Pack Vendor :STMicroelectronics X-CUBE-SMBUS 2.1.0
2026-03-30 12:52:54,164 [INFO] ThirdParty:1030 - CMSIS Pack Vendor :STMicroelectronics X-CUBE-ISPU 2.1.0
2026-03-30 12:52:54,164 [INFO] ThirdParty:1030 - CMSIS Pack Vendor :STMicroelectronics X-CUBE-IPS 3.2.0
2026-03-30 12:52:54,164 [INFO] ThirdParty:1030 - CMSIS Pack Vendor :STMicroelectronics X-CUBE-ST60 1.0.0
2026-03-30 12:52:54,164 [INFO] ThirdParty:1030 - CMSIS Pack Vendor :STMicroelectronics X-CUBE-NFC12 1.0.0
2026-03-30 12:52:54,164 [INFO] ThirdParty:1030 - CMSIS Pack Vendor :STMicroelectronics X-CUBE-AZRTOS-F7 1.1.0
2026-03-30 12:52:54,164 [INFO] ThirdParty:1030 - CMSIS Pack Vendor :STMicroelectronics X-CUBE-AZRTOS-L5 2.0.0
2026-03-30 12:52:54,164 [INFO] ThirdParty:1030 - CMSIS Pack Vendor :STMicroelectronics USB_DEVICE 2.0.0
2026-03-30 12:52:54,164 [INFO] ThirdParty:1030 - CMSIS Pack Vendor :STMicroelectronics X-CUBE-NFC6 3.1.0
2026-03-30 12:52:54,164 [INFO] ThirdParty:1030 - CMSIS Pack Vendor :STMicroelectronics FP-SNS-MOTENV1 5.1.0
2026-03-30 12:52:54,164 [INFO] ThirdParty:1030 - CMSIS Pack Vendor :STMicroelectronics FreeRTOS 0.0.1
2026-03-30 12:52:54,164 [INFO] ThirdParty:1030 - CMSIS Pack Vendor :Infineon AIROC-Wi-Fi-Bluetooth-STM32 1.7.1
2026-03-30 12:52:54,164 [INFO] ThirdParty:1030 - CMSIS Pack Vendor :STMicroelectronics PDM2PCM 3.3.0
2026-03-30 12:52:54,164 [INFO] ThirdParty:1030 - CMSIS Pack Vendor :STMicroelectronics X-CUBE-AZRTOS-H7 3.4.0
2026-03-30 12:52:54,164 [INFO] ThirdParty:1030 - CMSIS Pack Vendor :STMicroelectronics X-CUBE-DISPLAY 3.0.0
2026-03-30 12:52:54,165 [INFO] ThirdParty:1030 - CMSIS Pack Vendor :STMicroelectronics FP-SNS-MOTENVWB1 1.5.0
2026-03-30 12:52:54,165 [INFO] ThirdParty:1030 - CMSIS Pack Vendor :STMicroelectronics X-CUBE-NFC10 1.0.0
2026-03-30 12:52:54,165 [INFO] ThirdParty:1030 - CMSIS Pack Vendor :STMicroelectronics X-CUBE-BLEMGR 4.0.0
2026-03-30 12:52:54,165 [INFO] ThirdParty:1030 - CMSIS Pack Vendor :STMicroelectronics X-CUBE-FREERTOS 1.3.1
2026-03-30 12:52:54,165 [INFO] ThirdParty:1030 - CMSIS Pack Vendor :STMicroelectronics HAL Drivers 0.0.0
2026-03-30 12:52:54,165 [INFO] ThirdParty:1030 - CMSIS Pack Vendor :STMicroelectronics X-CUBE-ST60 1.1.0
2026-03-30 12:52:54,165 [INFO] ThirdParty:1030 - CMSIS Pack Vendor :emotas I-CUBE-CANOPEN 1.3.0
2026-03-30 12:52:54,165 [INFO] ThirdParty:1030 - CMSIS Pack Vendor :STMicroelectronics MBEDTLS 2.14.1
2026-03-30 12:52:54,165 [INFO] ThirdParty:1030 - CMSIS Pack Vendor :STMicroelectronics X-CUBE-GNSS1 7.1.0
2026-03-30 12:52:54,165 [INFO] ThirdParty:1030 - CMSIS Pack Vendor :STMicroelectronics X-CUBE-TOUCHGFX 4.26.0
2026-03-30 12:52:54,165 [INFO] ThirdParty:1030 - CMSIS Pack Vendor :quantropi X-CUBE-qispace-sdk-base 2.0.0
2026-03-30 12:52:54,165 [INFO] ThirdParty:1030 - CMSIS Pack Vendor :STMicroelectronics FP-SNS-STBOX1 2.1.0
2026-03-30 12:52:54,165 [INFO] ThirdParty:1030 - CMSIS Pack Vendor :STMicroelectronics FP-SNS-STAIOTCFT 1.0.0
2026-03-30 12:52:54,165 [INFO] ThirdParty:1030 - CMSIS Pack Vendor :STMicroelectronics FP-SNS-SMARTAG2 1.2.0
2026-03-30 12:52:54,165 [INFO] ThirdParty:1030 - CMSIS Pack Vendor :STMicroelectronics FP-SNS-FLIGHT1 5.1.0
2026-03-30 12:52:54,165 [INFO] ThirdParty:1030 - CMSIS Pack Vendor :STMicroelectronics X-CUBE-AZRTOS-WL 2.0.0
2026-03-30 12:52:54,165 [INFO] ThirdParty:1030 - CMSIS Pack Vendor :STMicroelectronics X-CUBE-DPower 1.3.0
2026-03-30 12:52:54,165 [INFO] ThirdParty:1030 - CMSIS Pack Vendor :STMicroelectronics FP-SNS-MOTENV1 5.0.0
2026-03-30 12:52:54,165 [INFO] ThirdParty:1030 - CMSIS Pack Vendor :STMicroelectronics USB_DEVICE 1.0.0
2026-03-30 12:52:54,165 [INFO] ThirdParty:1030 - CMSIS Pack Vendor :STMicroelectronics X-CUBE-AZRTOS-H7RS 1.2.0
2026-03-30 12:52:54,166 [INFO] ThirdParty:1030 - CMSIS Pack Vendor :STMicroelectronics X-CUBE-AZRTOS-L4 2.0.0
2026-03-30 12:52:54,166 [INFO] ThirdParty:1030 - CMSIS Pack Vendor :STMicroelectronics ThreadX 0.0.2
2026-03-30 12:52:54,166 [INFO] ThirdParty:1030 - CMSIS Pack Vendor :WES I-CUBE-Cesium 1.3.0
2026-03-30 12:52:54,166 [INFO] ThirdParty:1030 - CMSIS Pack Vendor :STMicroelectronics lwIP 2.1.2
2026-03-30 12:52:54,166 [INFO] ThirdParty:1030 - CMSIS Pack Vendor :STMicroelectronics X-CUBE-SFXS2LP1 4.0.0
2026-03-30 12:52:54,166 [INFO] ThirdParty:1030 - CMSIS Pack Vendor :STMicroelectronics X-CUBE-BLE2 3.3.0
2026-03-30 12:52:54,166 [INFO] ThirdParty:1030 - CMSIS Pack Vendor :Avnet-IOTCONNECT X-CUBE-iotc-st67-sdk 1.0.0
2026-03-30 12:52:54,166 [INFO] ThirdParty:1030 - CMSIS Pack Vendor :STMicroelectronics PDM2PCM 3.2.0
2026-03-30 12:52:54,166 [INFO] ThirdParty:1030 - CMSIS Pack Vendor :STMicroelectronics X-CUBE-ST67W61 1.2.0
2026-03-30 12:52:54,166 [INFO] ThirdParty:1030 - CMSIS Pack Vendor :STMicroelectronics X-CUBE-NFC9 1.0.0
2026-03-30 12:52:54,166 [INFO] ThirdParty:1030 - CMSIS Pack Vendor :wolfSSL I-CUBE-wolfSSL 5.8.0
2026-03-30 12:52:54,166 [INFO] ThirdParty:1030 - CMSIS Pack Vendor :STMicroelectronics X-CUBE-BLE1 7.1.0
2026-03-30 12:52:54,166 [INFO] ThirdParty:1030 - CMSIS Pack Vendor :wolfSSL I-CUBE-wolfMQTT 1.19.2
2026-03-30 12:52:54,166 [INFO] ThirdParty:1030 - CMSIS Pack Vendor :STMicroelectronics USB_DEVICE 3.0.0
2026-03-30 12:52:54,166 [INFO] ThirdParty:1030 - CMSIS Pack Vendor :STMicroelectronics X-CUBE-FREERTOS 1.4.0
2026-03-30 12:52:54,166 [INFO] ThirdParty:1030 - CMSIS Pack Vendor :STMicroelectronics X-CUBE-EEPRMA1 5.2.0
2026-03-30 12:52:54,166 [INFO] ThirdParty:1030 - CMSIS Pack Vendor :STMicroelectronics X-CUBE-BLEMGR 4.1.0
2026-03-30 12:52:54,166 [INFO] ThirdParty:1030 - CMSIS Pack Vendor :STMicroelectronics X-CUBE-AZRTOS-WB 2.0.0
2026-03-30 12:52:54,166 [INFO] ThirdParty:1030 - CMSIS Pack Vendor :STMicroelectronics X-CUBE-GNSS1 7.0.1
2026-03-30 12:52:54,166 [INFO] ThirdParty:1030 - CMSIS Pack Vendor :STMicroelectronics X-CUBE-TOUCHGFX 4.25.0
2026-03-30 12:52:54,166 [INFO] ThirdParty:1030 - CMSIS Pack Vendor :STMicroelectronics X-CUBE-ST67W61 1.1.0
2026-03-30 12:52:54,166 [INFO] ThirdParty:1030 - CMSIS Pack Vendor :STMicroelectronics X-CUBE-AI 10.1.0
2026-03-30 12:52:54,166 [INFO] ThirdParty:1030 - CMSIS Pack Vendor :STMicroelectronics FP-SNS-STBOX1 2.0.0
2026-03-30 12:52:54,167 [INFO] ThirdParty:1030 - CMSIS Pack Vendor :STMicroelectronics X-CUBE-MEMS1 12.0.0
2026-03-30 12:52:54,167 [INFO] ThirdParty:1030 - CMSIS Pack Vendor :STMicroelectronics X-CUBE-STSE01 2.0.0
2026-03-30 12:52:54,167 [INFO] ThirdParty:1030 - CMSIS Pack Vendor :STMicroelectronics X-CUBE-AZRTOS-G0 1.1.0
2026-03-30 12:52:54,167 [INFO] ThirdParty:1030 - CMSIS Pack Vendor :STMicroelectronics X-CUBE-SAFEA1 1.2.2
2026-03-30 12:52:54,167 [INFO] ThirdParty:1030 - CMSIS Pack Vendor :STMicroelectronics X-CUBE-NFC4 3.0.0
2026-03-30 12:52:54,167 [INFO] ThirdParty:1030 - CMSIS Pack Vendor :STMicroelectronics X-CUBE-SUBG2 5.0.0
2026-03-30 12:52:54,167 [INFO] ThirdParty:1030 - CMSIS Pack Vendor :STMicroelectronics X-CUBE-AZRTOS-H7RS 1.1.0
2026-03-30 12:52:54,167 [INFO] ThirdParty:1030 - CMSIS Pack Vendor :STMicroelectronics STM32_WPAN 1.0.0
2026-03-30 12:52:54,167 [INFO] ThirdParty:1030 - CMSIS Pack Vendor :EmbeddedOffice I-CUBE-FS-RTOS 1.0.1
2026-03-30 12:52:54,167 [INFO] ThirdParty:1030 - CMSIS Pack Vendor :STMicroelectronics lwIP 2.0.3
2026-03-30 12:52:54,167 [INFO] ThirdParty:1030 - CMSIS Pack Vendor :Cesanta I-CUBE-Mongoose 7.13.0
2026-03-30 12:52:54,167 [INFO] ThirdParty:1030 - CMSIS Pack Vendor :STMicroelectronics USB_HOST 1.0.0
2026-03-30 12:52:54,167 [INFO] ThirdParty:1030 - CMSIS Pack Vendor :STMicroelectronics X-CUBE-AZRTOS-G4 2.0.0
2026-03-30 12:52:54,167 [INFO] ThirdParty:1030 - CMSIS Pack Vendor :STMicroelectronics X-CUBE-WB05N 2.0.0
2026-03-30 12:52:54,167 [INFO] ThirdParty:1030 - CMSIS Pack Vendor :STMicroelectronics PDM2PCM 3.1.0
2026-03-30 12:52:54,167 [INFO] ThirdParty:1030 - CMSIS Pack Vendor :wolfSSL I-CUBE-wolfTPM 3.8.0
2026-03-30 12:52:54,167 [INFO] ThirdParty:1030 - CMSIS Pack Vendor :wolfSSL I-CUBE-wolfSSH 1.4.20
2026-03-30 12:52:54,167 [INFO] ThirdParty:1030 - CMSIS Pack Vendor :STMicroelectronics X-CUBE-NFC7 2.0.0
2026-03-30 12:52:54,167 [INFO] ThirdParty:1030 - CMSIS Pack Vendor :STMicroelectronics X-CUBE-TCPP 4.2.0
2026-03-30 12:52:54,167 [INFO] ThirdParty:1030 - CMSIS Pack Vendor :RealThread X-CUBE-RT-Thread_Nano 4.1.1
2026-03-30 12:52:54,167 [INFO] ThirdParty:1030 - CMSIS Pack Vendor :STMicroelectronics FP-ATR-SIGFOX1 3.2.0
2026-03-30 12:52:54,168 [INFO] ThirdParty:1030 - CMSIS Pack Vendor :STMicroelectronics X-CUBE-EEPRMA1 5.1.0
2026-03-30 12:52:54,168 [INFO] ThirdParty:1030 - CMSIS Pack Vendor :STMicroelectronics MBEDTLS 2.16.2
2026-03-30 12:52:54,168 [INFO] ThirdParty:1030 - CMSIS Pack Vendor :STMicroelectronics X-CUBE-IPS 3.1.0
2026-03-30 12:52:54,168 [INFO] ThirdParty:1030 - CMSIS Pack Vendor :STMicroelectronics X-CUBE-ALS 1.0.2
2026-03-30 12:52:54,168 [INFO] ThirdParty:1030 - CMSIS Pack Vendor :ITTIA_DB I-CUBE-ITTIADB 8.9.0
2026-03-30 12:52:54,168 [INFO] ThirdParty:1030 - CMSIS Pack Vendor :STMicroelectronics X-CUBE-STSE01 1.0.0
2026-03-30 12:52:54,168 [INFO] ThirdParty:1030 - CMSIS Pack Vendor :portGmbH I-Cube-SoM-uGOAL 1.1.0
2026-03-30 12:52:54,168 [INFO] ThirdParty:1030 - CMSIS Pack Vendor :STMicroelectronics X-CUBE-NFC6 3.2.0
2026-03-30 12:52:54,168 [INFO] ThirdParty:1030 - CMSIS Pack Vendor :STMicroelectronics X-CUBE-ST67W61 1.0.0
2026-03-30 12:52:54,168 [INFO] ThirdParty:1030 - CMSIS Pack Vendor :STMicroelectronics X-CUBE-AI 10.2.0
2026-03-30 12:52:54,168 [INFO] ThirdParty:1030 - CMSIS Pack Vendor :STMicroelectronics ThreadX 1.0.0
2026-03-30 12:52:54,168 [INFO] ThirdParty:1030 - CMSIS Pack Vendor :SEGGER I-CUBE-embOS 1.3.1
2026-03-30 12:52:54,168 [INFO] ThirdParty:1030 - CMSIS Pack Vendor :STMicroelectronics X-CUBE-ALGOBUILD 1.4.0
2026-03-30 12:52:54,168 [INFO] ThirdParty:1030 - CMSIS Pack Vendor :STMicroelectronics X-CUBE-MEMS1 11.3.0
2026-03-30 12:52:54,168 [INFO] ThirdParty:1030 - CMSIS Pack Vendor :STMicroelectronics X-CUBE-TOF1 3.4.3
2026-03-30 12:52:54,168 [INFO] ThirdParty:841 - exiting critical section [change project]
2026-03-30 12:52:54,553 [INFO] PinOutPanel:1589 - setPackage(No Configuration,No Configuration)
2026-03-30 12:52:54,555 [INFO] PinOutPanel:1589 - setPackage(STM32F407VGTx,LQFP100)
2026-03-30 12:52:54,896 [INFO] UtilMem:75 - Before build in PCC Used Memory: 266477136 Bytes (692060160)
2026-03-30 12:52:55,493 [INFO] UtilMem:75 - After build in PCC Used Memory: 390609176 Bytes (692060160)
2026-03-30 12:52:55,533 [INFO] IPUIPlugin:80 - create IPUIPlugin
2026-03-30 12:52:55,533 [INFO] IPUIPlugin:80 - create IPUIPlugin
2026-03-30 12:52:55,533 [INFO] IPUIPlugin:80 - create IPUIPlugin
2026-03-30 12:52:55,533 [INFO] IPUIPlugin:80 - create IPUIPlugin
2026-03-30 12:52:55,533 [INFO] IPUIPlugin:80 - create IPUIPlugin
2026-03-30 12:52:55,534 [INFO] IPUIPlugin:80 - create IPUIPlugin
2026-03-30 12:52:55,534 [INFO] IPUIPlugin:80 - create IPUIPlugin
2026-03-30 12:52:55,534 [INFO] IPUIPlugin:80 - create IPUIPlugin
2026-03-30 12:52:55,534 [INFO] IPUIPlugin:80 - create IPUIPlugin
2026-03-30 12:52:55,534 [INFO] IPUIPlugin:80 - create IPUIPlugin
2026-03-30 12:52:55,534 [INFO] IPUIPlugin:80 - create IPUIPlugin
2026-03-30 12:52:55,535 [INFO] IPUIPlugin:80 - create IPUIPlugin
2026-03-30 12:52:55,535 [INFO] IPUIPlugin:80 - create IPUIPlugin
2026-03-30 12:52:55,535 [INFO] IPUIPlugin:80 - create IPUIPlugin
2026-03-30 12:52:55,535 [INFO] IPUIPlugin:80 - create IPUIPlugin
2026-03-30 12:52:55,535 [INFO] IPUIPlugin:80 - create IPUIPlugin
2026-03-30 12:52:55,535 [INFO] IPUIPlugin:80 - create IPUIPlugin
2026-03-30 12:52:55,535 [INFO] IPUIPlugin:80 - create IPUIPlugin
2026-03-30 12:52:55,536 [INFO] IPUIPlugin:80 - create IPUIPlugin
2026-03-30 12:52:55,536 [INFO] IPUIPlugin:80 - create IPUIPlugin
2026-03-30 12:52:55,536 [INFO] IPUIPlugin:80 - create IPUIPlugin
2026-03-30 12:52:55,536 [INFO] IPUIPlugin:80 - create IPUIPlugin
2026-03-30 12:52:55,536 [INFO] IPUIPlugin:80 - create IPUIPlugin
2026-03-30 12:52:55,536 [INFO] IPUIPlugin:80 - create IPUIPlugin
2026-03-30 12:52:55,536 [INFO] IPUIPlugin:80 - create IPUIPlugin
2026-03-30 12:52:55,537 [INFO] IPUIPlugin:80 - create IPUIPlugin
2026-03-30 12:52:55,537 [INFO] IPUIPlugin:80 - create IPUIPlugin
2026-03-30 12:52:55,537 [INFO] IPUIPlugin:80 - create IPUIPlugin
2026-03-30 12:52:55,537 [INFO] IPUIPlugin:80 - create IPUIPlugin
2026-03-30 12:52:55,537 [INFO] IPUIPlugin:80 - create IPUIPlugin
2026-03-30 12:52:55,537 [INFO] IPUIPlugin:80 - create IPUIPlugin
2026-03-30 12:52:55,537 [INFO] IPUIPlugin:80 - create IPUIPlugin
2026-03-30 12:52:55,538 [INFO] IPUIPlugin:80 - create IPUIPlugin
2026-03-30 12:52:55,538 [INFO] IPUIPlugin:80 - create IPUIPlugin
2026-03-30 12:52:55,538 [INFO] IPUIPlugin:80 - create IPUIPlugin
2026-03-30 12:52:55,538 [INFO] IPUIPlugin:80 - create IPUIPlugin
2026-03-30 12:52:55,538 [INFO] IPUIPlugin:80 - create IPUIPlugin
2026-03-30 12:52:55,538 [INFO] IPUIPlugin:80 - create IPUIPlugin
2026-03-30 12:52:55,539 [INFO] IPUIPlugin:80 - create IPUIPlugin
2026-03-30 12:52:55,539 [INFO] IPUIPlugin:80 - create IPUIPlugin
2026-03-30 12:52:55,539 [INFO] IPUIPlugin:80 - create IPUIPlugin
2026-03-30 12:52:55,539 [INFO] IPUIPlugin:80 - create IPUIPlugin
2026-03-30 12:52:55,539 [INFO] IPUIPlugin:80 - create IPUIPlugin
2026-03-30 12:52:55,539 [INFO] IPUIPlugin:80 - create IPUIPlugin
2026-03-30 12:52:55,540 [INFO] IPUIPlugin:80 - create IPUIPlugin
2026-03-30 12:52:55,540 [INFO] IPUIPlugin:80 - create IPUIPlugin
2026-03-30 12:52:55,540 [INFO] IPUIPlugin:80 - create IPUIPlugin
2026-03-30 12:52:55,540 [INFO] IPUIPlugin:80 - create IPUIPlugin
2026-03-30 12:52:55,540 [INFO] IPUIPlugin:80 - create IPUIPlugin
2026-03-30 12:52:55,541 [INFO] IPUIPlugin:80 - create IPUIPlugin
2026-03-30 12:52:55,541 [INFO] IPUIPlugin:80 - create IPUIPlugin
2026-03-30 12:52:55,541 [INFO] IPUIPlugin:80 - create IPUIPlugin
2026-03-30 12:52:55,541 [INFO] IPUIPlugin:80 - create IPUIPlugin
2026-03-30 12:52:55,541 [INFO] IPUIPlugin:80 - create IPUIPlugin
2026-03-30 12:52:55,542 [INFO] IPUIPlugin:80 - create IPUIPlugin
2026-03-30 12:52:55,542 [INFO] IPUIPlugin:80 - create IPUIPlugin
2026-03-30 12:52:55,542 [INFO] IPUIPlugin:80 - create IPUIPlugin
2026-03-30 12:52:55,543 [INFO] IPUIPlugin:80 - create IPUIPlugin
2026-03-30 12:52:55,572 [INFO] ApiDbMcu:532 - Load IP Config File for PDM2PCM
2026-03-30 12:52:55,697 [INFO] CADModel:165 - CPN selected for project levelSTM32F407VGT6
2026-03-30 12:52:55,697 [INFO] CADModel:114 - Register for checkConnection events
2026-03-30 12:52:55,736 [INFO] OpenFileManager:386 - Restore cursor
2026-03-30 12:52:56,255 [INFO] UtilMem:75 - End SaveConfig() Used Memory: 525751288 Bytes (692060160)
2026-03-30 12:52:56,337 [INFO] UtilMem:75 - End SaveConfig() Used Memory: 546322760 Bytes (692060160)
2026-03-30 12:52:56,899 [INFO] BlockDiagram:2775 - set Specific Code input for plugin: SYS
2026-03-30 12:52:56,900 [INFO] BlockDiagram:2775 - set Specific Code input for plugin: RCC
2026-03-30 12:52:56,900 [INFO] BlockDiagram:2775 - set Specific Code input for plugin: NVIC
2026-03-30 12:52:56,900 [INFO] BlockDiagram:2775 - set Specific Code input for plugin: GPIO
2026-03-30 12:52:56,901 [INFO] CodeGenerator:892 - code generatio: config db path: /opt/st/stm32cubeide_1.19.0/plugins/com.st.stm32cube.common.mx_6.15.0.202507011659//db/
2026-03-30 12:52:57,137 [INFO] CodeEngine:265 - oldGeneratedFile, /home/sunbeam/Desktop/workspace/RTOS_workspace/008Task_Priority/MXTmpFiles/license.tmp_save
2026-03-30 12:52:57,521 [INFO] CodeEngine:289 - Generated code: /home/sunbeam/Desktop/workspace/RTOS_workspace/008Task_Priority/MXTmpFiles/license.tmp
2026-03-30 12:52:57,624 [INFO] CodeEngine:265 - oldGeneratedFile, /home/sunbeam/Desktop/workspace/RTOS_workspace/008Task_Priority/MXTmpFiles/gpio.tmp_save
2026-03-30 12:52:57,816 [INFO] CodeEngine:289 - Generated code: /home/sunbeam/Desktop/workspace/RTOS_workspace/008Task_Priority/MXTmpFiles/gpio.tmp
2026-03-30 12:52:57,865 [INFO] CodeEngine:265 - oldGeneratedFile, /home/sunbeam/Desktop/workspace/RTOS_workspace/008Task_Priority/Core/Src/stm32f4xx_it.c_save
2026-03-30 12:52:57,982 [INFO] CodeEngine:289 - Generated code: /home/sunbeam/Desktop/workspace/RTOS_workspace/008Task_Priority/Core/Src/stm32f4xx_it.c
2026-03-30 12:52:57,985 [INFO] CodeEngine:265 - oldGeneratedFile, /home/sunbeam/Desktop/workspace/RTOS_workspace/008Task_Priority/Core/Inc/stm32f4xx_it.h_save
2026-03-30 12:52:58,066 [INFO] CodeEngine:289 - Generated code: /home/sunbeam/Desktop/workspace/RTOS_workspace/008Task_Priority/Core/Inc/stm32f4xx_it.h
2026-03-30 12:52:58,071 [INFO] CodeEngine:265 - oldGeneratedFile, /home/sunbeam/Desktop/workspace/RTOS_workspace/008Task_Priority/Core/Src/stm32f4xx_hal_msp.c_save
2026-03-30 12:52:58,178 [INFO] CodeEngine:289 - Generated code: /home/sunbeam/Desktop/workspace/RTOS_workspace/008Task_Priority/Core/Src/stm32f4xx_hal_msp.c
2026-03-30 12:52:58,180 [INFO] CodeEngine:265 - oldGeneratedFile, /home/sunbeam/Desktop/workspace/RTOS_workspace/008Task_Priority/MXTmpFiles/system.tmp_save
2026-03-30 12:52:58,242 [INFO] CodeEngine:289 - Generated code: /home/sunbeam/Desktop/workspace/RTOS_workspace/008Task_Priority/MXTmpFiles/system.tmp
2026-03-30 12:52:58,248 [INFO] CodeEngine:321 - oldGeneratedFile, /home/sunbeam/Desktop/workspace/RTOS_workspace/008Task_Priority/Core/Inc/stm32f4xx_hal_conf.h_save
2026-03-30 12:52:58,328 [INFO] CodeEngine:345 - Generated code: /home/sunbeam/Desktop/workspace/RTOS_workspace/008Task_Priority/Core/Inc/stm32f4xx_hal_conf.h
2026-03-30 12:52:58,375 [INFO] ApiDbMcu:532 - Load IP Config File for RCC
2026-03-30 12:52:58,383 [INFO] CodeEngine:265 - oldGeneratedFile, /home/sunbeam/Desktop/workspace/RTOS_workspace/008Task_Priority/Core/Inc/main.h_save
2026-03-30 12:52:58,477 [INFO] CodeEngine:289 - Generated code: /home/sunbeam/Desktop/workspace/RTOS_workspace/008Task_Priority/Core/Inc/main.h
2026-03-30 12:52:58,478 [INFO] CodeEngine:265 - oldGeneratedFile, /home/sunbeam/Desktop/workspace/RTOS_workspace/008Task_Priority/Core/Src/main.c_save
2026-03-30 12:52:58,600 [INFO] CodeEngine:289 - Generated code: /home/sunbeam/Desktop/workspace/RTOS_workspace/008Task_Priority/Core/Src/main.c
2026-03-30 12:52:58,818 [INFO] ProjectBuilder:3606 - Time for Copy HAL[1] : 36mS.
2026-03-30 12:52:58,824 [INFO] ProjectBuilder:5216 - Project Generator version: 4.7.0-B52
2026-03-30 12:52:58,944 [INFO] ConfigFileManager:1595 - The Die is : DIE413
2026-03-30 12:52:58,955 [INFO] ApiDbMcu:532 - Load IP Config File for FATFS
2026-03-30 12:52:58,975 [INFO] ApiDbMcu:532 - Load IP Config File for FREERTOS
2026-03-30 12:52:58,978 [INFO] ApiDbMcu:532 - Load IP Config File for LIBJPEG
2026-03-30 12:52:59,024 [INFO] ApiDbMcu:532 - Load IP Config File for LWIP
2026-03-30 12:52:59,052 [INFO] ApiDbMcu:532 - Load IP Config File for MBEDTLS
2026-03-30 12:52:59,076 [INFO] ApiDbMcu:532 - Load IP Config File for USB_DEVICE
2026-03-30 12:52:59,084 [INFO] ApiDbMcu:532 - Load IP Config File for USB_HOST
2026-03-30 12:52:59,764 [INFO] LogOutputStream:77 - [STDOUT_REDIRECT] 
2026-03-30 12:53:01,576 [INFO] ProjectBuilder:5496 - Time for Generating toolchain IDE Files: 2752mS.
2026-03-30 12:53:01,577 [INFO] ProjectBuilder:3463 - Time for Copy CMSIS : 0mS.
2026-03-30 12:53:01,578 [INFO] ProjectBuilder:3463 - Time for Copy CMSIS : 0mS.
2026-03-30 12:53:02,358 [INFO] McuFinderGlobals:76 - Set McuFinderConnectedMode to true
2026-03-30 12:53:02,362 [INFO] ApiDb:448 - Save user favorites file /home/sunbeam/.stm32cubeide/favorites.mcus.txt: 0 item(s)
2026-03-30 12:53:02,362 [INFO] ApiDb:452 - User favorites MCUs=[]
2026-03-30 12:53:02,364 [INFO] ApiDb:448 - Save user favorites file /home/sunbeam/.stm32cubeide/favorites.boards.txt: 1 item(s)
2026-03-30 12:53:02,364 [INFO] ApiDb:452 - User favorites Boards=[STM32F407G-DISC1]
2026-03-30 12:53:13,358 [INFO] Gpio:278 - dependency for GPIO []
2026-03-30 12:53:18,671 [INFO] NvicIntPanel:101 - NVIC parent = com.st.microxplorer.plugins.ip.nvic.MultiNvicIntPanel[,2,27,954x472,layout=javax.swing.BoxLayout,alignmentX=0.0,alignmentY=0.0,border=,flags=9,maximumSize=,minimumSize=,preferredSize=]
2026-03-30 12:53:20,179 [INFO] Gpio:278 - dependency for GPIO []
2026-03-30 12:53:44,152 [INFO] Gpio:278 - dependency for GPIO []
2026-03-30 12:53:46,318 [INFO] UtilMem:75 - End SaveConfig() Used Memory: 681025952 Bytes (774897664)
2026-03-30 12:53:48,365 [INFO] UtilMem:75 - End SaveConfig() Used Memory: 711818032 Bytes (774897664)
2026-03-30 12:54:11,243 [INFO] UtilMem:75 - End SaveConfig() Used Memory: 310415048 Bytes (774897664)
2026-03-30 12:54:11,628 [INFO] BlockDiagram:2775 - set Specific Code input for plugin: SYS
2026-03-30 12:54:11,629 [INFO] BlockDiagram:2775 - set Specific Code input for plugin: RCC
2026-03-30 12:54:11,629 [INFO] BlockDiagram:2775 - set Specific Code input for plugin: NVIC
2026-03-30 12:54:11,630 [INFO] BlockDiagram:2775 - set Specific Code input for plugin: GPIO
2026-03-30 12:54:11,631 [INFO] CodeGenerator:892 - code generatio: config db path: /opt/st/stm32cubeide_1.19.0/plugins/com.st.stm32cube.common.mx_6.15.0.202507011659//db/
2026-03-30 12:54:11,766 [INFO] CodeEngine:265 - oldGeneratedFile, /home/sunbeam/Desktop/workspace/RTOS_workspace/008Task_Priority/MXTmpFiles/license.tmp_save
2026-03-30 12:54:11,975 [INFO] CodeEngine:289 - Generated code: /home/sunbeam/Desktop/workspace/RTOS_workspace/008Task_Priority/MXTmpFiles/license.tmp
2026-03-30 12:54:12,046 [INFO] CodeEngine:265 - oldGeneratedFile, /home/sunbeam/Desktop/workspace/RTOS_workspace/008Task_Priority/MXTmpFiles/gpio.tmp_save
2026-03-30 12:54:12,205 [INFO] CodeEngine:289 - Generated code: /home/sunbeam/Desktop/workspace/RTOS_workspace/008Task_Priority/MXTmpFiles/gpio.tmp
2026-03-30 12:54:12,259 [INFO] CodeEngine:265 - oldGeneratedFile, /home/sunbeam/Desktop/workspace/RTOS_workspace/008Task_Priority/Core/Src/stm32f4xx_it.c_save
2026-03-30 12:54:12,394 [INFO] CodeEngine:289 - Generated code: /home/sunbeam/Desktop/workspace/RTOS_workspace/008Task_Priority/Core/Src/stm32f4xx_it.c
2026-03-30 12:54:12,396 [INFO] CodeEngine:265 - oldGeneratedFile, /home/sunbeam/Desktop/workspace/RTOS_workspace/008Task_Priority/Core/Inc/stm32f4xx_it.h_save
2026-03-30 12:54:12,489 [INFO] CodeEngine:289 - Generated code: /home/sunbeam/Desktop/workspace/RTOS_workspace/008Task_Priority/Core/Inc/stm32f4xx_it.h
2026-03-30 12:54:12,497 [INFO] CodeEngine:265 - oldGeneratedFile, /home/sunbeam/Desktop/workspace/RTOS_workspace/008Task_Priority/Core/Src/stm32f4xx_hal_msp.c_save
2026-03-30 12:54:12,634 [INFO] CodeEngine:289 - Generated code: /home/sunbeam/Desktop/workspace/RTOS_workspace/008Task_Priority/Core/Src/stm32f4xx_hal_msp.c
2026-03-30 12:54:12,635 [INFO] CodeEngine:265 - oldGeneratedFile, /home/sunbeam/Desktop/workspace/RTOS_workspace/008Task_Priority/MXTmpFiles/system.tmp_save
2026-03-30 12:54:12,709 [INFO] CodeEngine:289 - Generated code: /home/sunbeam/Desktop/workspace/RTOS_workspace/008Task_Priority/MXTmpFiles/system.tmp
2026-03-30 12:54:12,712 [INFO] CodeEngine:265 - oldGeneratedFile, /home/sunbeam/Desktop/workspace/RTOS_workspace/008Task_Priority/Core/Src/stm32f4xx_hal_timebase_tim.c_save
2026-03-30 12:54:12,787 [INFO] CodeEngine:289 - Generated code: /home/sunbeam/Desktop/workspace/RTOS_workspace/008Task_Priority/Core/Src/stm32f4xx_hal_timebase_tim.c
2026-03-30 12:54:12,790 [INFO] CodeEngine:321 - oldGeneratedFile, /home/sunbeam/Desktop/workspace/RTOS_workspace/008Task_Priority/Core/Inc/stm32f4xx_hal_conf.h_save
2026-03-30 12:54:12,866 [INFO] CodeEngine:345 - Generated code: /home/sunbeam/Desktop/workspace/RTOS_workspace/008Task_Priority/Core/Inc/stm32f4xx_hal_conf.h
2026-03-30 12:54:12,901 [INFO] CodeEngine:265 - oldGeneratedFile, /home/sunbeam/Desktop/workspace/RTOS_workspace/008Task_Priority/Core/Inc/main.h_save
2026-03-30 12:54:12,970 [INFO] CodeEngine:289 - Generated code: /home/sunbeam/Desktop/workspace/RTOS_workspace/008Task_Priority/Core/Inc/main.h
2026-03-30 12:54:12,972 [INFO] CodeEngine:265 - oldGeneratedFile, /home/sunbeam/Desktop/workspace/RTOS_workspace/008Task_Priority/Core/Src/main.c_save
2026-03-30 12:54:13,082 [INFO] CodeEngine:289 - Generated code: /home/sunbeam/Desktop/workspace/RTOS_workspace/008Task_Priority/Core/Src/main.c
2026-03-30 12:54:13,280 [INFO] ProjectBuilder:3606 - Time for Copy HAL[1] : 26mS.
2026-03-30 12:54:13,283 [INFO] ProjectBuilder:5216 - Project Generator version: 4.7.0-B52
2026-03-30 12:54:13,366 [INFO] ConfigFileManager:1595 - The Die is : DIE413
2026-03-30 12:54:14,314 [INFO] ProjectBuilder:5496 - Time for Generating toolchain IDE Files: 1031mS.
2026-03-30 12:54:14,315 [INFO] ProjectBuilder:3463 - Time for Copy CMSIS : 1mS.
2026-03-30 12:54:14,315 [INFO] ProjectBuilder:3463 - Time for Copy CMSIS : 0mS.
2026-03-30 14:39:52,731 [ERROR] LogOutputStream:75 - [STDERR_REDIRECT] 
2026-03-30 14:39:59,383 [INFO] Activator:176 - 


2026-03-30 14:39:59,384 [INFO] Activator:177 - !SESSION log4j initialized
2026-03-30 14:40:04,009 [INFO] LogOutputStream:77 - [STDOUT_REDIRECT] 
2026-03-30 14:40:05,845 [INFO] ApplicationProperties:184 - Using Application install path: /opt/st/stm32cubeide_1.19.0/plugins/com.st.stm32cube.common.mx_6.15.0.202507011659
2026-03-30 14:40:05,861 [INFO] DbMcusXml:78 - Set database path to: /opt/st/stm32cubeide_1.19.0/plugins/com.st.stm32cube.common.mx_6.15.0.202507011659//db//mcu/
2026-03-30 14:40:05,861 [INFO] ApiDb:274 - Set plugin database path to: /opt/st/stm32cubeide_1.19.0/plugins/com.st.stm32cube.common.mx_6.15.0.202507011659//db//plugins/boardmanager/
2026-03-30 14:40:05,861 [WARN] ApiDb:259 - Overriding images path with different value:  => /opt/st/stm32cubeide_1.19.0/plugins/com.st.stm32cube.common.mx_6.15.0.202507011659//db//plugins/mcufinder/images/
2026-03-30 14:40:05,865 [INFO] ApiDb:250 - Set database path to: /home/sunbeam/.stmcufinder/plugins/mcufinder//mcu/
2026-03-30 14:40:05,866 [INFO] DbMcusAds:125 - Set database path to: /home/sunbeam/.stmcufinder/plugins/mcufinder//mcu/
2026-03-30 14:40:06,055 [INFO] CrossReferenceDbSqlite:203 - Set database path to: /home/sunbeam/.stmcufinder/plugins/mcufinder//mcu/cs/
2026-03-30 14:40:06,162 [INFO] RulesReader:64 - Compatibility file has been processed (317 Rules)
2026-03-30 14:40:06,213 [INFO] DbMcusXml:78 - Set database path to: /opt/st/stm32cubeide_1.19.0/plugins/com.st.stm32cube.common.mx_6.15.0.202507011659//db//mcu/
2026-03-30 14:40:06,214 [INFO] ApiDb:274 - Set plugin database path to: /opt/st/stm32cubeide_1.19.0/plugins/com.st.stm32cube.common.mx_6.15.0.202507011659//db//plugins/boardmanager/
2026-03-30 14:40:06,214 [INFO] ApiDb:261 - Set plugin images path to: /opt/st/stm32cubeide_1.19.0/plugins/com.st.stm32cube.common.mx_6.15.0.202507011659//db//plugins/mcufinder/images/
2026-03-30 14:40:06,214 [WARN] DbFile:41 - Overriding database path with different value: /home/sunbeam/.stmcufinder/plugins/mcufinder/ => /home/sunbeam/.stmcufinder/plugins/mcufinder
2026-03-30 14:40:06,214 [INFO] ApiDb:250 - Set database path to: /home/sunbeam/.stmcufinder/plugins/mcufinder//mcu/
2026-03-30 14:40:06,214 [WARN] DbFile:41 - Overriding database path with different value: /home/sunbeam/.stmcufinder/plugins/mcufinder/ => /home/sunbeam/.stmcufinder/plugins/mcufinder
2026-03-30 14:40:06,214 [INFO] DbMcusAds:125 - Set database path to: /home/sunbeam/.stmcufinder/plugins/mcufinder//mcu/
2026-03-30 14:40:06,214 [WARN] DbFile:41 - Overriding database path with different value: /home/sunbeam/.stmcufinder/plugins/mcufinder/ => /home/sunbeam/.stmcufinder/plugins/mcufinder
2026-03-30 14:40:06,214 [WARN] DbFile:41 - Overriding database path with different value: /home/sunbeam/.stmcufinder/plugins/mcufinder/ => /home/sunbeam/.stmcufinder/plugins/mcufinder
2026-03-30 14:40:06,463 [INFO] CrossReferenceDbSqlite:203 - Set database path to: /home/sunbeam/.stmcufinder/plugins/mcufinder//mcu/cs/
2026-03-30 14:40:06,526 [INFO] MainPanel:274 - HeapMemory: 268435456
2026-03-30 14:40:06,646 [INFO] DbMcusXml:78 - Set database path to: /opt/st/stm32cubeide_1.19.0/plugins/com.st.stm32cube.common.mx_6.15.0.202507011659//db//mcu/
2026-03-30 14:40:06,646 [INFO] ApiDb:274 - Set plugin database path to: /opt/st/stm32cubeide_1.19.0/plugins/com.st.stm32cube.common.mx_6.15.0.202507011659//db//plugins/boardmanager/
2026-03-30 14:40:06,646 [INFO] ApiDb:261 - Set plugin images path to: /opt/st/stm32cubeide_1.19.0/plugins/com.st.stm32cube.common.mx_6.15.0.202507011659//db//plugins/mcufinder/images/
2026-03-30 14:40:06,647 [WARN] DbFile:41 - Overriding database path with different value: /home/sunbeam/.stmcufinder/plugins/mcufinder/ => /home/sunbeam/.stmcufinder/plugins/mcufinder
2026-03-30 14:40:06,647 [INFO] ApiDb:250 - Set database path to: /home/sunbeam/.stmcufinder/plugins/mcufinder//mcu/
2026-03-30 14:40:06,647 [WARN] DbFile:41 - Overriding database path with different value: /home/sunbeam/.stmcufinder/plugins/mcufinder/ => /home/sunbeam/.stmcufinder/plugins/mcufinder
2026-03-30 14:40:06,647 [INFO] DbMcusAds:125 - Set database path to: /home/sunbeam/.stmcufinder/plugins/mcufinder//mcu/
2026-03-30 14:40:06,647 [WARN] DbFile:41 - Overriding database path with different value: /home/sunbeam/.stmcufinder/plugins/mcufinder/ => /home/sunbeam/.stmcufinder/plugins/mcufinder
2026-03-30 14:40:06,647 [WARN] DbFile:41 - Overriding database path with different value: /home/sunbeam/.stmcufinder/plugins/mcufinder/ => /home/sunbeam/.stmcufinder/plugins/mcufinder
2026-03-30 14:40:06,828 [INFO] CrossReferenceDbSqlite:203 - Set database path to: /home/sunbeam/.stmcufinder/plugins/mcufinder//mcu/cs/
2026-03-30 14:40:06,848 [INFO] ApplicationProperties:184 - Using Application install path: /opt/st/stm32cubeide_1.19.0/plugins/com.st.stm32cube.common.mx_6.15.0.202507011659
2026-03-30 14:40:06,850 [INFO] PluginManage:196 - Search for loadable plugins [exclusion list=, ]
2026-03-30 14:40:06,851 [INFO] PluginManage:310 - Check plugin analytics
2026-03-30 14:40:07,243 [INFO] AnalyticsPlugin:253 - Accepted Software Licenses: 
2026-03-30 14:40:07,243 [INFO] AnalyticsPlugin:255 - Accepted CMSIS Pack Licenses: 
2026-03-30 14:40:07,243 [INFO] AnalyticsPlugin:257 - Accepted Firmware Licenses: FW.F4.1.28.0
2026-03-30 14:40:07,245 [INFO] PluginManage:359 - Loaded plugin analytics (category:tool,tabindex:-1)
2026-03-30 14:40:07,245 [INFO] PluginManage:310 - Check plugin cadmodel
2026-03-30 14:40:07,251 [INFO] CADModel:105 - Init CAD model plugin
2026-03-30 14:40:07,251 [INFO] PluginManage:359 - Loaded plugin cadmodel (category:power,tabindex:5)
2026-03-30 14:40:07,251 [INFO] PluginManage:310 - Check plugin clock
2026-03-30 14:40:07,258 [INFO] PluginManage:359 - Loaded plugin clock (category:base,tabindex:2)
2026-03-30 14:40:07,258 [INFO] PluginManage:310 - Check plugin ddr
2026-03-30 14:40:07,260 [INFO] PluginManage:359 - Loaded plugin ddr (category:tool,tabindex:6)
2026-03-30 14:40:07,261 [INFO] PluginManage:310 - Check plugin filemanager
2026-03-30 14:40:07,385 [INFO] PluginManage:359 - Loaded plugin filemanager (category:base,tabindex:10)
2026-03-30 14:40:07,385 [INFO] PluginManage:310 - Check plugin ipmanager
2026-03-30 14:40:07,391 [INFO] PluginManage:359 - Loaded plugin ipmanager (category:base,tabindex:5)
2026-03-30 14:40:07,391 [INFO] PluginManage:310 - Check plugin lpbam
2026-03-30 14:40:07,399 [INFO] PluginManage:359 - Loaded plugin lpbam (category:base,tabindex:0)
2026-03-30 14:40:07,399 [INFO] PluginManage:310 - Check plugin memorymap
2026-03-30 14:40:07,421 [INFO] PluginManage:359 - Loaded plugin memorymap (category:base,tabindex:4)
2026-03-30 14:40:07,421 [INFO] PluginManage:310 - Check plugin pinoutandconfiguration
2026-03-30 14:40:07,429 [INFO] PluginManage:359 - Loaded plugin pinoutandconfiguration (category:base,tabindex:1)
2026-03-30 14:40:07,430 [INFO] PluginManage:310 - Check plugin pinoutconfig
2026-03-30 14:40:07,511 [WARN] SupportedApi:132 - Cannot load RTOS API schema: s4s-elt-must-match.1: The content of 'definitions' must match (annotation?, (simpleType | complexType)?, (unique | key | keyref)*)). A problem was found starting at: attribute.
2026-03-30 14:40:07,623 [INFO] PluginManage:359 - Loaded plugin pinoutconfig (category:base,tabindex:0)
2026-03-30 14:40:07,623 [INFO] PluginManage:310 - Check plugin power
2026-03-30 14:40:07,631 [INFO] PluginManage:359 - Loaded plugin power (category:power,tabindex:4)
2026-03-30 14:40:07,631 [INFO] PluginManage:310 - Check plugin projectmanager
2026-03-30 14:40:07,645 [INFO] PluginManage:359 - Loaded plugin projectmanager (category:projectmanager,tabindex:4)
2026-03-30 14:40:07,646 [INFO] PluginManage:310 - Check plugin rif
2026-03-30 14:40:07,655 [INFO] PluginManage:359 - Loaded plugin rif (category:base,tabindex:3)
2026-03-30 14:40:07,655 [INFO] PluginManage:310 - Check plugin thirdparty
2026-03-30 14:40:07,761 [INFO] PluginManage:359 - Loaded plugin thirdparty (category:base,tabindex:-1)
2026-03-30 14:40:07,761 [WARN] IntegrityCheckThread:84 - waiting for thirdparty lock release [integrity check]
2026-03-30 14:40:07,761 [INFO] IntegrityCheckThread:86 - entering critical section [integrity check]
2026-03-30 14:40:07,761 [INFO] PluginManage:310 - Check plugin tools
2026-03-30 14:40:07,762 [INFO] ThirdPartyUpdaterWithRetryManager:70 - Updater plugin not ready yet. [1/15]
2026-03-30 14:40:07,764 [INFO] PluginManage:359 - Loaded plugin tools (category:base,tabindex:7)
2026-03-30 14:40:07,764 [INFO] PluginManage:310 - Check plugin tutovideos
2026-03-30 14:40:07,921 [INFO] PluginManage:359 - Loaded plugin tutovideos (category:base,tabindex:-1)
2026-03-30 14:40:07,921 [INFO] PluginManage:310 - Check plugin updater
2026-03-30 14:40:07,943 [INFO] PluginManage:359 - Loaded plugin updater (category:base,tabindex:12)
2026-03-30 14:40:07,943 [INFO] PluginManage:310 - Check plugin userauth
2026-03-30 14:40:07,946 [INFO] UserAuth:118 - Init User Auth plugin
2026-03-30 14:40:07,947 [INFO] PluginManage:359 - Loaded plugin userauth (category:base,tabindex:14)
2026-03-30 14:40:07,947 [INFO] PluginManage:283 - PluginManage : Loaded plugins [18]
2026-03-30 14:40:08,090 [INFO] PinOutPanel:1589 - setPackage(No Configuration,No Configuration)
2026-03-30 14:40:08,144 [INFO] CADModel:165 - CPN selected for project level
2026-03-30 14:40:08,144 [INFO] CADModel:114 - Register for checkConnection events
2026-03-30 14:40:08,151 [INFO] IPUIPlugin:80 - create IPUIPlugin
2026-03-30 14:40:08,152 [INFO] PluginManager:220 - loadIPPluginJar : add dfsdm
2026-03-30 14:40:08,155 [INFO] IPUIPlugin:80 - create IPUIPlugin
2026-03-30 14:40:08,155 [INFO] PluginManager:220 - loadIPPluginJar : add gfxmmu
2026-03-30 14:40:08,157 [INFO] IPUIPlugin:80 - create IPUIPlugin
2026-03-30 14:40:08,157 [INFO] PluginManager:220 - loadIPPluginJar : add i3c
2026-03-30 14:40:08,160 [INFO] IPUIPlugin:80 - create IPUIPlugin
2026-03-30 14:40:08,160 [INFO] PluginManager:220 - loadIPPluginJar : add sai
2026-03-30 14:40:08,166 [INFO] IPUIPlugin:80 - create IPUIPlugin
2026-03-30 14:40:08,166 [INFO] PluginManager:220 - loadIPPluginJar : add dma
2026-03-30 14:40:08,167 [INFO] IPUIPlugin:80 - create IPUIPlugin
2026-03-30 14:40:08,167 [INFO] PluginManager:220 - loadIPPluginJar : add quadspi
2026-03-30 14:40:08,170 [INFO] IPUIPlugin:80 - create IPUIPlugin
2026-03-30 14:40:08,171 [INFO] PluginManager:220 - loadIPPluginJar : add opamp
2026-03-30 14:40:08,172 [INFO] IPUIPlugin:80 - create IPUIPlugin
2026-03-30 14:40:08,172 [INFO] PluginManager:220 - loadIPPluginJar : add comp
2026-03-30 14:40:08,177 [INFO] IPUIPlugin:80 - create IPUIPlugin
2026-03-30 14:40:08,179 [INFO] PluginManager:220 - loadIPPluginJar : add plateformsettings
2026-03-30 14:40:08,180 [INFO] IPUIPlugin:80 - create IPUIPlugin
2026-03-30 14:40:08,180 [INFO] PluginManager:220 - loadIPPluginJar : add ltdc
2026-03-30 14:40:08,183 [INFO] IPUIPlugin:80 - create IPUIPlugin
2026-03-30 14:40:08,183 [INFO] PluginManager:220 - loadIPPluginJar : add nvic
2026-03-30 14:40:08,184 [INFO] IPUIPlugin:80 - create IPUIPlugin
2026-03-30 14:40:08,185 [INFO] PluginManager:220 - loadIPPluginJar : add fatfs
2026-03-30 14:40:08,188 [INFO] IPUIPlugin:80 - create IPUIPlugin
2026-03-30 14:40:08,188 [INFO] PluginManager:220 - loadIPPluginJar : add gpio
2026-03-30 14:40:08,191 [INFO] IPUIPlugin:80 - create IPUIPlugin
2026-03-30 14:40:08,191 [INFO] PluginManager:220 - loadIPPluginJar : add aes
2026-03-30 14:40:08,195 [INFO] IPUIPlugin:80 - create IPUIPlugin
2026-03-30 14:40:08,196 [INFO] PluginManager:220 - loadIPPluginJar : add mdma
2026-03-30 14:40:08,198 [INFO] IPUIPlugin:80 - create IPUIPlugin
2026-03-30 14:40:08,198 [INFO] PluginManager:220 - loadIPPluginJar : add pdm2pcm
2026-03-30 14:40:08,204 [INFO] IPUIPlugin:80 - create IPUIPlugin
2026-03-30 14:40:08,204 [INFO] PluginManager:220 - loadIPPluginJar : add linkedlist
2026-03-30 14:40:08,206 [INFO] IPUIPlugin:80 - create IPUIPlugin
2026-03-30 14:40:08,206 [INFO] PluginManager:220 - loadIPPluginJar : add usart
2026-03-30 14:40:08,208 [INFO] IPUIPlugin:80 - create IPUIPlugin
2026-03-30 14:40:08,208 [INFO] PluginManager:220 - loadIPPluginJar : add i2c
2026-03-30 14:40:08,210 [INFO] IPUIPlugin:80 - create IPUIPlugin
2026-03-30 14:40:08,210 [INFO] PluginManager:220 - loadIPPluginJar : add lorawan
2026-03-30 14:40:08,213 [INFO] IPUIPlugin:80 - create IPUIPlugin
2026-03-30 14:40:08,213 [INFO] PluginManager:220 - loadIPPluginJar : add usbx
2026-03-30 14:40:08,216 [INFO] IPUIPlugin:80 - create IPUIPlugin
2026-03-30 14:40:08,216 [INFO] PluginManager:220 - loadIPPluginJar : add fmc
2026-03-30 14:40:08,218 [INFO] IPUIPlugin:80 - create IPUIPlugin
2026-03-30 14:40:08,218 [INFO] PluginManager:220 - loadIPPluginJar : add extmemmanager
2026-03-30 14:40:08,223 [INFO] IPUIPlugin:80 - create IPUIPlugin
2026-03-30 14:40:08,223 [INFO] PluginManager:220 - loadIPPluginJar : add freertos
2026-03-30 14:40:08,225 [INFO] IPUIPlugin:80 - create IPUIPlugin
2026-03-30 14:40:08,225 [INFO] PluginManager:220 - loadIPPluginJar : add can
2026-03-30 14:40:08,227 [INFO] IPUIPlugin:80 - create IPUIPlugin
2026-03-30 14:40:08,227 [INFO] PluginManager:220 - loadIPPluginJar : add touchsensing
2026-03-30 14:40:08,229 [INFO] IPUIPlugin:80 - create IPUIPlugin
2026-03-30 14:40:08,229 [INFO] PluginManager:220 - loadIPPluginJar : add tracer_emb
2026-03-30 14:40:08,230 [INFO] IPUIPlugin:80 - create IPUIPlugin
2026-03-30 14:40:08,230 [INFO] PluginManager:220 - loadIPPluginJar : add ucpd
2026-03-30 14:40:08,231 [INFO] IPUIPlugin:80 - create IPUIPlugin
2026-03-30 14:40:08,232 [INFO] PluginManager:220 - loadIPPluginJar : add ts
2026-03-30 14:40:08,232 [INFO] IPUIPlugin:80 - create IPUIPlugin
2026-03-30 14:40:08,232 [INFO] PluginManager:220 - loadIPPluginJar : add tsc
2026-03-30 14:40:08,235 [INFO] IPUIPlugin:80 - create IPUIPlugin
2026-03-30 14:40:08,235 [INFO] PluginManager:220 - loadIPPluginJar : add resmgrutility
2026-03-30 14:40:08,236 [INFO] IPUIPlugin:80 - create IPUIPlugin
2026-03-30 14:40:08,236 [INFO] PluginManager:220 - loadIPPluginJar : add cryp
2026-03-30 14:40:08,238 [INFO] IPUIPlugin:80 - create IPUIPlugin
2026-03-30 14:40:08,238 [INFO] PluginManager:220 - loadIPPluginJar : add openamp
2026-03-30 14:40:08,243 [INFO] IPUIPlugin:80 - create IPUIPlugin
2026-03-30 14:40:08,243 [INFO] PluginManager:220 - loadIPPluginJar : add adc
2026-03-30 14:40:08,244 [INFO] IPUIPlugin:80 - create IPUIPlugin
2026-03-30 14:40:08,244 [INFO] PluginManager:220 - loadIPPluginJar : add spi
2026-03-30 14:40:08,247 [INFO] IPUIPlugin:80 - create IPUIPlugin
2026-03-30 14:40:08,247 [INFO] PluginManager:220 - loadIPPluginJar : add ipddr
2026-03-30 14:40:08,251 [INFO] IPUIPlugin:80 - create IPUIPlugin
2026-03-30 14:40:08,251 [INFO] PluginManager:220 - loadIPPluginJar : add stm32_wpan
2026-03-30 14:40:08,255 [INFO] IPUIPlugin:80 - create IPUIPlugin
2026-03-30 14:40:08,255 [INFO] PluginManager:220 - loadIPPluginJar : add gic
2026-03-30 14:40:08,257 [INFO] IPUIPlugin:80 - create IPUIPlugin
2026-03-30 14:40:08,257 [INFO] PluginManager:220 - loadIPPluginJar : add ddr_ctrl_phy
2026-03-30 14:40:08,258 [INFO] IPUIPlugin:80 - create IPUIPlugin
2026-03-30 14:40:08,258 [INFO] PluginManager:220 - loadIPPluginJar : add genericplugin
2026-03-30 14:40:08,259 [INFO] IPUIPlugin:80 - create IPUIPlugin
2026-03-30 14:40:08,259 [INFO] PluginManager:220 - loadIPPluginJar : add hash
2026-03-30 14:40:08,260 [INFO] IPUIPlugin:80 - create IPUIPlugin
2026-03-30 14:40:08,260 [INFO] PluginManager:220 - loadIPPluginJar : add tim
2026-03-30 14:40:08,261 [INFO] IPUIPlugin:80 - create IPUIPlugin
2026-03-30 14:40:08,262 [INFO] PluginManager:220 - loadIPPluginJar : add radio
2026-03-30 14:40:08,263 [INFO] IPUIPlugin:80 - create IPUIPlugin
2026-03-30 14:40:08,263 [INFO] PluginManager:220 - loadIPPluginJar : add gtzc
2026-03-30 14:40:08,265 [INFO] IPUIPlugin:80 - create IPUIPlugin
2026-03-30 14:40:08,265 [INFO] PluginManager:220 - loadIPPluginJar : add i2s
2026-03-30 14:40:08,266 [INFO] IPUIPlugin:80 - create IPUIPlugin
2026-03-30 14:40:08,266 [INFO] PluginManager:220 - loadIPPluginJar : add dma3
2026-03-30 14:40:08,365 [FATAL] Updater:351 - Updater called before beeing initialized
2026-03-30 14:40:08,401 [INFO] RulesReader:64 - Compatibility file has been processed (317 Rules)
2026-03-30 14:40:08,416 [INFO] RulesReader:64 - Compatibility file has been processed (317 Rules)
2026-03-30 14:40:08,423 [INFO] CADModel:165 - CPN selected for project level
2026-03-30 14:40:08,423 [INFO] CADModel:114 - Register for checkConnection events
2026-03-30 14:40:08,423 [FATAL] Updater:351 - Updater called before beeing initialized
2026-03-30 14:40:08,423 [ERROR] CADModel:125 - Updater not yet initialized, retry later 
2026-03-30 14:40:08,526 [FATAL] Updater:351 - Updater called before beeing initialized
2026-03-30 14:40:08,528 [INFO] CADModel:165 - CPN selected for project level
2026-03-30 14:40:08,528 [INFO] CADModel:114 - Register for checkConnection events
2026-03-30 14:40:08,528 [FATAL] Updater:351 - Updater called before beeing initialized
2026-03-30 14:40:08,528 [ERROR] CADModel:125 - Updater not yet initialized, retry later 
2026-03-30 14:40:08,530 [FATAL] Updater:351 - Updater called before beeing initialized
2026-03-30 14:40:08,612 [FATAL] Updater:351 - Updater called before beeing initialized
2026-03-30 14:40:08,616 [INFO] DbMcusAds:53 - JSON generation date=Thu Mar 05 20:02:52 IST 2026 (1772721172890)
2026-03-30 14:40:08,616 [FATAL] Updater:351 - Updater called before beeing initialized
2026-03-30 14:40:08,647 [WARN] DetailPanel:346 - Failed to get advertising image, set to default
2026-03-30 14:40:08,704 [FATAL] Updater:351 - Updater called before beeing initialized
2026-03-30 14:40:08,706 [FATAL] Updater:351 - Updater called before beeing initialized
2026-03-30 14:40:08,706 [FATAL] Updater:351 - Updater called before beeing initialized
2026-03-30 14:40:08,706 [WARN] DetailPanel:346 - Failed to get advertising image, set to default
2026-03-30 14:40:08,707 [FATAL] Updater:351 - Updater called before beeing initialized
2026-03-30 14:40:08,739 [ERROR] Updater:1198 - MainUpdater not yet initialized. External WinMGr cannot be set.
2026-03-30 14:40:08,741 [INFO] Updater:1134 - Updater Version found : 6.15.0
2026-03-30 14:40:08,756 [INFO] ApplicationProperties:184 - Using Application install path: /opt/st/stm32cubeide_1.19.0/plugins/com.st.stm32cube.common.mx_6.15.0.202507011659
2026-03-30 14:40:09,340 [INFO] MainUpdater:2872 - connection check result : 10
2026-03-30 14:40:09,341 [INFO] MainUpdater:289 - Updater Check For Update Now.
2026-03-30 14:40:09,341 [INFO] MicroXplorer:498 - Change Database Version : DB.6.0.150
2026-03-30 14:40:09,351 [INFO] McuFinderGlobals:63 - Set McuFinder mode to 2 (CubeIDE integrated)
2026-03-30 14:40:09,351 [INFO] UserAuth:171 - activating auth plugin
2026-03-30 14:40:09,354 [INFO] UserAuth:487 - Internet connection configuration mode: 1
2026-03-30 14:40:09,379 [INFO] JxBrowserEngine:152 - Initiate JxBrowser Engine with user profile folder
2026-03-30 14:40:09,548 [INFO] CheckServerUpdateThread:120 - End of CheckServer Thread
2026-03-30 14:40:10,220 [INFO] WebApp:169 - Instantiating new browser for Auth
2026-03-30 14:40:10,834 [INFO] WebApp:463 - Apply proxy settings
2026-03-30 14:40:10,834 [INFO] WebApp:548 - Chromium requires no authentication
2026-03-30 14:40:10,850 [INFO] WebApp:491 - Direct internet connection detected
2026-03-30 14:40:10,879 [INFO] WebApp:900 - Register for checkConnection events
2026-03-30 14:40:10,879 [INFO] WebApp:463 - Apply proxy settings
2026-03-30 14:40:10,879 [INFO] WebApp:548 - Chromium requires no authentication
2026-03-30 14:40:10,880 [INFO] WebApp:491 - Direct internet connection detected
2026-03-30 14:40:10,926 [WARN] PackLoader:240 - Cannot read IP mode file for STMicroelectronics.FP-SNS-MOTENVWB1.1.4.0
2026-03-30 14:40:10,931 [WARN] PackLoader:240 - Cannot read IP mode file for STMicroelectronics.FP-ATR-ASTRA1.2.0.2
2026-03-30 14:40:10,937 [WARN] PackLoader:240 - Cannot read IP mode file for STMicroelectronics.X-CUBE-SMBUS.2.1.0
2026-03-30 14:40:10,941 [WARN] PackLoader:240 - Cannot read IP mode file for STMicroelectronics.X-CUBE-ST60.1.0.0
2026-03-30 14:40:10,973 [WARN] PackLoader:240 - Cannot read IP mode file for STMicroelectronics.X-CUBE-AZRTOS-F7.1.1.0
2026-03-30 14:40:10,981 [WARN] PackLoader:240 - Cannot read IP mode file for STMicroelectronics.FP-SNS-MOTENV1.5.1.0
2026-03-30 14:40:11,010 [WARN] PackLoader:240 - Cannot read IP mode file for Infineon.AIROC-Wi-Fi-Bluetooth-STM32.1.7.1
2026-03-30 14:40:11,022 [INFO] WebApp:225 - Starting web application
2026-03-30 14:40:11,022 [INFO] WebApp:593 - Web application path used /opt/st/stm32cubeide_1.19.0/plugins/com.st.stm32cube.common.mx_6.15.0.202507011659/db/plugins/mcufinder/reactClient1/index.html
2026-03-30 14:40:11,071 [WARN] PackLoader:240 - Cannot read IP mode file for STMicroelectronics.X-CUBE-AZRTOS-H7.3.4.0
2026-03-30 14:40:11,092 [WARN] PackLoader:240 - Cannot read IP mode file for STMicroelectronics.X-CUBE-DISPLAY.3.0.0
2026-03-30 14:40:11,104 [WARN] PackLoader:240 - Cannot read IP mode file for STMicroelectronics.FP-SNS-MOTENVWB1.1.5.0
2026-03-30 14:40:11,117 [WARN] PackLoader:240 - Cannot read IP mode file for STMicroelectronics.X-CUBE-NFC10.1.0.0
2026-03-30 14:40:11,134 [WARN] PackLoader:240 - Cannot read IP mode file for STMicroelectronics.X-CUBE-BLEMGR.4.0.0
2026-03-30 14:40:11,158 [WARN] PackLoader:240 - Cannot read IP mode file for STMicroelectronics.X-CUBE-ST60.1.1.0
2026-03-30 14:40:11,165 [WARN] PackLoader:240 - Cannot read IP mode file for emotas.I-CUBE-CANOPEN.1.3.0
2026-03-30 14:40:11,171 [WARN] PackLoader:240 - Cannot read IP mode file for STMicroelectronics.X-CUBE-GNSS1.7.1.0
2026-03-30 14:40:11,177 [WARN] ConditionMgr:438 - getConditionDescription Invalid condition id : Cortex-A Device cause : null
2026-03-30 14:40:11,193 [WARN] ConditionMgr:1044 - genDependencies : Invalid condition id : Cortex-A Device cause : null
2026-03-30 14:40:11,193 [WARN] ConditionMgr:1044 - genDependencies : Invalid condition id : Cortex-A Device cause : null
2026-03-30 14:40:11,193 [WARN] ConditionMgr:1044 - genDependencies : Invalid condition id : Cortex-A Device cause : null
2026-03-30 14:40:11,203 [WARN] PackLoader:240 - Cannot read IP mode file for STMicroelectronics.FP-SNS-STBOX1.2.1.0
2026-03-30 14:40:11,219 [WARN] PackLoader:240 - Cannot read IP mode file for STMicroelectronics.FP-SNS-SMARTAG2.1.2.0
2026-03-30 14:40:11,226 [WARN] PackLoader:240 - Cannot read IP mode file for STMicroelectronics.FP-SNS-FLIGHT1.5.1.0
2026-03-30 14:40:11,240 [INFO] LogOutputStream:77 - [STDOUT_REDIRECT] 1 : Invalid condition id : UX_CORESTACK_Condition cause : null
2026-03-30 14:40:11,241 [INFO] LogOutputStream:77 - [STDOUT_REDIRECT] 1 : Invalid condition id : UX_CORESTACK_Condition cause : null
2026-03-30 14:40:11,242 [INFO] LogOutputStream:77 - [STDOUT_REDIRECT] 1 : Invalid condition id : UX_CORESTACK_Condition cause : null
2026-03-30 14:40:11,243 [INFO] LogOutputStream:77 - [STDOUT_REDIRECT] 1 : Invalid condition id : UX_CORESTACK_Condition cause : null
2026-03-30 14:40:11,243 [INFO] LogOutputStream:77 - [STDOUT_REDIRECT] 1 : Invalid condition id : UX_CORESTACK_Condition cause : null
2026-03-30 14:40:11,249 [WARN] PackLoader:240 - Cannot read IP mode file for STMicroelectronics.X-CUBE-AZRTOS-WL.2.0.0
2026-03-30 14:40:11,255 [WARN] PackLoader:240 - Cannot read IP mode file for STMicroelectronics.FP-SNS-MOTENV1.5.0.0
2026-03-30 14:40:11,278 [WARN] PackLoader:240 - Cannot read IP mode file for STMicroelectronics.X-CUBE-AZRTOS-H7RS.1.2.0
2026-03-30 14:40:11,286 [WARN] PackLoader:240 - Cannot read IP mode file for WES.I-CUBE-Cesium.1.3.0
2026-03-30 14:40:11,291 [WARN] PackLoader:240 - Cannot read IP mode file for STMicroelectronics.X-CUBE-BLE2.3.3.0
2026-03-30 14:40:11,306 [WARN] PackLoader:240 - Cannot read IP mode file for STMicroelectronics.X-CUBE-NFC9.1.0.0
2026-03-30 14:40:11,312 [WARN] PackLoader:240 - Cannot read IP mode file for wolfSSL.I-CUBE-wolfSSL.5.8.0
2026-03-30 14:40:11,316 [WARN] PackLoader:240 - Cannot read IP mode file for STMicroelectronics.X-CUBE-BLE1.7.1.0
2026-03-30 14:40:11,320 [WARN] PackLoader:240 - Cannot read IP mode file for wolfSSL.I-CUBE-wolfMQTT.1.19.2
2026-03-30 14:40:11,323 [INFO] WebApp:191 - Connection restablished
2026-03-30 14:40:11,326 [WARN] PackLoader:240 - Cannot read IP mode file for STMicroelectronics.X-CUBE-FREERTOS.1.4.0
2026-03-30 14:40:11,332 [WARN] PackLoader:240 - Cannot read IP mode file for STMicroelectronics.X-CUBE-EEPRMA1.5.2.0
2026-03-30 14:40:11,338 [WARN] PackLoader:240 - Cannot read IP mode file for STMicroelectronics.X-CUBE-ST67W61.1.1.0
2026-03-30 14:40:11,343 [WARN] PackLoader:240 - Cannot read IP mode file for STMicroelectronics.X-CUBE-AI.10.1.0
2026-03-30 14:40:11,396 [WARN] PackLoader:240 - Cannot read IP mode file for STMicroelectronics.X-CUBE-MEMS1.12.0.0
2026-03-30 14:40:11,479 [WARN] PackLoader:240 - Cannot read IP mode file for STMicroelectronics.X-CUBE-AZRTOS-G0.1.1.0
2026-03-30 14:40:11,484 [WARN] PackLoader:240 - Cannot read IP mode file for STMicroelectronics.X-CUBE-SAFEA1.1.2.2
2026-03-30 14:40:11,489 [WARN] PackLoader:240 - Cannot read IP mode file for STMicroelectronics.X-CUBE-NFC4.3.0.0
2026-03-30 14:40:11,496 [WARN] PackLoader:240 - Cannot read IP mode file for EmbeddedOffice.I-CUBE-FS-RTOS.1.0.1
2026-03-30 14:40:11,502 [WARN] PackLoader:240 - Cannot read IP mode file for STMicroelectronics.X-CUBE-WB05N.2.0.0
2026-03-30 14:40:11,508 [WARN] PackLoader:240 - Cannot read IP mode file for wolfSSL.I-CUBE-wolfTPM.3.8.0
2026-03-30 14:40:11,515 [WARN] PackLoader:240 - Cannot read IP mode file for STMicroelectronics.X-CUBE-TCPP.4.2.0
2026-03-30 14:40:11,520 [WARN] PackLoader:240 - Cannot read IP mode file for RealThread.X-CUBE-RT-Thread_Nano.4.1.1
2026-03-30 14:40:11,525 [WARN] PackLoader:240 - Cannot read IP mode file for STMicroelectronics.FP-ATR-SIGFOX1.3.2.0
2026-03-30 14:40:11,533 [WARN] PackLoader:240 - Cannot read IP mode file for STMicroelectronics.X-CUBE-EEPRMA1.5.1.0
2026-03-30 14:40:11,540 [WARN] PackLoader:240 - Cannot read IP mode file for ITTIA_DB.I-CUBE-ITTIADB.8.9.0
2026-03-30 14:40:11,548 [WARN] PackLoader:240 - Cannot read IP mode file for STMicroelectronics.X-CUBE-NFC6.3.2.0
2026-03-30 14:40:11,556 [WARN] PackLoader:240 - Cannot read IP mode file for STMicroelectronics.X-CUBE-ST67W61.1.0.0
2026-03-30 14:40:11,561 [WARN] PackLoader:240 - Cannot read IP mode file for STMicroelectronics.X-CUBE-AI.10.2.0
2026-03-30 14:40:11,592 [WARN] PackLoader:240 - Cannot read IP mode file for SEGGER.I-CUBE-embOS.1.3.1
2026-03-30 14:40:11,644 [WARN] PackLoader:240 - Cannot read IP mode file for STMicroelectronics.X-CUBE-ALGOBUILD.1.4.0
2026-03-30 14:40:11,675 [WARN] PackLoader:240 - Cannot read IP mode file for STMicroelectronics.X-CUBE-MEMS1.11.3.0
2026-03-30 14:40:11,775 [WARN] PackLoader:240 - Cannot read IP mode file for STMicroelectronics.X-CUBE-PM33A1.1.0.0
2026-03-30 14:40:11,800 [WARN] PackLoader:240 - Cannot read IP mode file for STMicroelectronics.X-CUBE-AZRTOS-F4.1.1.0
2026-03-30 14:40:11,808 [WARN] PackLoader:240 - Cannot read IP mode file for Avnet-IotConnect.X-CUBE-IoTC-DA16k-PMOD.1.0.0
2026-03-30 14:40:11,811 [WARN] PackLoader:240 - Cannot read IP mode file for STMicroelectronics.X-CUBE-ISPU.2.1.0
2026-03-30 14:40:11,824 [WARN] PackLoader:240 - Cannot read IP mode file for STMicroelectronics.X-CUBE-IPS.3.2.0
2026-03-30 14:40:11,840 [WARN] PackLoader:240 - Cannot read IP mode file for STMicroelectronics.X-CUBE-NFC12.1.0.0
2026-03-30 14:40:11,861 [WARN] PackLoader:240 - Cannot read IP mode file for STMicroelectronics.X-CUBE-AZRTOS-L5.2.0.0
2026-03-30 14:40:11,875 [WARN] PackLoader:240 - Cannot read IP mode file for STMicroelectronics.X-CUBE-NFC6.3.1.0
2026-03-30 14:40:11,883 [WARN] PackLoader:240 - Cannot read IP mode file for STMicroelectronics.X-CUBE-FREERTOS.1.3.1
2026-03-30 14:40:11,888 [WARN] PackLoader:240 - Cannot read IP mode file for STMicroelectronics.X-CUBE-TOUCHGFX.4.26.0
2026-03-30 14:40:11,895 [WARN] PackLoader:240 - Cannot read IP mode file for STMicroelectronics.FP-SNS-STAIOTCFT.1.0.0
2026-03-30 14:40:11,900 [WARN] PackLoader:240 - Cannot read IP mode file for STMicroelectronics.X-CUBE-DPower.1.3.0
2026-03-30 14:40:11,946 [WARN] ConditionMgr:438 - getConditionDescription Invalid condition id : LAN8742 Phy interface Condition cause : null
2026-03-30 14:40:11,947 [WARN] PackLoader:240 - Cannot read IP mode file for STMicroelectronics.X-CUBE-AZRTOS-L4.2.0.0
2026-03-30 14:40:11,948 [WARN] ConditionMgr:1044 - genDependencies : Invalid condition id : LAN8742 Phy interface Condition cause : null
2026-03-30 14:40:11,949 [WARN] ConditionMgr:1044 - genDependencies : Invalid condition id : LAN8742 Phy interface Condition cause : null
2026-03-30 14:40:11,949 [WARN] ConditionMgr:1044 - genDependencies : Invalid condition id : LAN8742 Phy interface Condition cause : null
2026-03-30 14:40:11,959 [WARN] PackLoader:240 - Cannot read IP mode file for STMicroelectronics.X-CUBE-SFXS2LP1.4.0.0
2026-03-30 14:40:11,973 [WARN] PackLoader:240 - Cannot read IP mode file for STMicroelectronics.X-CUBE-ST67W61.1.2.0
2026-03-30 14:40:11,988 [WARN] PackLoader:240 - Cannot read IP mode file for STMicroelectronics.X-CUBE-BLEMGR.4.1.0
2026-03-30 14:40:12,014 [WARN] ConditionMgr:438 - getConditionDescription Invalid condition id : UX DEVICE CLASS RTOS Condition cause : null
2026-03-30 14:40:12,014 [WARN] ConditionMgr:438 - getConditionDescription Invalid condition id : UX DEVICE CLASS RTOS Condition cause : null
2026-03-30 14:40:12,017 [WARN] PackLoader:240 - Cannot read IP mode file for STMicroelectronics.X-CUBE-AZRTOS-WB.2.0.0
2026-03-30 14:40:12,017 [WARN] ConditionMgr:1044 - genDependencies : Invalid condition id : UX DEVICE CLASS RTOS Condition cause : null
2026-03-30 14:40:12,018 [WARN] ConditionMgr:1044 - genDependencies : Invalid condition id : UX DEVICE CLASS RTOS Condition cause : null
2026-03-30 14:40:12,018 [WARN] ConditionMgr:1044 - genDependencies : Invalid condition id : UX DEVICE CLASS RTOS Condition cause : null
2026-03-30 14:40:12,018 [WARN] ConditionMgr:1044 - genDependencies : Invalid condition id : UX DEVICE CLASS RTOS Condition cause : null
2026-03-30 14:40:12,019 [WARN] ConditionMgr:1044 - genDependencies : Invalid condition id : UX DEVICE CLASS RTOS Condition cause : null
2026-03-30 14:40:12,026 [WARN] PackLoader:240 - Cannot read IP mode file for STMicroelectronics.X-CUBE-GNSS1.7.0.1
2026-03-30 14:40:12,031 [WARN] PackLoader:240 - Cannot read IP mode file for STMicroelectronics.X-CUBE-TOUCHGFX.4.25.0
2026-03-30 14:40:12,036 [WARN] PackLoader:240 - Cannot read IP mode file for STMicroelectronics.FP-SNS-STBOX1.2.0.0
2026-03-30 14:40:12,047 [WARN] PackLoader:240 - Cannot read IP mode file for STMicroelectronics.X-CUBE-STSE01.2.0.0
2026-03-30 14:40:12,058 [WARN] PackLoader:240 - Cannot read IP mode file for STMicroelectronics.X-CUBE-SUBG2.5.0.0
2026-03-30 14:40:12,077 [WARN] PackLoader:240 - Cannot read IP mode file for STMicroelectronics.X-CUBE-AZRTOS-H7RS.1.1.0
2026-03-30 14:40:12,082 [WARN] PackLoader:240 - Cannot read IP mode file for Cesanta.I-CUBE-Mongoose.7.13.0
2026-03-30 14:40:12,094 [WARN] PackLoader:240 - Cannot read IP mode file for STMicroelectronics.X-CUBE-AZRTOS-G4.2.0.0
2026-03-30 14:40:12,098 [WARN] PackLoader:240 - Cannot read IP mode file for wolfSSL.I-CUBE-wolfSSH.1.4.20
2026-03-30 14:40:12,102 [WARN] PackLoader:240 - Cannot read IP mode file for STMicroelectronics.X-CUBE-NFC7.2.0.0
2026-03-30 14:40:12,114 [WARN] PackLoader:240 - Cannot read IP mode file for STMicroelectronics.X-CUBE-IPS.3.1.0
2026-03-30 14:40:12,122 [WARN] PackLoader:240 - Cannot read IP mode file for STMicroelectronics.X-CUBE-ALS.1.0.2
2026-03-30 14:40:12,135 [WARN] PackLoader:240 - Cannot read IP mode file for STMicroelectronics.X-CUBE-STSE01.1.0.0
2026-03-30 14:40:12,141 [WARN] PackLoader:240 - Cannot read IP mode file for portGmbH.I-Cube-SoM-uGOAL.1.1.0
2026-03-30 14:40:12,152 [WARN] PackLoader:240 - Cannot read IP mode file for STMicroelectronics.X-CUBE-TOF1.3.4.3
2026-03-30 14:40:12,162 [INFO] ThirdParty:978 - Integrity check success = true
2026-03-30 14:40:12,162 [INFO] IntegrityCheckThread:100 - exiting critical section [integrity check]
2026-03-30 14:40:12,162 [INFO] IntegrityCheckThread:103 - End integrity checks thread
2026-03-30 14:50:31,945 [INFO] WebApp:194 - Connection lost
2026-03-30 17:29:01,508 [INFO] WebApp:191 - Connection restablished
2026-03-30 17:29:05,420 [INFO] WebApp:194 - Connection lost
2026-03-30 17:29:05,682 [INFO] WebApp:191 - Connection restablished
2026-03-30 19:08:39,440 [INFO] WebApp:194 - Connection lost
2026-03-30 22:27:47,061 [ERROR] ConfigurationRetriever:142 - IOException on connection: sw-center.st.com
2026-03-30 22:27:47,063 [ERROR] ConfigurationRetriever:142 - IOException on connection: sw-center.st.com
2026-03-30 22:27:47,064 [ERROR] ConfigurationRetriever:142 - IOException on connection: sw-center.st.com
2026-03-30 22:27:48,036 [ERROR] LogOutputStream:75 - [STDERR_REDIRECT] 
