2026-03-25 02:06:13,495 [INFO] WebApp:194 - Connection lost
2026-03-25 02:06:22,088 [INFO] WebApp:191 - Connection restablished
2026-03-25 02:13:22,330 [INFO] WebApp:194 - Connection lost
2026-03-25 12:28:06,872 [INFO] WebApp:191 - Connection restablished
2026-03-25 12:28:12,009 [INFO] WebApp:194 - Connection lost
2026-03-25 12:28:12,307 [INFO] WebApp:191 - Connection restablished
2026-03-25 12:31:45,196 [INFO] MainUpdater:2872 - connection check result : 10
2026-03-25 12:31:45,196 [INFO] MainUpdater:2872 - connection check result : 10
2026-03-25 12:31:45,548 [INFO] MicroXplorer:468 - Change Database Path : 
2026-03-25 12:31:45,549 [INFO] MicroXplorer:498 - Change Database Version : DB.6.0.150
2026-03-25 12:31:45,598 [ERROR] ProjectManagerView:395 - 
java.lang.NullPointerException: Cannot invoke "javax.swing.JTextField.getText()" because the return value of "java.util.List.get(int)" is null
	at com.st.microxplorer.plugins.projectmanager.gui.ProjectChoiceTab$9.caretUpdate(ProjectChoiceTab.java:2706) ~[filemanager.jar:?]
	at javax.swing.text.JTextComponent.fireCaretUpdate(JTextComponent.java:408) ~[?:?]
	at javax.swing.text.JTextComponent$MutableCaretEvent.fire(JTextComponent.java:4484) ~[?:?]
	at javax.swing.text.JTextComponent$MutableCaretEvent.stateChanged(JTextComponent.java:4506) ~[?:?]
	at javax.swing.text.DefaultCaret.fireStateChanged(DefaultCaret.java:857) ~[?:?]
	at javax.swing.text.DefaultCaret.changeCaretPosition(DefaultCaret.java:1343) ~[?:?]
	at javax.swing.text.DefaultCaret.handleSetDot(DefaultCaret.java:1242) ~[?:?]
	at javax.swing.text.DefaultCaret.setDot(DefaultCaret.java:1223) ~[?:?]
	at javax.swing.text.DefaultCaret$Handler.insertUpdate(DefaultCaret.java:1819) ~[?:?]
	at javax.swing.text.AbstractDocument.fireInsertUpdate(AbstractDocument.java:227) ~[?:?]
	at javax.swing.text.AbstractDocument.handleInsertString(AbstractDocument.java:781) ~[?:?]
	at javax.swing.text.AbstractDocument.insertString(AbstractDocument.java:740) ~[?:?]
	at javax.swing.text.PlainDocument.insertString(PlainDocument.java:131) ~[?:?]
	at javax.swing.text.AbstractDocument.replace(AbstractDocument.java:699) ~[?:?]
	at javax.swing.text.JTextComponent.setText(JTextComponent.java:1725) ~[?:?]
	at com.st.microxplorer.plugins.projectmanager.gui.ProjectChoiceTab.createHeapStackFields(ProjectChoiceTab.java:993) ~[filemanager.jar:?]
	at com.st.microxplorer.plugins.projectmanager.gui.ProjectChoiceTab.buildLinkSettingsPanel(ProjectChoiceTab.java:3813) ~[filemanager.jar:?]
	at com.st.microxplorer.plugins.projectmanager.gui.ProjectChoiceTab.defineWindowsFields(ProjectChoiceTab.java:1987) ~[filemanager.jar:?]
	at com.st.microxplorer.plugins.projectmanager.gui.ProjectChoiceTab.updateSettings(ProjectChoiceTab.java:558) ~[filemanager.jar:?]
	at com.st.microxplorer.plugins.projectmanager.gui.ProjectSettingsPanel.UpdateDialog(ProjectSettingsPanel.java:247) ~[filemanager.jar:?]
	at com.st.microxplorer.plugins.projectmanager.ProjectManagerView.propertyChange(ProjectManagerView.java:392) ~[filemanager.jar:?]
	at java.beans.PropertyChangeSupport.fire(PropertyChangeSupport.java:343) ~[?:?]
	at java.beans.PropertyChangeSupport.firePropertyChange(PropertyChangeSupport.java:335) ~[?:?]
	at java.beans.PropertyChangeSupport.firePropertyChange(PropertyChangeSupport.java:268) ~[?:?]
	at com.st.microxplorer.util.MXPropertyChangeSupport.firePropertyChange(MXPropertyChangeSupport.java:54) ~[STM32CubeMX.jar:?]
	at com.st.microxplorer.mxsystem.MxSystem.closeConfig(MxSystem.java:899) ~[STM32CubeMX.jar:?]
	at com.st.microxplorer.maingui.MainPanel.closeConfig(MainPanel.java:792) ~[STM32CubeMX.jar:?]
	at com.st.microxplorer.plugins.filemanager.engine.OpenFileManager.loadConfigurationFile(OpenFileManager.java:288) ~[filemanager.jar:?]
	at com.st.microxplorer.plugins.filemanager.engine.MainFileManager.userLoadConfig(MainFileManager.java:364) ~[filemanager.jar:?]
	at com.st.microxplorer.plugins.filemanager.engine.MainFileManager.userLoadConfig(MainFileManager.java:342) ~[filemanager.jar:?]
	at com.st.microxplorer.plugins.filemanager.FileManagerView.getSpecificTask(FileManagerView.java:264) ~[filemanager.jar:?]
	at com.st.stm32cube.common.mx.editor.CubeMxEditor.getMxTabbedPaneInstance(CubeMxEditor.java:1198) ~[com.st.stm32cube.common.mx_6.15.0.202507011659/:?]
	at com.st.stm32cube.common.mx.editor.CubeMxEditor$12$1.createSwingComponent(CubeMxEditor.java:1068) ~[com.st.stm32cube.common.mx_6.15.0.202507011659/:?]
	at com.st.stm32cube.common.mx.oss.core.awtswtbridge.EmbeddedSwingComposite.doComponentCreation(EmbeddedSwingComposite.java:492) ~[com.st.stm32cube.common.mx.oss_6.15.0.202507011659/:?]
	at com.st.stm32cube.common.mx.oss.core.awtswtbridge.EmbeddedSwingComposite$4.run(EmbeddedSwingComposite.java:291) ~[com.st.stm32cube.common.mx.oss_6.15.0.202507011659/:?]
	at com.st.stm32cube.common.mx.oss.core.awtswtbridge.AwtEnvironment$2.run(AwtEnvironment.java:166) ~[com.st.stm32cube.common.mx.oss_6.15.0.202507011659/:?]
	at java.awt.event.InvocationEvent.dispatch(InvocationEvent.java:318) ~[?:?]
	at java.awt.EventQueue.dispatchEventImpl(EventQueue.java:773) ~[?:?]
	at java.awt.EventQueue$4.run(EventQueue.java:720) ~[?:?]
	at java.awt.EventQueue$4.run(EventQueue.java:714) ~[?:?]
	at java.security.AccessController.doPrivileged(AccessController.java:400) ~[?:?]
	at java.security.ProtectionDomain$JavaSecurityAccessImpl.doIntersectionPrivilege(ProtectionDomain.java:87) ~[?:?]
	at java.awt.EventQueue.dispatchEvent(EventQueue.java:742) ~[?:?]
	at java.awt.EventDispatchThread.pumpOneEventForFilters(EventDispatchThread.java:203) ~[?:?]
	at java.awt.EventDispatchThread.pumpEventsForFilter(EventDispatchThread.java:124) ~[?:?]
	at java.awt.EventDispatchThread.pumpEventsForHierarchy(EventDispatchThread.java:113) ~[?:?]
	at java.awt.EventDispatchThread.pumpEvents(EventDispatchThread.java:109) ~[?:?]
	at java.awt.EventDispatchThread.pumpEvents(EventDispatchThread.java:101) ~[?:?]
	at java.awt.EventDispatchThread.run(EventDispatchThread.java:90) ~[?:?]
2026-03-25 12:31:45,615 [WARN] ThirdParty:871 - waiting for thirdparty lock release [close project]
2026-03-25 12:31:45,615 [INFO] ThirdParty:873 - entering critical section [close project]
2026-03-25 12:31:45,615 [INFO] ThirdParty:883 - exiting critical section [close project]
2026-03-25 12:31:45,617 [INFO] PinOutPanel:1589 - setPackage(No Configuration,No Configuration)
2026-03-25 12:31:45,652 [WARN] IpParametersView:155 - Warning: This peripheral hasn't parameters
2026-03-25 12:31:45,687 [WARN] MainPanel:289 - <html><b><center>Warning: This peripheral has no parameters to be configured<br></b></html>
2026-03-25 12:31:45,706 [INFO] UtilMem:75 - Begin LoadConfig() Used Memory: 735289096 Bytes (961544192)
2026-03-25 12:31:45,708 [INFO] MicroXplorer:468 - Change Database Path : 
2026-03-25 12:31:45,709 [INFO] MicroXplorer:498 - Change Database Version : DB.6.0.150
2026-03-25 12:31:45,709 [INFO] OpenFileManager:355 - Change cursor
2026-03-25 12:31:45,763 [INFO] RulesReader:64 - Compatibility file has been processed (317 Rules)
2026-03-25 12:31:45,773 [INFO] Mcu:2029 - Initializing MCU STM32F407V(E-G)Tx STM32F407VGTx STM32F407VGT6
2026-03-25 12:31:47,225 [INFO] Context:786 - Trying to add GPIOservice into a context  which must be forbidden
2026-03-25 12:31:48,058 [INFO] ImportTextPane:234 - (OptionalMessage_ERROR) Pin34 (VP_RIF_VS_RIF1) cannot be retrieved for this MCU
2026-03-25 12:31:48,148 [INFO] RtosManager:558 - Registered RTOS mode: class=CMSIS, group=RTOS, mode=CMSIS_V1, owner=FREERTOS
2026-03-25 12:31:48,148 [INFO] RtosManager:558 - Registered RTOS mode: class=CMSIS, group=RTOS2, mode=CMSIS_V2, owner=FREERTOS
2026-03-25 12:31:48,148 [INFO] RtosManager:558 - Registered RTOS mode: class=RTOS, group=Core, mode=CMSIS_V1, owner=FREERTOS
2026-03-25 12:31:48,148 [INFO] RtosManager:558 - Registered RTOS mode: class=RTOS, group=Core, mode=CMSIS_V2, owner=FREERTOS
2026-03-25 12:31:48,149 [WARN] ModelIntegratedComponent:184 - Missing modes for component STMicroelectronics:FreeRTOS:0.0.1:STMicroelectronics:RTOS:FreeRTOS:Core:::10.2.0:
2026-03-25 12:31:48,165 [WARN] ModelIntegratedComponent:63 - No mode defined for component null
2026-03-25 12:31:48,166 [WARN] ModelIntegratedComponent:63 - No mode defined for component null
2026-03-25 12:31:48,166 [WARN] ModelIntegratedComponent:63 - No mode defined for component null
2026-03-25 12:31:48,166 [WARN] ModelIntegratedComponent:63 - No mode defined for component null
2026-03-25 12:31:48,166 [WARN] ModelIntegratedComponent:63 - No mode defined for component null
2026-03-25 12:31:48,166 [WARN] ModelIntegratedComponent:63 - No mode defined for component null
2026-03-25 12:31:48,166 [WARN] ModelIntegratedComponent:63 - No mode defined for component null
2026-03-25 12:31:48,166 [WARN] ModelIntegratedComponent:63 - No mode defined for component null
2026-03-25 12:31:48,166 [WARN] ModelIntegratedComponent:63 - No mode defined for component null
2026-03-25 12:31:48,166 [WARN] ModelIntegratedComponent:63 - No mode defined for component null
2026-03-25 12:31:48,166 [WARN] ModelIntegratedComponent:63 - No mode defined for component null
2026-03-25 12:31:48,166 [WARN] ModelIntegratedComponent:63 - No mode defined for component null
2026-03-25 12:31:48,166 [WARN] ModelIntegratedComponent:63 - No mode defined for component null
2026-03-25 12:31:48,167 [WARN] ModelIntegratedComponent:63 - No mode defined for component null
2026-03-25 12:31:48,167 [WARN] ModelIntegratedComponent:63 - No mode defined for component null
2026-03-25 12:31:48,167 [WARN] ModelIntegratedComponent:63 - No mode defined for component null
2026-03-25 12:31:48,167 [WARN] ModelIntegratedComponent:63 - No mode defined for component null
2026-03-25 12:31:48,167 [WARN] ModelIntegratedComponent:63 - No mode defined for component null
2026-03-25 12:31:48,167 [WARN] ModelIntegratedComponent:63 - No mode defined for component null
2026-03-25 12:31:48,167 [WARN] ModelIntegratedComponent:63 - No mode defined for component null
2026-03-25 12:31:48,167 [WARN] ModelIntegratedComponent:63 - No mode defined for component null
2026-03-25 12:31:48,167 [WARN] ModelIntegratedComponent:63 - No mode defined for component null
2026-03-25 12:31:48,167 [WARN] ModelIntegratedComponent:63 - No mode defined for component null
2026-03-25 12:31:48,167 [WARN] ModelIntegratedComponent:63 - No mode defined for component null
2026-03-25 12:31:48,167 [WARN] ModelIntegratedComponent:63 - No mode defined for component null
2026-03-25 12:31:48,167 [WARN] ModelIntegratedComponent:63 - No mode defined for component null
2026-03-25 12:31:48,167 [WARN] ModelIntegratedComponent:63 - No mode defined for component null
2026-03-25 12:31:48,168 [WARN] ModelIntegratedComponent:63 - No mode defined for component null
2026-03-25 12:31:48,168 [WARN] ModelIntegratedComponent:63 - No mode defined for component null
2026-03-25 12:31:48,168 [WARN] ModelIntegratedComponent:63 - No mode defined for component null
2026-03-25 12:31:48,168 [WARN] ModelIntegratedComponent:63 - No mode defined for component null
2026-03-25 12:31:48,168 [WARN] ModelIntegratedComponent:63 - No mode defined for component null
2026-03-25 12:31:48,168 [WARN] ModelIntegratedComponent:63 - No mode defined for component null
2026-03-25 12:31:48,168 [WARN] ModelIntegratedComponent:63 - No mode defined for component null
2026-03-25 12:31:48,168 [WARN] ModelIntegratedComponent:63 - No mode defined for component null
2026-03-25 12:31:48,168 [WARN] ModelPack:524 - Component already loaded: STMicroelectronics:HAL Drivers:0.0.0:STMicroelectronics:Device:STMicro_Driver:XSPI:HAL::0.0.1:HAL_XSPI
2026-03-25 12:31:48,442 [INFO] ThirdPartyModel:298 - Start build external matchings
2026-03-25 12:31:49,426 [INFO] ThirdPartyModel:316 - End build external matchings
2026-03-25 12:31:49,608 [INFO] UtilMem:75 - End LoadConfig() Used Memory: 769960712 Bytes (961544192)
2026-03-25 12:31:49,618 [WARN] ThirdParty:833 - waiting for thirdparty lock release [change project]
2026-03-25 12:31:49,620 [INFO] ThirdParty:835 - entering critical section [change project]
2026-03-25 12:31:49,620 [INFO] ThirdParty:1030 - CMSIS Pack Vendor :STMicroelectronics X-CUBE-PM33A1 1.0.0
2026-03-25 12:31:49,621 [INFO] ThirdParty:1030 - CMSIS Pack Vendor :STMicroelectronics USBPD 4.1
2026-03-25 12:31:49,621 [INFO] ThirdParty:1030 - CMSIS Pack Vendor :STMicroelectronics USB_HOST 2.0.0
2026-03-25 12:31:49,621 [INFO] ThirdParty:1030 - CMSIS Pack Vendor :STMicroelectronics FP-SNS-MOTENVWB1 1.4.0
2026-03-25 12:31:49,621 [INFO] ThirdParty:1030 - CMSIS Pack Vendor :STMicroelectronics X-CUBE-AZRTOS-F4 1.1.0
2026-03-25 12:31:49,621 [INFO] ThirdParty:1030 - CMSIS Pack Vendor :STMicroelectronics LIBJPEG 8.0.0
2026-03-25 12:31:49,621 [INFO] ThirdParty:1030 - CMSIS Pack Vendor :STMicroelectronics FP-ATR-ASTRA1 2.0.2
2026-03-25 12:31:49,621 [INFO] ThirdParty:1030 - CMSIS Pack Vendor :Avnet-IotConnect X-CUBE-IoTC-DA16k-PMOD 1.0.0
2026-03-25 12:31:49,621 [INFO] ThirdParty:1030 - CMSIS Pack Vendor :STMicroelectronics X-CUBE-SMBUS 2.1.0
2026-03-25 12:31:49,621 [INFO] ThirdParty:1030 - CMSIS Pack Vendor :STMicroelectronics X-CUBE-ISPU 2.1.0
2026-03-25 12:31:49,622 [INFO] ThirdParty:1030 - CMSIS Pack Vendor :STMicroelectronics X-CUBE-IPS 3.2.0
2026-03-25 12:31:49,622 [INFO] ThirdParty:1030 - CMSIS Pack Vendor :STMicroelectronics X-CUBE-ST60 1.0.0
2026-03-25 12:31:49,622 [INFO] ThirdParty:1030 - CMSIS Pack Vendor :STMicroelectronics X-CUBE-NFC12 1.0.0
2026-03-25 12:31:49,622 [INFO] ThirdParty:1030 - CMSIS Pack Vendor :STMicroelectronics X-CUBE-AZRTOS-F7 1.1.0
2026-03-25 12:31:49,622 [INFO] ThirdParty:1030 - CMSIS Pack Vendor :STMicroelectronics X-CUBE-AZRTOS-L5 2.0.0
2026-03-25 12:31:49,622 [INFO] ThirdParty:1030 - CMSIS Pack Vendor :STMicroelectronics USB_DEVICE 2.0.0
2026-03-25 12:31:49,622 [INFO] ThirdParty:1030 - CMSIS Pack Vendor :STMicroelectronics X-CUBE-NFC6 3.1.0
2026-03-25 12:31:49,622 [INFO] ThirdParty:1030 - CMSIS Pack Vendor :STMicroelectronics FP-SNS-MOTENV1 5.1.0
2026-03-25 12:31:49,622 [INFO] ThirdParty:1030 - CMSIS Pack Vendor :STMicroelectronics FreeRTOS 0.0.1
2026-03-25 12:31:49,622 [INFO] ThirdParty:1030 - CMSIS Pack Vendor :Infineon AIROC-Wi-Fi-Bluetooth-STM32 1.7.1
2026-03-25 12:31:49,622 [INFO] ThirdParty:1030 - CMSIS Pack Vendor :STMicroelectronics PDM2PCM 3.3.0
2026-03-25 12:31:49,622 [INFO] ThirdParty:1030 - CMSIS Pack Vendor :STMicroelectronics X-CUBE-AZRTOS-H7 3.4.0
2026-03-25 12:31:49,622 [INFO] ThirdParty:1030 - CMSIS Pack Vendor :STMicroelectronics X-CUBE-DISPLAY 3.0.0
2026-03-25 12:31:49,623 [INFO] ThirdParty:1030 - CMSIS Pack Vendor :STMicroelectronics FP-SNS-MOTENVWB1 1.5.0
2026-03-25 12:31:49,623 [INFO] ThirdParty:1030 - CMSIS Pack Vendor :STMicroelectronics X-CUBE-NFC10 1.0.0
2026-03-25 12:31:49,623 [INFO] ThirdParty:1030 - CMSIS Pack Vendor :STMicroelectronics X-CUBE-BLEMGR 4.0.0
2026-03-25 12:31:49,623 [INFO] ThirdParty:1030 - CMSIS Pack Vendor :STMicroelectronics X-CUBE-FREERTOS 1.3.1
2026-03-25 12:31:49,623 [INFO] ThirdParty:1030 - CMSIS Pack Vendor :STMicroelectronics HAL Drivers 0.0.0
2026-03-25 12:31:49,623 [INFO] ThirdParty:1030 - CMSIS Pack Vendor :STMicroelectronics X-CUBE-ST60 1.1.0
2026-03-25 12:31:49,623 [INFO] ThirdParty:1030 - CMSIS Pack Vendor :emotas I-CUBE-CANOPEN 1.3.0
2026-03-25 12:31:49,623 [INFO] ThirdParty:1030 - CMSIS Pack Vendor :STMicroelectronics MBEDTLS 2.14.1
2026-03-25 12:31:49,623 [INFO] ThirdParty:1030 - CMSIS Pack Vendor :STMicroelectronics X-CUBE-GNSS1 7.1.0
2026-03-25 12:31:49,624 [INFO] ThirdParty:1030 - CMSIS Pack Vendor :STMicroelectronics X-CUBE-TOUCHGFX 4.26.0
2026-03-25 12:31:49,624 [INFO] ThirdParty:1030 - CMSIS Pack Vendor :quantropi X-CUBE-qispace-sdk-base 2.0.0
2026-03-25 12:31:49,624 [INFO] ThirdParty:1030 - CMSIS Pack Vendor :STMicroelectronics FP-SNS-STBOX1 2.1.0
2026-03-25 12:31:49,624 [INFO] ThirdParty:1030 - CMSIS Pack Vendor :STMicroelectronics FP-SNS-STAIOTCFT 1.0.0
2026-03-25 12:31:49,624 [INFO] ThirdParty:1030 - CMSIS Pack Vendor :STMicroelectronics FP-SNS-SMARTAG2 1.2.0
2026-03-25 12:31:49,624 [INFO] ThirdParty:1030 - CMSIS Pack Vendor :STMicroelectronics FP-SNS-FLIGHT1 5.1.0
2026-03-25 12:31:49,624 [INFO] ThirdParty:1030 - CMSIS Pack Vendor :STMicroelectronics X-CUBE-AZRTOS-WL 2.0.0
2026-03-25 12:31:49,624 [INFO] ThirdParty:1030 - CMSIS Pack Vendor :STMicroelectronics X-CUBE-DPower 1.3.0
2026-03-25 12:31:49,624 [INFO] ThirdParty:1030 - CMSIS Pack Vendor :STMicroelectronics FP-SNS-MOTENV1 5.0.0
2026-03-25 12:31:49,624 [INFO] ThirdParty:1030 - CMSIS Pack Vendor :STMicroelectronics USB_DEVICE 1.0.0
2026-03-25 12:31:49,624 [INFO] ThirdParty:1030 - CMSIS Pack Vendor :STMicroelectronics X-CUBE-AZRTOS-H7RS 1.2.0
2026-03-25 12:31:49,624 [INFO] ThirdParty:1030 - CMSIS Pack Vendor :STMicroelectronics X-CUBE-AZRTOS-L4 2.0.0
2026-03-25 12:31:49,624 [INFO] ThirdParty:1030 - CMSIS Pack Vendor :STMicroelectronics ThreadX 0.0.2
2026-03-25 12:31:49,624 [INFO] ThirdParty:1030 - CMSIS Pack Vendor :WES I-CUBE-Cesium 1.3.0
2026-03-25 12:31:49,624 [INFO] ThirdParty:1030 - CMSIS Pack Vendor :STMicroelectronics lwIP 2.1.2
2026-03-25 12:31:49,624 [INFO] ThirdParty:1030 - CMSIS Pack Vendor :STMicroelectronics X-CUBE-SFXS2LP1 4.0.0
2026-03-25 12:31:49,624 [INFO] ThirdParty:1030 - CMSIS Pack Vendor :STMicroelectronics X-CUBE-BLE2 3.3.0
2026-03-25 12:31:49,625 [INFO] ThirdParty:1030 - CMSIS Pack Vendor :Avnet-IOTCONNECT X-CUBE-iotc-st67-sdk 1.0.0
2026-03-25 12:31:49,625 [INFO] ThirdParty:1030 - CMSIS Pack Vendor :STMicroelectronics PDM2PCM 3.2.0
2026-03-25 12:31:49,625 [INFO] ThirdParty:1030 - CMSIS Pack Vendor :STMicroelectronics X-CUBE-ST67W61 1.2.0
2026-03-25 12:31:49,625 [INFO] ThirdParty:1030 - CMSIS Pack Vendor :STMicroelectronics X-CUBE-NFC9 1.0.0
2026-03-25 12:31:49,625 [INFO] ThirdParty:1030 - CMSIS Pack Vendor :wolfSSL I-CUBE-wolfSSL 5.8.0
2026-03-25 12:31:49,625 [INFO] ThirdParty:1030 - CMSIS Pack Vendor :STMicroelectronics X-CUBE-BLE1 7.1.0
2026-03-25 12:31:49,625 [INFO] ThirdParty:1030 - CMSIS Pack Vendor :wolfSSL I-CUBE-wolfMQTT 1.19.2
2026-03-25 12:31:49,625 [INFO] ThirdParty:1030 - CMSIS Pack Vendor :STMicroelectronics USB_DEVICE 3.0.0
2026-03-25 12:31:49,625 [INFO] ThirdParty:1030 - CMSIS Pack Vendor :STMicroelectronics X-CUBE-FREERTOS 1.4.0
2026-03-25 12:31:49,625 [INFO] ThirdParty:1030 - CMSIS Pack Vendor :STMicroelectronics X-CUBE-EEPRMA1 5.2.0
2026-03-25 12:31:49,625 [INFO] ThirdParty:1030 - CMSIS Pack Vendor :STMicroelectronics X-CUBE-BLEMGR 4.1.0
2026-03-25 12:31:49,625 [INFO] ThirdParty:1030 - CMSIS Pack Vendor :STMicroelectronics X-CUBE-AZRTOS-WB 2.0.0
2026-03-25 12:31:49,625 [INFO] ThirdParty:1030 - CMSIS Pack Vendor :STMicroelectronics X-CUBE-GNSS1 7.0.1
2026-03-25 12:31:49,625 [INFO] ThirdParty:1030 - CMSIS Pack Vendor :STMicroelectronics X-CUBE-TOUCHGFX 4.25.0
2026-03-25 12:31:49,625 [INFO] ThirdParty:1030 - CMSIS Pack Vendor :STMicroelectronics X-CUBE-ST67W61 1.1.0
2026-03-25 12:31:49,625 [INFO] ThirdParty:1030 - CMSIS Pack Vendor :STMicroelectronics X-CUBE-AI 10.1.0
2026-03-25 12:31:49,625 [INFO] ThirdParty:1030 - CMSIS Pack Vendor :STMicroelectronics FP-SNS-STBOX1 2.0.0
2026-03-25 12:31:49,625 [INFO] ThirdParty:1030 - CMSIS Pack Vendor :STMicroelectronics X-CUBE-MEMS1 12.0.0
2026-03-25 12:31:49,625 [INFO] ThirdParty:1030 - CMSIS Pack Vendor :STMicroelectronics X-CUBE-STSE01 2.0.0
2026-03-25 12:31:49,626 [INFO] ThirdParty:1030 - CMSIS Pack Vendor :STMicroelectronics X-CUBE-AZRTOS-G0 1.1.0
2026-03-25 12:31:49,626 [INFO] ThirdParty:1030 - CMSIS Pack Vendor :STMicroelectronics X-CUBE-SAFEA1 1.2.2
2026-03-25 12:31:49,626 [INFO] ThirdParty:1030 - CMSIS Pack Vendor :STMicroelectronics X-CUBE-NFC4 3.0.0
2026-03-25 12:31:49,626 [INFO] ThirdParty:1030 - CMSIS Pack Vendor :STMicroelectronics X-CUBE-SUBG2 5.0.0
2026-03-25 12:31:49,626 [INFO] ThirdParty:1030 - CMSIS Pack Vendor :STMicroelectronics X-CUBE-AZRTOS-H7RS 1.1.0
2026-03-25 12:31:49,626 [INFO] ThirdParty:1030 - CMSIS Pack Vendor :STMicroelectronics STM32_WPAN 1.0.0
2026-03-25 12:31:49,626 [INFO] ThirdParty:1030 - CMSIS Pack Vendor :EmbeddedOffice I-CUBE-FS-RTOS 1.0.1
2026-03-25 12:31:49,626 [INFO] ThirdParty:1030 - CMSIS Pack Vendor :STMicroelectronics lwIP 2.0.3
2026-03-25 12:31:49,626 [INFO] ThirdParty:1030 - CMSIS Pack Vendor :Cesanta I-CUBE-Mongoose 7.13.0
2026-03-25 12:31:49,626 [INFO] ThirdParty:1030 - CMSIS Pack Vendor :STMicroelectronics USB_HOST 1.0.0
2026-03-25 12:31:49,626 [INFO] ThirdParty:1030 - CMSIS Pack Vendor :STMicroelectronics X-CUBE-AZRTOS-G4 2.0.0
2026-03-25 12:31:49,626 [INFO] ThirdParty:1030 - CMSIS Pack Vendor :STMicroelectronics X-CUBE-WB05N 2.0.0
2026-03-25 12:31:49,626 [INFO] ThirdParty:1030 - CMSIS Pack Vendor :STMicroelectronics PDM2PCM 3.1.0
2026-03-25 12:31:49,626 [INFO] ThirdParty:1030 - CMSIS Pack Vendor :wolfSSL I-CUBE-wolfTPM 3.8.0
2026-03-25 12:31:49,626 [INFO] ThirdParty:1030 - CMSIS Pack Vendor :wolfSSL I-CUBE-wolfSSH 1.4.20
2026-03-25 12:31:49,626 [INFO] ThirdParty:1030 - CMSIS Pack Vendor :STMicroelectronics X-CUBE-NFC7 2.0.0
2026-03-25 12:31:49,626 [INFO] ThirdParty:1030 - CMSIS Pack Vendor :STMicroelectronics X-CUBE-TCPP 4.2.0
2026-03-25 12:31:49,626 [INFO] ThirdParty:1030 - CMSIS Pack Vendor :RealThread X-CUBE-RT-Thread_Nano 4.1.1
2026-03-25 12:31:49,626 [INFO] ThirdParty:1030 - CMSIS Pack Vendor :STMicroelectronics FP-ATR-SIGFOX1 3.2.0
2026-03-25 12:31:49,627 [INFO] ThirdParty:1030 - CMSIS Pack Vendor :STMicroelectronics X-CUBE-EEPRMA1 5.1.0
2026-03-25 12:31:49,627 [INFO] ThirdParty:1030 - CMSIS Pack Vendor :STMicroelectronics MBEDTLS 2.16.2
2026-03-25 12:31:49,627 [INFO] ThirdParty:1030 - CMSIS Pack Vendor :STMicroelectronics X-CUBE-IPS 3.1.0
2026-03-25 12:31:49,627 [INFO] ThirdParty:1030 - CMSIS Pack Vendor :STMicroelectronics X-CUBE-ALS 1.0.2
2026-03-25 12:31:49,627 [INFO] ThirdParty:1030 - CMSIS Pack Vendor :ITTIA_DB I-CUBE-ITTIADB 8.9.0
2026-03-25 12:31:49,627 [INFO] ThirdParty:1030 - CMSIS Pack Vendor :STMicroelectronics X-CUBE-STSE01 1.0.0
2026-03-25 12:31:49,627 [INFO] ThirdParty:1030 - CMSIS Pack Vendor :portGmbH I-Cube-SoM-uGOAL 1.1.0
2026-03-25 12:31:49,627 [INFO] ThirdParty:1030 - CMSIS Pack Vendor :STMicroelectronics X-CUBE-NFC6 3.2.0
2026-03-25 12:31:49,627 [INFO] ThirdParty:1030 - CMSIS Pack Vendor :STMicroelectronics X-CUBE-ST67W61 1.0.0
2026-03-25 12:31:49,627 [INFO] ThirdParty:1030 - CMSIS Pack Vendor :STMicroelectronics X-CUBE-AI 10.2.0
2026-03-25 12:31:49,627 [INFO] ThirdParty:1030 - CMSIS Pack Vendor :STMicroelectronics ThreadX 1.0.0
2026-03-25 12:31:49,627 [INFO] ThirdParty:1030 - CMSIS Pack Vendor :SEGGER I-CUBE-embOS 1.3.1
2026-03-25 12:31:49,627 [INFO] ThirdParty:1030 - CMSIS Pack Vendor :STMicroelectronics X-CUBE-ALGOBUILD 1.4.0
2026-03-25 12:31:49,627 [INFO] ThirdParty:1030 - CMSIS Pack Vendor :STMicroelectronics X-CUBE-MEMS1 11.3.0
2026-03-25 12:31:49,627 [INFO] ThirdParty:1030 - CMSIS Pack Vendor :STMicroelectronics X-CUBE-TOF1 3.4.3
2026-03-25 12:31:49,627 [INFO] ThirdParty:841 - exiting critical section [change project]
2026-03-25 12:31:50,063 [INFO] PinOutPanel:1589 - setPackage(No Configuration,No Configuration)
2026-03-25 12:31:50,064 [INFO] PinOutPanel:1589 - setPackage(STM32F407VGTx,LQFP100)
2026-03-25 12:31:50,347 [INFO] UtilMem:75 - Before build in PCC Used Memory: 323247752 Bytes (961544192)
2026-03-25 12:31:50,706 [INFO] UtilMem:75 - After build in PCC Used Memory: 369385096 Bytes (961544192)
2026-03-25 12:31:50,739 [INFO] IPUIPlugin:80 - create IPUIPlugin
2026-03-25 12:31:50,739 [INFO] IPUIPlugin:80 - create IPUIPlugin
2026-03-25 12:31:50,740 [INFO] IPUIPlugin:80 - create IPUIPlugin
2026-03-25 12:31:50,740 [INFO] IPUIPlugin:80 - create IPUIPlugin
2026-03-25 12:31:50,740 [INFO] IPUIPlugin:80 - create IPUIPlugin
2026-03-25 12:31:50,740 [INFO] IPUIPlugin:80 - create IPUIPlugin
2026-03-25 12:31:50,741 [INFO] IPUIPlugin:80 - create IPUIPlugin
2026-03-25 12:31:50,741 [INFO] IPUIPlugin:80 - create IPUIPlugin
2026-03-25 12:31:50,741 [INFO] IPUIPlugin:80 - create IPUIPlugin
2026-03-25 12:31:50,741 [INFO] IPUIPlugin:80 - create IPUIPlugin
2026-03-25 12:31:50,741 [INFO] IPUIPlugin:80 - create IPUIPlugin
2026-03-25 12:31:50,741 [INFO] IPUIPlugin:80 - create IPUIPlugin
2026-03-25 12:31:50,742 [INFO] IPUIPlugin:80 - create IPUIPlugin
2026-03-25 12:31:50,742 [INFO] IPUIPlugin:80 - create IPUIPlugin
2026-03-25 12:31:50,742 [INFO] IPUIPlugin:80 - create IPUIPlugin
2026-03-25 12:31:50,742 [INFO] IPUIPlugin:80 - create IPUIPlugin
2026-03-25 12:31:50,742 [INFO] IPUIPlugin:80 - create IPUIPlugin
2026-03-25 12:31:50,743 [INFO] IPUIPlugin:80 - create IPUIPlugin
2026-03-25 12:31:50,743 [INFO] IPUIPlugin:80 - create IPUIPlugin
2026-03-25 12:31:50,743 [INFO] IPUIPlugin:80 - create IPUIPlugin
2026-03-25 12:31:50,743 [INFO] IPUIPlugin:80 - create IPUIPlugin
2026-03-25 12:31:50,744 [INFO] IPUIPlugin:80 - create IPUIPlugin
2026-03-25 12:31:50,744 [INFO] IPUIPlugin:80 - create IPUIPlugin
2026-03-25 12:31:50,744 [INFO] IPUIPlugin:80 - create IPUIPlugin
2026-03-25 12:31:50,744 [INFO] IPUIPlugin:80 - create IPUIPlugin
2026-03-25 12:31:50,745 [INFO] IPUIPlugin:80 - create IPUIPlugin
2026-03-25 12:31:50,745 [INFO] IPUIPlugin:80 - create IPUIPlugin
2026-03-25 12:31:50,745 [INFO] IPUIPlugin:80 - create IPUIPlugin
2026-03-25 12:31:50,745 [INFO] IPUIPlugin:80 - create IPUIPlugin
2026-03-25 12:31:50,746 [INFO] IPUIPlugin:80 - create IPUIPlugin
2026-03-25 12:31:50,746 [INFO] IPUIPlugin:80 - create IPUIPlugin
2026-03-25 12:31:50,746 [INFO] IPUIPlugin:80 - create IPUIPlugin
2026-03-25 12:31:50,747 [INFO] IPUIPlugin:80 - create IPUIPlugin
2026-03-25 12:31:50,747 [INFO] IPUIPlugin:80 - create IPUIPlugin
2026-03-25 12:31:50,747 [INFO] IPUIPlugin:80 - create IPUIPlugin
2026-03-25 12:31:50,747 [INFO] IPUIPlugin:80 - create IPUIPlugin
2026-03-25 12:31:50,748 [INFO] IPUIPlugin:80 - create IPUIPlugin
2026-03-25 12:31:50,748 [INFO] IPUIPlugin:80 - create IPUIPlugin
2026-03-25 12:31:50,749 [INFO] IPUIPlugin:80 - create IPUIPlugin
2026-03-25 12:31:50,749 [INFO] IPUIPlugin:80 - create IPUIPlugin
2026-03-25 12:31:50,749 [INFO] IPUIPlugin:80 - create IPUIPlugin
2026-03-25 12:31:50,750 [INFO] IPUIPlugin:80 - create IPUIPlugin
2026-03-25 12:31:50,750 [INFO] IPUIPlugin:80 - create IPUIPlugin
2026-03-25 12:31:50,750 [INFO] IPUIPlugin:80 - create IPUIPlugin
2026-03-25 12:31:50,751 [INFO] IPUIPlugin:80 - create IPUIPlugin
2026-03-25 12:31:50,751 [INFO] IPUIPlugin:80 - create IPUIPlugin
2026-03-25 12:31:50,751 [INFO] IPUIPlugin:80 - create IPUIPlugin
2026-03-25 12:31:50,753 [INFO] IPUIPlugin:80 - create IPUIPlugin
2026-03-25 12:31:50,753 [INFO] IPUIPlugin:80 - create IPUIPlugin
2026-03-25 12:31:50,754 [INFO] IPUIPlugin:80 - create IPUIPlugin
2026-03-25 12:31:50,754 [INFO] IPUIPlugin:80 - create IPUIPlugin
2026-03-25 12:31:50,754 [INFO] IPUIPlugin:80 - create IPUIPlugin
2026-03-25 12:31:50,755 [INFO] IPUIPlugin:80 - create IPUIPlugin
2026-03-25 12:31:50,755 [INFO] IPUIPlugin:80 - create IPUIPlugin
2026-03-25 12:31:50,756 [INFO] IPUIPlugin:80 - create IPUIPlugin
2026-03-25 12:31:50,756 [INFO] IPUIPlugin:80 - create IPUIPlugin
2026-03-25 12:31:50,757 [INFO] IPUIPlugin:80 - create IPUIPlugin
2026-03-25 12:31:50,757 [INFO] IPUIPlugin:80 - create IPUIPlugin
2026-03-25 12:31:50,762 [INFO] ApiDbMcu:532 - Load IP Config File for PDM2PCM
2026-03-25 12:31:50,797 [INFO] CADModel:165 - CPN selected for project levelSTM32F407VGT6
2026-03-25 12:31:50,798 [INFO] CADModel:114 - Register for checkConnection events
2026-03-25 12:31:50,837 [INFO] OpenFileManager:386 - Restore cursor
2026-03-25 12:32:00,993 [INFO] Gpio:278 - dependency for GPIO []
2026-03-25 12:46:45,345 [INFO] MainUpdater:2872 - connection check result : 10
2026-03-25 12:46:45,346 [INFO] MainUpdater:2872 - connection check result : 10
2026-03-25 12:46:45,444 [INFO] MicroXplorer:468 - Change Database Path : 
2026-03-25 12:46:45,444 [INFO] MicroXplorer:498 - Change Database Version : DB.6.0.150
2026-03-25 12:46:45,474 [ERROR] ProjectManagerView:395 - 
java.lang.NullPointerException: Cannot invoke "javax.swing.JTextField.getText()" because the return value of "java.util.List.get(int)" is null
	at com.st.microxplorer.plugins.projectmanager.gui.ProjectChoiceTab$9.caretUpdate(ProjectChoiceTab.java:2706) ~[filemanager.jar:?]
	at javax.swing.text.JTextComponent.fireCaretUpdate(JTextComponent.java:408) ~[?:?]
	at javax.swing.text.JTextComponent$MutableCaretEvent.fire(JTextComponent.java:4484) ~[?:?]
	at javax.swing.text.JTextComponent$MutableCaretEvent.stateChanged(JTextComponent.java:4506) ~[?:?]
	at javax.swing.text.DefaultCaret.fireStateChanged(DefaultCaret.java:857) ~[?:?]
	at javax.swing.text.DefaultCaret.changeCaretPosition(DefaultCaret.java:1343) ~[?:?]
	at javax.swing.text.DefaultCaret.handleSetDot(DefaultCaret.java:1242) ~[?:?]
	at javax.swing.text.DefaultCaret.setDot(DefaultCaret.java:1223) ~[?:?]
	at javax.swing.text.DefaultCaret$Handler.insertUpdate(DefaultCaret.java:1819) ~[?:?]
	at javax.swing.text.AbstractDocument.fireInsertUpdate(AbstractDocument.java:227) ~[?:?]
	at javax.swing.text.AbstractDocument.handleInsertString(AbstractDocument.java:781) ~[?:?]
	at javax.swing.text.AbstractDocument.insertString(AbstractDocument.java:740) ~[?:?]
	at javax.swing.text.PlainDocument.insertString(PlainDocument.java:131) ~[?:?]
	at javax.swing.text.AbstractDocument.replace(AbstractDocument.java:699) ~[?:?]
	at javax.swing.text.JTextComponent.setText(JTextComponent.java:1725) ~[?:?]
	at com.st.microxplorer.plugins.projectmanager.gui.ProjectChoiceTab.createHeapStackFields(ProjectChoiceTab.java:993) ~[filemanager.jar:?]
	at com.st.microxplorer.plugins.projectmanager.gui.ProjectChoiceTab.buildLinkSettingsPanel(ProjectChoiceTab.java:3813) ~[filemanager.jar:?]
	at com.st.microxplorer.plugins.projectmanager.gui.ProjectChoiceTab.defineWindowsFields(ProjectChoiceTab.java:1987) ~[filemanager.jar:?]
	at com.st.microxplorer.plugins.projectmanager.gui.ProjectChoiceTab.updateSettings(ProjectChoiceTab.java:558) ~[filemanager.jar:?]
	at com.st.microxplorer.plugins.projectmanager.gui.ProjectSettingsPanel.UpdateDialog(ProjectSettingsPanel.java:247) ~[filemanager.jar:?]
	at com.st.microxplorer.plugins.projectmanager.ProjectManagerView.propertyChange(ProjectManagerView.java:392) ~[filemanager.jar:?]
	at java.beans.PropertyChangeSupport.fire(PropertyChangeSupport.java:343) ~[?:?]
	at java.beans.PropertyChangeSupport.firePropertyChange(PropertyChangeSupport.java:335) ~[?:?]
	at java.beans.PropertyChangeSupport.firePropertyChange(PropertyChangeSupport.java:268) ~[?:?]
	at com.st.microxplorer.util.MXPropertyChangeSupport.firePropertyChange(MXPropertyChangeSupport.java:54) ~[STM32CubeMX.jar:?]
	at com.st.microxplorer.mxsystem.MxSystem.closeConfig(MxSystem.java:899) ~[STM32CubeMX.jar:?]
	at com.st.microxplorer.maingui.MainPanel.closeConfig(MainPanel.java:792) ~[STM32CubeMX.jar:?]
	at com.st.microxplorer.plugins.filemanager.engine.OpenFileManager.loadConfigurationFile(OpenFileManager.java:288) ~[filemanager.jar:?]
	at com.st.microxplorer.plugins.filemanager.engine.MainFileManager.userLoadConfig(MainFileManager.java:364) ~[filemanager.jar:?]
	at com.st.microxplorer.plugins.filemanager.engine.MainFileManager.userLoadConfig(MainFileManager.java:342) ~[filemanager.jar:?]
	at com.st.microxplorer.plugins.filemanager.FileManagerView.getSpecificTask(FileManagerView.java:264) ~[filemanager.jar:?]
	at com.st.stm32cube.common.mx.editor.CubeMxEditor.getMxTabbedPaneInstance(CubeMxEditor.java:1198) ~[com.st.stm32cube.common.mx_6.15.0.202507011659/:?]
	at com.st.stm32cube.common.mx.editor.CubeMxEditor$12$1.createSwingComponent(CubeMxEditor.java:1068) ~[com.st.stm32cube.common.mx_6.15.0.202507011659/:?]
	at com.st.stm32cube.common.mx.oss.core.awtswtbridge.EmbeddedSwingComposite.doComponentCreation(EmbeddedSwingComposite.java:492) ~[com.st.stm32cube.common.mx.oss_6.15.0.202507011659/:?]
	at com.st.stm32cube.common.mx.oss.core.awtswtbridge.EmbeddedSwingComposite$4.run(EmbeddedSwingComposite.java:291) ~[com.st.stm32cube.common.mx.oss_6.15.0.202507011659/:?]
	at com.st.stm32cube.common.mx.oss.core.awtswtbridge.AwtEnvironment$2.run(AwtEnvironment.java:166) ~[com.st.stm32cube.common.mx.oss_6.15.0.202507011659/:?]
	at java.awt.event.InvocationEvent.dispatch(InvocationEvent.java:318) ~[?:?]
	at java.awt.EventQueue.dispatchEventImpl(EventQueue.java:773) ~[?:?]
	at java.awt.EventQueue$4.run(EventQueue.java:720) ~[?:?]
	at java.awt.EventQueue$4.run(EventQueue.java:714) ~[?:?]
	at java.security.AccessController.doPrivileged(AccessController.java:400) ~[?:?]
	at java.security.ProtectionDomain$JavaSecurityAccessImpl.doIntersectionPrivilege(ProtectionDomain.java:87) ~[?:?]
	at java.awt.EventQueue.dispatchEvent(EventQueue.java:742) ~[?:?]
	at java.awt.EventDispatchThread.pumpOneEventForFilters(EventDispatchThread.java:203) ~[?:?]
	at java.awt.EventDispatchThread.pumpEventsForFilter(EventDispatchThread.java:124) ~[?:?]
	at java.awt.EventDispatchThread.pumpEventsForHierarchy(EventDispatchThread.java:113) ~[?:?]
	at java.awt.EventDispatchThread.pumpEvents(EventDispatchThread.java:109) ~[?:?]
	at java.awt.EventDispatchThread.pumpEvents(EventDispatchThread.java:101) ~[?:?]
	at java.awt.EventDispatchThread.run(EventDispatchThread.java:90) ~[?:?]
2026-03-25 12:46:45,476 [WARN] ThirdParty:871 - waiting for thirdparty lock release [close project]
2026-03-25 12:46:45,476 [INFO] ThirdParty:873 - entering critical section [close project]
2026-03-25 12:46:45,476 [INFO] ThirdParty:883 - exiting critical section [close project]
2026-03-25 12:46:45,480 [INFO] PinOutPanel:1589 - setPackage(No Configuration,No Configuration)
2026-03-25 12:46:45,500 [WARN] IpParametersView:155 - Warning: This peripheral hasn't parameters
2026-03-25 12:46:45,520 [WARN] MainPanel:289 - <html><b><center>Warning: This peripheral has no parameters to be configured<br></b></html>
2026-03-25 12:46:45,526 [INFO] UtilMem:75 - Begin LoadConfig() Used Memory: 627978352 Bytes (961544192)
2026-03-25 12:46:45,527 [INFO] MicroXplorer:468 - Change Database Path : 
2026-03-25 12:46:45,528 [INFO] MicroXplorer:498 - Change Database Version : DB.6.0.150
2026-03-25 12:46:45,528 [INFO] OpenFileManager:355 - Change cursor
2026-03-25 12:46:45,554 [INFO] Mcu:2029 - Initializing MCU STM32F407V(E-G)Tx STM32F407VGTx STM32F407VGT6
2026-03-25 12:46:47,030 [INFO] Context:786 - Trying to add GPIOservice into a context  which must be forbidden
2026-03-25 12:46:47,679 [INFO] ImportTextPane:234 - (OptionalMessage_ERROR) Pin34 (VP_RIF_VS_RIF1) cannot be retrieved for this MCU
2026-03-25 12:46:47,732 [INFO] RtosManager:558 - Registered RTOS mode: class=CMSIS, group=RTOS, mode=CMSIS_V1, owner=FREERTOS
2026-03-25 12:46:47,732 [INFO] RtosManager:558 - Registered RTOS mode: class=CMSIS, group=RTOS2, mode=CMSIS_V2, owner=FREERTOS
2026-03-25 12:46:47,732 [INFO] RtosManager:558 - Registered RTOS mode: class=RTOS, group=Core, mode=CMSIS_V1, owner=FREERTOS
2026-03-25 12:46:47,732 [INFO] RtosManager:558 - Registered RTOS mode: class=RTOS, group=Core, mode=CMSIS_V2, owner=FREERTOS
2026-03-25 12:46:47,732 [WARN] ModelIntegratedComponent:184 - Missing modes for component STMicroelectronics:FreeRTOS:0.0.1:STMicroelectronics:RTOS:FreeRTOS:Core:::10.2.0:
2026-03-25 12:46:47,763 [WARN] ModelIntegratedComponent:63 - No mode defined for component null
2026-03-25 12:46:47,763 [WARN] ModelIntegratedComponent:63 - No mode defined for component null
2026-03-25 12:46:47,763 [WARN] ModelIntegratedComponent:63 - No mode defined for component null
2026-03-25 12:46:47,763 [WARN] ModelIntegratedComponent:63 - No mode defined for component null
2026-03-25 12:46:47,763 [WARN] ModelIntegratedComponent:63 - No mode defined for component null
2026-03-25 12:46:47,763 [WARN] ModelIntegratedComponent:63 - No mode defined for component null
2026-03-25 12:46:47,763 [WARN] ModelIntegratedComponent:63 - No mode defined for component null
2026-03-25 12:46:47,763 [WARN] ModelIntegratedComponent:63 - No mode defined for component null
2026-03-25 12:46:47,763 [WARN] ModelIntegratedComponent:63 - No mode defined for component null
2026-03-25 12:46:47,763 [WARN] ModelIntegratedComponent:63 - No mode defined for component null
2026-03-25 12:46:47,763 [WARN] ModelIntegratedComponent:63 - No mode defined for component null
2026-03-25 12:46:47,763 [WARN] ModelIntegratedComponent:63 - No mode defined for component null
2026-03-25 12:46:47,764 [WARN] ModelIntegratedComponent:63 - No mode defined for component null
2026-03-25 12:46:47,764 [WARN] ModelIntegratedComponent:63 - No mode defined for component null
2026-03-25 12:46:47,764 [WARN] ModelIntegratedComponent:63 - No mode defined for component null
2026-03-25 12:46:47,764 [WARN] ModelIntegratedComponent:63 - No mode defined for component null
2026-03-25 12:46:47,764 [WARN] ModelIntegratedComponent:63 - No mode defined for component null
2026-03-25 12:46:47,764 [WARN] ModelIntegratedComponent:63 - No mode defined for component null
2026-03-25 12:46:47,764 [WARN] ModelIntegratedComponent:63 - No mode defined for component null
2026-03-25 12:46:47,764 [WARN] ModelIntegratedComponent:63 - No mode defined for component null
2026-03-25 12:46:47,764 [WARN] ModelIntegratedComponent:63 - No mode defined for component null
2026-03-25 12:46:47,764 [WARN] ModelIntegratedComponent:63 - No mode defined for component null
2026-03-25 12:46:47,764 [WARN] ModelIntegratedComponent:63 - No mode defined for component null
2026-03-25 12:46:47,764 [WARN] ModelIntegratedComponent:63 - No mode defined for component null
2026-03-25 12:46:47,764 [WARN] ModelIntegratedComponent:63 - No mode defined for component null
2026-03-25 12:46:47,764 [WARN] ModelIntegratedComponent:63 - No mode defined for component null
2026-03-25 12:46:47,764 [WARN] ModelIntegratedComponent:63 - No mode defined for component null
2026-03-25 12:46:47,764 [WARN] ModelIntegratedComponent:63 - No mode defined for component null
2026-03-25 12:46:47,764 [WARN] ModelIntegratedComponent:63 - No mode defined for component null
2026-03-25 12:46:47,764 [WARN] ModelIntegratedComponent:63 - No mode defined for component null
2026-03-25 12:46:47,764 [WARN] ModelIntegratedComponent:63 - No mode defined for component null
2026-03-25 12:46:47,764 [WARN] ModelIntegratedComponent:63 - No mode defined for component null
2026-03-25 12:46:47,765 [WARN] ModelIntegratedComponent:63 - No mode defined for component null
2026-03-25 12:46:47,765 [WARN] ModelIntegratedComponent:63 - No mode defined for component null
2026-03-25 12:46:47,765 [WARN] ModelIntegratedComponent:63 - No mode defined for component null
2026-03-25 12:46:47,765 [WARN] ModelPack:524 - Component already loaded: STMicroelectronics:HAL Drivers:0.0.0:STMicroelectronics:Device:STMicro_Driver:XSPI:HAL::0.0.1:HAL_XSPI
2026-03-25 12:46:47,940 [INFO] ThirdPartyModel:298 - Start build external matchings
2026-03-25 12:46:48,866 [INFO] ThirdPartyModel:316 - End build external matchings
2026-03-25 12:46:49,055 [INFO] UtilMem:75 - End LoadConfig() Used Memory: 662791584 Bytes (961544192)
2026-03-25 12:46:49,071 [WARN] ThirdParty:833 - waiting for thirdparty lock release [change project]
2026-03-25 12:46:49,071 [INFO] ThirdParty:835 - entering critical section [change project]
2026-03-25 12:46:49,071 [INFO] ThirdParty:1030 - CMSIS Pack Vendor :STMicroelectronics X-CUBE-PM33A1 1.0.0
2026-03-25 12:46:49,071 [INFO] ThirdParty:1030 - CMSIS Pack Vendor :STMicroelectronics USBPD 4.1
2026-03-25 12:46:49,071 [INFO] ThirdParty:1030 - CMSIS Pack Vendor :STMicroelectronics USB_HOST 2.0.0
2026-03-25 12:46:49,072 [INFO] ThirdParty:1030 - CMSIS Pack Vendor :STMicroelectronics FP-SNS-MOTENVWB1 1.4.0
2026-03-25 12:46:49,072 [INFO] ThirdParty:1030 - CMSIS Pack Vendor :STMicroelectronics X-CUBE-AZRTOS-F4 1.1.0
2026-03-25 12:46:49,072 [INFO] ThirdParty:1030 - CMSIS Pack Vendor :STMicroelectronics LIBJPEG 8.0.0
2026-03-25 12:46:49,072 [INFO] ThirdParty:1030 - CMSIS Pack Vendor :STMicroelectronics FP-ATR-ASTRA1 2.0.2
2026-03-25 12:46:49,072 [INFO] ThirdParty:1030 - CMSIS Pack Vendor :Avnet-IotConnect X-CUBE-IoTC-DA16k-PMOD 1.0.0
2026-03-25 12:46:49,072 [INFO] ThirdParty:1030 - CMSIS Pack Vendor :STMicroelectronics X-CUBE-SMBUS 2.1.0
2026-03-25 12:46:49,072 [INFO] ThirdParty:1030 - CMSIS Pack Vendor :STMicroelectronics X-CUBE-ISPU 2.1.0
2026-03-25 12:46:49,072 [INFO] ThirdParty:1030 - CMSIS Pack Vendor :STMicroelectronics X-CUBE-IPS 3.2.0
2026-03-25 12:46:49,072 [INFO] ThirdParty:1030 - CMSIS Pack Vendor :STMicroelectronics X-CUBE-ST60 1.0.0
2026-03-25 12:46:49,072 [INFO] ThirdParty:1030 - CMSIS Pack Vendor :STMicroelectronics X-CUBE-NFC12 1.0.0
2026-03-25 12:46:49,072 [INFO] ThirdParty:1030 - CMSIS Pack Vendor :STMicroelectronics X-CUBE-AZRTOS-F7 1.1.0
2026-03-25 12:46:49,072 [INFO] ThirdParty:1030 - CMSIS Pack Vendor :STMicroelectronics X-CUBE-AZRTOS-L5 2.0.0
2026-03-25 12:46:49,072 [INFO] ThirdParty:1030 - CMSIS Pack Vendor :STMicroelectronics USB_DEVICE 2.0.0
2026-03-25 12:46:49,072 [INFO] ThirdParty:1030 - CMSIS Pack Vendor :STMicroelectronics X-CUBE-NFC6 3.1.0
2026-03-25 12:46:49,072 [INFO] ThirdParty:1030 - CMSIS Pack Vendor :STMicroelectronics FP-SNS-MOTENV1 5.1.0
2026-03-25 12:46:49,072 [INFO] ThirdParty:1030 - CMSIS Pack Vendor :STMicroelectronics FreeRTOS 0.0.1
2026-03-25 12:46:49,072 [INFO] ThirdParty:1030 - CMSIS Pack Vendor :Infineon AIROC-Wi-Fi-Bluetooth-STM32 1.7.1
2026-03-25 12:46:49,072 [INFO] ThirdParty:1030 - CMSIS Pack Vendor :STMicroelectronics PDM2PCM 3.3.0
2026-03-25 12:46:49,072 [INFO] ThirdParty:1030 - CMSIS Pack Vendor :STMicroelectronics X-CUBE-AZRTOS-H7 3.4.0
2026-03-25 12:46:49,072 [INFO] ThirdParty:1030 - CMSIS Pack Vendor :STMicroelectronics X-CUBE-DISPLAY 3.0.0
2026-03-25 12:46:49,072 [INFO] ThirdParty:1030 - CMSIS Pack Vendor :STMicroelectronics FP-SNS-MOTENVWB1 1.5.0
2026-03-25 12:46:49,073 [INFO] ThirdParty:1030 - CMSIS Pack Vendor :STMicroelectronics X-CUBE-NFC10 1.0.0
2026-03-25 12:46:49,073 [INFO] ThirdParty:1030 - CMSIS Pack Vendor :STMicroelectronics X-CUBE-BLEMGR 4.0.0
2026-03-25 12:46:49,073 [INFO] ThirdParty:1030 - CMSIS Pack Vendor :STMicroelectronics X-CUBE-FREERTOS 1.3.1
2026-03-25 12:46:49,073 [INFO] ThirdParty:1030 - CMSIS Pack Vendor :STMicroelectronics HAL Drivers 0.0.0
2026-03-25 12:46:49,073 [INFO] ThirdParty:1030 - CMSIS Pack Vendor :STMicroelectronics X-CUBE-ST60 1.1.0
2026-03-25 12:46:49,073 [INFO] ThirdParty:1030 - CMSIS Pack Vendor :emotas I-CUBE-CANOPEN 1.3.0
2026-03-25 12:46:49,073 [INFO] ThirdParty:1030 - CMSIS Pack Vendor :STMicroelectronics MBEDTLS 2.14.1
2026-03-25 12:46:49,073 [INFO] ThirdParty:1030 - CMSIS Pack Vendor :STMicroelectronics X-CUBE-GNSS1 7.1.0
2026-03-25 12:46:49,073 [INFO] ThirdParty:1030 - CMSIS Pack Vendor :STMicroelectronics X-CUBE-TOUCHGFX 4.26.0
2026-03-25 12:46:49,073 [INFO] ThirdParty:1030 - CMSIS Pack Vendor :quantropi X-CUBE-qispace-sdk-base 2.0.0
2026-03-25 12:46:49,073 [INFO] ThirdParty:1030 - CMSIS Pack Vendor :STMicroelectronics FP-SNS-STBOX1 2.1.0
2026-03-25 12:46:49,073 [INFO] ThirdParty:1030 - CMSIS Pack Vendor :STMicroelectronics FP-SNS-STAIOTCFT 1.0.0
2026-03-25 12:46:49,073 [INFO] ThirdParty:1030 - CMSIS Pack Vendor :STMicroelectronics FP-SNS-SMARTAG2 1.2.0
2026-03-25 12:46:49,073 [INFO] ThirdParty:1030 - CMSIS Pack Vendor :STMicroelectronics FP-SNS-FLIGHT1 5.1.0
2026-03-25 12:46:49,073 [INFO] ThirdParty:1030 - CMSIS Pack Vendor :STMicroelectronics X-CUBE-AZRTOS-WL 2.0.0
2026-03-25 12:46:49,073 [INFO] ThirdParty:1030 - CMSIS Pack Vendor :STMicroelectronics X-CUBE-DPower 1.3.0
2026-03-25 12:46:49,073 [INFO] ThirdParty:1030 - CMSIS Pack Vendor :STMicroelectronics FP-SNS-MOTENV1 5.0.0
2026-03-25 12:46:49,073 [INFO] ThirdParty:1030 - CMSIS Pack Vendor :STMicroelectronics USB_DEVICE 1.0.0
2026-03-25 12:46:49,073 [INFO] ThirdParty:1030 - CMSIS Pack Vendor :STMicroelectronics X-CUBE-AZRTOS-H7RS 1.2.0
2026-03-25 12:46:49,074 [INFO] ThirdParty:1030 - CMSIS Pack Vendor :STMicroelectronics X-CUBE-AZRTOS-L4 2.0.0
2026-03-25 12:46:49,074 [INFO] ThirdParty:1030 - CMSIS Pack Vendor :STMicroelectronics ThreadX 0.0.2
2026-03-25 12:46:49,074 [INFO] ThirdParty:1030 - CMSIS Pack Vendor :WES I-CUBE-Cesium 1.3.0
2026-03-25 12:46:49,074 [INFO] ThirdParty:1030 - CMSIS Pack Vendor :STMicroelectronics lwIP 2.1.2
2026-03-25 12:46:49,074 [INFO] ThirdParty:1030 - CMSIS Pack Vendor :STMicroelectronics X-CUBE-SFXS2LP1 4.0.0
2026-03-25 12:46:49,074 [INFO] ThirdParty:1030 - CMSIS Pack Vendor :STMicroelectronics X-CUBE-BLE2 3.3.0
2026-03-25 12:46:49,074 [INFO] ThirdParty:1030 - CMSIS Pack Vendor :Avnet-IOTCONNECT X-CUBE-iotc-st67-sdk 1.0.0
2026-03-25 12:46:49,074 [INFO] ThirdParty:1030 - CMSIS Pack Vendor :STMicroelectronics PDM2PCM 3.2.0
2026-03-25 12:46:49,074 [INFO] ThirdParty:1030 - CMSIS Pack Vendor :STMicroelectronics X-CUBE-ST67W61 1.2.0
2026-03-25 12:46:49,074 [INFO] ThirdParty:1030 - CMSIS Pack Vendor :STMicroelectronics X-CUBE-NFC9 1.0.0
2026-03-25 12:46:49,074 [INFO] ThirdParty:1030 - CMSIS Pack Vendor :wolfSSL I-CUBE-wolfSSL 5.8.0
2026-03-25 12:46:49,074 [INFO] ThirdParty:1030 - CMSIS Pack Vendor :STMicroelectronics X-CUBE-BLE1 7.1.0
2026-03-25 12:46:49,074 [INFO] ThirdParty:1030 - CMSIS Pack Vendor :wolfSSL I-CUBE-wolfMQTT 1.19.2
2026-03-25 12:46:49,074 [INFO] ThirdParty:1030 - CMSIS Pack Vendor :STMicroelectronics USB_DEVICE 3.0.0
2026-03-25 12:46:49,074 [INFO] ThirdParty:1030 - CMSIS Pack Vendor :STMicroelectronics X-CUBE-FREERTOS 1.4.0
2026-03-25 12:46:49,075 [INFO] ThirdParty:1030 - CMSIS Pack Vendor :STMicroelectronics X-CUBE-EEPRMA1 5.2.0
2026-03-25 12:46:49,075 [INFO] ThirdParty:1030 - CMSIS Pack Vendor :STMicroelectronics X-CUBE-BLEMGR 4.1.0
2026-03-25 12:46:49,075 [INFO] ThirdParty:1030 - CMSIS Pack Vendor :STMicroelectronics X-CUBE-AZRTOS-WB 2.0.0
2026-03-25 12:46:49,075 [INFO] ThirdParty:1030 - CMSIS Pack Vendor :STMicroelectronics X-CUBE-GNSS1 7.0.1
2026-03-25 12:46:49,075 [INFO] ThirdParty:1030 - CMSIS Pack Vendor :STMicroelectronics X-CUBE-TOUCHGFX 4.25.0
2026-03-25 12:46:49,075 [INFO] ThirdParty:1030 - CMSIS Pack Vendor :STMicroelectronics X-CUBE-ST67W61 1.1.0
2026-03-25 12:46:49,075 [INFO] ThirdParty:1030 - CMSIS Pack Vendor :STMicroelectronics X-CUBE-AI 10.1.0
2026-03-25 12:46:49,075 [INFO] ThirdParty:1030 - CMSIS Pack Vendor :STMicroelectronics FP-SNS-STBOX1 2.0.0
2026-03-25 12:46:49,075 [INFO] ThirdParty:1030 - CMSIS Pack Vendor :STMicroelectronics X-CUBE-MEMS1 12.0.0
2026-03-25 12:46:49,075 [INFO] ThirdParty:1030 - CMSIS Pack Vendor :STMicroelectronics X-CUBE-STSE01 2.0.0
2026-03-25 12:46:49,075 [INFO] ThirdParty:1030 - CMSIS Pack Vendor :STMicroelectronics X-CUBE-AZRTOS-G0 1.1.0
2026-03-25 12:46:49,075 [INFO] ThirdParty:1030 - CMSIS Pack Vendor :STMicroelectronics X-CUBE-SAFEA1 1.2.2
2026-03-25 12:46:49,075 [INFO] ThirdParty:1030 - CMSIS Pack Vendor :STMicroelectronics X-CUBE-NFC4 3.0.0
2026-03-25 12:46:49,075 [INFO] ThirdParty:1030 - CMSIS Pack Vendor :STMicroelectronics X-CUBE-SUBG2 5.0.0
2026-03-25 12:46:49,075 [INFO] ThirdParty:1030 - CMSIS Pack Vendor :STMicroelectronics X-CUBE-AZRTOS-H7RS 1.1.0
2026-03-25 12:46:49,075 [INFO] ThirdParty:1030 - CMSIS Pack Vendor :STMicroelectronics STM32_WPAN 1.0.0
2026-03-25 12:46:49,075 [INFO] ThirdParty:1030 - CMSIS Pack Vendor :EmbeddedOffice I-CUBE-FS-RTOS 1.0.1
2026-03-25 12:46:49,076 [INFO] ThirdParty:1030 - CMSIS Pack Vendor :STMicroelectronics lwIP 2.0.3
2026-03-25 12:46:49,076 [INFO] ThirdParty:1030 - CMSIS Pack Vendor :Cesanta I-CUBE-Mongoose 7.13.0
2026-03-25 12:46:49,076 [INFO] ThirdParty:1030 - CMSIS Pack Vendor :STMicroelectronics USB_HOST 1.0.0
2026-03-25 12:46:49,076 [INFO] ThirdParty:1030 - CMSIS Pack Vendor :STMicroelectronics X-CUBE-AZRTOS-G4 2.0.0
2026-03-25 12:46:49,076 [INFO] ThirdParty:1030 - CMSIS Pack Vendor :STMicroelectronics X-CUBE-WB05N 2.0.0
2026-03-25 12:46:49,076 [INFO] ThirdParty:1030 - CMSIS Pack Vendor :STMicroelectronics PDM2PCM 3.1.0
2026-03-25 12:46:49,076 [INFO] ThirdParty:1030 - CMSIS Pack Vendor :wolfSSL I-CUBE-wolfTPM 3.8.0
2026-03-25 12:46:49,076 [INFO] ThirdParty:1030 - CMSIS Pack Vendor :wolfSSL I-CUBE-wolfSSH 1.4.20
2026-03-25 12:46:49,076 [INFO] ThirdParty:1030 - CMSIS Pack Vendor :STMicroelectronics X-CUBE-NFC7 2.0.0
2026-03-25 12:46:49,076 [INFO] ThirdParty:1030 - CMSIS Pack Vendor :STMicroelectronics X-CUBE-TCPP 4.2.0
2026-03-25 12:46:49,076 [INFO] ThirdParty:1030 - CMSIS Pack Vendor :RealThread X-CUBE-RT-Thread_Nano 4.1.1
2026-03-25 12:46:49,076 [INFO] ThirdParty:1030 - CMSIS Pack Vendor :STMicroelectronics FP-ATR-SIGFOX1 3.2.0
2026-03-25 12:46:49,076 [INFO] ThirdParty:1030 - CMSIS Pack Vendor :STMicroelectronics X-CUBE-EEPRMA1 5.1.0
2026-03-25 12:46:49,076 [INFO] ThirdParty:1030 - CMSIS Pack Vendor :STMicroelectronics MBEDTLS 2.16.2
2026-03-25 12:46:49,076 [INFO] ThirdParty:1030 - CMSIS Pack Vendor :STMicroelectronics X-CUBE-IPS 3.1.0
2026-03-25 12:46:49,076 [INFO] ThirdParty:1030 - CMSIS Pack Vendor :STMicroelectronics X-CUBE-ALS 1.0.2
2026-03-25 12:46:49,076 [INFO] ThirdParty:1030 - CMSIS Pack Vendor :ITTIA_DB I-CUBE-ITTIADB 8.9.0
2026-03-25 12:46:49,076 [INFO] ThirdParty:1030 - CMSIS Pack Vendor :STMicroelectronics X-CUBE-STSE01 1.0.0
2026-03-25 12:46:49,076 [INFO] ThirdParty:1030 - CMSIS Pack Vendor :portGmbH I-Cube-SoM-uGOAL 1.1.0
2026-03-25 12:46:49,077 [INFO] ThirdParty:1030 - CMSIS Pack Vendor :STMicroelectronics X-CUBE-NFC6 3.2.0
2026-03-25 12:46:49,077 [INFO] ThirdParty:1030 - CMSIS Pack Vendor :STMicroelectronics X-CUBE-ST67W61 1.0.0
2026-03-25 12:46:49,077 [INFO] ThirdParty:1030 - CMSIS Pack Vendor :STMicroelectronics X-CUBE-AI 10.2.0
2026-03-25 12:46:49,077 [INFO] ThirdParty:1030 - CMSIS Pack Vendor :STMicroelectronics ThreadX 1.0.0
2026-03-25 12:46:49,077 [INFO] ThirdParty:1030 - CMSIS Pack Vendor :SEGGER I-CUBE-embOS 1.3.1
2026-03-25 12:46:49,077 [INFO] ThirdParty:1030 - CMSIS Pack Vendor :STMicroelectronics X-CUBE-ALGOBUILD 1.4.0
2026-03-25 12:46:49,077 [INFO] ThirdParty:1030 - CMSIS Pack Vendor :STMicroelectronics X-CUBE-MEMS1 11.3.0
2026-03-25 12:46:49,077 [INFO] ThirdParty:1030 - CMSIS Pack Vendor :STMicroelectronics X-CUBE-TOF1 3.4.3
2026-03-25 12:46:49,077 [INFO] ThirdParty:841 - exiting critical section [change project]
2026-03-25 12:46:49,635 [INFO] PinOutPanel:1589 - setPackage(No Configuration,No Configuration)
2026-03-25 12:46:49,635 [INFO] PinOutPanel:1589 - setPackage(STM32F407VGTx,LQFP100)
2026-03-25 12:46:49,857 [INFO] UtilMem:75 - Before build in PCC Used Memory: 832642096 Bytes (961544192)
2026-03-25 12:46:50,278 [INFO] UtilMem:75 - After build in PCC Used Memory: 348177312 Bytes (961544192)
2026-03-25 12:46:50,305 [INFO] IPUIPlugin:80 - create IPUIPlugin
2026-03-25 12:46:50,305 [INFO] IPUIPlugin:80 - create IPUIPlugin
2026-03-25 12:46:50,305 [INFO] IPUIPlugin:80 - create IPUIPlugin
2026-03-25 12:46:50,305 [INFO] IPUIPlugin:80 - create IPUIPlugin
2026-03-25 12:46:50,306 [INFO] IPUIPlugin:80 - create IPUIPlugin
2026-03-25 12:46:50,306 [INFO] IPUIPlugin:80 - create IPUIPlugin
2026-03-25 12:46:50,306 [INFO] IPUIPlugin:80 - create IPUIPlugin
2026-03-25 12:46:50,306 [INFO] IPUIPlugin:80 - create IPUIPlugin
2026-03-25 12:46:50,306 [INFO] IPUIPlugin:80 - create IPUIPlugin
2026-03-25 12:46:50,306 [INFO] IPUIPlugin:80 - create IPUIPlugin
2026-03-25 12:46:50,307 [INFO] IPUIPlugin:80 - create IPUIPlugin
2026-03-25 12:46:50,307 [INFO] IPUIPlugin:80 - create IPUIPlugin
2026-03-25 12:46:50,307 [INFO] IPUIPlugin:80 - create IPUIPlugin
2026-03-25 12:46:50,307 [INFO] IPUIPlugin:80 - create IPUIPlugin
2026-03-25 12:46:50,307 [INFO] IPUIPlugin:80 - create IPUIPlugin
2026-03-25 12:46:50,307 [INFO] IPUIPlugin:80 - create IPUIPlugin
2026-03-25 12:46:50,308 [INFO] IPUIPlugin:80 - create IPUIPlugin
2026-03-25 12:46:50,308 [INFO] IPUIPlugin:80 - create IPUIPlugin
2026-03-25 12:46:50,308 [INFO] IPUIPlugin:80 - create IPUIPlugin
2026-03-25 12:46:50,308 [INFO] IPUIPlugin:80 - create IPUIPlugin
2026-03-25 12:46:50,309 [INFO] IPUIPlugin:80 - create IPUIPlugin
2026-03-25 12:46:50,309 [INFO] IPUIPlugin:80 - create IPUIPlugin
2026-03-25 12:46:50,309 [INFO] IPUIPlugin:80 - create IPUIPlugin
2026-03-25 12:46:50,309 [INFO] IPUIPlugin:80 - create IPUIPlugin
2026-03-25 12:46:50,309 [INFO] IPUIPlugin:80 - create IPUIPlugin
2026-03-25 12:46:50,309 [INFO] IPUIPlugin:80 - create IPUIPlugin
2026-03-25 12:46:50,309 [INFO] IPUIPlugin:80 - create IPUIPlugin
2026-03-25 12:46:50,310 [INFO] IPUIPlugin:80 - create IPUIPlugin
2026-03-25 12:46:50,310 [INFO] IPUIPlugin:80 - create IPUIPlugin
2026-03-25 12:46:50,310 [INFO] IPUIPlugin:80 - create IPUIPlugin
2026-03-25 12:46:50,310 [INFO] IPUIPlugin:80 - create IPUIPlugin
2026-03-25 12:46:50,310 [INFO] IPUIPlugin:80 - create IPUIPlugin
2026-03-25 12:46:50,311 [INFO] IPUIPlugin:80 - create IPUIPlugin
2026-03-25 12:46:50,311 [INFO] IPUIPlugin:80 - create IPUIPlugin
2026-03-25 12:46:50,311 [INFO] IPUIPlugin:80 - create IPUIPlugin
2026-03-25 12:46:50,312 [INFO] IPUIPlugin:80 - create IPUIPlugin
2026-03-25 12:46:50,312 [INFO] IPUIPlugin:80 - create IPUIPlugin
2026-03-25 12:46:50,313 [INFO] IPUIPlugin:80 - create IPUIPlugin
2026-03-25 12:46:50,313 [INFO] IPUIPlugin:80 - create IPUIPlugin
2026-03-25 12:46:50,313 [INFO] IPUIPlugin:80 - create IPUIPlugin
2026-03-25 12:46:50,314 [INFO] IPUIPlugin:80 - create IPUIPlugin
2026-03-25 12:46:50,314 [INFO] IPUIPlugin:80 - create IPUIPlugin
2026-03-25 12:46:50,315 [INFO] IPUIPlugin:80 - create IPUIPlugin
2026-03-25 12:46:50,315 [INFO] IPUIPlugin:80 - create IPUIPlugin
2026-03-25 12:46:50,315 [INFO] IPUIPlugin:80 - create IPUIPlugin
2026-03-25 12:46:50,316 [INFO] IPUIPlugin:80 - create IPUIPlugin
2026-03-25 12:46:50,316 [INFO] IPUIPlugin:80 - create IPUIPlugin
2026-03-25 12:46:50,316 [INFO] IPUIPlugin:80 - create IPUIPlugin
2026-03-25 12:46:50,316 [INFO] IPUIPlugin:80 - create IPUIPlugin
2026-03-25 12:46:50,316 [INFO] IPUIPlugin:80 - create IPUIPlugin
2026-03-25 12:46:50,316 [INFO] IPUIPlugin:80 - create IPUIPlugin
2026-03-25 12:46:50,316 [INFO] IPUIPlugin:80 - create IPUIPlugin
2026-03-25 12:46:50,317 [INFO] IPUIPlugin:80 - create IPUIPlugin
2026-03-25 12:46:50,317 [INFO] IPUIPlugin:80 - create IPUIPlugin
2026-03-25 12:46:50,317 [INFO] IPUIPlugin:80 - create IPUIPlugin
2026-03-25 12:46:50,317 [INFO] IPUIPlugin:80 - create IPUIPlugin
2026-03-25 12:46:50,318 [INFO] IPUIPlugin:80 - create IPUIPlugin
2026-03-25 12:46:50,318 [INFO] IPUIPlugin:80 - create IPUIPlugin
2026-03-25 12:46:50,326 [INFO] ApiDbMcu:532 - Load IP Config File for PDM2PCM
2026-03-25 12:46:50,357 [INFO] CADModel:165 - CPN selected for project levelSTM32F407VGT6
2026-03-25 12:46:50,357 [INFO] CADModel:114 - Register for checkConnection events
2026-03-25 12:46:50,396 [INFO] OpenFileManager:386 - Restore cursor
2026-03-25 12:48:01,889 [INFO] UtilMem:75 - End SaveConfig() Used Memory: 533214080 Bytes (961544192)
2026-03-25 12:50:23,909 [INFO] UtilMem:75 - End SaveConfig() Used Memory: 580610688 Bytes (961544192)
2026-03-25 12:50:30,384 [INFO] UtilMem:75 - End SaveConfig() Used Memory: 716403328 Bytes (961544192)
2026-03-25 12:50:32,913 [INFO] UtilMem:75 - End SaveConfig() Used Memory: 799240832 Bytes (961544192)
2026-03-25 12:50:33,040 [INFO] BlockDiagram:2775 - set Specific Code input for plugin: SYS
2026-03-25 12:50:33,040 [INFO] BlockDiagram:2775 - set Specific Code input for plugin: RCC
2026-03-25 12:50:33,040 [INFO] BlockDiagram:2775 - set Specific Code input for plugin: NVIC
2026-03-25 12:50:33,040 [INFO] BlockDiagram:2775 - set Specific Code input for plugin: GPIO
2026-03-25 12:50:33,041 [INFO] CodeGenerator:892 - code generatio: config db path: /opt/st/stm32cubeide_1.19.0/plugins/com.st.stm32cube.common.mx_6.15.0.202507011659//db/
2026-03-25 12:50:33,206 [INFO] CodeEngine:265 - oldGeneratedFile, /home/sunbeam/Desktop/workspace/RTOS_workspace/002LED_Tasks/MXTmpFiles/license.tmp_save
2026-03-25 12:50:33,469 [INFO] CodeEngine:289 - Generated code: /home/sunbeam/Desktop/workspace/RTOS_workspace/002LED_Tasks/MXTmpFiles/license.tmp
2026-03-25 12:50:33,538 [INFO] CodeEngine:265 - oldGeneratedFile, /home/sunbeam/Desktop/workspace/RTOS_workspace/002LED_Tasks/MXTmpFiles/gpio.tmp_save
2026-03-25 12:50:33,677 [INFO] CodeEngine:289 - Generated code: /home/sunbeam/Desktop/workspace/RTOS_workspace/002LED_Tasks/MXTmpFiles/gpio.tmp
2026-03-25 12:50:33,720 [INFO] CodeEngine:265 - oldGeneratedFile, /home/sunbeam/Desktop/workspace/RTOS_workspace/002LED_Tasks/Core/Src/stm32f4xx_it.c_save
2026-03-25 12:50:34,010 [INFO] CodeEngine:289 - Generated code: /home/sunbeam/Desktop/workspace/RTOS_workspace/002LED_Tasks/Core/Src/stm32f4xx_it.c
2026-03-25 12:50:34,012 [INFO] CodeEngine:265 - oldGeneratedFile, /home/sunbeam/Desktop/workspace/RTOS_workspace/002LED_Tasks/Core/Inc/stm32f4xx_it.h_save
2026-03-25 12:50:34,107 [INFO] CodeEngine:289 - Generated code: /home/sunbeam/Desktop/workspace/RTOS_workspace/002LED_Tasks/Core/Inc/stm32f4xx_it.h
2026-03-25 12:50:34,114 [INFO] CodeEngine:265 - oldGeneratedFile, /home/sunbeam/Desktop/workspace/RTOS_workspace/002LED_Tasks/Core/Src/stm32f4xx_hal_msp.c_save
2026-03-25 12:50:34,252 [INFO] CodeEngine:289 - Generated code: /home/sunbeam/Desktop/workspace/RTOS_workspace/002LED_Tasks/Core/Src/stm32f4xx_hal_msp.c
2026-03-25 12:50:34,254 [INFO] CodeEngine:265 - oldGeneratedFile, /home/sunbeam/Desktop/workspace/RTOS_workspace/002LED_Tasks/MXTmpFiles/system.tmp_save
2026-03-25 12:50:34,333 [INFO] CodeEngine:289 - Generated code: /home/sunbeam/Desktop/workspace/RTOS_workspace/002LED_Tasks/MXTmpFiles/system.tmp
2026-03-25 12:50:34,336 [INFO] CodeEngine:265 - oldGeneratedFile, /home/sunbeam/Desktop/workspace/RTOS_workspace/002LED_Tasks/Core/Src/stm32f4xx_hal_timebase_tim.c_save
2026-03-25 12:50:34,402 [INFO] CodeEngine:289 - Generated code: /home/sunbeam/Desktop/workspace/RTOS_workspace/002LED_Tasks/Core/Src/stm32f4xx_hal_timebase_tim.c
2026-03-25 12:50:34,406 [INFO] CodeEngine:321 - oldGeneratedFile, /home/sunbeam/Desktop/workspace/RTOS_workspace/002LED_Tasks/Core/Inc/stm32f4xx_hal_conf.h_save
2026-03-25 12:50:34,482 [INFO] CodeEngine:345 - Generated code: /home/sunbeam/Desktop/workspace/RTOS_workspace/002LED_Tasks/Core/Inc/stm32f4xx_hal_conf.h
2026-03-25 12:50:34,524 [INFO] ApiDbMcu:532 - Load IP Config File for RCC
2026-03-25 12:50:34,532 [INFO] CodeEngine:265 - oldGeneratedFile, /home/sunbeam/Desktop/workspace/RTOS_workspace/002LED_Tasks/Core/Inc/main.h_save
2026-03-25 12:50:34,637 [INFO] CodeEngine:289 - Generated code: /home/sunbeam/Desktop/workspace/RTOS_workspace/002LED_Tasks/Core/Inc/main.h
2026-03-25 12:50:34,640 [INFO] CodeEngine:265 - oldGeneratedFile, /home/sunbeam/Desktop/workspace/RTOS_workspace/002LED_Tasks/Core/Src/main.c_save
2026-03-25 12:50:34,775 [INFO] CodeEngine:289 - Generated code: /home/sunbeam/Desktop/workspace/RTOS_workspace/002LED_Tasks/Core/Src/main.c
2026-03-25 12:50:35,010 [INFO] ProjectBuilder:3606 - Time for Copy HAL[1] : 40mS.
2026-03-25 12:50:35,011 [INFO] ProjectBuilder:5216 - Project Generator version: 4.7.0-B52
2026-03-25 12:50:35,094 [INFO] ConfigFileManager:1595 - The Die is : DIE413
2026-03-25 12:50:35,102 [INFO] ApiDbMcu:532 - Load IP Config File for FATFS
2026-03-25 12:50:35,122 [INFO] ApiDbMcu:532 - Load IP Config File for FREERTOS
2026-03-25 12:50:35,129 [INFO] ApiDbMcu:532 - Load IP Config File for LIBJPEG
2026-03-25 12:50:35,180 [INFO] ApiDbMcu:532 - Load IP Config File for LWIP
2026-03-25 12:50:35,210 [INFO] ApiDbMcu:532 - Load IP Config File for MBEDTLS
2026-03-25 12:50:35,237 [INFO] ApiDbMcu:532 - Load IP Config File for USB_DEVICE
2026-03-25 12:50:35,245 [INFO] ApiDbMcu:532 - Load IP Config File for USB_HOST
2026-03-25 12:50:36,326 [INFO] ProjectBuilder:5496 - Time for Generating toolchain IDE Files: 1315mS.
2026-03-25 12:50:36,326 [INFO] ProjectBuilder:3463 - Time for Copy CMSIS : 0mS.
2026-03-25 12:50:36,327 [INFO] ProjectBuilder:3463 - Time for Copy CMSIS : 0mS.
2026-03-25 12:56:41,313 [INFO] MainUpdater:2872 - connection check result : 10
2026-03-25 12:56:41,314 [INFO] McuFinderGlobals:76 - Set McuFinderConnectedMode to true
2026-03-25 12:56:42,229 [INFO] ServerAccessManage:452 - Complete download http(s) 200
2026-03-25 12:56:42,230 [INFO] ServerAccessManage:509 - Download File mcusAds.json._tmp_
2026-03-25 12:56:42,343 [INFO] LoadUrlFilesThread:156 - End of LoadUrlFiles Thread
2026-03-25 12:56:43,048 [INFO] ServerAccessManage:452 - Complete download http(s) 200
2026-03-25 12:56:43,049 [INFO] ServerAccessManage:509 - Download File cube-finder-db.zip
2026-03-25 12:56:54,327 [INFO] FileExtend:248 - Unzip File : cube-finder-db.zip
2026-03-25 12:56:54,327 [INFO] FileExtend:263 - Standard Zip Deflate
2026-03-25 12:56:54,945 [INFO] LoadUrlFilesThread:156 - End of LoadUrlFiles Thread
2026-03-25 12:57:35,579 [INFO] DbMcusAds:53 - JSON generation date=Thu Mar 05 20:02:52 IST 2026 (1772721172890)
2026-03-25 12:57:35,582 [INFO] ApiDb:448 - Save user favorites file /home/sunbeam/.stm32cubeide/favorites.mcus.txt: 0 item(s)
2026-03-25 12:57:35,582 [INFO] ApiDb:452 - User favorites MCUs=[]
2026-03-25 12:57:35,585 [INFO] ApiDb:581 - Connected to CubeFinder SQLite database (/home/sunbeam/.stmcufinder/plugins/mcufinder/mcu/cube-finder-db.db)
2026-03-25 12:57:35,626 [INFO] ApiDb:668 - CubeFinder database Data Model version=2.1
2026-03-25 12:57:35,626 [INFO] ApiDb:669 - CubeFinder database Configuration version=3.0.42
2026-03-25 12:57:35,626 [INFO] ApiDb:670 - CubeFinder database generation date=2026-03-11 (1773229989)
2026-03-25 12:57:35,626 [INFO] ApiDb:671 - CubeFinder database FW Pack versions=[FP-ATR-ASTRA1_V2.0.0, FP-SNS-FLIGHT1_V5.1.0, FP-SNS-MOTENV1_V5.1.0, FP-SNS-MOTENVWB1_V1.5.0, FP-SNS-SMARTAG2_V1.2.0, FP-SNS-STBOX1_V2.1.0, STM32Cube_FW_C0_V1.4.0, STM32Cube_FW_F4_V1.28.3, STM32Cube_FW_F7_V1.17.4, STM32Cube_FW_G0_V1.6.3, STM32Cube_FW_G4_V1.6.2, STM32Cube_FW_H5_V1.6.0, STM32Cube_FW_H7RS_V1.3.0, STM32Cube_FW_H7_V1.13.0, STM32Cube_FW_L0_V1.12.2, STM32Cube_FW_L4_V1.18.2, STM32Cube_FW_L5_V1.6.0, STM32Cube_FW_N6_V1.3.0, STM32Cube_FW_U0_V1.3.0, STM32Cube_FW_U3_V1.3.0, STM32Cube_FW_U5_V1.8.0, STM32Cube_FW_WB0_V1.4.0, STM32Cube_FW_WBA_V1.9.0, STM32Cube_FW_WB_V1.24.0, STM32Cube_FW_WL3_V1.4.0, STM32Cube_FW_WL_V1.5.0, X-CUBE-ALGOBUILD_V1.4.0, X-CUBE-ALS_V1.0.2, X-CUBE-AZRTOS-F4_V1.1.0, X-CUBE-AZRTOS-F7_V1.1.0, X-CUBE-AZRTOS-G0_V1.1.0, X-CUBE-AZRTOS-G4_V2.0.0, X-CUBE-AZRTOS-H7RS_V1.1.0, X-CUBE-AZRTOS-H7_V3.4.0, X-CUBE-AZRTOS-L4_V2.0.0, X-CUBE-AZRTOS-L5_V2.0.0, X-CUBE-AZRTOS-WB_V2.0.0, X-CUBE-AZRTOS-WL_V2.0.0, X-CUBE-BLE1_V7.1.0, X-CUBE-BLE2_V3.3.0, X-CUBE-BLEMGR_V4.1.0, X-CUBE-EEPRMA1_V5.2.0, X-CUBE-FREERTOS_V1.5.0, X-CUBE-GNSS1_V6.0.0, X-CUBE-MEMS1_V12.0.0, X-CUBE-NFC4_V3.0.0, X-CUBE-NFC7_V2.0.0, X-CUBE-SFXS2LP1_V4.0.0, X-CUBE-ST67W61_V1.2.0, X-CUBE-SUBG2_V5.0.0, X-CUBE-TOF1_V3.4.3]
2026-03-25 12:57:37,943 [INFO] ApiDb:240 - Found 880 in-development CPN: [B-G473E-ZEST1S, B-WB1M-WPAN1, B-WBA5M-WPAN, B-WL5M-SUBG1, NUCLEO-C031C6, NUCLEO-C051C8, NUCLEO-C071RB, NUCLEO-C092RC, NUCLEO-H503RB, NUCLEO-H533RE, NUCLEO-H563ZI, NUCLEO-H7S3L8, NUCLEO-N657X0-Q, NUCLEO-U031R8, NUCLEO-U083RC, NUCLEO-U385RG-Q, NUCLEO-U545RE-Q, NUCLEO-U5A5ZJ-Q, NUCLEO-WB05KZ, NUCLEO-WB07CC, NUCLEO-WB09KE, NUCLEO-WBA52CG, NUCLEO-WBA55CG, NUCLEO-WL33CC1, NUCLEO-WL33CC2, STEVAL-PROTEUS1, STEVAL-SMARTAG2, STEVAL-STWINBX1, STM320518-EVAL, STM32C0116-DK, STM32C011D6Y3TR, STM32C011D6Y6TR, STM32C011F4P3, STM32C011F4P6, STM32C011F4U3, STM32C011F4U6TR, STM32C011F6P3, STM32C011F6P6, STM32C011F6U3, STM32C011F6U6TR, STM32C011J4M3, STM32C011J4M6, STM32C011J6M3, STM32C011J6M6, STM32C0316-DK, STM32C031C4T3, STM32C031C4T6, STM32C031C4U3, STM32C031C4U6, STM32C031C6T3, STM32C031C6T6, STM32C031C6U3, STM32C031C6U6, STM32C031F4P3, STM32C031F4P6, STM32C031F6P3, STM32C031F6P6, STM32C031G4U3, STM32C031G4U6, STM32C031G6U3, STM32C031G6U6, STM32C031K4T3, STM32C031K4T6, STM32C031K4U3, STM32C031K4U6, STM32C031K6T3, STM32C031K6T6, STM32C031K6U3, STM32C031K6U6, STM32C051C6T6, STM32C051C6U6, STM32C051C8T6, STM32C051C8U6, STM32C051D8Y6TR, STM32C051F6P6, STM32C051F8P6, STM32C051G6U6, STM32C051G8U6, STM32C051K6T6, STM32C051K6U6, STM32C051K8T6, STM32C071C8T6, STM32C071C8T6N, STM32C071C8U6, STM32C071C8U6N, STM32C071CBT6, STM32C071CBT6N, STM32C071CBU6, STM32C071CBU6N, STM32C071F8P6, STM32C071F8P6N, STM32C071FBP6, STM32C071FBP6N, STM32C071FBY6TR, STM32C071G8U6, STM32C071G8U6N, STM32C071GBU6, STM32C071GBU6N, STM32C071K8T6, STM32C071K8T6N, STM32C071K8U6, STM32C071K8U6N, STM32C071KBT6, STM32C071KBT6N, STM32C071KBU6, STM32C071KBU6N, STM32C071R8T6, STM32C071R8T6N, STM32C071RBI6N, STM32C071RBT6, STM32C071RBT6N, STM32C091CBT6, STM32C091CBU6, STM32C091CCT6, STM32C091CCU6, STM32C091ECY6TR, STM32C091FBP6, STM32C091FCP6, STM32C091GBU6, STM32C091GCU6, STM32C091KBT6, STM32C091KBU6, STM32C091KCT6, STM32C091KCU6, STM32C091RBT6, STM32C091RCI6, STM32C091RCT6, STM32C092CBT6, STM32C092CBU6, STM32C092CCT6, STM32C092CCU6, STM32C092ECY6TR, STM32C092FBP6, STM32C092FCP6, STM32C092GBU6, STM32C092GCU6, STM32C092KBT6, STM32C092KBU6, STM32C092KCT6, STM32C092KCU6, STM32C092RBT6, STM32C092RCI6, STM32C092RCT6, STM32G071K8TXN, STM32G071K8UXN, STM32G081GBU6N, STM32G081KBT6N, STM32G081KBUXN, STM32G0B1CCT6N, STM32G0B1KCT6, STM32G0B1NEY6TR, STM32G0B1RCT6N, STM32G0C1CCT6, STM32G0C1CCT6N, STM32G0C1CCU6N, STM32G0C1CET6N, STM32G0C1CEU6N, STM32G0C1KCT6, STM32G0C1NEY6TR, STM32G0C1RCI6N, STM32G0C1RCT6N, STM32G0C1REI6N, STM32G0C1RET6N, STM32G0C1VCI6, STM32G0C1VEI6, STM32G411C6T3, STM32G411C6T6, STM32G411C6U3, STM32G411C6U6, STM32G411C8T3, STM32G411C8T6, STM32G411C8U3, STM32G411C8U6, STM32G411CBT3, STM32G411CBT6, STM32G411CBU3, STM32G411CBU6, STM32G411K6T3, STM32G411K6T6, STM32G411K6U3, STM32G411K6U6, STM32G411K8T3, STM32G411K8T6, STM32G411K8U3, STM32G411K8U6, STM32G411KBT3, STM32G411KBT6, STM32G411KBU3, STM32G411KBU6, STM32G411M6T3, STM32G411M6T6, STM32G411M8T3, STM32G411M8T6, STM32G411MBT3, STM32G411MBT6, STM32G411R6T3, STM32G411R6T6, STM32G411R8T3, STM32G411R8T6, STM32G411RBT3, STM32G411RBT6, STM32G414CBT3, STM32G414CBT6, STM32G414CBU3, STM32G414CBU6, STM32G414CCT3, STM32G414CCT6, STM32G414CCU3, STM32G414CCU6, STM32G414MBT3, STM32G414MBT6, STM32G414MCT3, STM32G414MCT6, STM32G414RBT3, STM32G414RBT6, STM32G414RCT3, STM32G414RCT6, STM32G414VBT3, STM32G414VBT6, STM32G414VCT3, STM32G414VCT6, STM32G431CBT3Z, STM32G431RBT3Z, STM32G471CCT6, STM32G471CCU6, STM32G471CET3, STM32G471CET6, STM32G471CEU3, STM32G471CEU6, STM32G471MCT6, STM32G471MET3, STM32G471MET6, STM32G471MEY6TR, STM32G471QCT6, STM32G471QET3, STM32G471RCT6, STM32G471RET3, STM32G471RET6, STM32G471VCH6, STM32G471VCI6, STM32G471VCT6, STM32G471VEH3, STM32G471VEH6, STM32G471VEI3, STM32G471VEI6, STM32G471VET3, STM32G471VET6, STM32G473QET3Z, STM32G473RET3Z, STM32G474CCT6, STM32G491RET3Z, STM32H503CBT6, STM32H503CBU6, STM32H503EBY6TR, STM32H503KBU6, STM32H503RBT6, STM32H523CCT6, STM32H523CCU6, STM32H523CET6, STM32H523CEU6, STM32H523HEY6TR, STM32H523RCT6, STM32H523RET6, STM32H523VCI6, STM32H523VCT6, STM32H523VEI6, STM32H523VET6, STM32H523ZCJ6, STM32H523ZCT6, STM32H523ZEJ6, STM32H523ZET6, STM32H533CET6, STM32H533CEU6, STM32H533HEY6TR, STM32H533RET6, STM32H533VEI6, STM32H533VET6, STM32H533ZEJ6, STM32H533ZET6, STM32H562AGI6, STM32H562AII6, STM32H562IGK6, STM32H562IGT6, STM32H562IIK6, STM32H562IIT6, STM32H562RGT6, STM32H562RGV6, STM32H562RIT6, STM32H562RIV6, STM32H562VGT6, STM32H562VIT6, STM32H562ZGT6, STM32H562ZIT6, STM32H563AGI6, STM32H563AII3Q, STM32H563AII6, STM32H563IGK6, STM32H563IGT6, STM32H563IIK3Q, STM32H563IIK6, STM32H563IIT3Q, STM32H563IIT6, STM32H563MIY3QTR, STM32H563RGT6, STM32H563RGV6, STM32H563RIT6, STM32H563RIV6, STM32H563VGT6, STM32H563VIT3Q, STM32H563VIT6, STM32H563ZGT6, STM32H563ZIT3Q, STM32H563ZIT6, STM32H573AII3Q, STM32H573AII6, STM32H573I-DK, STM32H573IIK3Q, STM32H573IIK6, STM32H573IIT3Q, STM32H573IIT6, STM32H573MIY3QTR, STM32H573RIT6, STM32H573RIV6, STM32H573VIT3Q, STM32H573VIT6, STM32H573ZIT3Q, STM32H573ZIT6, STM32H7R3A8I6, STM32H7R3I8K6, STM32H7R3I8T6, STM32H7R3L8H6, STM32H7R3L8H6H, STM32H7R3R8V6, STM32H7R3V8H6, STM32H7R3V8T6, STM32H7R3V8Y6TR, STM32H7R3Z8J6, STM32H7R3Z8T6, STM32H7R7A8I6, STM32H7R7I8K6, STM32H7R7I8T6, STM32H7R7L8H6, STM32H7R7L8H6H, STM32H7R7Z8J6, STM32H7S3A8I6, STM32H7S3I8K6, STM32H7S3I8T6, STM32H7S3L8H6, STM32H7S3L8H6H, STM32H7S3R8V6, STM32H7S3V8H6, STM32H7S3V8T6, STM32H7S3V8Y6TR, STM32H7S3Z8J6, STM32H7S3Z8T6, STM32H7S78-DK, STM32H7S7A8I6, STM32H7S7I8K6, STM32H7S7I8T6, STM32H7S7L8H6, STM32H7S7L8H6H, STM32H7S7Z8J6, STM32L4R5QGI6STR, STM32MP131AAE3, STM32MP131AAF3, STM32MP131AAG3, STM32MP131CAE3, STM32MP131CAF3, STM32MP131CAG3, STM32MP131DAE7, STM32MP131DAF7, STM32MP131DAG7, STM32MP131FAE7, STM32MP131FAF7, STM32MP131FAG7, STM32MP133AAE3, STM32MP133AAF3, STM32MP133AAG3, STM32MP133CAE3, STM32MP133CAF3, STM32MP133CAG3, STM32MP133DAE7, STM32MP133DAF7, STM32MP133DAG7, STM32MP133FAE7, STM32MP133FAF7, STM32MP133FAG7, STM32MP135AAE3, STM32MP135AAF3, STM32MP135AAG3, STM32MP135CAE3, STM32MP135CAF3, STM32MP135CAG3, STM32MP135DAE7, STM32MP135DAF7, STM32MP135DAG7, STM32MP135F-DK, STM32MP135FAE7, STM32MP135FAF7, STM32MP135FAF7T, STM32MP135FAF7U, STM32MP135FAG7, STM32MP211AAL3, STM32MP211AAM3, STM32MP211AAN3, STM32MP211AAO3, STM32MP211CAL3, STM32MP211CAM3, STM32MP211CAN3, STM32MP211CAO3, STM32MP211DAL3, STM32MP211DAM3, STM32MP211DAN3, STM32MP211DAO3, STM32MP211FAL3, STM32MP211FAM3, STM32MP211FAN3, STM32MP211FAO3, STM32MP213AAL3, STM32MP213AAM3, STM32MP213AAN3, STM32MP213AAO3, STM32MP213CAL3, STM32MP213CAM3, STM32MP213CAN3, STM32MP213CAO3, STM32MP213DAL3, STM32MP213DAM3, STM32MP213DAN3, STM32MP213DAO3, STM32MP213FAL3, STM32MP213FAM3, STM32MP213FAN3, STM32MP213FAO3, STM32MP215AAL3, STM32MP215AAM3, STM32MP215AAN3, STM32MP215AAO3, STM32MP215CAL3, STM32MP215CAM3, STM32MP215CAN3, STM32MP215CAO3, STM32MP215DAL3, STM32MP215DAM3, STM32MP215DAN3, STM32MP215DAO3, STM32MP215F-DK, STM32MP215FAL3, STM32MP215FAM3, STM32MP215FAN3, STM32MP215FAO3, STM32MP231AAJ3, STM32MP231AAK3, STM32MP231AAL3, STM32MP231CAJ3, STM32MP231CAK3, STM32MP231CAL3, STM32MP231DAJ3, STM32MP231DAK3, STM32MP231DAL3, STM32MP231FAJ3, STM32MP231FAK3, STM32MP231FAL3, STM32MP233AAJ3, STM32MP233AAK3, STM32MP233AAL3, STM32MP233CAJ3, STM32MP233CAK3, STM32MP233CAL3, STM32MP233DAJ3, STM32MP233DAK3, STM32MP233DAL3, STM32MP233FAJ3, STM32MP233FAK3, STM32MP233FAL3, STM32MP235AAJ3, STM32MP235AAK3, STM32MP235AAL3, STM32MP235CAJ3, STM32MP235CAK3, STM32MP235CAL3, STM32MP235DAJ3, STM32MP235DAK3, STM32MP235DAL3, STM32MP235FAJ3, STM32MP235FAK3, STM32MP235FAL3, STM32MP251AAI3, STM32MP251AAK3, STM32MP251AAL3, STM32MP251CAI3, STM32MP251CAK3, STM32MP251CAL3, STM32MP251DAI3, STM32MP251DAK3, STM32MP251DAL3, STM32MP251FAI3, STM32MP251FAK3, STM32MP251FAL3, STM32MP253AAI3, STM32MP253AAK3, STM32MP253AAL3, STM32MP253CAI3, STM32MP253CAK3, STM32MP253CAL3, STM32MP253DAI3, STM32MP253DAK3, STM32MP253DAL3, STM32MP253FAI3, STM32MP253FAK3, STM32MP253FAL3, STM32MP255AAI3, STM32MP255AAK3, STM32MP255AAL3, STM32MP255CAI3, STM32MP255CAK3, STM32MP255CAL3, STM32MP255DAI3, STM32MP255DAK3, STM32MP255DAL3, STM32MP255FAI3, STM32MP255FAK3, STM32MP255FAL3, STM32MP257AAI3, STM32MP257AAK3, STM32MP257AAL3, STM32MP257CAI3, STM32MP257CAK3, STM32MP257CAL3, STM32MP257DAI3, STM32MP257DAK3, STM32MP257DAL3, STM32MP257F-DK, STM32MP257F-EV1, STM32MP257FAI3, STM32MP257FAK3, STM32MP257FAL3, STM32N645A0H3Q, STM32N645B0H3Q, STM32N645I0H3Q, STM32N645L0H3Q, STM32N645X0H3Q, STM32N645Z0H3Q, STM32N647A0H3Q, STM32N647B0H3Q, STM32N647I0H3Q, STM32N647L0H3Q, STM32N647X0H3Q, STM32N647Z0H3Q, STM32N655A0H3Q, STM32N655B0H3Q, STM32N655I0H3Q, STM32N655L0H3Q, STM32N655X0H3Q, STM32N655Z0H3Q, STM32N6570-DK, STM32N657A0H3Q, STM32N657B0H3Q, STM32N657I0H3Q, STM32N657L0H3Q, STM32N657X0H3Q, STM32N657Z0H3Q, STM32U031C6T6, STM32U031C6U6, STM32U031C8T6, STM32U031C8U6, STM32U031F4P6, STM32U031F6P6, STM32U031F8P6, STM32U031G6Y6TR, STM32U031G8Y6TR, STM32U031K4U6, STM32U031K6U6, STM32U031K8U6, STM32U031R6I6, STM32U031R6T6, STM32U031R8I6, STM32U031R8T6, STM32U073C8T6, STM32U073C8U6, STM32U073CBT6, STM32U073CBU6, STM32U073CCT6, STM32U073CCU6, STM32U073H8Y6TR, STM32U073HBY6TR, STM32U073HCY6TR, STM32U073K8U6, STM32U073KBU6, STM32U073KCU6, STM32U073M8I6, STM32U073M8T6, STM32U073MBI6, STM32U073MBT6, STM32U073MCI6, STM32U073MCT6, STM32U073R8I6, STM32U073R8T6, STM32U073RBI6, STM32U073RBT6, STM32U073RCI6, STM32U073RCT6, STM32U083C-DK, STM32U083CCT6, STM32U083CCU6, STM32U083HCY6TR, STM32U083KCU6, STM32U083MCI6, STM32U083MCT6, STM32U083RCI6, STM32U083RCT6, STM32U375CET6, STM32U375CET6Q, STM32U375CEU6, STM32U375CEU6Q, STM32U375CEY6QTR, STM32U375CGT6, STM32U375CGT6Q, STM32U375CGU6, STM32U375CGU6Q, STM32U375CGY6QTR, STM32U375KEU6, STM32U375KGU6, STM32U375REI6, STM32U375REI6Q, STM32U375RET6, STM32U375RET6Q, STM32U375REY6GTR, STM32U375REY6QTR, STM32U375RGI6, STM32U375RGI6Q, STM32U375RGT6, STM32U375RGT6Q, STM32U375RGY6GTR, STM32U375RGY6QTR, STM32U375VEI6, STM32U375VEI6Q, STM32U375VET6, STM32U375VET6Q, STM32U375VGI6, STM32U375VGI6Q, STM32U375VGT6, STM32U375VGT6Q, STM32U385CGT6, STM32U385CGT6Q, STM32U385CGU6, STM32U385CGU6Q, STM32U385CGY6QTR, STM32U385KGU6, STM32U385RGI6, STM32U385RGI6Q, STM32U385RGT6, STM32U385RGT6Q, STM32U385RGY6GTR, STM32U385RGY6QTR, STM32U385VGI6, STM32U385VGI6Q, STM32U385VGT6, STM32U385VGT6Q, STM32U535CBT6, STM32U535CBT6Q, STM32U535CBU6, STM32U535CBU6Q, STM32U535CCT6, STM32U535CCT6Q, STM32U535CCU6, STM32U535CCU6Q, STM32U535CET6, STM32U535CET6Q, STM32U535CEU6, STM32U535CEU6Q, STM32U535JEY6QTR, STM32U535NCY6QTR, STM32U535NEY6QTR, STM32U535RBI6, STM32U535RBI6Q, STM32U535RBT6, STM32U535RBT6Q, STM32U535RCI6, STM32U535RCI6Q, STM32U535RCT6, STM32U535RCT6Q, STM32U535REI6, STM32U535REI6Q, STM32U535RET6, STM32U535RET6Q, STM32U535VCI6, STM32U535VCI6Q, STM32U535VCT6, STM32U535VCT6Q, STM32U535VEI6, STM32U535VEI6Q, STM32U535VET6, STM32U535VET6Q, STM32U545CET6, STM32U545CET6Q, STM32U545CEU6, STM32U545CEU6Q, STM32U545JEY6QTR, STM32U545NEY6QTR, STM32U545REI6, STM32U545REI6Q, STM32U545RET6, STM32U545RET6Q, STM32U545VEI6, STM32U545VEI6Q, STM32U545VET6, STM32U545VET6Q, STM32U595AIH6, STM32U595AIH6Q, STM32U595AJH6, STM32U595AJH6Q, STM32U595QII6, STM32U595QII6Q, STM32U595QJI6, STM32U595QJI6Q, STM32U595RIT6, STM32U595RIT6Q, STM32U595RJT6, STM32U595RJT6Q, STM32U595VIT6, STM32U595VIT6Q, STM32U595VJT6, STM32U595VJT6Q, STM32U595ZIT6, STM32U595ZIT6Q, STM32U595ZIY6QTR, STM32U595ZJT6, STM32U595ZJT6Q, STM32U595ZJY6QTR, STM32U599BJY6QTR, STM32U599NIH6Q, STM32U599NJH6Q, STM32U599VIT6Q, STM32U599VJT6, STM32U599VJT6Q, STM32U599ZIT6Q, STM32U599ZIY6QTR, STM32U599ZJT6Q, STM32U599ZJY6QTR, STM32U5A5AJH6, STM32U5A5AJH6Q, STM32U5A5QII3Q , STM32U5A5QJI6, STM32U5A5QJI6Q, STM32U5A5RJT6, STM32U5A5RJT6Q, STM32U5A5VJT6, STM32U5A5VJT6Q, STM32U5A5ZJT6, STM32U5A5ZJT6Q, STM32U5A5ZJY6QTR, STM32U5A9BJY6QTR, STM32U5A9J-DK, STM32U5A9NJH6Q, STM32U5A9VJT6Q, STM32U5A9ZJT6Q, STM32U5A9ZJY6QTR, STM32U5F7VIT6, STM32U5F7VIT6Q, STM32U5F7VJT6, STM32U5F7VJT6Q, STM32U5F9BJY6QTR, STM32U5F9NJH6Q, STM32U5F9VIT6Q, STM32U5F9VJT6Q, STM32U5F9ZIJ6QTR, STM32U5F9ZIT6Q, STM32U5F9ZJJ6QTR, STM32U5F9ZJT6Q, STM32U5G7VJT6, STM32U5G7VJT6Q, STM32U5G9BJY6QTR, STM32U5G9J-DK1, STM32U5G9J-DK2, STM32U5G9NJH6Q, STM32U5G9VJT6Q, STM32U5G9ZJJ6QTR, STM32U5G9ZJT6Q, STM32WB05KZV6TR, STM32WB05KZV7TR, STM32WB05TZF6TR, STM32WB05TZF7TR, STM32WB06CCF6TR, STM32WB06CCF7TR, STM32WB06CCV6TR, STM32WB06CCV7TR, STM32WB06KCV6TR, STM32WB06KCV7TR, STM32WB07CCF6TR, STM32WB07CCF7TR, STM32WB07CCV6TR, STM32WB07CCV7TR, STM32WB07KCV6TR, STM32WB07KCV7TR, STM32WB09KEV6TR, STM32WB09KEV7TR, STM32WB09TEF6TR, STM32WB09TEF7TR, STM32WB1MMCH6, STM32WBA50KGU6, STM32WBA50KGU6TR, STM32WBA52CEU6, STM32WBA52CEU6TR, STM32WBA52CEU7, STM32WBA52CEU7TR, STM32WBA52CGU6, STM32WBA52CGU6TR, STM32WBA52CGU6U, STM32WBA52CGU7, STM32WBA52CGU7TR, STM32WBA52KEU6, STM32WBA52KEU6TR, STM32WBA52KGU6, STM32WBA52KGU6TR, STM32WBA54CEU6, STM32WBA54CEU6TR, STM32WBA54CEU7, STM32WBA54CEU7TR, STM32WBA54CGU6, STM32WBA54CGU6TR, STM32WBA54CGU7, STM32WBA54CGU7TR, STM32WBA54KEU6, STM32WBA54KEU6TR, STM32WBA54KEU7, STM32WBA54KEU7TR, STM32WBA54KGU6, STM32WBA54KGU6TR, STM32WBA54KGU7, STM32WBA54KGU7TR, STM32WBA55CEU6, STM32WBA55CEU6TR, STM32WBA55CEU7, STM32WBA55CEU7TR, STM32WBA55CGU6, STM32WBA55CGU6TR, STM32WBA55CGU6U, STM32WBA55CGU7, STM32WBA55CGU7TR, STM32WBA55G-DK1, STM32WBA55HEF6, STM32WBA55HEF7, STM32WBA55HGF6, STM32WBA55HGF7, STM32WBA55UEI6, STM32WBA55UEI6TR, STM32WBA55UEI7, STM32WBA55UEI7TR, STM32WBA55UGI6, STM32WBA55UGI6TR, STM32WBA55UGI7, STM32WBA55UGI7TR, STM32WBA5MMGH6TR, STM32WBA62MGF6, STM32WBA62MIF6, STM32WBA65MGF7, STM32WBA65MIF6, STM32WBA65MIF7, STM32WL30K8V6, STM32WL30KBV6, STM32WL31C8V6, STM32WL31CBV6, STM32WL31K8V6, STM32WL31KBV6, STM32WL33C8V6, STM32WL33C8V6X, STM32WL33CBV6, STM32WL33CBV6X, STM32WL33CCV6, STM32WL33CCV6A, STM32WL33CCV6X, STM32WL33K8V7, STM32WL33K8V7X, STM32WL33KBV7 , STM32WL33KBV7X, STM32WL33KCV7, STM32WL33KCV7X, STM32WL5MOCH6, STM32WL5MOCH6TR]
2026-03-25 12:57:37,947 [INFO] DbMcus:218 - Found 5055 MCUs, 4968 are supported
2026-03-25 12:57:37,948 [INFO] ApiDb:423 - Load user favorites file /home/sunbeam/.stm32cubeide/favorites.mcus.txt: 0 item(s)
2026-03-25 12:57:37,948 [INFO] ApiDb:427 - User favorites MCUs=[]
2026-03-25 12:57:37,948 [INFO] DbMcus:224 - Set 0 / 0 favorites MCUs
2026-03-25 12:57:38,307 [INFO] ApiDb:448 - Save user favorites file /home/sunbeam/.stm32cubeide/favorites.boards.txt: 1 item(s)
2026-03-25 12:57:38,307 [INFO] ApiDb:452 - User favorites Boards=[STM32F407G-DISC1]
2026-03-25 12:57:38,308 [INFO] ApiDb:581 - Connected to CubeFinder SQLite database (/home/sunbeam/.stmcufinder/plugins/mcufinder/mcu/cube-finder-db.db)
2026-03-25 12:57:38,342 [INFO] ApiDb:668 - CubeFinder database Data Model version=2.1
2026-03-25 12:57:38,342 [INFO] ApiDb:669 - CubeFinder database Configuration version=3.0.42
2026-03-25 12:57:38,342 [INFO] ApiDb:670 - CubeFinder database generation date=2026-03-11 (1773229989)
2026-03-25 12:57:38,342 [INFO] ApiDb:671 - CubeFinder database FW Pack versions=[FP-ATR-ASTRA1_V2.0.0, FP-SNS-FLIGHT1_V5.1.0, FP-SNS-MOTENV1_V5.1.0, FP-SNS-MOTENVWB1_V1.5.0, FP-SNS-SMARTAG2_V1.2.0, FP-SNS-STBOX1_V2.1.0, STM32Cube_FW_C0_V1.4.0, STM32Cube_FW_F4_V1.28.3, STM32Cube_FW_F7_V1.17.4, STM32Cube_FW_G0_V1.6.3, STM32Cube_FW_G4_V1.6.2, STM32Cube_FW_H5_V1.6.0, STM32Cube_FW_H7RS_V1.3.0, STM32Cube_FW_H7_V1.13.0, STM32Cube_FW_L0_V1.12.2, STM32Cube_FW_L4_V1.18.2, STM32Cube_FW_L5_V1.6.0, STM32Cube_FW_N6_V1.3.0, STM32Cube_FW_U0_V1.3.0, STM32Cube_FW_U3_V1.3.0, STM32Cube_FW_U5_V1.8.0, STM32Cube_FW_WB0_V1.4.0, STM32Cube_FW_WBA_V1.9.0, STM32Cube_FW_WB_V1.24.0, STM32Cube_FW_WL3_V1.4.0, STM32Cube_FW_WL_V1.5.0, X-CUBE-ALGOBUILD_V1.4.0, X-CUBE-ALS_V1.0.2, X-CUBE-AZRTOS-F4_V1.1.0, X-CUBE-AZRTOS-F7_V1.1.0, X-CUBE-AZRTOS-G0_V1.1.0, X-CUBE-AZRTOS-G4_V2.0.0, X-CUBE-AZRTOS-H7RS_V1.1.0, X-CUBE-AZRTOS-H7_V3.4.0, X-CUBE-AZRTOS-L4_V2.0.0, X-CUBE-AZRTOS-L5_V2.0.0, X-CUBE-AZRTOS-WB_V2.0.0, X-CUBE-AZRTOS-WL_V2.0.0, X-CUBE-BLE1_V7.1.0, X-CUBE-BLE2_V3.3.0, X-CUBE-BLEMGR_V4.1.0, X-CUBE-EEPRMA1_V5.2.0, X-CUBE-FREERTOS_V1.5.0, X-CUBE-GNSS1_V6.0.0, X-CUBE-MEMS1_V12.0.0, X-CUBE-NFC4_V3.0.0, X-CUBE-NFC7_V2.0.0, X-CUBE-SFXS2LP1_V4.0.0, X-CUBE-ST67W61_V1.2.0, X-CUBE-SUBG2_V5.0.0, X-CUBE-TOF1_V3.4.3]
2026-03-25 12:57:38,381 [INFO] DbBoardsSqlite:226 - include board P-NUCLEO-WB55-NUCLEO as a kit item of type 'Nucleo-64'
2026-03-25 12:57:38,382 [INFO] DbBoardsSqlite:226 - include board P-NUCLEO-WB55-USBDONGLE as a kit item of type 'Nucleo USB Dongle'
2026-03-25 12:57:38,382 [INFO] DbBoardsSqlite:226 - include board STEVAL-IDP005V1 as a kit item of type 'Evaluation Board'
2026-03-25 12:57:38,382 [INFO] DbBoardsSqlite:226 - include board STEVAL-IDP005V2 as a kit item of type 'Evaluation Board'
2026-03-25 12:57:38,417 [INFO] ApiDb:240 - Found 880 in-development CPN: [B-G473E-ZEST1S, B-WB1M-WPAN1, B-WBA5M-WPAN, B-WL5M-SUBG1, NUCLEO-C031C6, NUCLEO-C051C8, NUCLEO-C071RB, NUCLEO-C092RC, NUCLEO-H503RB, NUCLEO-H533RE, NUCLEO-H563ZI, NUCLEO-H7S3L8, NUCLEO-N657X0-Q, NUCLEO-U031R8, NUCLEO-U083RC, NUCLEO-U385RG-Q, NUCLEO-U545RE-Q, NUCLEO-U5A5ZJ-Q, NUCLEO-WB05KZ, NUCLEO-WB07CC, NUCLEO-WB09KE, NUCLEO-WBA52CG, NUCLEO-WBA55CG, NUCLEO-WL33CC1, NUCLEO-WL33CC2, STEVAL-PROTEUS1, STEVAL-SMARTAG2, STEVAL-STWINBX1, STM320518-EVAL, STM32C0116-DK, STM32C011D6Y3TR, STM32C011D6Y6TR, STM32C011F4P3, STM32C011F4P6, STM32C011F4U3, STM32C011F4U6TR, STM32C011F6P3, STM32C011F6P6, STM32C011F6U3, STM32C011F6U6TR, STM32C011J4M3, STM32C011J4M6, STM32C011J6M3, STM32C011J6M6, STM32C0316-DK, STM32C031C4T3, STM32C031C4T6, STM32C031C4U3, STM32C031C4U6, STM32C031C6T3, STM32C031C6T6, STM32C031C6U3, STM32C031C6U6, STM32C031F4P3, STM32C031F4P6, STM32C031F6P3, STM32C031F6P6, STM32C031G4U3, STM32C031G4U6, STM32C031G6U3, STM32C031G6U6, STM32C031K4T3, STM32C031K4T6, STM32C031K4U3, STM32C031K4U6, STM32C031K6T3, STM32C031K6T6, STM32C031K6U3, STM32C031K6U6, STM32C051C6T6, STM32C051C6U6, STM32C051C8T6, STM32C051C8U6, STM32C051D8Y6TR, STM32C051F6P6, STM32C051F8P6, STM32C051G6U6, STM32C051G8U6, STM32C051K6T6, STM32C051K6U6, STM32C051K8T6, STM32C071C8T6, STM32C071C8T6N, STM32C071C8U6, STM32C071C8U6N, STM32C071CBT6, STM32C071CBT6N, STM32C071CBU6, STM32C071CBU6N, STM32C071F8P6, STM32C071F8P6N, STM32C071FBP6, STM32C071FBP6N, STM32C071FBY6TR, STM32C071G8U6, STM32C071G8U6N, STM32C071GBU6, STM32C071GBU6N, STM32C071K8T6, STM32C071K8T6N, STM32C071K8U6, STM32C071K8U6N, STM32C071KBT6, STM32C071KBT6N, STM32C071KBU6, STM32C071KBU6N, STM32C071R8T6, STM32C071R8T6N, STM32C071RBI6N, STM32C071RBT6, STM32C071RBT6N, STM32C091CBT6, STM32C091CBU6, STM32C091CCT6, STM32C091CCU6, STM32C091ECY6TR, STM32C091FBP6, STM32C091FCP6, STM32C091GBU6, STM32C091GCU6, STM32C091KBT6, STM32C091KBU6, STM32C091KCT6, STM32C091KCU6, STM32C091RBT6, STM32C091RCI6, STM32C091RCT6, STM32C092CBT6, STM32C092CBU6, STM32C092CCT6, STM32C092CCU6, STM32C092ECY6TR, STM32C092FBP6, STM32C092FCP6, STM32C092GBU6, STM32C092GCU6, STM32C092KBT6, STM32C092KBU6, STM32C092KCT6, STM32C092KCU6, STM32C092RBT6, STM32C092RCI6, STM32C092RCT6, STM32G071K8TXN, STM32G071K8UXN, STM32G081GBU6N, STM32G081KBT6N, STM32G081KBUXN, STM32G0B1CCT6N, STM32G0B1KCT6, STM32G0B1NEY6TR, STM32G0B1RCT6N, STM32G0C1CCT6, STM32G0C1CCT6N, STM32G0C1CCU6N, STM32G0C1CET6N, STM32G0C1CEU6N, STM32G0C1KCT6, STM32G0C1NEY6TR, STM32G0C1RCI6N, STM32G0C1RCT6N, STM32G0C1REI6N, STM32G0C1RET6N, STM32G0C1VCI6, STM32G0C1VEI6, STM32G411C6T3, STM32G411C6T6, STM32G411C6U3, STM32G411C6U6, STM32G411C8T3, STM32G411C8T6, STM32G411C8U3, STM32G411C8U6, STM32G411CBT3, STM32G411CBT6, STM32G411CBU3, STM32G411CBU6, STM32G411K6T3, STM32G411K6T6, STM32G411K6U3, STM32G411K6U6, STM32G411K8T3, STM32G411K8T6, STM32G411K8U3, STM32G411K8U6, STM32G411KBT3, STM32G411KBT6, STM32G411KBU3, STM32G411KBU6, STM32G411M6T3, STM32G411M6T6, STM32G411M8T3, STM32G411M8T6, STM32G411MBT3, STM32G411MBT6, STM32G411R6T3, STM32G411R6T6, STM32G411R8T3, STM32G411R8T6, STM32G411RBT3, STM32G411RBT6, STM32G414CBT3, STM32G414CBT6, STM32G414CBU3, STM32G414CBU6, STM32G414CCT3, STM32G414CCT6, STM32G414CCU3, STM32G414CCU6, STM32G414MBT3, STM32G414MBT6, STM32G414MCT3, STM32G414MCT6, STM32G414RBT3, STM32G414RBT6, STM32G414RCT3, STM32G414RCT6, STM32G414VBT3, STM32G414VBT6, STM32G414VCT3, STM32G414VCT6, STM32G431CBT3Z, STM32G431RBT3Z, STM32G471CCT6, STM32G471CCU6, STM32G471CET3, STM32G471CET6, STM32G471CEU3, STM32G471CEU6, STM32G471MCT6, STM32G471MET3, STM32G471MET6, STM32G471MEY6TR, STM32G471QCT6, STM32G471QET3, STM32G471RCT6, STM32G471RET3, STM32G471RET6, STM32G471VCH6, STM32G471VCI6, STM32G471VCT6, STM32G471VEH3, STM32G471VEH6, STM32G471VEI3, STM32G471VEI6, STM32G471VET3, STM32G471VET6, STM32G473QET3Z, STM32G473RET3Z, STM32G474CCT6, STM32G491RET3Z, STM32H503CBT6, STM32H503CBU6, STM32H503EBY6TR, STM32H503KBU6, STM32H503RBT6, STM32H523CCT6, STM32H523CCU6, STM32H523CET6, STM32H523CEU6, STM32H523HEY6TR, STM32H523RCT6, STM32H523RET6, STM32H523VCI6, STM32H523VCT6, STM32H523VEI6, STM32H523VET6, STM32H523ZCJ6, STM32H523ZCT6, STM32H523ZEJ6, STM32H523ZET6, STM32H533CET6, STM32H533CEU6, STM32H533HEY6TR, STM32H533RET6, STM32H533VEI6, STM32H533VET6, STM32H533ZEJ6, STM32H533ZET6, STM32H562AGI6, STM32H562AII6, STM32H562IGK6, STM32H562IGT6, STM32H562IIK6, STM32H562IIT6, STM32H562RGT6, STM32H562RGV6, STM32H562RIT6, STM32H562RIV6, STM32H562VGT6, STM32H562VIT6, STM32H562ZGT6, STM32H562ZIT6, STM32H563AGI6, STM32H563AII3Q, STM32H563AII6, STM32H563IGK6, STM32H563IGT6, STM32H563IIK3Q, STM32H563IIK6, STM32H563IIT3Q, STM32H563IIT6, STM32H563MIY3QTR, STM32H563RGT6, STM32H563RGV6, STM32H563RIT6, STM32H563RIV6, STM32H563VGT6, STM32H563VIT3Q, STM32H563VIT6, STM32H563ZGT6, STM32H563ZIT3Q, STM32H563ZIT6, STM32H573AII3Q, STM32H573AII6, STM32H573I-DK, STM32H573IIK3Q, STM32H573IIK6, STM32H573IIT3Q, STM32H573IIT6, STM32H573MIY3QTR, STM32H573RIT6, STM32H573RIV6, STM32H573VIT3Q, STM32H573VIT6, STM32H573ZIT3Q, STM32H573ZIT6, STM32H7R3A8I6, STM32H7R3I8K6, STM32H7R3I8T6, STM32H7R3L8H6, STM32H7R3L8H6H, STM32H7R3R8V6, STM32H7R3V8H6, STM32H7R3V8T6, STM32H7R3V8Y6TR, STM32H7R3Z8J6, STM32H7R3Z8T6, STM32H7R7A8I6, STM32H7R7I8K6, STM32H7R7I8T6, STM32H7R7L8H6, STM32H7R7L8H6H, STM32H7R7Z8J6, STM32H7S3A8I6, STM32H7S3I8K6, STM32H7S3I8T6, STM32H7S3L8H6, STM32H7S3L8H6H, STM32H7S3R8V6, STM32H7S3V8H6, STM32H7S3V8T6, STM32H7S3V8Y6TR, STM32H7S3Z8J6, STM32H7S3Z8T6, STM32H7S78-DK, STM32H7S7A8I6, STM32H7S7I8K6, STM32H7S7I8T6, STM32H7S7L8H6, STM32H7S7L8H6H, STM32H7S7Z8J6, STM32L4R5QGI6STR, STM32MP131AAE3, STM32MP131AAF3, STM32MP131AAG3, STM32MP131CAE3, STM32MP131CAF3, STM32MP131CAG3, STM32MP131DAE7, STM32MP131DAF7, STM32MP131DAG7, STM32MP131FAE7, STM32MP131FAF7, STM32MP131FAG7, STM32MP133AAE3, STM32MP133AAF3, STM32MP133AAG3, STM32MP133CAE3, STM32MP133CAF3, STM32MP133CAG3, STM32MP133DAE7, STM32MP133DAF7, STM32MP133DAG7, STM32MP133FAE7, STM32MP133FAF7, STM32MP133FAG7, STM32MP135AAE3, STM32MP135AAF3, STM32MP135AAG3, STM32MP135CAE3, STM32MP135CAF3, STM32MP135CAG3, STM32MP135DAE7, STM32MP135DAF7, STM32MP135DAG7, STM32MP135F-DK, STM32MP135FAE7, STM32MP135FAF7, STM32MP135FAF7T, STM32MP135FAF7U, STM32MP135FAG7, STM32MP211AAL3, STM32MP211AAM3, STM32MP211AAN3, STM32MP211AAO3, STM32MP211CAL3, STM32MP211CAM3, STM32MP211CAN3, STM32MP211CAO3, STM32MP211DAL3, STM32MP211DAM3, STM32MP211DAN3, STM32MP211DAO3, STM32MP211FAL3, STM32MP211FAM3, STM32MP211FAN3, STM32MP211FAO3, STM32MP213AAL3, STM32MP213AAM3, STM32MP213AAN3, STM32MP213AAO3, STM32MP213CAL3, STM32MP213CAM3, STM32MP213CAN3, STM32MP213CAO3, STM32MP213DAL3, STM32MP213DAM3, STM32MP213DAN3, STM32MP213DAO3, STM32MP213FAL3, STM32MP213FAM3, STM32MP213FAN3, STM32MP213FAO3, STM32MP215AAL3, STM32MP215AAM3, STM32MP215AAN3, STM32MP215AAO3, STM32MP215CAL3, STM32MP215CAM3, STM32MP215CAN3, STM32MP215CAO3, STM32MP215DAL3, STM32MP215DAM3, STM32MP215DAN3, STM32MP215DAO3, STM32MP215F-DK, STM32MP215FAL3, STM32MP215FAM3, STM32MP215FAN3, STM32MP215FAO3, STM32MP231AAJ3, STM32MP231AAK3, STM32MP231AAL3, STM32MP231CAJ3, STM32MP231CAK3, STM32MP231CAL3, STM32MP231DAJ3, STM32MP231DAK3, STM32MP231DAL3, STM32MP231FAJ3, STM32MP231FAK3, STM32MP231FAL3, STM32MP233AAJ3, STM32MP233AAK3, STM32MP233AAL3, STM32MP233CAJ3, STM32MP233CAK3, STM32MP233CAL3, STM32MP233DAJ3, STM32MP233DAK3, STM32MP233DAL3, STM32MP233FAJ3, STM32MP233FAK3, STM32MP233FAL3, STM32MP235AAJ3, STM32MP235AAK3, STM32MP235AAL3, STM32MP235CAJ3, STM32MP235CAK3, STM32MP235CAL3, STM32MP235DAJ3, STM32MP235DAK3, STM32MP235DAL3, STM32MP235FAJ3, STM32MP235FAK3, STM32MP235FAL3, STM32MP251AAI3, STM32MP251AAK3, STM32MP251AAL3, STM32MP251CAI3, STM32MP251CAK3, STM32MP251CAL3, STM32MP251DAI3, STM32MP251DAK3, STM32MP251DAL3, STM32MP251FAI3, STM32MP251FAK3, STM32MP251FAL3, STM32MP253AAI3, STM32MP253AAK3, STM32MP253AAL3, STM32MP253CAI3, STM32MP253CAK3, STM32MP253CAL3, STM32MP253DAI3, STM32MP253DAK3, STM32MP253DAL3, STM32MP253FAI3, STM32MP253FAK3, STM32MP253FAL3, STM32MP255AAI3, STM32MP255AAK3, STM32MP255AAL3, STM32MP255CAI3, STM32MP255CAK3, STM32MP255CAL3, STM32MP255DAI3, STM32MP255DAK3, STM32MP255DAL3, STM32MP255FAI3, STM32MP255FAK3, STM32MP255FAL3, STM32MP257AAI3, STM32MP257AAK3, STM32MP257AAL3, STM32MP257CAI3, STM32MP257CAK3, STM32MP257CAL3, STM32MP257DAI3, STM32MP257DAK3, STM32MP257DAL3, STM32MP257F-DK, STM32MP257F-EV1, STM32MP257FAI3, STM32MP257FAK3, STM32MP257FAL3, STM32N645A0H3Q, STM32N645B0H3Q, STM32N645I0H3Q, STM32N645L0H3Q, STM32N645X0H3Q, STM32N645Z0H3Q, STM32N647A0H3Q, STM32N647B0H3Q, STM32N647I0H3Q, STM32N647L0H3Q, STM32N647X0H3Q, STM32N647Z0H3Q, STM32N655A0H3Q, STM32N655B0H3Q, STM32N655I0H3Q, STM32N655L0H3Q, STM32N655X0H3Q, STM32N655Z0H3Q, STM32N6570-DK, STM32N657A0H3Q, STM32N657B0H3Q, STM32N657I0H3Q, STM32N657L0H3Q, STM32N657X0H3Q, STM32N657Z0H3Q, STM32U031C6T6, STM32U031C6U6, STM32U031C8T6, STM32U031C8U6, STM32U031F4P6, STM32U031F6P6, STM32U031F8P6, STM32U031G6Y6TR, STM32U031G8Y6TR, STM32U031K4U6, STM32U031K6U6, STM32U031K8U6, STM32U031R6I6, STM32U031R6T6, STM32U031R8I6, STM32U031R8T6, STM32U073C8T6, STM32U073C8U6, STM32U073CBT6, STM32U073CBU6, STM32U073CCT6, STM32U073CCU6, STM32U073H8Y6TR, STM32U073HBY6TR, STM32U073HCY6TR, STM32U073K8U6, STM32U073KBU6, STM32U073KCU6, STM32U073M8I6, STM32U073M8T6, STM32U073MBI6, STM32U073MBT6, STM32U073MCI6, STM32U073MCT6, STM32U073R8I6, STM32U073R8T6, STM32U073RBI6, STM32U073RBT6, STM32U073RCI6, STM32U073RCT6, STM32U083C-DK, STM32U083CCT6, STM32U083CCU6, STM32U083HCY6TR, STM32U083KCU6, STM32U083MCI6, STM32U083MCT6, STM32U083RCI6, STM32U083RCT6, STM32U375CET6, STM32U375CET6Q, STM32U375CEU6, STM32U375CEU6Q, STM32U375CEY6QTR, STM32U375CGT6, STM32U375CGT6Q, STM32U375CGU6, STM32U375CGU6Q, STM32U375CGY6QTR, STM32U375KEU6, STM32U375KGU6, STM32U375REI6, STM32U375REI6Q, STM32U375RET6, STM32U375RET6Q, STM32U375REY6GTR, STM32U375REY6QTR, STM32U375RGI6, STM32U375RGI6Q, STM32U375RGT6, STM32U375RGT6Q, STM32U375RGY6GTR, STM32U375RGY6QTR, STM32U375VEI6, STM32U375VEI6Q, STM32U375VET6, STM32U375VET6Q, STM32U375VGI6, STM32U375VGI6Q, STM32U375VGT6, STM32U375VGT6Q, STM32U385CGT6, STM32U385CGT6Q, STM32U385CGU6, STM32U385CGU6Q, STM32U385CGY6QTR, STM32U385KGU6, STM32U385RGI6, STM32U385RGI6Q, STM32U385RGT6, STM32U385RGT6Q, STM32U385RGY6GTR, STM32U385RGY6QTR, STM32U385VGI6, STM32U385VGI6Q, STM32U385VGT6, STM32U385VGT6Q, STM32U535CBT6, STM32U535CBT6Q, STM32U535CBU6, STM32U535CBU6Q, STM32U535CCT6, STM32U535CCT6Q, STM32U535CCU6, STM32U535CCU6Q, STM32U535CET6, STM32U535CET6Q, STM32U535CEU6, STM32U535CEU6Q, STM32U535JEY6QTR, STM32U535NCY6QTR, STM32U535NEY6QTR, STM32U535RBI6, STM32U535RBI6Q, STM32U535RBT6, STM32U535RBT6Q, STM32U535RCI6, STM32U535RCI6Q, STM32U535RCT6, STM32U535RCT6Q, STM32U535REI6, STM32U535REI6Q, STM32U535RET6, STM32U535RET6Q, STM32U535VCI6, STM32U535VCI6Q, STM32U535VCT6, STM32U535VCT6Q, STM32U535VEI6, STM32U535VEI6Q, STM32U535VET6, STM32U535VET6Q, STM32U545CET6, STM32U545CET6Q, STM32U545CEU6, STM32U545CEU6Q, STM32U545JEY6QTR, STM32U545NEY6QTR, STM32U545REI6, STM32U545REI6Q, STM32U545RET6, STM32U545RET6Q, STM32U545VEI6, STM32U545VEI6Q, STM32U545VET6, STM32U545VET6Q, STM32U595AIH6, STM32U595AIH6Q, STM32U595AJH6, STM32U595AJH6Q, STM32U595QII6, STM32U595QII6Q, STM32U595QJI6, STM32U595QJI6Q, STM32U595RIT6, STM32U595RIT6Q, STM32U595RJT6, STM32U595RJT6Q, STM32U595VIT6, STM32U595VIT6Q, STM32U595VJT6, STM32U595VJT6Q, STM32U595ZIT6, STM32U595ZIT6Q, STM32U595ZIY6QTR, STM32U595ZJT6, STM32U595ZJT6Q, STM32U595ZJY6QTR, STM32U599BJY6QTR, STM32U599NIH6Q, STM32U599NJH6Q, STM32U599VIT6Q, STM32U599VJT6, STM32U599VJT6Q, STM32U599ZIT6Q, STM32U599ZIY6QTR, STM32U599ZJT6Q, STM32U599ZJY6QTR, STM32U5A5AJH6, STM32U5A5AJH6Q, STM32U5A5QII3Q , STM32U5A5QJI6, STM32U5A5QJI6Q, STM32U5A5RJT6, STM32U5A5RJT6Q, STM32U5A5VJT6, STM32U5A5VJT6Q, STM32U5A5ZJT6, STM32U5A5ZJT6Q, STM32U5A5ZJY6QTR, STM32U5A9BJY6QTR, STM32U5A9J-DK, STM32U5A9NJH6Q, STM32U5A9VJT6Q, STM32U5A9ZJT6Q, STM32U5A9ZJY6QTR, STM32U5F7VIT6, STM32U5F7VIT6Q, STM32U5F7VJT6, STM32U5F7VJT6Q, STM32U5F9BJY6QTR, STM32U5F9NJH6Q, STM32U5F9VIT6Q, STM32U5F9VJT6Q, STM32U5F9ZIJ6QTR, STM32U5F9ZIT6Q, STM32U5F9ZJJ6QTR, STM32U5F9ZJT6Q, STM32U5G7VJT6, STM32U5G7VJT6Q, STM32U5G9BJY6QTR, STM32U5G9J-DK1, STM32U5G9J-DK2, STM32U5G9NJH6Q, STM32U5G9VJT6Q, STM32U5G9ZJJ6QTR, STM32U5G9ZJT6Q, STM32WB05KZV6TR, STM32WB05KZV7TR, STM32WB05TZF6TR, STM32WB05TZF7TR, STM32WB06CCF6TR, STM32WB06CCF7TR, STM32WB06CCV6TR, STM32WB06CCV7TR, STM32WB06KCV6TR, STM32WB06KCV7TR, STM32WB07CCF6TR, STM32WB07CCF7TR, STM32WB07CCV6TR, STM32WB07CCV7TR, STM32WB07KCV6TR, STM32WB07KCV7TR, STM32WB09KEV6TR, STM32WB09KEV7TR, STM32WB09TEF6TR, STM32WB09TEF7TR, STM32WB1MMCH6, STM32WBA50KGU6, STM32WBA50KGU6TR, STM32WBA52CEU6, STM32WBA52CEU6TR, STM32WBA52CEU7, STM32WBA52CEU7TR, STM32WBA52CGU6, STM32WBA52CGU6TR, STM32WBA52CGU6U, STM32WBA52CGU7, STM32WBA52CGU7TR, STM32WBA52KEU6, STM32WBA52KEU6TR, STM32WBA52KGU6, STM32WBA52KGU6TR, STM32WBA54CEU6, STM32WBA54CEU6TR, STM32WBA54CEU7, STM32WBA54CEU7TR, STM32WBA54CGU6, STM32WBA54CGU6TR, STM32WBA54CGU7, STM32WBA54CGU7TR, STM32WBA54KEU6, STM32WBA54KEU6TR, STM32WBA54KEU7, STM32WBA54KEU7TR, STM32WBA54KGU6, STM32WBA54KGU6TR, STM32WBA54KGU7, STM32WBA54KGU7TR, STM32WBA55CEU6, STM32WBA55CEU6TR, STM32WBA55CEU7, STM32WBA55CEU7TR, STM32WBA55CGU6, STM32WBA55CGU6TR, STM32WBA55CGU6U, STM32WBA55CGU7, STM32WBA55CGU7TR, STM32WBA55G-DK1, STM32WBA55HEF6, STM32WBA55HEF7, STM32WBA55HGF6, STM32WBA55HGF7, STM32WBA55UEI6, STM32WBA55UEI6TR, STM32WBA55UEI7, STM32WBA55UEI7TR, STM32WBA55UGI6, STM32WBA55UGI6TR, STM32WBA55UGI7, STM32WBA55UGI7TR, STM32WBA5MMGH6TR, STM32WBA62MGF6, STM32WBA62MIF6, STM32WBA65MGF7, STM32WBA65MIF6, STM32WBA65MIF7, STM32WL30K8V6, STM32WL30KBV6, STM32WL31C8V6, STM32WL31CBV6, STM32WL31K8V6, STM32WL31KBV6, STM32WL33C8V6, STM32WL33C8V6X, STM32WL33CBV6, STM32WL33CBV6X, STM32WL33CCV6, STM32WL33CCV6A, STM32WL33CCV6X, STM32WL33K8V7, STM32WL33K8V7X, STM32WL33KBV7 , STM32WL33KBV7X, STM32WL33KCV7, STM32WL33KCV7X, STM32WL5MOCH6, STM32WL5MOCH6TR]
2026-03-25 12:57:38,462 [INFO] BoardInfo:889 - No configuration file found for board NUCLEO-H5E5ZJ
2026-03-25 12:57:38,462 [INFO] DbBoards:161 - Board is not supported: NUCLEO-H5E5ZJ
2026-03-25 12:57:38,488 [INFO] BoardInfo:889 - No configuration file found for board NUCLEO-U3C5ZI-Q
2026-03-25 12:57:38,488 [INFO] DbBoards:161 - Board is not supported: NUCLEO-U3C5ZI-Q
2026-03-25 12:57:38,497 [INFO] BoardInfo:889 - No configuration file found for board NUCLEO-WBA25CE1
2026-03-25 12:57:38,497 [INFO] DbBoards:161 - Board is not supported: NUCLEO-WBA25CE1
2026-03-25 12:57:38,502 [INFO] BoardInfo:889 - No configuration file found for board NUCLEO-WL3RKB1
2026-03-25 12:57:38,502 [INFO] DbBoards:161 - Board is not supported: NUCLEO-WL3RKB1
2026-03-25 12:57:38,503 [INFO] BoardInfo:889 - No configuration file found for board NUCLEO-WL3RKB2
2026-03-25 12:57:38,503 [INFO] DbBoards:161 - Board is not supported: NUCLEO-WL3RKB2
2026-03-25 12:57:38,507 [INFO] BoardInfo:889 - No configuration file found for board P-NUCLEO-WB55
2026-03-25 12:57:38,508 [INFO] DbBoards:161 - Kit is not supported: P-NUCLEO-WB55
2026-03-25 12:57:38,511 [INFO] BoardInfo:889 - No configuration file found for board STEVAL-BFA001V1B
2026-03-25 12:57:38,512 [INFO] DbBoards:161 - Kit is not supported: STEVAL-BFA001V1B
2026-03-25 12:57:38,512 [INFO] BoardInfo:889 - No configuration file found for board STEVAL-BFA001V2B
2026-03-25 12:57:38,513 [INFO] DbBoards:161 - Kit is not supported: STEVAL-BFA001V2B
2026-03-25 12:57:38,565 [INFO] BoardInfo:889 - No configuration file found for board STM32H5F5J-DK
2026-03-25 12:57:38,566 [INFO] DbBoards:161 - Board is not supported: STM32H5F5J-DK
2026-03-25 12:57:38,608 [INFO] DbBoards:168 - Found 218 boards, 209 are supported
2026-03-25 12:57:38,608 [INFO] DbBoards:169 - Found 218 boards, 43 of them is supported for  Bsp
2026-03-25 12:57:38,613 [INFO] ApiDb:423 - Load user favorites file /home/sunbeam/.stm32cubeide/favorites.boards.txt: 1 item(s)
2026-03-25 12:57:38,613 [INFO] ApiDb:427 - User favorites Boards=[STM32F407G-DISC1]
2026-03-25 12:57:38,613 [INFO] DbBoards:198 - Set 1 / 1 favorites Boards
2026-03-25 12:57:38,634 [ERROR] TargetSelectorAdapter:267 - Unable to refresh data
2026-03-25 12:57:38,671 [INFO] McuFinderGlobals:76 - Set McuFinderConnectedMode to true
2026-03-25 12:57:38,672 [INFO] MultiScanPanel:200 - Auto-refresh data requested => check proxy status ongoing
2026-03-25 12:57:38,672 [INFO] FinderPluginLoader:96 - Searching for filters in installed packs
2026-03-25 12:57:40,342 [ERROR] WebUtils:398 - Updater is busy
2026-03-25 12:57:40,342 [WARN] DetailPanel:346 - Failed to get advertising image, set to default
2026-03-25 12:57:41,919 [WARN] ServerAccessManage:1291 - Warning during Server Connection :  timeout Read timed out
2026-03-25 12:57:41,920 [ERROR] ServerAccessManage:740 - Problem, Http timeout : crdb_full.zip.
2026-03-25 12:57:42,021 [INFO] LoadUrlFilesThread:156 - End of LoadUrlFiles Thread
2026-03-25 12:57:43,069 [INFO] MultiScanPanel:200 - Auto-refresh data requested => check proxy status ongoing
2026-03-25 12:57:43,139 [INFO] LoadUrlFilesThread:185 - End of LoadServerUrlFiles without Thread
2026-03-25 12:57:43,139 [INFO] DetailPanel:341 - Set advertising image to /home/sunbeam/STM32Cube/Repository//en.prom-stm32c5-0326.jpg
2026-03-25 12:57:43,147 [INFO] DbBoards:642 - Loading board mini-images...
2026-03-25 12:57:45,338 [INFO] DbBoards:665 - Loaded 218 board mini-images
2026-03-25 12:58:44,509 [INFO] MainUpdater:2872 - connection check result : 10
2026-03-25 12:58:44,509 [INFO] MainUpdater:2872 - connection check result : 10
2026-03-25 12:58:45,028 [INFO] MicroXplorer:468 - Change Database Path : 
2026-03-25 12:58:45,029 [INFO] MicroXplorer:498 - Change Database Version : DB.6.0.150
2026-03-25 12:58:45,046 [ERROR] ProjectManagerView:395 - 
java.lang.NullPointerException: Cannot invoke "javax.swing.JTextField.getText()" because the return value of "java.util.List.get(int)" is null
	at com.st.microxplorer.plugins.projectmanager.gui.ProjectChoiceTab$9.caretUpdate(ProjectChoiceTab.java:2706) ~[filemanager.jar:?]
	at javax.swing.text.JTextComponent.fireCaretUpdate(JTextComponent.java:408) ~[?:?]
	at javax.swing.text.JTextComponent$MutableCaretEvent.fire(JTextComponent.java:4484) ~[?:?]
	at javax.swing.text.JTextComponent$MutableCaretEvent.stateChanged(JTextComponent.java:4506) ~[?:?]
	at javax.swing.text.DefaultCaret.fireStateChanged(DefaultCaret.java:857) ~[?:?]
	at javax.swing.text.DefaultCaret.changeCaretPosition(DefaultCaret.java:1343) ~[?:?]
	at javax.swing.text.DefaultCaret.handleSetDot(DefaultCaret.java:1242) ~[?:?]
	at javax.swing.text.DefaultCaret.setDot(DefaultCaret.java:1223) ~[?:?]
	at javax.swing.text.DefaultCaret$Handler.insertUpdate(DefaultCaret.java:1819) ~[?:?]
	at javax.swing.text.AbstractDocument.fireInsertUpdate(AbstractDocument.java:227) ~[?:?]
	at javax.swing.text.AbstractDocument.handleInsertString(AbstractDocument.java:781) ~[?:?]
	at javax.swing.text.AbstractDocument.insertString(AbstractDocument.java:740) ~[?:?]
	at javax.swing.text.PlainDocument.insertString(PlainDocument.java:131) ~[?:?]
	at javax.swing.text.AbstractDocument.replace(AbstractDocument.java:699) ~[?:?]
	at javax.swing.text.JTextComponent.setText(JTextComponent.java:1725) ~[?:?]
	at com.st.microxplorer.plugins.projectmanager.gui.ProjectChoiceTab.createHeapStackFields(ProjectChoiceTab.java:993) ~[filemanager.jar:?]
	at com.st.microxplorer.plugins.projectmanager.gui.ProjectChoiceTab.buildLinkSettingsPanel(ProjectChoiceTab.java:3813) ~[filemanager.jar:?]
	at com.st.microxplorer.plugins.projectmanager.gui.ProjectChoiceTab.defineWindowsFields(ProjectChoiceTab.java:1987) ~[filemanager.jar:?]
	at com.st.microxplorer.plugins.projectmanager.gui.ProjectChoiceTab.updateSettings(ProjectChoiceTab.java:558) ~[filemanager.jar:?]
	at com.st.microxplorer.plugins.projectmanager.gui.ProjectSettingsPanel.UpdateDialog(ProjectSettingsPanel.java:247) ~[filemanager.jar:?]
	at com.st.microxplorer.plugins.projectmanager.ProjectManagerView.propertyChange(ProjectManagerView.java:392) ~[filemanager.jar:?]
	at java.beans.PropertyChangeSupport.fire(PropertyChangeSupport.java:343) ~[?:?]
	at java.beans.PropertyChangeSupport.firePropertyChange(PropertyChangeSupport.java:335) ~[?:?]
	at java.beans.PropertyChangeSupport.firePropertyChange(PropertyChangeSupport.java:268) ~[?:?]
	at com.st.microxplorer.util.MXPropertyChangeSupport.firePropertyChange(MXPropertyChangeSupport.java:54) ~[STM32CubeMX.jar:?]
	at com.st.microxplorer.mxsystem.MxSystem.closeConfig(MxSystem.java:899) ~[STM32CubeMX.jar:?]
	at com.st.microxplorer.maingui.MainPanel.closeConfig(MainPanel.java:792) ~[STM32CubeMX.jar:?]
	at com.st.microxplorer.plugins.filemanager.engine.OpenFileManager.loadConfigurationFile(OpenFileManager.java:288) ~[filemanager.jar:?]
	at com.st.microxplorer.plugins.filemanager.engine.MainFileManager.userLoadConfig(MainFileManager.java:364) ~[filemanager.jar:?]
	at com.st.microxplorer.plugins.filemanager.FileManagerView.getSpecificTask(FileManagerView.java:268) ~[filemanager.jar:?]
	at com.st.stm32cube.common.mx.editor.CubeMxEditor.getMxTabbedPaneInstance(CubeMxEditor.java:1191) ~[com.st.stm32cube.common.mx_6.15.0.202507011659/:?]
	at com.st.stm32cube.common.mx.editor.CubeMxEditor$12$1.createSwingComponent(CubeMxEditor.java:1068) ~[com.st.stm32cube.common.mx_6.15.0.202507011659/:?]
	at com.st.stm32cube.common.mx.oss.core.awtswtbridge.EmbeddedSwingComposite.doComponentCreation(EmbeddedSwingComposite.java:492) ~[com.st.stm32cube.common.mx.oss_6.15.0.202507011659/:?]
	at com.st.stm32cube.common.mx.oss.core.awtswtbridge.EmbeddedSwingComposite$4.run(EmbeddedSwingComposite.java:291) ~[com.st.stm32cube.common.mx.oss_6.15.0.202507011659/:?]
	at com.st.stm32cube.common.mx.oss.core.awtswtbridge.AwtEnvironment$2.run(AwtEnvironment.java:166) ~[com.st.stm32cube.common.mx.oss_6.15.0.202507011659/:?]
	at java.awt.event.InvocationEvent.dispatch(InvocationEvent.java:318) ~[?:?]
	at java.awt.EventQueue.dispatchEventImpl(EventQueue.java:773) ~[?:?]
	at java.awt.EventQueue$4.run(EventQueue.java:720) ~[?:?]
	at java.awt.EventQueue$4.run(EventQueue.java:714) ~[?:?]
	at java.security.AccessController.doPrivileged(AccessController.java:400) ~[?:?]
	at java.security.ProtectionDomain$JavaSecurityAccessImpl.doIntersectionPrivilege(ProtectionDomain.java:87) ~[?:?]
	at java.awt.EventQueue.dispatchEvent(EventQueue.java:742) ~[?:?]
	at java.awt.EventDispatchThread.pumpOneEventForFilters(EventDispatchThread.java:203) ~[?:?]
	at java.awt.EventDispatchThread.pumpEventsForFilter(EventDispatchThread.java:124) ~[?:?]
	at java.awt.EventDispatchThread.pumpEventsForHierarchy(EventDispatchThread.java:113) ~[?:?]
	at java.awt.EventDispatchThread.pumpEvents(EventDispatchThread.java:109) ~[?:?]
	at java.awt.EventDispatchThread.pumpEvents(EventDispatchThread.java:101) ~[?:?]
	at java.awt.EventDispatchThread.run(EventDispatchThread.java:90) ~[?:?]
2026-03-25 12:58:45,047 [WARN] ThirdParty:871 - waiting for thirdparty lock release [close project]
2026-03-25 12:58:45,047 [INFO] ThirdParty:873 - entering critical section [close project]
2026-03-25 12:58:45,047 [INFO] ThirdParty:883 - exiting critical section [close project]
2026-03-25 12:58:45,049 [INFO] PinOutPanel:1589 - setPackage(No Configuration,No Configuration)
2026-03-25 12:58:45,053 [WARN] IpParametersView:155 - Warning: This peripheral hasn't parameters
2026-03-25 12:58:45,059 [WARN] MainPanel:289 - <html><b><center>Warning: This peripheral has no parameters to be configured<br></b></html>
2026-03-25 12:58:45,064 [INFO] UtilMem:75 - Begin LoadConfig() Used Memory: 853554048 Bytes (989855744)
2026-03-25 12:58:45,070 [INFO] OpenFileManager:355 - Change cursor
2026-03-25 12:58:45,108 [INFO] RulesReader:64 - Compatibility file has been processed (317 Rules)
2026-03-25 12:58:45,119 [INFO] ProjectFactory:514 - No CPN specified for board STM32F407G-DISC1 => set CPN to STM32F407VGT6
2026-03-25 12:58:45,119 [INFO] Mcu:2029 - Initializing MCU STM32F407V(E-G)Tx STM32F407VGTx STM32F407VGT6
2026-03-25 12:58:46,476 [INFO] Context:786 - Trying to add GPIOservice into a context  which must be forbidden
2026-03-25 12:58:47,342 [INFO] Rule:233 - rule 117617 - U5Cobra4M][GTZC] default value MPCBB3 and MPCBB5 - Not Secured memory - MPCBB1 is applicable
2026-03-25 12:58:47,342 [INFO] Rule:233 - rule 117617 - U5Cobra4M][GTZC] default value MPCBB3 and MPCBB5 - Not Secured memory - MPCBB1 is applicable
2026-03-25 12:58:47,342 [INFO] Rule:233 - rule 117617 - U5Cobra4M][GTZC] default value MPCBB3 and MPCBB5 - Not Secured memory - MPCBB2 is applicable
2026-03-25 12:58:47,342 [INFO] Rule:233 - rule 117617 - U5Cobra4M][GTZC] default value MPCBB3 and MPCBB5 - Not Secured memory - MPCBB2 is applicable
2026-03-25 12:58:47,342 [INFO] Rule:233 - rule 117617 - U5Cobra4M][GTZC] default value MPCBB3 and MPCBB5 - Not Secured memory - MPCBB3 is applicable
2026-03-25 12:58:47,342 [INFO] Rule:233 - rule 117617 - U5Cobra4M][GTZC] default value MPCBB3 and MPCBB5 - Not Secured memory - MPCBB3 is applicable
2026-03-25 12:58:47,342 [INFO] Rule:233 - rule 117617 - U5Cobra4M][GTZC] default value MPCBB3 and MPCBB5 - Not Secured memory - MPCBB4 is applicable
2026-03-25 12:58:47,342 [INFO] Rule:233 - rule 117617 - U5Cobra4M][GTZC] default value MPCBB3 and MPCBB5 - Not Secured memory - MPCBB4 is applicable
2026-03-25 12:58:47,342 [INFO] Rule:233 - rule 117617 - U5Cobra4M][GTZC] default value MPCBB3 and MPCBB5 - Secured memory - MPCBB1 is applicable
2026-03-25 12:58:47,342 [INFO] Rule:233 - rule 117617 - U5Cobra4M][GTZC] default value MPCBB3 and MPCBB5 - Secured memory - MPCBB2 is applicable
2026-03-25 12:58:47,342 [INFO] Rule:233 - rule 117617 - U5Cobra4M][GTZC] default value MPCBB3 and MPCBB5 - Secured memory - MPCBB3 is applicable
2026-03-25 12:58:47,342 [INFO] Rule:233 - rule 117617 - U5Cobra4M][GTZC] default value MPCBB3 and MPCBB5 - Secured memory - MPCBB4 is applicable
2026-03-25 12:58:47,343 [INFO] Rule:233 - rule 117617 - U5Cobra4M][GTZC] default value MPCBB3 and MPCBB5 - Privileged memory - MPCBB1 is applicable
2026-03-25 12:58:47,343 [INFO] Rule:233 - rule 117617 - U5Cobra4M][GTZC] default value MPCBB3 and MPCBB5 - Privileged memory - MPCBB2 is applicable
2026-03-25 12:58:47,343 [INFO] Rule:233 - rule 117617 - U5Cobra4M][GTZC] default value MPCBB3 and MPCBB5 - Privileged memory - MPCBB3 is applicable
2026-03-25 12:58:47,343 [INFO] Rule:233 - rule 117617 - U5Cobra4M][GTZC] default value MPCBB3 and MPCBB5 - Privileged memory - MPCBB4 is applicable
2026-03-25 12:58:47,343 [INFO] Rule:233 - rule 117617 - U5Cobra4M][GTZC] default value MPCBB3 and MPCBB5 - Not Privileged memory - MPCBB1 is applicable
2026-03-25 12:58:47,343 [INFO] Rule:233 - rule 117617 - U5Cobra4M][GTZC] default value MPCBB3 and MPCBB5 - Not Privileged memory - MPCBB2 is applicable
2026-03-25 12:58:47,343 [INFO] Rule:233 - rule 117617 - U5Cobra4M][GTZC] default value MPCBB3 and MPCBB5 - Not Privileged memory - MPCBB3 is applicable
2026-03-25 12:58:47,343 [INFO] Rule:233 - rule 117617 - U5Cobra4M][GTZC] default value MPCBB3 and MPCBB5 - Not Privileged memory - MPCBB4 is applicable
2026-03-25 12:58:47,343 [INFO] Rule:233 - rule 117617 - U5Cobra4M][GTZC] default value MPCBB3 and MPCBB5 - Privileged memory - MPCBB1 is applicable
2026-03-25 12:58:47,343 [INFO] Rule:233 - rule 117617 - U5Cobra4M][GTZC] default value MPCBB3 and MPCBB5 - Privileged memory - MPCBB2 is applicable
2026-03-25 12:58:47,343 [INFO] Rule:233 - rule 117617 - U5Cobra4M][GTZC] default value MPCBB3 and MPCBB5 - Privileged memory - MPCBB3 is applicable
2026-03-25 12:58:47,343 [INFO] Rule:233 - rule 117617 - U5Cobra4M][GTZC] default value MPCBB3 and MPCBB5 - Privileged memory - MPCBB4 is applicable
2026-03-25 12:58:47,343 [INFO] Rule:233 - rule 117617 - U5Cobra4M][GTZC] default value MPCBB3 and MPCBB5 - Privileged memory - MPCBB1 is applicable
2026-03-25 12:58:47,343 [INFO] Rule:233 - rule 117617 - U5Cobra4M][GTZC] default value MPCBB3 and MPCBB5 - Privileged memory - MPCBB2 is applicable
2026-03-25 12:58:47,343 [INFO] Rule:233 - rule 117617 - U5Cobra4M][GTZC] default value MPCBB3 and MPCBB5 - Privileged memory - MPCBB3 is applicable
2026-03-25 12:58:47,343 [INFO] Rule:233 - rule 117617 - U5Cobra4M][GTZC] default value MPCBB3 and MPCBB5 - Privileged memory - MPCBB4 is applicable
2026-03-25 12:58:47,343 [INFO] Rule:233 - rule 117617 - U5Cobra4M][GTZC] default value MPCBB3 and MPCBB5 - Not Privileged memory - MPCBB1 is applicable
2026-03-25 12:58:47,343 [INFO] Rule:233 - rule 117617 - U5Cobra4M][GTZC] default value MPCBB3 and MPCBB5 - Not Privileged memory - MPCBB2 is applicable
2026-03-25 12:58:47,343 [INFO] Rule:233 - rule 117617 - U5Cobra4M][GTZC] default value MPCBB3 and MPCBB5 - Not Privileged memory - MPCBB3 is applicable
2026-03-25 12:58:47,343 [INFO] Rule:233 - rule 117617 - U5Cobra4M][GTZC] default value MPCBB3 and MPCBB5 - Not Privileged memory - MPCBB4 is applicable
2026-03-25 12:58:47,343 [INFO] Rule:233 - rule 117617 - U5Cobra4M][GTZC] default value MPCBB3 and MPCBB5 - Privileged memory - MPCBB1 is applicable
2026-03-25 12:58:47,343 [INFO] Rule:233 - rule 117617 - U5Cobra4M][GTZC] default value MPCBB3 and MPCBB5 - Privileged memory - MPCBB2 is applicable
2026-03-25 12:58:47,343 [INFO] Rule:233 - rule 117617 - U5Cobra4M][GTZC] default value MPCBB3 and MPCBB5 - Privileged memory - MPCBB3 is applicable
2026-03-25 12:58:47,343 [INFO] Rule:233 - rule 117617 - U5Cobra4M][GTZC] default value MPCBB3 and MPCBB5 - Privileged memory - MPCBB4 is applicable
2026-03-25 12:58:47,343 [INFO] Rule:233 - rule Rename SubGHz_Phy SUBGHZ_APPLICATION SUBGHZ_PINGPONG to SUBGHZ_ADV_APPLICATION is applicable
2026-03-25 12:58:47,343 [INFO] Rule:233 - rule Rename Enabled to IBEACON is applicable
2026-03-25 12:58:47,343 [INFO] Rule:233 - rule GTZC_S instance for project manager is applicable
2026-03-25 12:58:47,343 [INFO] Rule:233 - rule GTZC_S instance for context M33S is applicable
2026-03-25 12:58:47,343 [INFO] Rule:233 - rule GTZC_S instance value for IP GTZC is applicable
2026-03-25 12:58:47,343 [INFO] Rule:233 - rule GTZC_S instance for mcu.IP is applicable
2026-03-25 12:58:47,343 [INFO] Rule:233 - rule GTZC_S instance for VP is applicable
2026-03-25 12:58:47,343 [INFO] Rule:233 - rule GTZC_S instance for signal is applicable
2026-03-25 12:58:47,343 [INFO] Rule:233 - rule GTZC_S instance for mcu.Pin is applicable
2026-03-25 12:58:47,343 [INFO] Rule:233 - rule GTZC_S instance for VP is applicable
2026-03-25 12:58:47,343 [INFO] Rule:233 - rule GTZC_S instance for signal is applicable
2026-03-25 12:58:47,343 [INFO] Rule:233 - rule GTZC_S instance for mcu is applicable
2026-03-25 12:58:47,343 [INFO] Rule:233 - rule GTZC_S instance for mcu.Pin is applicable
2026-03-25 12:58:47,343 [INFO] Rule:233 - rule GTZC_S instance value for IP GTZC is applicable
2026-03-25 12:58:47,343 [INFO] Rule:233 - rule GTZC_S instance for project manager is applicable
2026-03-25 12:58:47,343 [INFO] Rule:233 - rule GTZC_S instance for context M33S is applicable
2026-03-25 12:58:47,343 [INFO] Rule:233 - rule GTZC_S instance for VP is applicable
2026-03-25 12:58:47,343 [INFO] Rule:233 - rule GTZC_S instance for signal is applicable
2026-03-25 12:58:47,344 [INFO] Rule:233 - rule SPDIFRX instance for mcu is applicable
2026-03-25 12:58:47,344 [INFO] Rule:233 - rule Rename Tracer Mode is applicable
2026-03-25 12:58:47,344 [INFO] Rule:233 - rule SPDIFRX instance value for IP SPDIFRX is applicable
2026-03-25 12:58:47,344 [INFO] Rule:233 - rule SPDIFRX instance for signal is applicable
2026-03-25 12:58:47,344 [INFO] Rule:233 - rule SPDIFRX instance for project manager is applicable
2026-03-25 12:58:47,344 [INFO] Rule:233 - rule SPDIFRX instance for project manager is applicable
2026-03-25 12:58:47,344 [INFO] Rule:233 - rule ADC Scan  fix with FW F7 is applicable
2026-03-25 12:58:47,344 [INFO] Rule:233 - rule ADC Scan  fix with FW F7 is applicable
2026-03-25 12:58:47,344 [INFO] Rule:233 - rule WakeUp0 Mode is applicable
2026-03-25 12:58:47,344 [INFO] Rule:233 - rule WakeUp0 SIGNAL is applicable
2026-03-25 12:58:47,344 [INFO] Rule:233 - rule WakeUp1 Mode is applicable
2026-03-25 12:58:47,344 [INFO] Rule:233 - rule WakeUp1 SIGNAL is applicable
2026-03-25 12:58:47,344 [INFO] Rule:233 - rule WakeUp2 Mode is applicable
2026-03-25 12:58:47,344 [INFO] Rule:233 - rule WakeUp2 SIGNAL is applicable
2026-03-25 12:58:47,344 [INFO] Rule:233 - rule WakeUp4 Mode is applicable
2026-03-25 12:58:47,344 [INFO] Rule:233 - rule WakeUp4 SIGNAL is applicable
2026-03-25 12:58:47,344 [INFO] Rule:233 - rule WakeUp5 Mode is applicable
2026-03-25 12:58:47,344 [INFO] Rule:233 - rule WakeUp5 SIGNAL is applicable
2026-03-25 12:58:47,344 [INFO] Rule:233 - rule UART/USART WORD LENGTH 7 is applicable
2026-03-25 12:58:47,344 [INFO] Rule:233 - rule UART/USART WORD LENGTH 8 is applicable
2026-03-25 12:58:47,344 [INFO] Rule:233 - rule UART/USART WORD LENGTH 9 is applicable
2026-03-25 12:58:47,344 [INFO] Rule:233 - rule Change Default Value for LSE Drive Capability for WB family is applicable
2026-03-25 12:58:47,344 [INFO] Rule:233 - rule Change Default Value for ADC Clock Prescaler G0 family is applicable
2026-03-25 12:58:47,344 [INFO] Rule:233 - rule ADC SamplingTime fix with FW L0  is applicable
2026-03-25 12:58:47,344 [INFO] Rule:233 - rule ADC SamplingTime fix with FW L0  is applicable
2026-03-25 12:58:47,344 [INFO] Rule:233 - rule ADC SamplingTime fix with FW L0 is applicable
2026-03-25 12:58:47,344 [INFO] Rule:233 - rule ADC SamplingTime fix with FW L0 is applicable
2026-03-25 12:58:47,344 [INFO] Rule:233 - rule ADC SamplingTime fix with FW L0  is applicable
2026-03-25 12:58:47,344 [INFO] Rule:233 - rule ADC SamplingTime fix with FW L0 is applicable
2026-03-25 12:58:47,344 [INFO] Rule:233 - rule Rename USB_OE Signal is applicable
2026-03-25 12:58:47,344 [INFO] Rule:233 - rule Rename Activate_OE Mode is applicable
2026-03-25 12:58:47,344 [INFO] Rule:233 - rule Rename DIE462/DIE415 pin PC14/OSC32_IN -> PC14-OSC32_IN (PC14) is applicable
2026-03-25 12:58:47,344 [INFO] Rule:233 - rule Rename DIE462/DIE415 pin PC15/OSC32_OUT -> PC15-OSC32_OUT (PC15) is applicable
2026-03-25 12:58:47,344 [INFO] Rule:233 - rule Rename DIE462/DIE415 pin PH0/OSC_IN -> PH0-OSC_IN (PH0) is applicable
2026-03-25 12:58:47,345 [INFO] Rule:233 - rule Rename DIE462/DIE415 pin PH1/OSC_OUT -> PH1-OSC_OUT (PH1) is applicable
2026-03-25 12:58:47,345 [INFO] Rule:233 - rule Rename DIE462 pin PA13 -> PA13 (JTMS/SWDIO) is applicable
2026-03-25 12:58:47,345 [INFO] Rule:233 - rule Rename DIE415 pin PA13 -> PA13 (JTMS/SWDIO) is applicable
2026-03-25 12:58:47,345 [INFO] Rule:233 - rule Rename DIE462 pin PA14 -> PA14 (JTCK/SWCLK) is applicable
2026-03-25 12:58:47,345 [INFO] Rule:233 - rule Rename DIE415 pin PA14 -> PA14 (JTCK/SWCLK) is applicable
2026-03-25 12:58:47,345 [INFO] Rule:233 - rule Rename DIE462/DIE415 pin PA15 -> PA15 (JTDI) is applicable
2026-03-25 12:58:47,345 [INFO] Rule:233 - rule Rename DIE462 pin PB3 -> PB3 (JTD0/TRACESWO) is applicable
2026-03-25 12:58:47,345 [INFO] Rule:233 - rule Rename DIE415 pin PB3 -> PB3 (JTD0-TRACESWO) is applicable
2026-03-25 12:58:47,345 [INFO] Rule:233 - rule Rename DIE462/DIE415 pin PB4 -> PB4 (NJTRST) is applicable
2026-03-25 12:58:47,345 [INFO] Rule:233 - rule Rename DIE462 pin PH3/BOOT0 -> PH3-BOOT0 (BOOT0) is applicable
2026-03-25 12:58:47,345 [INFO] Rule:233 - rule Rename CRYP DataEncryptionTypesList to Algorithm is applicable
2026-03-25 12:58:47,345 [INFO] Rule:233 - rule Rename AES DataEncryptionTypesList to Algorithm is applicable
2026-03-25 12:58:47,345 [INFO] Rule:233 - rule Rename TDESECB to CRYP_TDES_ECB is applicable
2026-03-25 12:58:47,345 [INFO] Rule:233 - rule Rename TDESCBC to CRYP_TDES_CBC is applicable
2026-03-25 12:58:47,345 [INFO] Rule:233 - rule Rename DESECB to CRYP_DES_ECB is applicable
2026-03-25 12:58:47,345 [INFO] Rule:233 - rule Rename DESCBC to CRYP_DES_CBC is applicable
2026-03-25 12:58:47,345 [INFO] Rule:233 - rule Rename AESECB to CRYP_AES_ECB is applicable
2026-03-25 12:58:47,345 [INFO] Rule:233 - rule Rename AESCBC to CRYP_AES_CBC is applicable
2026-03-25 12:58:47,345 [INFO] Rule:233 - rule Rename AESCTR to CRYP_AES_CTR is applicable
2026-03-25 12:58:47,345 [INFO] Rule:233 - rule Rename AESGCM to CRYP_AES_GCM is applicable
2026-03-25 12:58:47,345 [INFO] Rule:233 - rule Rename AESCCM to CRYP_AES_CCM is applicable
2026-03-25 12:58:47,345 [INFO] Rule:233 - rule Rename CAN TimeSeg1 to BS1 is applicable
2026-03-25 12:58:47,345 [INFO] Rule:233 - rule Rename CAN TimeSeg2 to BS2 is applicable
2026-03-25 12:58:47,345 [INFO] Rule:233 - rule Rename CAN SyncJumpWidth to SJW is applicable
2026-03-25 12:58:47,345 [INFO] Rule:233 - rule TimeTriggeredMode to TTCM is applicable
2026-03-25 12:58:47,345 [INFO] Rule:233 - rule Rename CAN AutoBusOff to ABOM is applicable
2026-03-25 12:58:47,345 [INFO] Rule:233 - rule Rename CAN AutoWakeUp to AWUM is applicable
2026-03-25 12:58:47,345 [INFO] Rule:233 - rule Rename CAN AutoRetransmission to NART is applicable
2026-03-25 12:58:47,345 [INFO] Rule:233 - rule Rename CAN ReceiveFifoLocked to RFLM is applicable
2026-03-25 12:58:47,345 [INFO] Rule:233 - rule Rename CAN TransmitFifoPriority to TXFP is applicable
2026-03-25 12:58:47,345 [INFO] Rule:233 - rule Rename HRTIMER HRTIM_OUTPUTFAULTLEVEL_HIGH in HRTIMER HRTIM_OUTPUTFAULTLEVEL_HIGHZ is applicable
2026-03-25 12:58:47,345 [INFO] Rule:233 - rule Rename TIMER TIM_CLEARINPUTSOURCE_OCREFCLR in  TIMER TIM_CLEARINPUTSOURCE_NONE for F7 family is applicable
2026-03-25 12:58:47,345 [INFO] Rule:233 - rule FDCAN_R1 - Rename FDCAN mode Master into Classic is applicable
2026-03-25 12:58:47,345 [INFO] Rule:233 - rule FDCAN_R2 - Rename FDCAN mode Slave into Classic is applicable
2026-03-25 12:58:47,345 [INFO] Rule:233 - rule FDCAN1_R3 - if PA10.Mode=FullDuplex, add Pin PA12 is applicable
2026-03-25 12:58:47,345 [INFO] Rule:233 - rule FDCAN1_R3 - if PA9.Mode=FullDuplex, add Pin PA11 is applicable
2026-03-25 12:58:47,345 [INFO] Rule:233 - rule FDCAN1_R3 - Alternatepin_1 - if PE1.Mode=FullDuplex, add Pin PB9 is applicable
2026-03-25 12:58:47,345 [INFO] Rule:233 - rule FDCAN1_R3 - Alternatepin_1 - if PE0.Mode=FullDuplex, add Pin PB8 is applicable
2026-03-25 12:58:47,345 [INFO] Rule:233 - rule FDCAN1_R3 - Alternatepin_2 - if PD5.Mode=FullDuplex, add Pin PD1 is applicable
2026-03-25 12:58:47,345 [INFO] Rule:233 - rule FDCAN1_R3 - Alternatepin_2 - if PD4.Mode=FullDuplex, add Pin PD0 is applicable
2026-03-25 12:58:47,345 [INFO] Rule:233 - rule FDCAN1_R4 - Rename Mode FullDuplex into Enable FDCAN_TXFD for pin PA10 is applicable
2026-03-25 12:58:47,345 [INFO] Rule:233 - rule FDCAN1_R4 - Rename Mode FullDuplex into Enable FDCAN_TXFD for pin PA9 is applicable
2026-03-25 12:58:47,345 [INFO] Rule:233 - rule FDCAN1_R4 - Alternatepin_1 - Rename Mode FullDuplex into Enable FDCAN_TXFD for pin PE1 is applicable
2026-03-25 12:58:47,346 [INFO] Rule:233 - rule FDCAN1_R4 - Alternatepin_1 - Rename Mode FullDuplex into Enable FDCAN_TXFD for pin PE0 is applicable
2026-03-25 12:58:47,346 [INFO] Rule:233 - rule FDCAN1_R4 - Alternatepin_2 - Rename Mode FullDuplex into Enable FDCAN_TXFD for pin PD5 is applicable
2026-03-25 12:58:47,346 [INFO] Rule:233 - rule FDCAN1_R4 - Alternatepin_2 - Rename Mode FullDuplex into Enable FDCAN_TXFD for pin PD4 is applicable
2026-03-25 12:58:47,346 [INFO] Rule:233 - rule FDCAN2_R3 - if PD10.Mode=FullDuplex, add Pin PB13 is applicable
2026-03-25 12:58:47,346 [INFO] Rule:233 - rule FDCAN2_R3 - if PD9.Mode=FullDuplex, add Pin PB12 is applicable
2026-03-25 12:58:47,346 [INFO] Rule:233 - rule FDCAN2_R3 - Alternatepin_1 - if PB7.Mode=FullDuplex, add Pin PB6 is applicable
2026-03-25 12:58:47,346 [INFO] Rule:233 - rule FDCAN2_R3 - Alternatepin_1 - if PD9.Mode=FullDuplex, add Pin PB12 is applicable
2026-03-25 12:58:47,346 [INFO] Rule:233 - rule FDCAN2_R4 - Rename Mode FullDuplex into Enable FDCAN_TXFD for pin PD10 is applicable
2026-03-25 12:58:47,346 [INFO] Rule:233 - rule FDCAN2_R4 - Rename Mode FullDuplex into Enable FDCAN_TXFD for pin PD9 is applicable
2026-03-25 12:58:47,346 [INFO] Rule:233 - rule FDCAN2_R4 - Alternatepin_1 - Rename Mode FullDuplex into Enable FDCAN_TXFD for pin PB7 is applicable
2026-03-25 12:58:47,346 [INFO] Rule:233 - rule FDCAN2_R4 - Alternatepin_1 - Rename Mode FullDuplex into Enable FDCAN_TXFD for pin PD6 is applicable
2026-03-25 12:58:47,346 [INFO] Rule:233 - rule USART TxPinLevelInvertParam Mode is applicable
2026-03-25 12:58:47,346 [INFO] Rule:233 - rule USART RxPinLevelInvertParam Mode is applicable
2026-03-25 12:58:47,346 [INFO] Rule:233 - rule USART DataInvertParam Mode is applicable
2026-03-25 12:58:47,346 [INFO] Rule:233 - rule USART SwapParam Mode is applicable
2026-03-25 12:58:47,346 [INFO] Rule:233 - rule USART OverrunDisableParam Mode is applicable
2026-03-25 12:58:47,346 [INFO] Rule:233 - rule USART DMADisableonRxErrorParam Mode is applicable
2026-03-25 12:58:47,346 [INFO] Rule:233 - rule USART MSBFirstParam Mode is applicable
2026-03-25 12:58:47,346 [INFO] Rule:233 - rule Update MwName for USB_DEVICE is applicable
2026-03-25 12:58:47,346 [INFO] Rule:233 - rule Change PWR_Regulator_Voltage_Scale Default Value for RCC  H7 family is applicable
2026-03-25 12:58:47,346 [INFO] Rule:233 - rule UART/USART IPParameter rename Prescaler parameter to ClockPrescaler is applicable
2026-03-25 12:58:47,346 [INFO] Rule:233 - rule UART/USART Prescaler rename Prescaler parameter to ClockPrescaler is applicable
2026-03-25 12:58:47,346 [INFO] Rule:233 - rule TIM1CLockSelection is applicable
2026-03-25 12:58:47,346 [INFO] Rule:233 - rule TIM15CLockSelection is applicable
2026-03-25 12:58:47,346 [INFO] Rule:233 - rule align RCC SDMMC3CLockSelection default value on MP1 is applicable
2026-03-25 12:58:47,346 [INFO] Rule:233 - rule align RCC SDMMC12CLockSelection default value on MP1 is applicable
2026-03-25 12:58:47,346 [INFO] Rule:233 - rule align RCC QSPICLockSelection default value on MP1 is applicable
2026-03-25 12:58:47,346 [INFO] Rule:233 - rule align RCC QSPICLockSelection default value on MP1 is applicable
2026-03-25 12:58:47,346 [INFO] Rule:233 - rule align RCC SPI6CLockSelection default value on MP1 is applicable
2026-03-25 12:58:47,346 [INFO] Rule:233 - rule align RCC LPTIM23CLockSelection default value on MP1 is applicable
2026-03-25 12:58:47,346 [INFO] Rule:233 - rule align RCC LPTIM1CLockSelection default value on MP1 is applicable
2026-03-25 12:58:47,346 [INFO] Rule:233 - rule align RCC USART1CLockSelection default value on MP1 is applicable
2026-03-25 12:58:47,346 [INFO] Rule:233 - rule align RCC USART24CLockSelection default value on MP1 is applicable
2026-03-25 12:58:47,346 [INFO] Rule:233 - rule align RCC USART6CLockSelection default value on MP1 is applicable
2026-03-25 12:58:47,346 [INFO] Rule:233 - rule align RCC UART78CLockSelection default value on MP1 is applicable
2026-03-25 12:58:47,346 [INFO] Rule:233 - rule align RCC USART35CLockSelection default value on MP1 is applicable
2026-03-25 12:58:47,346 [INFO] Rule:233 - rule align RCC SPI45CLockSelection default value on MP1 is applicable
2026-03-25 12:58:47,346 [INFO] Rule:233 - rule align RCC I2C46CLockSelection BCLK value on MP1 is applicable
2026-03-25 12:58:47,346 [INFO] Rule:233 - rule align RCC SPI45CLockSelection default value on MP1 is applicable
2026-03-25 12:58:47,346 [INFO] Rule:233 - rule align RCC I2C12CLockSelection default value on MP1 is applicable
2026-03-25 12:58:47,346 [INFO] Rule:233 - rule align RCC I2C35CLockSelection default value on MP1 is applicable
2026-03-25 12:58:47,346 [INFO] Rule:233 - rule align RCC LPTIM45CLockSelection default value on MP1 is applicable
2026-03-25 12:58:47,346 [INFO] Rule:233 - rule Rename DCMI PIXCK signal is applicable
2026-03-25 12:58:47,346 [INFO] Rule:233 - rule Change Default Value for I2C46CLockSelection MP1 family is applicable
2026-03-25 12:58:47,346 [INFO] Rule:233 - rule Change Default Value for UART for G4, G0 and WB families is applicable
2026-03-25 12:58:47,346 [INFO] Rule:233 - rule Change Default Value for USART for G4, G0 and WB families is applicable
2026-03-25 12:58:47,346 [INFO] Rule:233 - rule Change Default Value for USART for G4 family is applicable
2026-03-25 12:58:47,346 [INFO] Rule:233 - rule Change USART1CLockSelection refparam name for MP1 is applicable
2026-03-25 12:58:47,346 [INFO] Rule:233 - rule Change USART2CLockSelection refparam name for MP1 is applicable
2026-03-25 12:58:47,346 [INFO] Rule:233 - rule Change USART3CLockSelection refparam name for MP1 is applicable
2026-03-25 12:58:47,347 [INFO] Rule:233 - rule Change UART4CLockSelection refparam name for MP1 is applicable
2026-03-25 12:58:47,347 [INFO] Rule:233 - rule Change UART5CLockSelection refparam name for MP1 is applicable
2026-03-25 12:58:47,347 [INFO] Rule:233 - rule Change LPUART1CLockSelection refparam name for MP1 is applicable
2026-03-25 12:58:47,347 [INFO] Rule:233 - rule Change LPTIM1CLockSelection refparam name for MP1 is applicable
2026-03-25 12:58:47,347 [INFO] Rule:233 - rule Change LPTIM2CLockSelection refparam name for MP1 is applicable
2026-03-25 12:58:47,347 [INFO] Rule:233 - rule Change RCC_MCO1Source refparam name for MP1 is applicable
2026-03-25 12:58:47,347 [INFO] Rule:233 - rule Change LSCOSource1 refparam name for MP1 is applicable
2026-03-25 12:58:47,347 [INFO] Rule:233 - rule Change SMPSCLockSelection refparam name for MP1 is applicable
2026-03-25 12:58:47,347 [INFO] Rule:233 - rule Change LPTIM3CLockSelection refparam name for MP1 is applicable
2026-03-25 12:58:47,347 [INFO] Rule:233 - rule Change MPCBB* Default Template Mode to Parameters is applicable
2026-03-25 12:58:47,347 [INFO] Rule:233 - rule Change MPCWM* or MPCBB* Secure Mode to Parameters is applicable
2026-03-25 12:58:47,347 [INFO] Rule:233 - rule Change MPCWM* or MPCBB* No Secure Mode to Parameters is applicable
2026-03-25 12:58:47,347 [INFO] Rule:233 - rule Change TZSC IP Secure Mode to Parameters is applicable
2026-03-25 12:58:47,347 [INFO] Rule:233 - rule Change TZSC IP No Secure Mode to Parameters is applicable
2026-03-25 12:58:47,347 [INFO] Rule:233 - rule Change TZSC IP Privilege Mode to Parameters is applicable
2026-03-25 12:58:47,347 [INFO] Rule:233 - rule Change TZSC IP No Privilege Mode to Parameters is applicable
2026-03-25 12:58:47,347 [INFO] Rule:233 - rule Change TZIC IT Secure Mode to Parameters is applicable
2026-03-25 12:58:47,347 [INFO] Rule:233 - rule Change TZIC IT No Secure Mode to Parameters is applicable
2026-03-25 12:58:47,347 [INFO] Rule:233 - rule Add MPCBB1_NonSecureArea_Start_Address value with referenced to MPCBB1_NonSecureArea_Start value is applicable
2026-03-25 12:58:47,347 [INFO] Rule:233 - rule Add MPCBB2_NonSecureArea_Start_Address value with referenced to MPCBB2_NonSecureArea_Start value is applicable
2026-03-25 12:58:47,347 [INFO] Rule:233 - rule Add MPCWM1_NonSecureArea*_Start_Address value with referenced to MPCWM1_NonSecureArea*_Start value is applicable
2026-03-25 12:58:47,347 [INFO] Rule:233 - rule Add MPCWM2_NonSecureArea*_Start_Address value with referenced to MPCWM2_NonSecureArea*_Start value is applicable
2026-03-25 12:58:47,347 [INFO] Rule:233 - rule Add MPCWM3_NonSecureArea_Start_Address value with referenced to MPCWM3_NonSecureArea_Start value is applicable
2026-03-25 12:58:47,347 [INFO] Rule:233 - rule Change Default Value for PLL1UserDefinedConfig is applicable
2026-03-25 12:58:47,347 [INFO] Rule:233 - rule Change GPIO_PuPd Default Value for USART in async mode is applicable
2026-03-25 12:58:47,347 [INFO] Rule:233 - rule Change SMPSDivider Default Value is applicable
2026-03-25 12:58:47,347 [INFO] Rule:233 - rule OPAMP is applicable
2026-03-25 12:58:47,347 [INFO] Rule:233 - rule LPUART IPParameter rename Prescaler parameter to ClockPrescaler for STM32H7 is applicable
2026-03-25 12:58:47,347 [INFO] Rule:233 - rule LPUART IPParameter rename Prescaler parameter to ClockPrescaler for STM32H7 is applicable
2026-03-25 12:58:47,347 [INFO] Rule:233 - rule LPUART IPParameter rename Prescaler parameter to ClockPrescaler for STM32WB is applicable
2026-03-25 12:58:47,347 [INFO] Rule:233 - rule LPUART IPParameter rename Prescaler parameter to ClockPrescaler for STM32WB is applicable
2026-03-25 12:58:47,347 [INFO] Rule:233 - rule LPUART IPParameter rename Prescaler parameter to ClockPrescaler for STM32G4 is applicable
2026-03-25 12:58:47,347 [INFO] Rule:233 - rule LPUART IPParameter rename Prescaler parameter to ClockPrescaler for STM32G4 is applicable
2026-03-25 12:58:47,347 [INFO] Rule:233 - rule LPUART IPParameter rename Prescaler parameter to ClockPrescaler for STM32L5 is applicable
2026-03-25 12:58:47,347 [INFO] Rule:233 - rule LPUART IPParameter rename Prescaler parameter to ClockPrescaler for STM32L5 is applicable
2026-03-25 12:58:47,347 [INFO] Rule:233 - rule LPUART IPParameter rename Prescaler parameter to ClockPrescaler for STM32G4 is applicable
2026-03-25 12:58:47,347 [INFO] Rule:233 - rule LPUART IPParameter rename Prescaler parameter to ClockPrescaler for STM32G4 is applicable
2026-03-25 12:58:47,347 [INFO] Rule:233 - rule USB device lib V2.5.3 for L0 rename USBD_SUPPORT_USER_STRING parameter to USBD_SUPPORT_USER_STRING_DESC4 is applicable
2026-03-25 12:58:47,347 [INFO] Rule:233 - rule I2SCLockSelection clock entry align is applicable
2026-03-25 12:58:47,347 [INFO] Rule:233 - rule Assign TIMx context if used as SYS timebase is applicable
2026-03-25 12:58:47,347 [INFO] Rule:233 - rule Change GPIO_Pu Default Value for I2C is applicable
2026-03-25 12:58:47,347 [INFO] Rule:233 - rule Change GPIO_Pu Default Value for SMBus is applicable
2026-03-25 12:58:47,347 [INFO] Rule:233 - rule change FDCAN default value is applicable
2026-03-25 12:58:47,347 [INFO] Rule:233 - rule Change mode sai is applicable
2026-03-25 12:58:47,347 [INFO] Rule:233 - rule **Change sai mode is applicable
2026-03-25 12:58:47,347 [INFO] Rule:233 - rule Rename STM32WPAN CFG_BLE_IRK to CFG_BLE_IR is applicable
2026-03-25 12:58:47,347 [INFO] Rule:233 - rule Rename STM32WPAN CFG_BLE_ERK to CFG_BLE_ER is applicable
2026-03-25 12:58:47,347 [INFO] Rule:233 - rule Rename STM32WPAN CFG_BLE_IRK_HEX to CFG_BLE_IR_HEX is applicable
2026-03-25 12:58:47,347 [INFO] Rule:233 - rule Rename STM32WPAN CFG_BLE_ERK_HEX to CFG_BLE_ER_HEX is applicable
2026-03-25 12:58:47,347 [INFO] Rule:233 - rule Adapt Old IOC before rework replace old CORTEX_M33/CORTEX_M55 attributes by the new one. is applicable
2026-03-25 12:58:47,347 [INFO] Rule:233 - rule Rename parametre of RCC RCC_APBDBG_DIV2 to RCC_TIMPRES_DIV2 is applicable
2026-03-25 12:58:47,348 [INFO] Rule:233 - rule Rename DIE493 pin PA10 [PA12] -> PA10 is applicable
2026-03-25 12:58:47,348 [INFO] Rule:233 - rule Rename DIE493 pin PA9 [PA11] -> PA9 is applicable
2026-03-25 12:58:47,348 [INFO] Rule:233 - rule Rename DIE492 PartNumber CPN STM32WBA5MJGHx -> STM32WBA5MMGHx is applicable
2026-03-25 12:58:47,348 [INFO] Rule:233 - rule Rename DIE492 PartNumber  Name STM32WBA5MJGHx -> STM32WBA5MMGHx is applicable
2026-03-25 12:58:47,348 [INFO] Rule:233 - rule Rename DIE492 PartNumber UserName STM32WBA5MJGHx -> STM32WBA5MMGHx is applicable
2026-03-25 12:58:47,348 [INFO] Rule:233 - rule Rename DIE492 PartNumber DeviceId STM32WBA5MJGHx -> STM32WBA5MMGHx is applicable
2026-03-25 12:58:47,348 [INFO] Rule:233 - rule Adapt Old IOC CSI. is applicable
2026-03-25 12:58:47,348 [INFO] Rule:233 - rule Adapt Old IOC DCMIPP. is applicable
2026-03-25 12:58:47,348 [INFO] Rule:233 - rule Adapt Old IOC DCMIPP Mode Parallel. is applicable
2026-03-25 12:58:47,348 [INFO] Rule:233 - rule Adapt Old IOC LTDC. is applicable
2026-03-25 12:58:47,348 [INFO] Rule:233 - rule Rename STM32MP2 RIF Peripheral LTDC RIF.RISUP.LTDC_L0L1.Privilege -> RIF.RISUP.LTDC_L1L2.Privilege is applicable
2026-03-25 12:58:47,348 [INFO] Rule:233 - rule Rename STM32MP2 RIF Peripheral LTDC RIF.RISUP.LTDC_L0L1.Privilege -> RIF.RISUP.LTDC_L1L2.Privilege is applicable
2026-03-25 12:58:47,348 [INFO] Rule:233 - rule Rename STM32MP2 RIF Peripheral LTDC RIF.RISUP.LTDC_L0L1.Lock -> RIF.RISUP.LTDC_L1L2.Lock is applicable
2026-03-25 12:58:47,348 [INFO] Rule:233 - rule Rename STM32MP2 RIF Peripheral LTDC RIF.RISUP.LTDC_L2.Lock -> RIF.RISUP.LTDC_L3.Lock is applicable
2026-03-25 12:58:47,348 [INFO] Rule:233 - rule Adapt the old IOC example for updating the SYS when it is misconfigured. is applicable
2026-03-25 12:58:47,348 [INFO] Rule:233 - rule Rename STM32C09 Mcu.Package LQFP64 -> LQFP48 is applicable
2026-03-25 12:58:47,348 [INFO] Rule:233 - rule Adapt the old IOC example for updating the SYS when it is misconfigured. is applicable
2026-03-25 12:58:47,348 [INFO] Rule:233 - rule Adapt the old IOC example for updating the SYS when it is misconfigured. is applicable
2026-03-25 12:58:47,390 [INFO] DbConfProperties:307 - Apply Compatibility (38/250 Rules)
2026-03-25 12:58:47,414 [INFO] ImportTextPane:234 - (OptionalMessage_ERROR) Unable to find key (Mcu.ThirdPartyNb) in loaded IOC file
2026-03-25 12:58:47,416 [INFO] ImportTextPane:234 - (OptionalMessage_ERROR) Pin34 (VP_RIF_VS_RIF1) cannot be retrieved for this MCU
2026-03-25 12:58:47,473 [INFO] RtosManager:558 - Registered RTOS mode: class=CMSIS, group=RTOS, mode=CMSIS_V1, owner=FREERTOS
2026-03-25 12:58:47,473 [INFO] RtosManager:558 - Registered RTOS mode: class=CMSIS, group=RTOS2, mode=CMSIS_V2, owner=FREERTOS
2026-03-25 12:58:47,473 [INFO] RtosManager:558 - Registered RTOS mode: class=RTOS, group=Core, mode=CMSIS_V1, owner=FREERTOS
2026-03-25 12:58:47,473 [INFO] RtosManager:558 - Registered RTOS mode: class=RTOS, group=Core, mode=CMSIS_V2, owner=FREERTOS
2026-03-25 12:58:47,473 [WARN] ModelIntegratedComponent:184 - Missing modes for component STMicroelectronics:FreeRTOS:0.0.1:STMicroelectronics:RTOS:FreeRTOS:Core:::10.2.0:
2026-03-25 12:58:47,482 [WARN] ModelIntegratedComponent:63 - No mode defined for component null
2026-03-25 12:58:47,482 [WARN] ModelIntegratedComponent:63 - No mode defined for component null
2026-03-25 12:58:47,482 [WARN] ModelIntegratedComponent:63 - No mode defined for component null
2026-03-25 12:58:47,482 [WARN] ModelIntegratedComponent:63 - No mode defined for component null
2026-03-25 12:58:47,482 [WARN] ModelIntegratedComponent:63 - No mode defined for component null
2026-03-25 12:58:47,482 [WARN] ModelIntegratedComponent:63 - No mode defined for component null
2026-03-25 12:58:47,482 [WARN] ModelIntegratedComponent:63 - No mode defined for component null
2026-03-25 12:58:47,482 [WARN] ModelIntegratedComponent:63 - No mode defined for component null
2026-03-25 12:58:47,482 [WARN] ModelIntegratedComponent:63 - No mode defined for component null
2026-03-25 12:58:47,482 [WARN] ModelIntegratedComponent:63 - No mode defined for component null
2026-03-25 12:58:47,482 [WARN] ModelIntegratedComponent:63 - No mode defined for component null
2026-03-25 12:58:47,482 [WARN] ModelIntegratedComponent:63 - No mode defined for component null
2026-03-25 12:58:47,482 [WARN] ModelIntegratedComponent:63 - No mode defined for component null
2026-03-25 12:58:47,482 [WARN] ModelIntegratedComponent:63 - No mode defined for component null
2026-03-25 12:58:47,482 [WARN] ModelIntegratedComponent:63 - No mode defined for component null
2026-03-25 12:58:47,482 [WARN] ModelIntegratedComponent:63 - No mode defined for component null
2026-03-25 12:58:47,482 [WARN] ModelIntegratedComponent:63 - No mode defined for component null
2026-03-25 12:58:47,482 [WARN] ModelIntegratedComponent:63 - No mode defined for component null
2026-03-25 12:58:47,482 [WARN] ModelIntegratedComponent:63 - No mode defined for component null
2026-03-25 12:58:47,482 [WARN] ModelIntegratedComponent:63 - No mode defined for component null
2026-03-25 12:58:47,482 [WARN] ModelIntegratedComponent:63 - No mode defined for component null
2026-03-25 12:58:47,482 [WARN] ModelIntegratedComponent:63 - No mode defined for component null
2026-03-25 12:58:47,482 [WARN] ModelIntegratedComponent:63 - No mode defined for component null
2026-03-25 12:58:47,482 [WARN] ModelIntegratedComponent:63 - No mode defined for component null
2026-03-25 12:58:47,482 [WARN] ModelIntegratedComponent:63 - No mode defined for component null
2026-03-25 12:58:47,482 [WARN] ModelIntegratedComponent:63 - No mode defined for component null
2026-03-25 12:58:47,482 [WARN] ModelIntegratedComponent:63 - No mode defined for component null
2026-03-25 12:58:47,482 [WARN] ModelIntegratedComponent:63 - No mode defined for component null
2026-03-25 12:58:47,482 [WARN] ModelIntegratedComponent:63 - No mode defined for component null
2026-03-25 12:58:47,482 [WARN] ModelIntegratedComponent:63 - No mode defined for component null
2026-03-25 12:58:47,482 [WARN] ModelIntegratedComponent:63 - No mode defined for component null
2026-03-25 12:58:47,482 [WARN] ModelIntegratedComponent:63 - No mode defined for component null
2026-03-25 12:58:47,482 [WARN] ModelIntegratedComponent:63 - No mode defined for component null
2026-03-25 12:58:47,482 [WARN] ModelIntegratedComponent:63 - No mode defined for component null
2026-03-25 12:58:47,482 [WARN] ModelIntegratedComponent:63 - No mode defined for component null
2026-03-25 12:58:47,482 [WARN] ModelPack:524 - Component already loaded: STMicroelectronics:HAL Drivers:0.0.0:STMicroelectronics:Device:STMicro_Driver:XSPI:HAL::0.0.1:HAL_XSPI
2026-03-25 12:58:47,668 [INFO] ThirdPartyModel:298 - Start build external matchings
2026-03-25 12:58:48,868 [INFO] ThirdPartyModel:316 - End build external matchings
2026-03-25 12:58:49,077 [INFO] UtilMem:75 - End LoadConfig() Used Memory: 813923952 Bytes (1073741824)
2026-03-25 12:58:49,257 [WARN] ThirdParty:833 - waiting for thirdparty lock release [change project]
2026-03-25 12:58:49,258 [INFO] ThirdParty:835 - entering critical section [change project]
2026-03-25 12:58:49,259 [INFO] ThirdParty:1030 - CMSIS Pack Vendor :STMicroelectronics X-CUBE-PM33A1 1.0.0
2026-03-25 12:58:49,259 [INFO] ThirdParty:1030 - CMSIS Pack Vendor :STMicroelectronics USBPD 4.1
2026-03-25 12:58:49,259 [INFO] ThirdParty:1030 - CMSIS Pack Vendor :STMicroelectronics USB_HOST 2.0.0
2026-03-25 12:58:49,259 [INFO] ThirdParty:1030 - CMSIS Pack Vendor :STMicroelectronics FP-SNS-MOTENVWB1 1.4.0
2026-03-25 12:58:49,259 [INFO] ThirdParty:1030 - CMSIS Pack Vendor :STMicroelectronics X-CUBE-AZRTOS-F4 1.1.0
2026-03-25 12:58:49,259 [INFO] ThirdParty:1030 - CMSIS Pack Vendor :STMicroelectronics LIBJPEG 8.0.0
2026-03-25 12:58:49,259 [INFO] ThirdParty:1030 - CMSIS Pack Vendor :STMicroelectronics FP-ATR-ASTRA1 2.0.2
2026-03-25 12:58:49,259 [INFO] ThirdParty:1030 - CMSIS Pack Vendor :Avnet-IotConnect X-CUBE-IoTC-DA16k-PMOD 1.0.0
2026-03-25 12:58:49,259 [INFO] ThirdParty:1030 - CMSIS Pack Vendor :STMicroelectronics X-CUBE-SMBUS 2.1.0
2026-03-25 12:58:49,259 [INFO] ThirdParty:1030 - CMSIS Pack Vendor :STMicroelectronics X-CUBE-ISPU 2.1.0
2026-03-25 12:58:49,259 [INFO] ThirdParty:1030 - CMSIS Pack Vendor :STMicroelectronics X-CUBE-IPS 3.2.0
2026-03-25 12:58:49,259 [INFO] ThirdParty:1030 - CMSIS Pack Vendor :STMicroelectronics X-CUBE-ST60 1.0.0
2026-03-25 12:58:49,259 [INFO] ThirdParty:1030 - CMSIS Pack Vendor :STMicroelectronics X-CUBE-NFC12 1.0.0
2026-03-25 12:58:49,259 [INFO] ThirdParty:1030 - CMSIS Pack Vendor :STMicroelectronics X-CUBE-AZRTOS-F7 1.1.0
2026-03-25 12:58:49,259 [INFO] ThirdParty:1030 - CMSIS Pack Vendor :STMicroelectronics X-CUBE-AZRTOS-L5 2.0.0
2026-03-25 12:58:49,259 [INFO] ThirdParty:1030 - CMSIS Pack Vendor :STMicroelectronics USB_DEVICE 2.0.0
2026-03-25 12:58:49,259 [INFO] ThirdParty:1030 - CMSIS Pack Vendor :STMicroelectronics X-CUBE-NFC6 3.1.0
2026-03-25 12:58:49,259 [INFO] ThirdParty:1030 - CMSIS Pack Vendor :STMicroelectronics FP-SNS-MOTENV1 5.1.0
2026-03-25 12:58:49,259 [INFO] ThirdParty:1030 - CMSIS Pack Vendor :STMicroelectronics FreeRTOS 0.0.1
2026-03-25 12:58:49,259 [INFO] ThirdParty:1030 - CMSIS Pack Vendor :Infineon AIROC-Wi-Fi-Bluetooth-STM32 1.7.1
2026-03-25 12:58:49,259 [INFO] ThirdParty:1030 - CMSIS Pack Vendor :STMicroelectronics PDM2PCM 3.3.0
2026-03-25 12:58:49,259 [INFO] ThirdParty:1030 - CMSIS Pack Vendor :STMicroelectronics X-CUBE-AZRTOS-H7 3.4.0
2026-03-25 12:58:49,259 [INFO] ThirdParty:1030 - CMSIS Pack Vendor :STMicroelectronics X-CUBE-DISPLAY 3.0.0
2026-03-25 12:58:49,259 [INFO] ThirdParty:1030 - CMSIS Pack Vendor :STMicroelectronics FP-SNS-MOTENVWB1 1.5.0
2026-03-25 12:58:49,259 [INFO] ThirdParty:1030 - CMSIS Pack Vendor :STMicroelectronics X-CUBE-NFC10 1.0.0
2026-03-25 12:58:49,259 [INFO] ThirdParty:1030 - CMSIS Pack Vendor :STMicroelectronics X-CUBE-BLEMGR 4.0.0
2026-03-25 12:58:49,259 [INFO] ThirdParty:1030 - CMSIS Pack Vendor :STMicroelectronics X-CUBE-FREERTOS 1.3.1
2026-03-25 12:58:49,259 [INFO] ThirdParty:1030 - CMSIS Pack Vendor :STMicroelectronics HAL Drivers 0.0.0
2026-03-25 12:58:49,259 [INFO] ThirdParty:1030 - CMSIS Pack Vendor :STMicroelectronics X-CUBE-ST60 1.1.0
2026-03-25 12:58:49,259 [INFO] ThirdParty:1030 - CMSIS Pack Vendor :emotas I-CUBE-CANOPEN 1.3.0
2026-03-25 12:58:49,259 [INFO] ThirdParty:1030 - CMSIS Pack Vendor :STMicroelectronics MBEDTLS 2.14.1
2026-03-25 12:58:49,259 [INFO] ThirdParty:1030 - CMSIS Pack Vendor :STMicroelectronics X-CUBE-GNSS1 7.1.0
2026-03-25 12:58:49,259 [INFO] ThirdParty:1030 - CMSIS Pack Vendor :STMicroelectronics X-CUBE-TOUCHGFX 4.26.0
2026-03-25 12:58:49,259 [INFO] ThirdParty:1030 - CMSIS Pack Vendor :quantropi X-CUBE-qispace-sdk-base 2.0.0
2026-03-25 12:58:49,259 [INFO] ThirdParty:1030 - CMSIS Pack Vendor :STMicroelectronics FP-SNS-STBOX1 2.1.0
2026-03-25 12:58:49,259 [INFO] ThirdParty:1030 - CMSIS Pack Vendor :STMicroelectronics FP-SNS-STAIOTCFT 1.0.0
2026-03-25 12:58:49,259 [INFO] ThirdParty:1030 - CMSIS Pack Vendor :STMicroelectronics FP-SNS-SMARTAG2 1.2.0
2026-03-25 12:58:49,259 [INFO] ThirdParty:1030 - CMSIS Pack Vendor :STMicroelectronics FP-SNS-FLIGHT1 5.1.0
2026-03-25 12:58:49,259 [INFO] ThirdParty:1030 - CMSIS Pack Vendor :STMicroelectronics X-CUBE-AZRTOS-WL 2.0.0
2026-03-25 12:58:49,259 [INFO] ThirdParty:1030 - CMSIS Pack Vendor :STMicroelectronics X-CUBE-DPower 1.3.0
2026-03-25 12:58:49,259 [INFO] ThirdParty:1030 - CMSIS Pack Vendor :STMicroelectronics FP-SNS-MOTENV1 5.0.0
2026-03-25 12:58:49,260 [INFO] ThirdParty:1030 - CMSIS Pack Vendor :STMicroelectronics USB_DEVICE 1.0.0
2026-03-25 12:58:49,260 [INFO] ThirdParty:1030 - CMSIS Pack Vendor :STMicroelectronics X-CUBE-AZRTOS-H7RS 1.2.0
2026-03-25 12:58:49,260 [INFO] ThirdParty:1030 - CMSIS Pack Vendor :STMicroelectronics X-CUBE-AZRTOS-L4 2.0.0
2026-03-25 12:58:49,260 [INFO] ThirdParty:1030 - CMSIS Pack Vendor :STMicroelectronics ThreadX 0.0.2
2026-03-25 12:58:49,260 [INFO] ThirdParty:1030 - CMSIS Pack Vendor :WES I-CUBE-Cesium 1.3.0
2026-03-25 12:58:49,260 [INFO] ThirdParty:1030 - CMSIS Pack Vendor :STMicroelectronics lwIP 2.1.2
2026-03-25 12:58:49,260 [INFO] ThirdParty:1030 - CMSIS Pack Vendor :STMicroelectronics X-CUBE-SFXS2LP1 4.0.0
2026-03-25 12:58:49,260 [INFO] ThirdParty:1030 - CMSIS Pack Vendor :STMicroelectronics X-CUBE-BLE2 3.3.0
2026-03-25 12:58:49,260 [INFO] ThirdParty:1030 - CMSIS Pack Vendor :Avnet-IOTCONNECT X-CUBE-iotc-st67-sdk 1.0.0
2026-03-25 12:58:49,260 [INFO] ThirdParty:1030 - CMSIS Pack Vendor :STMicroelectronics PDM2PCM 3.2.0
2026-03-25 12:58:49,260 [INFO] ThirdParty:1030 - CMSIS Pack Vendor :STMicroelectronics X-CUBE-ST67W61 1.2.0
2026-03-25 12:58:49,260 [INFO] ThirdParty:1030 - CMSIS Pack Vendor :STMicroelectronics X-CUBE-NFC9 1.0.0
2026-03-25 12:58:49,260 [INFO] ThirdParty:1030 - CMSIS Pack Vendor :wolfSSL I-CUBE-wolfSSL 5.8.0
2026-03-25 12:58:49,260 [INFO] ThirdParty:1030 - CMSIS Pack Vendor :STMicroelectronics X-CUBE-BLE1 7.1.0
2026-03-25 12:58:49,260 [INFO] ThirdParty:1030 - CMSIS Pack Vendor :wolfSSL I-CUBE-wolfMQTT 1.19.2
2026-03-25 12:58:49,260 [INFO] ThirdParty:1030 - CMSIS Pack Vendor :STMicroelectronics USB_DEVICE 3.0.0
2026-03-25 12:58:49,260 [INFO] ThirdParty:1030 - CMSIS Pack Vendor :STMicroelectronics X-CUBE-FREERTOS 1.4.0
2026-03-25 12:58:49,260 [INFO] ThirdParty:1030 - CMSIS Pack Vendor :STMicroelectronics X-CUBE-EEPRMA1 5.2.0
2026-03-25 12:58:49,260 [INFO] ThirdParty:1030 - CMSIS Pack Vendor :STMicroelectronics X-CUBE-BLEMGR 4.1.0
2026-03-25 12:58:49,260 [INFO] ThirdParty:1030 - CMSIS Pack Vendor :STMicroelectronics X-CUBE-AZRTOS-WB 2.0.0
2026-03-25 12:58:49,260 [INFO] ThirdParty:1030 - CMSIS Pack Vendor :STMicroelectronics X-CUBE-GNSS1 7.0.1
2026-03-25 12:58:49,260 [INFO] ThirdParty:1030 - CMSIS Pack Vendor :STMicroelectronics X-CUBE-TOUCHGFX 4.25.0
2026-03-25 12:58:49,260 [INFO] ThirdParty:1030 - CMSIS Pack Vendor :STMicroelectronics X-CUBE-ST67W61 1.1.0
2026-03-25 12:58:49,260 [INFO] ThirdParty:1030 - CMSIS Pack Vendor :STMicroelectronics X-CUBE-AI 10.1.0
2026-03-25 12:58:49,260 [INFO] ThirdParty:1030 - CMSIS Pack Vendor :STMicroelectronics FP-SNS-STBOX1 2.0.0
2026-03-25 12:58:49,260 [INFO] ThirdParty:1030 - CMSIS Pack Vendor :STMicroelectronics X-CUBE-MEMS1 12.0.0
2026-03-25 12:58:49,260 [INFO] ThirdParty:1030 - CMSIS Pack Vendor :STMicroelectronics X-CUBE-STSE01 2.0.0
2026-03-25 12:58:49,260 [INFO] ThirdParty:1030 - CMSIS Pack Vendor :STMicroelectronics X-CUBE-AZRTOS-G0 1.1.0
2026-03-25 12:58:49,260 [INFO] ThirdParty:1030 - CMSIS Pack Vendor :STMicroelectronics X-CUBE-SAFEA1 1.2.2
2026-03-25 12:58:49,260 [INFO] ThirdParty:1030 - CMSIS Pack Vendor :STMicroelectronics X-CUBE-NFC4 3.0.0
2026-03-25 12:58:49,260 [INFO] ThirdParty:1030 - CMSIS Pack Vendor :STMicroelectronics X-CUBE-SUBG2 5.0.0
2026-03-25 12:58:49,260 [INFO] ThirdParty:1030 - CMSIS Pack Vendor :STMicroelectronics X-CUBE-AZRTOS-H7RS 1.1.0
2026-03-25 12:58:49,261 [INFO] ThirdParty:1030 - CMSIS Pack Vendor :STMicroelectronics STM32_WPAN 1.0.0
2026-03-25 12:58:49,261 [INFO] ThirdParty:1030 - CMSIS Pack Vendor :EmbeddedOffice I-CUBE-FS-RTOS 1.0.1
2026-03-25 12:58:49,261 [INFO] ThirdParty:1030 - CMSIS Pack Vendor :STMicroelectronics lwIP 2.0.3
2026-03-25 12:58:49,261 [INFO] ThirdParty:1030 - CMSIS Pack Vendor :Cesanta I-CUBE-Mongoose 7.13.0
2026-03-25 12:58:49,261 [INFO] ThirdParty:1030 - CMSIS Pack Vendor :STMicroelectronics USB_HOST 1.0.0
2026-03-25 12:58:49,261 [INFO] ThirdParty:1030 - CMSIS Pack Vendor :STMicroelectronics X-CUBE-AZRTOS-G4 2.0.0
2026-03-25 12:58:49,261 [INFO] ThirdParty:1030 - CMSIS Pack Vendor :STMicroelectronics X-CUBE-WB05N 2.0.0
2026-03-25 12:58:49,261 [INFO] ThirdParty:1030 - CMSIS Pack Vendor :STMicroelectronics PDM2PCM 3.1.0
2026-03-25 12:58:49,261 [INFO] ThirdParty:1030 - CMSIS Pack Vendor :wolfSSL I-CUBE-wolfTPM 3.8.0
2026-03-25 12:58:49,261 [INFO] ThirdParty:1030 - CMSIS Pack Vendor :wolfSSL I-CUBE-wolfSSH 1.4.20
2026-03-25 12:58:49,261 [INFO] ThirdParty:1030 - CMSIS Pack Vendor :STMicroelectronics X-CUBE-NFC7 2.0.0
2026-03-25 12:58:49,261 [INFO] ThirdParty:1030 - CMSIS Pack Vendor :STMicroelectronics X-CUBE-TCPP 4.2.0
2026-03-25 12:58:49,261 [INFO] ThirdParty:1030 - CMSIS Pack Vendor :RealThread X-CUBE-RT-Thread_Nano 4.1.1
2026-03-25 12:58:49,261 [INFO] ThirdParty:1030 - CMSIS Pack Vendor :STMicroelectronics FP-ATR-SIGFOX1 3.2.0
2026-03-25 12:58:49,262 [INFO] ThirdParty:1030 - CMSIS Pack Vendor :STMicroelectronics X-CUBE-EEPRMA1 5.1.0
2026-03-25 12:58:49,262 [INFO] ThirdParty:1030 - CMSIS Pack Vendor :STMicroelectronics MBEDTLS 2.16.2
2026-03-25 12:58:49,262 [INFO] ThirdParty:1030 - CMSIS Pack Vendor :STMicroelectronics X-CUBE-IPS 3.1.0
2026-03-25 12:58:49,262 [INFO] ThirdParty:1030 - CMSIS Pack Vendor :STMicroelectronics X-CUBE-ALS 1.0.2
2026-03-25 12:58:49,262 [INFO] ThirdParty:1030 - CMSIS Pack Vendor :ITTIA_DB I-CUBE-ITTIADB 8.9.0
2026-03-25 12:58:49,262 [INFO] ThirdParty:1030 - CMSIS Pack Vendor :STMicroelectronics X-CUBE-STSE01 1.0.0
2026-03-25 12:58:49,262 [INFO] ThirdParty:1030 - CMSIS Pack Vendor :portGmbH I-Cube-SoM-uGOAL 1.1.0
2026-03-25 12:58:49,262 [INFO] ThirdParty:1030 - CMSIS Pack Vendor :STMicroelectronics X-CUBE-NFC6 3.2.0
2026-03-25 12:58:49,262 [INFO] ThirdParty:1030 - CMSIS Pack Vendor :STMicroelectronics X-CUBE-ST67W61 1.0.0
2026-03-25 12:58:49,262 [INFO] ThirdParty:1030 - CMSIS Pack Vendor :STMicroelectronics X-CUBE-AI 10.2.0
2026-03-25 12:58:49,262 [INFO] ThirdParty:1030 - CMSIS Pack Vendor :STMicroelectronics ThreadX 1.0.0
2026-03-25 12:58:49,262 [INFO] ThirdParty:1030 - CMSIS Pack Vendor :SEGGER I-CUBE-embOS 1.3.1
2026-03-25 12:58:49,262 [INFO] ThirdParty:1030 - CMSIS Pack Vendor :STMicroelectronics X-CUBE-ALGOBUILD 1.4.0
2026-03-25 12:58:49,262 [INFO] ThirdParty:1030 - CMSIS Pack Vendor :STMicroelectronics X-CUBE-MEMS1 11.3.0
2026-03-25 12:58:49,262 [INFO] ThirdParty:1030 - CMSIS Pack Vendor :STMicroelectronics X-CUBE-TOF1 3.4.3
2026-03-25 12:58:49,262 [INFO] ThirdParty:841 - exiting critical section [change project]
2026-03-25 12:58:49,517 [INFO] PinOutPanel:1589 - setPackage(No Configuration,No Configuration)
2026-03-25 12:58:49,517 [INFO] PinOutPanel:1589 - setPackage(STM32F407VGTx,LQFP100)
2026-03-25 12:58:49,768 [INFO] UtilMem:75 - Before build in PCC Used Memory: 980000520 Bytes (1073741824)
2026-03-25 12:58:50,010 [INFO] UtilMem:75 - After build in PCC Used Memory: 608885072 Bytes (1073741824)
2026-03-25 12:58:50,041 [INFO] IPUIPlugin:80 - create IPUIPlugin
2026-03-25 12:58:50,041 [INFO] IPUIPlugin:80 - create IPUIPlugin
2026-03-25 12:58:50,041 [INFO] IPUIPlugin:80 - create IPUIPlugin
2026-03-25 12:58:50,041 [INFO] IPUIPlugin:80 - create IPUIPlugin
2026-03-25 12:58:50,041 [INFO] IPUIPlugin:80 - create IPUIPlugin
2026-03-25 12:58:50,041 [INFO] IPUIPlugin:80 - create IPUIPlugin
2026-03-25 12:58:50,042 [INFO] IPUIPlugin:80 - create IPUIPlugin
2026-03-25 12:58:50,042 [INFO] IPUIPlugin:80 - create IPUIPlugin
2026-03-25 12:58:50,042 [INFO] IPUIPlugin:80 - create IPUIPlugin
2026-03-25 12:58:50,042 [INFO] IPUIPlugin:80 - create IPUIPlugin
2026-03-25 12:58:50,042 [INFO] IPUIPlugin:80 - create IPUIPlugin
2026-03-25 12:58:50,042 [INFO] IPUIPlugin:80 - create IPUIPlugin
2026-03-25 12:58:50,042 [INFO] IPUIPlugin:80 - create IPUIPlugin
2026-03-25 12:58:50,043 [INFO] IPUIPlugin:80 - create IPUIPlugin
2026-03-25 12:58:50,043 [INFO] IPUIPlugin:80 - create IPUIPlugin
2026-03-25 12:58:50,043 [INFO] IPUIPlugin:80 - create IPUIPlugin
2026-03-25 12:58:50,043 [INFO] IPUIPlugin:80 - create IPUIPlugin
2026-03-25 12:58:50,043 [INFO] IPUIPlugin:80 - create IPUIPlugin
2026-03-25 12:58:50,043 [INFO] IPUIPlugin:80 - create IPUIPlugin
2026-03-25 12:58:50,043 [INFO] IPUIPlugin:80 - create IPUIPlugin
2026-03-25 12:58:50,043 [INFO] IPUIPlugin:80 - create IPUIPlugin
2026-03-25 12:58:50,044 [INFO] IPUIPlugin:80 - create IPUIPlugin
2026-03-25 12:58:50,044 [INFO] IPUIPlugin:80 - create IPUIPlugin
2026-03-25 12:58:50,044 [INFO] IPUIPlugin:80 - create IPUIPlugin
2026-03-25 12:58:50,044 [INFO] IPUIPlugin:80 - create IPUIPlugin
2026-03-25 12:58:50,044 [INFO] IPUIPlugin:80 - create IPUIPlugin
2026-03-25 12:58:50,045 [INFO] IPUIPlugin:80 - create IPUIPlugin
2026-03-25 12:58:50,045 [INFO] IPUIPlugin:80 - create IPUIPlugin
2026-03-25 12:58:50,045 [INFO] IPUIPlugin:80 - create IPUIPlugin
2026-03-25 12:58:50,045 [INFO] IPUIPlugin:80 - create IPUIPlugin
2026-03-25 12:58:50,045 [INFO] IPUIPlugin:80 - create IPUIPlugin
2026-03-25 12:58:50,046 [INFO] IPUIPlugin:80 - create IPUIPlugin
2026-03-25 12:58:50,046 [INFO] IPUIPlugin:80 - create IPUIPlugin
2026-03-25 12:58:50,046 [INFO] IPUIPlugin:80 - create IPUIPlugin
2026-03-25 12:58:50,046 [INFO] IPUIPlugin:80 - create IPUIPlugin
2026-03-25 12:58:50,047 [INFO] IPUIPlugin:80 - create IPUIPlugin
2026-03-25 12:58:50,047 [INFO] IPUIPlugin:80 - create IPUIPlugin
2026-03-25 12:58:50,047 [INFO] IPUIPlugin:80 - create IPUIPlugin
2026-03-25 12:58:50,047 [INFO] IPUIPlugin:80 - create IPUIPlugin
2026-03-25 12:58:50,047 [INFO] IPUIPlugin:80 - create IPUIPlugin
2026-03-25 12:58:50,048 [INFO] IPUIPlugin:80 - create IPUIPlugin
2026-03-25 12:58:50,048 [INFO] IPUIPlugin:80 - create IPUIPlugin
2026-03-25 12:58:50,048 [INFO] IPUIPlugin:80 - create IPUIPlugin
2026-03-25 12:58:50,048 [INFO] IPUIPlugin:80 - create IPUIPlugin
2026-03-25 12:58:50,049 [INFO] IPUIPlugin:80 - create IPUIPlugin
2026-03-25 12:58:50,049 [INFO] IPUIPlugin:80 - create IPUIPlugin
2026-03-25 12:58:50,049 [INFO] IPUIPlugin:80 - create IPUIPlugin
2026-03-25 12:58:50,049 [INFO] IPUIPlugin:80 - create IPUIPlugin
2026-03-25 12:58:50,050 [INFO] IPUIPlugin:80 - create IPUIPlugin
2026-03-25 12:58:50,050 [INFO] IPUIPlugin:80 - create IPUIPlugin
2026-03-25 12:58:50,050 [INFO] IPUIPlugin:80 - create IPUIPlugin
2026-03-25 12:58:50,050 [INFO] IPUIPlugin:80 - create IPUIPlugin
2026-03-25 12:58:50,050 [INFO] IPUIPlugin:80 - create IPUIPlugin
2026-03-25 12:58:50,051 [INFO] IPUIPlugin:80 - create IPUIPlugin
2026-03-25 12:58:50,051 [INFO] IPUIPlugin:80 - create IPUIPlugin
2026-03-25 12:58:50,051 [INFO] IPUIPlugin:80 - create IPUIPlugin
2026-03-25 12:58:50,052 [INFO] IPUIPlugin:80 - create IPUIPlugin
2026-03-25 12:58:50,052 [INFO] IPUIPlugin:80 - create IPUIPlugin
2026-03-25 12:58:50,055 [INFO] ApiDbMcu:532 - Load IP Config File for PDM2PCM
2026-03-25 12:58:50,087 [INFO] CADModel:165 - CPN selected for project levelSTM32F407VGT6
2026-03-25 12:58:50,087 [INFO] CADModel:114 - Register for checkConnection events
2026-03-25 12:58:50,131 [INFO] OpenFileManager:386 - Restore cursor
2026-03-25 12:58:50,495 [INFO] UtilMem:75 - End SaveConfig() Used Memory: 701682000 Bytes (1073741824)
2026-03-25 12:58:50,566 [INFO] UtilMem:75 - End SaveConfig() Used Memory: 722159984 Bytes (1073741824)
2026-03-25 12:58:50,934 [INFO] BlockDiagram:2775 - set Specific Code input for plugin: SYS
2026-03-25 12:58:50,934 [INFO] BlockDiagram:2775 - set Specific Code input for plugin: RCC
2026-03-25 12:58:50,934 [INFO] BlockDiagram:2775 - set Specific Code input for plugin: NVIC
2026-03-25 12:58:50,935 [INFO] BlockDiagram:2775 - set Specific Code input for plugin: GPIO
2026-03-25 12:58:50,936 [INFO] CodeGenerator:892 - code generatio: config db path: /opt/st/stm32cubeide_1.19.0/plugins/com.st.stm32cube.common.mx_6.15.0.202507011659//db/
2026-03-25 12:58:51,077 [INFO] CodeEngine:265 - oldGeneratedFile, /home/sunbeam/Desktop/workspace/RTOS_workspace/002LED_Tasks/MXTmpFiles/license.tmp_save
2026-03-25 12:58:51,400 [INFO] CodeEngine:289 - Generated code: /home/sunbeam/Desktop/workspace/RTOS_workspace/002LED_Tasks/MXTmpFiles/license.tmp
2026-03-25 12:58:51,466 [INFO] CodeEngine:265 - oldGeneratedFile, /home/sunbeam/Desktop/workspace/RTOS_workspace/002LED_Tasks/MXTmpFiles/gpio.tmp_save
2026-03-25 12:58:51,676 [INFO] CodeEngine:289 - Generated code: /home/sunbeam/Desktop/workspace/RTOS_workspace/002LED_Tasks/MXTmpFiles/gpio.tmp
2026-03-25 12:58:51,710 [INFO] CodeEngine:265 - oldGeneratedFile, /home/sunbeam/Desktop/workspace/RTOS_workspace/002LED_Tasks/Core/Src/stm32f4xx_it.c_save
2026-03-25 12:58:51,952 [INFO] CodeEngine:289 - Generated code: /home/sunbeam/Desktop/workspace/RTOS_workspace/002LED_Tasks/Core/Src/stm32f4xx_it.c
2026-03-25 12:58:51,953 [INFO] CodeEngine:265 - oldGeneratedFile, /home/sunbeam/Desktop/workspace/RTOS_workspace/002LED_Tasks/Core/Inc/stm32f4xx_it.h_save
2026-03-25 12:58:52,063 [INFO] CodeEngine:289 - Generated code: /home/sunbeam/Desktop/workspace/RTOS_workspace/002LED_Tasks/Core/Inc/stm32f4xx_it.h
2026-03-25 12:58:52,070 [INFO] CodeEngine:265 - oldGeneratedFile, /home/sunbeam/Desktop/workspace/RTOS_workspace/002LED_Tasks/Core/Src/stm32f4xx_hal_msp.c_save
2026-03-25 12:58:52,221 [INFO] CodeEngine:289 - Generated code: /home/sunbeam/Desktop/workspace/RTOS_workspace/002LED_Tasks/Core/Src/stm32f4xx_hal_msp.c
2026-03-25 12:58:52,222 [INFO] CodeEngine:265 - oldGeneratedFile, /home/sunbeam/Desktop/workspace/RTOS_workspace/002LED_Tasks/MXTmpFiles/system.tmp_save
2026-03-25 12:58:52,301 [INFO] CodeEngine:289 - Generated code: /home/sunbeam/Desktop/workspace/RTOS_workspace/002LED_Tasks/MXTmpFiles/system.tmp
2026-03-25 12:58:52,306 [INFO] CodeEngine:321 - oldGeneratedFile, /home/sunbeam/Desktop/workspace/RTOS_workspace/002LED_Tasks/Core/Inc/stm32f4xx_hal_conf.h_save
2026-03-25 12:58:52,389 [INFO] CodeEngine:345 - Generated code: /home/sunbeam/Desktop/workspace/RTOS_workspace/002LED_Tasks/Core/Inc/stm32f4xx_hal_conf.h
2026-03-25 12:58:52,434 [INFO] ApiDbMcu:532 - Load IP Config File for RCC
2026-03-25 12:58:52,439 [INFO] CodeEngine:265 - oldGeneratedFile, /home/sunbeam/Desktop/workspace/RTOS_workspace/002LED_Tasks/Core/Inc/main.h_save
2026-03-25 12:58:52,541 [INFO] CodeEngine:289 - Generated code: /home/sunbeam/Desktop/workspace/RTOS_workspace/002LED_Tasks/Core/Inc/main.h
2026-03-25 12:58:52,542 [INFO] CodeEngine:265 - oldGeneratedFile, /home/sunbeam/Desktop/workspace/RTOS_workspace/002LED_Tasks/Core/Src/main.c_save
2026-03-25 12:58:52,654 [INFO] CodeEngine:289 - Generated code: /home/sunbeam/Desktop/workspace/RTOS_workspace/002LED_Tasks/Core/Src/main.c
2026-03-25 12:58:52,873 [INFO] ProjectBuilder:3606 - Time for Copy HAL[1] : 19mS.
2026-03-25 12:58:52,875 [INFO] ProjectBuilder:5216 - Project Generator version: 4.7.0-B52
2026-03-25 12:58:52,955 [INFO] ConfigFileManager:1595 - The Die is : DIE413
2026-03-25 12:58:52,964 [INFO] ApiDbMcu:532 - Load IP Config File for FATFS
2026-03-25 12:58:52,984 [INFO] ApiDbMcu:532 - Load IP Config File for FREERTOS
2026-03-25 12:58:52,987 [INFO] ApiDbMcu:532 - Load IP Config File for LIBJPEG
2026-03-25 12:58:53,036 [INFO] ApiDbMcu:532 - Load IP Config File for LWIP
2026-03-25 12:58:53,064 [INFO] ApiDbMcu:532 - Load IP Config File for MBEDTLS
2026-03-25 12:58:53,090 [INFO] ApiDbMcu:532 - Load IP Config File for USB_DEVICE
2026-03-25 12:58:53,100 [INFO] ApiDbMcu:532 - Load IP Config File for USB_HOST
2026-03-25 12:58:54,881 [INFO] ProjectBuilder:5496 - Time for Generating toolchain IDE Files: 2005mS.
2026-03-25 12:58:54,881 [INFO] ProjectBuilder:3463 - Time for Copy CMSIS : 0mS.
2026-03-25 12:58:54,881 [INFO] ProjectBuilder:3463 - Time for Copy CMSIS : 0mS.
2026-03-25 12:58:55,088 [INFO] McuFinderGlobals:76 - Set McuFinderConnectedMode to true
2026-03-25 12:58:55,093 [INFO] ApiDb:448 - Save user favorites file /home/sunbeam/.stm32cubeide/favorites.mcus.txt: 0 item(s)
2026-03-25 12:58:55,093 [INFO] ApiDb:452 - User favorites MCUs=[]
2026-03-25 12:58:55,094 [INFO] ApiDb:448 - Save user favorites file /home/sunbeam/.stm32cubeide/favorites.boards.txt: 1 item(s)
2026-03-25 12:58:55,095 [INFO] ApiDb:452 - User favorites Boards=[STM32F407G-DISC1]
2026-03-25 13:51:47,873 [INFO] MainUpdater:2872 - connection check result : 10
2026-03-25 13:51:47,874 [INFO] MainUpdater:2872 - connection check result : 10
2026-03-25 13:51:48,726 [INFO] MicroXplorer:468 - Change Database Path : 
2026-03-25 13:51:48,726 [INFO] MicroXplorer:498 - Change Database Version : DB.6.0.150
2026-03-25 13:51:48,776 [ERROR] ProjectManagerView:395 - 
java.lang.NullPointerException: Cannot invoke "javax.swing.JTextField.getText()" because the return value of "java.util.List.get(int)" is null
	at com.st.microxplorer.plugins.projectmanager.gui.ProjectChoiceTab$9.caretUpdate(ProjectChoiceTab.java:2706) ~[filemanager.jar:?]
	at javax.swing.text.JTextComponent.fireCaretUpdate(JTextComponent.java:408) ~[?:?]
	at javax.swing.text.JTextComponent$MutableCaretEvent.fire(JTextComponent.java:4484) ~[?:?]
	at javax.swing.text.JTextComponent$MutableCaretEvent.stateChanged(JTextComponent.java:4506) ~[?:?]
	at javax.swing.text.DefaultCaret.fireStateChanged(DefaultCaret.java:857) ~[?:?]
	at javax.swing.text.DefaultCaret.changeCaretPosition(DefaultCaret.java:1343) ~[?:?]
	at javax.swing.text.DefaultCaret.handleSetDot(DefaultCaret.java:1242) ~[?:?]
	at javax.swing.text.DefaultCaret.setDot(DefaultCaret.java:1223) ~[?:?]
	at javax.swing.text.DefaultCaret$Handler.insertUpdate(DefaultCaret.java:1819) ~[?:?]
	at javax.swing.text.AbstractDocument.fireInsertUpdate(AbstractDocument.java:227) ~[?:?]
	at javax.swing.text.AbstractDocument.handleInsertString(AbstractDocument.java:781) ~[?:?]
	at javax.swing.text.AbstractDocument.insertString(AbstractDocument.java:740) ~[?:?]
	at javax.swing.text.PlainDocument.insertString(PlainDocument.java:131) ~[?:?]
	at javax.swing.text.AbstractDocument.replace(AbstractDocument.java:699) ~[?:?]
	at javax.swing.text.JTextComponent.setText(JTextComponent.java:1725) ~[?:?]
	at com.st.microxplorer.plugins.projectmanager.gui.ProjectChoiceTab.createHeapStackFields(ProjectChoiceTab.java:993) ~[filemanager.jar:?]
	at com.st.microxplorer.plugins.projectmanager.gui.ProjectChoiceTab.buildLinkSettingsPanel(ProjectChoiceTab.java:3813) ~[filemanager.jar:?]
	at com.st.microxplorer.plugins.projectmanager.gui.ProjectChoiceTab.defineWindowsFields(ProjectChoiceTab.java:1987) ~[filemanager.jar:?]
	at com.st.microxplorer.plugins.projectmanager.gui.ProjectChoiceTab.updateSettings(ProjectChoiceTab.java:558) ~[filemanager.jar:?]
	at com.st.microxplorer.plugins.projectmanager.gui.ProjectSettingsPanel.UpdateDialog(ProjectSettingsPanel.java:247) ~[filemanager.jar:?]
	at com.st.microxplorer.plugins.projectmanager.ProjectManagerView.propertyChange(ProjectManagerView.java:392) ~[filemanager.jar:?]
	at java.beans.PropertyChangeSupport.fire(PropertyChangeSupport.java:343) ~[?:?]
	at java.beans.PropertyChangeSupport.firePropertyChange(PropertyChangeSupport.java:335) ~[?:?]
	at java.beans.PropertyChangeSupport.firePropertyChange(PropertyChangeSupport.java:268) ~[?:?]
	at com.st.microxplorer.util.MXPropertyChangeSupport.firePropertyChange(MXPropertyChangeSupport.java:54) ~[STM32CubeMX.jar:?]
	at com.st.microxplorer.mxsystem.MxSystem.closeConfig(MxSystem.java:899) ~[STM32CubeMX.jar:?]
	at com.st.microxplorer.maingui.MainPanel.closeConfig(MainPanel.java:792) ~[STM32CubeMX.jar:?]
	at com.st.microxplorer.plugins.filemanager.engine.OpenFileManager.loadConfigurationFile(OpenFileManager.java:288) ~[filemanager.jar:?]
	at com.st.microxplorer.plugins.filemanager.engine.MainFileManager.userLoadConfig(MainFileManager.java:364) ~[filemanager.jar:?]
	at com.st.microxplorer.plugins.filemanager.engine.MainFileManager.userLoadConfig(MainFileManager.java:342) ~[filemanager.jar:?]
	at com.st.microxplorer.plugins.filemanager.FileManagerView.getSpecificTask(FileManagerView.java:264) ~[filemanager.jar:?]
	at com.st.stm32cube.common.mx.editor.CubeMxEditor.getMxTabbedPaneInstance(CubeMxEditor.java:1198) ~[com.st.stm32cube.common.mx_6.15.0.202507011659/:?]
	at com.st.stm32cube.common.mx.editor.CubeMxEditor$12$1.createSwingComponent(CubeMxEditor.java:1068) ~[com.st.stm32cube.common.mx_6.15.0.202507011659/:?]
	at com.st.stm32cube.common.mx.oss.core.awtswtbridge.EmbeddedSwingComposite.doComponentCreation(EmbeddedSwingComposite.java:492) ~[com.st.stm32cube.common.mx.oss_6.15.0.202507011659/:?]
	at com.st.stm32cube.common.mx.oss.core.awtswtbridge.EmbeddedSwingComposite$4.run(EmbeddedSwingComposite.java:291) ~[com.st.stm32cube.common.mx.oss_6.15.0.202507011659/:?]
	at com.st.stm32cube.common.mx.oss.core.awtswtbridge.AwtEnvironment$2.run(AwtEnvironment.java:166) ~[com.st.stm32cube.common.mx.oss_6.15.0.202507011659/:?]
	at java.awt.event.InvocationEvent.dispatch(InvocationEvent.java:318) ~[?:?]
	at java.awt.EventQueue.dispatchEventImpl(EventQueue.java:773) ~[?:?]
	at java.awt.EventQueue$4.run(EventQueue.java:720) ~[?:?]
	at java.awt.EventQueue$4.run(EventQueue.java:714) ~[?:?]
	at java.security.AccessController.doPrivileged(AccessController.java:400) ~[?:?]
	at java.security.ProtectionDomain$JavaSecurityAccessImpl.doIntersectionPrivilege(ProtectionDomain.java:87) ~[?:?]
	at java.awt.EventQueue.dispatchEvent(EventQueue.java:742) ~[?:?]
	at java.awt.EventDispatchThread.pumpOneEventForFilters(EventDispatchThread.java:203) ~[?:?]
	at java.awt.EventDispatchThread.pumpEventsForFilter(EventDispatchThread.java:124) ~[?:?]
	at java.awt.EventDispatchThread.pumpEventsForHierarchy(EventDispatchThread.java:113) ~[?:?]
	at java.awt.EventDispatchThread.pumpEvents(EventDispatchThread.java:109) ~[?:?]
	at java.awt.EventDispatchThread.pumpEvents(EventDispatchThread.java:101) ~[?:?]
	at java.awt.EventDispatchThread.run(EventDispatchThread.java:90) ~[?:?]
2026-03-25 13:51:48,778 [WARN] ThirdParty:871 - waiting for thirdparty lock release [close project]
2026-03-25 13:51:48,778 [INFO] ThirdParty:873 - entering critical section [close project]
2026-03-25 13:51:48,778 [INFO] ThirdParty:883 - exiting critical section [close project]
2026-03-25 13:51:48,785 [INFO] PinOutPanel:1589 - setPackage(No Configuration,No Configuration)
2026-03-25 13:51:48,801 [WARN] IpParametersView:155 - Warning: This peripheral hasn't parameters
2026-03-25 13:51:48,816 [WARN] MainPanel:289 - <html><b><center>Warning: This peripheral has no parameters to be configured<br></b></html>
2026-03-25 13:51:48,824 [INFO] UtilMem:75 - Begin LoadConfig() Used Memory: 641752504 Bytes (996147200)
2026-03-25 13:51:48,825 [INFO] MicroXplorer:468 - Change Database Path : 
2026-03-25 13:51:48,825 [INFO] MicroXplorer:498 - Change Database Version : DB.6.0.150
2026-03-25 13:51:48,825 [INFO] OpenFileManager:355 - Change cursor
2026-03-25 13:51:48,880 [INFO] RulesReader:64 - Compatibility file has been processed (317 Rules)
2026-03-25 13:51:48,890 [INFO] Mcu:2029 - Initializing MCU STM32F407V(E-G)Tx STM32F407VGTx STM32F407VGT6
2026-03-25 13:51:50,081 [INFO] Context:786 - Trying to add GPIOservice into a context  which must be forbidden
2026-03-25 13:51:50,802 [INFO] ImportTextPane:234 - (OptionalMessage_ERROR) Pin34 (VP_RIF_VS_RIF1) cannot be retrieved for this MCU
2026-03-25 13:51:50,869 [INFO] RtosManager:558 - Registered RTOS mode: class=CMSIS, group=RTOS, mode=CMSIS_V1, owner=FREERTOS
2026-03-25 13:51:50,870 [INFO] RtosManager:558 - Registered RTOS mode: class=CMSIS, group=RTOS2, mode=CMSIS_V2, owner=FREERTOS
2026-03-25 13:51:50,870 [INFO] RtosManager:558 - Registered RTOS mode: class=RTOS, group=Core, mode=CMSIS_V1, owner=FREERTOS
2026-03-25 13:51:50,870 [INFO] RtosManager:558 - Registered RTOS mode: class=RTOS, group=Core, mode=CMSIS_V2, owner=FREERTOS
2026-03-25 13:51:50,870 [WARN] ModelIntegratedComponent:184 - Missing modes for component STMicroelectronics:FreeRTOS:0.0.1:STMicroelectronics:RTOS:FreeRTOS:Core:::10.2.0:
2026-03-25 13:51:50,880 [WARN] ModelIntegratedComponent:63 - No mode defined for component null
2026-03-25 13:51:50,880 [WARN] ModelIntegratedComponent:63 - No mode defined for component null
2026-03-25 13:51:50,880 [WARN] ModelIntegratedComponent:63 - No mode defined for component null
2026-03-25 13:51:50,880 [WARN] ModelIntegratedComponent:63 - No mode defined for component null
2026-03-25 13:51:50,880 [WARN] ModelIntegratedComponent:63 - No mode defined for component null
2026-03-25 13:51:50,880 [WARN] ModelIntegratedComponent:63 - No mode defined for component null
2026-03-25 13:51:50,880 [WARN] ModelIntegratedComponent:63 - No mode defined for component null
2026-03-25 13:51:50,880 [WARN] ModelIntegratedComponent:63 - No mode defined for component null
2026-03-25 13:51:50,880 [WARN] ModelIntegratedComponent:63 - No mode defined for component null
2026-03-25 13:51:50,880 [WARN] ModelIntegratedComponent:63 - No mode defined for component null
2026-03-25 13:51:50,880 [WARN] ModelIntegratedComponent:63 - No mode defined for component null
2026-03-25 13:51:50,880 [WARN] ModelIntegratedComponent:63 - No mode defined for component null
2026-03-25 13:51:50,881 [WARN] ModelIntegratedComponent:63 - No mode defined for component null
2026-03-25 13:51:50,881 [WARN] ModelIntegratedComponent:63 - No mode defined for component null
2026-03-25 13:51:50,881 [WARN] ModelIntegratedComponent:63 - No mode defined for component null
2026-03-25 13:51:50,881 [WARN] ModelIntegratedComponent:63 - No mode defined for component null
2026-03-25 13:51:50,881 [WARN] ModelIntegratedComponent:63 - No mode defined for component null
2026-03-25 13:51:50,881 [WARN] ModelIntegratedComponent:63 - No mode defined for component null
2026-03-25 13:51:50,881 [WARN] ModelIntegratedComponent:63 - No mode defined for component null
2026-03-25 13:51:50,881 [WARN] ModelIntegratedComponent:63 - No mode defined for component null
2026-03-25 13:51:50,881 [WARN] ModelIntegratedComponent:63 - No mode defined for component null
2026-03-25 13:51:50,881 [WARN] ModelIntegratedComponent:63 - No mode defined for component null
2026-03-25 13:51:50,881 [WARN] ModelIntegratedComponent:63 - No mode defined for component null
2026-03-25 13:51:50,881 [WARN] ModelIntegratedComponent:63 - No mode defined for component null
2026-03-25 13:51:50,881 [WARN] ModelIntegratedComponent:63 - No mode defined for component null
2026-03-25 13:51:50,881 [WARN] ModelIntegratedComponent:63 - No mode defined for component null
2026-03-25 13:51:50,882 [WARN] ModelIntegratedComponent:63 - No mode defined for component null
2026-03-25 13:51:50,882 [WARN] ModelIntegratedComponent:63 - No mode defined for component null
2026-03-25 13:51:50,882 [WARN] ModelIntegratedComponent:63 - No mode defined for component null
2026-03-25 13:51:50,882 [WARN] ModelIntegratedComponent:63 - No mode defined for component null
2026-03-25 13:51:50,882 [WARN] ModelIntegratedComponent:63 - No mode defined for component null
2026-03-25 13:51:50,882 [WARN] ModelIntegratedComponent:63 - No mode defined for component null
2026-03-25 13:51:50,882 [WARN] ModelIntegratedComponent:63 - No mode defined for component null
2026-03-25 13:51:50,882 [WARN] ModelIntegratedComponent:63 - No mode defined for component null
2026-03-25 13:51:50,882 [WARN] ModelIntegratedComponent:63 - No mode defined for component null
2026-03-25 13:51:50,882 [WARN] ModelPack:524 - Component already loaded: STMicroelectronics:HAL Drivers:0.0.0:STMicroelectronics:Device:STMicro_Driver:XSPI:HAL::0.0.1:HAL_XSPI
2026-03-25 13:51:51,284 [INFO] ThirdPartyModel:298 - Start build external matchings
2026-03-25 13:51:52,101 [INFO] ThirdPartyModel:316 - End build external matchings
2026-03-25 13:51:52,302 [INFO] UtilMem:75 - End LoadConfig() Used Memory: 628698712 Bytes (996147200)
2026-03-25 13:51:52,311 [WARN] ThirdParty:833 - waiting for thirdparty lock release [change project]
2026-03-25 13:51:52,311 [INFO] ThirdParty:835 - entering critical section [change project]
2026-03-25 13:51:52,311 [INFO] ThirdParty:1030 - CMSIS Pack Vendor :STMicroelectronics X-CUBE-PM33A1 1.0.0
2026-03-25 13:51:52,311 [INFO] ThirdParty:1030 - CMSIS Pack Vendor :STMicroelectronics USBPD 4.1
2026-03-25 13:51:52,311 [INFO] ThirdParty:1030 - CMSIS Pack Vendor :STMicroelectronics USB_HOST 2.0.0
2026-03-25 13:51:52,311 [INFO] ThirdParty:1030 - CMSIS Pack Vendor :STMicroelectronics FP-SNS-MOTENVWB1 1.4.0
2026-03-25 13:51:52,311 [INFO] ThirdParty:1030 - CMSIS Pack Vendor :STMicroelectronics X-CUBE-AZRTOS-F4 1.1.0
2026-03-25 13:51:52,311 [INFO] ThirdParty:1030 - CMSIS Pack Vendor :STMicroelectronics LIBJPEG 8.0.0
2026-03-25 13:51:52,312 [INFO] ThirdParty:1030 - CMSIS Pack Vendor :STMicroelectronics FP-ATR-ASTRA1 2.0.2
2026-03-25 13:51:52,312 [INFO] ThirdParty:1030 - CMSIS Pack Vendor :Avnet-IotConnect X-CUBE-IoTC-DA16k-PMOD 1.0.0
2026-03-25 13:51:52,312 [INFO] ThirdParty:1030 - CMSIS Pack Vendor :STMicroelectronics X-CUBE-SMBUS 2.1.0
2026-03-25 13:51:52,312 [INFO] ThirdParty:1030 - CMSIS Pack Vendor :STMicroelectronics X-CUBE-ISPU 2.1.0
2026-03-25 13:51:52,312 [INFO] ThirdParty:1030 - CMSIS Pack Vendor :STMicroelectronics X-CUBE-IPS 3.2.0
2026-03-25 13:51:52,312 [INFO] ThirdParty:1030 - CMSIS Pack Vendor :STMicroelectronics X-CUBE-ST60 1.0.0
2026-03-25 13:51:52,312 [INFO] ThirdParty:1030 - CMSIS Pack Vendor :STMicroelectronics X-CUBE-NFC12 1.0.0
2026-03-25 13:51:52,312 [INFO] ThirdParty:1030 - CMSIS Pack Vendor :STMicroelectronics X-CUBE-AZRTOS-F7 1.1.0
2026-03-25 13:51:52,312 [INFO] ThirdParty:1030 - CMSIS Pack Vendor :STMicroelectronics X-CUBE-AZRTOS-L5 2.0.0
2026-03-25 13:51:52,312 [INFO] ThirdParty:1030 - CMSIS Pack Vendor :STMicroelectronics USB_DEVICE 2.0.0
2026-03-25 13:51:52,312 [INFO] ThirdParty:1030 - CMSIS Pack Vendor :STMicroelectronics X-CUBE-NFC6 3.1.0
2026-03-25 13:51:52,312 [INFO] ThirdParty:1030 - CMSIS Pack Vendor :STMicroelectronics FP-SNS-MOTENV1 5.1.0
2026-03-25 13:51:52,312 [INFO] ThirdParty:1030 - CMSIS Pack Vendor :STMicroelectronics FreeRTOS 0.0.1
2026-03-25 13:51:52,312 [INFO] ThirdParty:1030 - CMSIS Pack Vendor :Infineon AIROC-Wi-Fi-Bluetooth-STM32 1.7.1
2026-03-25 13:51:52,312 [INFO] ThirdParty:1030 - CMSIS Pack Vendor :STMicroelectronics PDM2PCM 3.3.0
2026-03-25 13:51:52,313 [INFO] ThirdParty:1030 - CMSIS Pack Vendor :STMicroelectronics X-CUBE-AZRTOS-H7 3.4.0
2026-03-25 13:51:52,313 [INFO] ThirdParty:1030 - CMSIS Pack Vendor :STMicroelectronics X-CUBE-DISPLAY 3.0.0
2026-03-25 13:51:52,313 [INFO] ThirdParty:1030 - CMSIS Pack Vendor :STMicroelectronics FP-SNS-MOTENVWB1 1.5.0
2026-03-25 13:51:52,313 [INFO] ThirdParty:1030 - CMSIS Pack Vendor :STMicroelectronics X-CUBE-NFC10 1.0.0
2026-03-25 13:51:52,313 [INFO] ThirdParty:1030 - CMSIS Pack Vendor :STMicroelectronics X-CUBE-BLEMGR 4.0.0
2026-03-25 13:51:52,313 [INFO] ThirdParty:1030 - CMSIS Pack Vendor :STMicroelectronics X-CUBE-FREERTOS 1.3.1
2026-03-25 13:51:52,313 [INFO] ThirdParty:1030 - CMSIS Pack Vendor :STMicroelectronics HAL Drivers 0.0.0
2026-03-25 13:51:52,313 [INFO] ThirdParty:1030 - CMSIS Pack Vendor :STMicroelectronics X-CUBE-ST60 1.1.0
2026-03-25 13:51:52,313 [INFO] ThirdParty:1030 - CMSIS Pack Vendor :emotas I-CUBE-CANOPEN 1.3.0
2026-03-25 13:51:52,313 [INFO] ThirdParty:1030 - CMSIS Pack Vendor :STMicroelectronics MBEDTLS 2.14.1
2026-03-25 13:51:52,313 [INFO] ThirdParty:1030 - CMSIS Pack Vendor :STMicroelectronics X-CUBE-GNSS1 7.1.0
2026-03-25 13:51:52,313 [INFO] ThirdParty:1030 - CMSIS Pack Vendor :STMicroelectronics X-CUBE-TOUCHGFX 4.26.0
2026-03-25 13:51:52,313 [INFO] ThirdParty:1030 - CMSIS Pack Vendor :quantropi X-CUBE-qispace-sdk-base 2.0.0
2026-03-25 13:51:52,314 [INFO] ThirdParty:1030 - CMSIS Pack Vendor :STMicroelectronics FP-SNS-STBOX1 2.1.0
2026-03-25 13:51:52,314 [INFO] ThirdParty:1030 - CMSIS Pack Vendor :STMicroelectronics FP-SNS-STAIOTCFT 1.0.0
2026-03-25 13:51:52,314 [INFO] ThirdParty:1030 - CMSIS Pack Vendor :STMicroelectronics FP-SNS-SMARTAG2 1.2.0
2026-03-25 13:51:52,314 [INFO] ThirdParty:1030 - CMSIS Pack Vendor :STMicroelectronics FP-SNS-FLIGHT1 5.1.0
2026-03-25 13:51:52,314 [INFO] ThirdParty:1030 - CMSIS Pack Vendor :STMicroelectronics X-CUBE-AZRTOS-WL 2.0.0
2026-03-25 13:51:52,314 [INFO] ThirdParty:1030 - CMSIS Pack Vendor :STMicroelectronics X-CUBE-DPower 1.3.0
2026-03-25 13:51:52,314 [INFO] ThirdParty:1030 - CMSIS Pack Vendor :STMicroelectronics FP-SNS-MOTENV1 5.0.0
2026-03-25 13:51:52,314 [INFO] ThirdParty:1030 - CMSIS Pack Vendor :STMicroelectronics USB_DEVICE 1.0.0
2026-03-25 13:51:52,314 [INFO] ThirdParty:1030 - CMSIS Pack Vendor :STMicroelectronics X-CUBE-AZRTOS-H7RS 1.2.0
2026-03-25 13:51:52,314 [INFO] ThirdParty:1030 - CMSIS Pack Vendor :STMicroelectronics X-CUBE-AZRTOS-L4 2.0.0
2026-03-25 13:51:52,314 [INFO] ThirdParty:1030 - CMSIS Pack Vendor :STMicroelectronics ThreadX 0.0.2
2026-03-25 13:51:52,314 [INFO] ThirdParty:1030 - CMSIS Pack Vendor :WES I-CUBE-Cesium 1.3.0
2026-03-25 13:51:52,314 [INFO] ThirdParty:1030 - CMSIS Pack Vendor :STMicroelectronics lwIP 2.1.2
2026-03-25 13:51:52,314 [INFO] ThirdParty:1030 - CMSIS Pack Vendor :STMicroelectronics X-CUBE-SFXS2LP1 4.0.0
2026-03-25 13:51:52,315 [INFO] ThirdParty:1030 - CMSIS Pack Vendor :STMicroelectronics X-CUBE-BLE2 3.3.0
2026-03-25 13:51:52,315 [INFO] ThirdParty:1030 - CMSIS Pack Vendor :Avnet-IOTCONNECT X-CUBE-iotc-st67-sdk 1.0.0
2026-03-25 13:51:52,315 [INFO] ThirdParty:1030 - CMSIS Pack Vendor :STMicroelectronics PDM2PCM 3.2.0
2026-03-25 13:51:52,315 [INFO] ThirdParty:1030 - CMSIS Pack Vendor :STMicroelectronics X-CUBE-ST67W61 1.2.0
2026-03-25 13:51:52,315 [INFO] ThirdParty:1030 - CMSIS Pack Vendor :STMicroelectronics X-CUBE-NFC9 1.0.0
2026-03-25 13:51:52,315 [INFO] ThirdParty:1030 - CMSIS Pack Vendor :wolfSSL I-CUBE-wolfSSL 5.8.0
2026-03-25 13:51:52,315 [INFO] ThirdParty:1030 - CMSIS Pack Vendor :STMicroelectronics X-CUBE-BLE1 7.1.0
2026-03-25 13:51:52,315 [INFO] ThirdParty:1030 - CMSIS Pack Vendor :wolfSSL I-CUBE-wolfMQTT 1.19.2
2026-03-25 13:51:52,315 [INFO] ThirdParty:1030 - CMSIS Pack Vendor :STMicroelectronics USB_DEVICE 3.0.0
2026-03-25 13:51:52,315 [INFO] ThirdParty:1030 - CMSIS Pack Vendor :STMicroelectronics X-CUBE-FREERTOS 1.4.0
2026-03-25 13:51:52,315 [INFO] ThirdParty:1030 - CMSIS Pack Vendor :STMicroelectronics X-CUBE-EEPRMA1 5.2.0
2026-03-25 13:51:52,315 [INFO] ThirdParty:1030 - CMSIS Pack Vendor :STMicroelectronics X-CUBE-BLEMGR 4.1.0
2026-03-25 13:51:52,315 [INFO] ThirdParty:1030 - CMSIS Pack Vendor :STMicroelectronics X-CUBE-AZRTOS-WB 2.0.0
2026-03-25 13:51:52,315 [INFO] ThirdParty:1030 - CMSIS Pack Vendor :STMicroelectronics X-CUBE-GNSS1 7.0.1
2026-03-25 13:51:52,316 [INFO] ThirdParty:1030 - CMSIS Pack Vendor :STMicroelectronics X-CUBE-TOUCHGFX 4.25.0
2026-03-25 13:51:52,316 [INFO] ThirdParty:1030 - CMSIS Pack Vendor :STMicroelectronics X-CUBE-ST67W61 1.1.0
2026-03-25 13:51:52,316 [INFO] ThirdParty:1030 - CMSIS Pack Vendor :STMicroelectronics X-CUBE-AI 10.1.0
2026-03-25 13:51:52,316 [INFO] ThirdParty:1030 - CMSIS Pack Vendor :STMicroelectronics FP-SNS-STBOX1 2.0.0
2026-03-25 13:51:52,316 [INFO] ThirdParty:1030 - CMSIS Pack Vendor :STMicroelectronics X-CUBE-MEMS1 12.0.0
2026-03-25 13:51:52,316 [INFO] ThirdParty:1030 - CMSIS Pack Vendor :STMicroelectronics X-CUBE-STSE01 2.0.0
2026-03-25 13:51:52,316 [INFO] ThirdParty:1030 - CMSIS Pack Vendor :STMicroelectronics X-CUBE-AZRTOS-G0 1.1.0
2026-03-25 13:51:52,316 [INFO] ThirdParty:1030 - CMSIS Pack Vendor :STMicroelectronics X-CUBE-SAFEA1 1.2.2
2026-03-25 13:51:52,316 [INFO] ThirdParty:1030 - CMSIS Pack Vendor :STMicroelectronics X-CUBE-NFC4 3.0.0
2026-03-25 13:51:52,316 [INFO] ThirdParty:1030 - CMSIS Pack Vendor :STMicroelectronics X-CUBE-SUBG2 5.0.0
2026-03-25 13:51:52,316 [INFO] ThirdParty:1030 - CMSIS Pack Vendor :STMicroelectronics X-CUBE-AZRTOS-H7RS 1.1.0
2026-03-25 13:51:52,316 [INFO] ThirdParty:1030 - CMSIS Pack Vendor :STMicroelectronics STM32_WPAN 1.0.0
2026-03-25 13:51:52,316 [INFO] ThirdParty:1030 - CMSIS Pack Vendor :EmbeddedOffice I-CUBE-FS-RTOS 1.0.1
2026-03-25 13:51:52,316 [INFO] ThirdParty:1030 - CMSIS Pack Vendor :STMicroelectronics lwIP 2.0.3
2026-03-25 13:51:52,316 [INFO] ThirdParty:1030 - CMSIS Pack Vendor :Cesanta I-CUBE-Mongoose 7.13.0
2026-03-25 13:51:52,316 [INFO] ThirdParty:1030 - CMSIS Pack Vendor :STMicroelectronics USB_HOST 1.0.0
2026-03-25 13:51:52,317 [INFO] ThirdParty:1030 - CMSIS Pack Vendor :STMicroelectronics X-CUBE-AZRTOS-G4 2.0.0
2026-03-25 13:51:52,317 [INFO] ThirdParty:1030 - CMSIS Pack Vendor :STMicroelectronics X-CUBE-WB05N 2.0.0
2026-03-25 13:51:52,317 [INFO] ThirdParty:1030 - CMSIS Pack Vendor :STMicroelectronics PDM2PCM 3.1.0
2026-03-25 13:51:52,317 [INFO] ThirdParty:1030 - CMSIS Pack Vendor :wolfSSL I-CUBE-wolfTPM 3.8.0
2026-03-25 13:51:52,317 [INFO] ThirdParty:1030 - CMSIS Pack Vendor :wolfSSL I-CUBE-wolfSSH 1.4.20
2026-03-25 13:51:52,317 [INFO] ThirdParty:1030 - CMSIS Pack Vendor :STMicroelectronics X-CUBE-NFC7 2.0.0
2026-03-25 13:51:52,317 [INFO] ThirdParty:1030 - CMSIS Pack Vendor :STMicroelectronics X-CUBE-TCPP 4.2.0
2026-03-25 13:51:52,317 [INFO] ThirdParty:1030 - CMSIS Pack Vendor :RealThread X-CUBE-RT-Thread_Nano 4.1.1
2026-03-25 13:51:52,317 [INFO] ThirdParty:1030 - CMSIS Pack Vendor :STMicroelectronics FP-ATR-SIGFOX1 3.2.0
2026-03-25 13:51:52,317 [INFO] ThirdParty:1030 - CMSIS Pack Vendor :STMicroelectronics X-CUBE-EEPRMA1 5.1.0
2026-03-25 13:51:52,317 [INFO] ThirdParty:1030 - CMSIS Pack Vendor :STMicroelectronics MBEDTLS 2.16.2
2026-03-25 13:51:52,317 [INFO] ThirdParty:1030 - CMSIS Pack Vendor :STMicroelectronics X-CUBE-IPS 3.1.0
2026-03-25 13:51:52,317 [INFO] ThirdParty:1030 - CMSIS Pack Vendor :STMicroelectronics X-CUBE-ALS 1.0.2
2026-03-25 13:51:52,317 [INFO] ThirdParty:1030 - CMSIS Pack Vendor :ITTIA_DB I-CUBE-ITTIADB 8.9.0
2026-03-25 13:51:52,317 [INFO] ThirdParty:1030 - CMSIS Pack Vendor :STMicroelectronics X-CUBE-STSE01 1.0.0
2026-03-25 13:51:52,317 [INFO] ThirdParty:1030 - CMSIS Pack Vendor :portGmbH I-Cube-SoM-uGOAL 1.1.0
2026-03-25 13:51:52,317 [INFO] ThirdParty:1030 - CMSIS Pack Vendor :STMicroelectronics X-CUBE-NFC6 3.2.0
2026-03-25 13:51:52,317 [INFO] ThirdParty:1030 - CMSIS Pack Vendor :STMicroelectronics X-CUBE-ST67W61 1.0.0
2026-03-25 13:51:52,317 [INFO] ThirdParty:1030 - CMSIS Pack Vendor :STMicroelectronics X-CUBE-AI 10.2.0
2026-03-25 13:51:52,317 [INFO] ThirdParty:1030 - CMSIS Pack Vendor :STMicroelectronics ThreadX 1.0.0
2026-03-25 13:51:52,317 [INFO] ThirdParty:1030 - CMSIS Pack Vendor :SEGGER I-CUBE-embOS 1.3.1
2026-03-25 13:51:52,317 [INFO] ThirdParty:1030 - CMSIS Pack Vendor :STMicroelectronics X-CUBE-ALGOBUILD 1.4.0
2026-03-25 13:51:52,318 [INFO] ThirdParty:1030 - CMSIS Pack Vendor :STMicroelectronics X-CUBE-MEMS1 11.3.0
2026-03-25 13:51:52,318 [INFO] ThirdParty:1030 - CMSIS Pack Vendor :STMicroelectronics X-CUBE-TOF1 3.4.3
2026-03-25 13:51:52,318 [INFO] ThirdParty:841 - exiting critical section [change project]
2026-03-25 13:51:52,770 [INFO] PinOutPanel:1589 - setPackage(No Configuration,No Configuration)
2026-03-25 13:51:52,771 [INFO] PinOutPanel:1589 - setPackage(STM32F407VGTx,LQFP100)
2026-03-25 13:51:53,007 [INFO] UtilMem:75 - Before build in PCC Used Memory: 346063456 Bytes (996147200)
2026-03-25 13:51:53,347 [INFO] UtilMem:75 - After build in PCC Used Memory: 394824288 Bytes (996147200)
2026-03-25 13:51:53,375 [INFO] IPUIPlugin:80 - create IPUIPlugin
2026-03-25 13:51:53,376 [INFO] IPUIPlugin:80 - create IPUIPlugin
2026-03-25 13:51:53,376 [INFO] IPUIPlugin:80 - create IPUIPlugin
2026-03-25 13:51:53,376 [INFO] IPUIPlugin:80 - create IPUIPlugin
2026-03-25 13:51:53,376 [INFO] IPUIPlugin:80 - create IPUIPlugin
2026-03-25 13:51:53,377 [INFO] IPUIPlugin:80 - create IPUIPlugin
2026-03-25 13:51:53,377 [INFO] IPUIPlugin:80 - create IPUIPlugin
2026-03-25 13:51:53,377 [INFO] IPUIPlugin:80 - create IPUIPlugin
2026-03-25 13:51:53,377 [INFO] IPUIPlugin:80 - create IPUIPlugin
2026-03-25 13:51:53,377 [INFO] IPUIPlugin:80 - create IPUIPlugin
2026-03-25 13:51:53,377 [INFO] IPUIPlugin:80 - create IPUIPlugin
2026-03-25 13:51:53,378 [INFO] IPUIPlugin:80 - create IPUIPlugin
2026-03-25 13:51:53,378 [INFO] IPUIPlugin:80 - create IPUIPlugin
2026-03-25 13:51:53,378 [INFO] IPUIPlugin:80 - create IPUIPlugin
2026-03-25 13:51:53,378 [INFO] IPUIPlugin:80 - create IPUIPlugin
2026-03-25 13:51:53,378 [INFO] IPUIPlugin:80 - create IPUIPlugin
2026-03-25 13:51:53,378 [INFO] IPUIPlugin:80 - create IPUIPlugin
2026-03-25 13:51:53,379 [INFO] IPUIPlugin:80 - create IPUIPlugin
2026-03-25 13:51:53,379 [INFO] IPUIPlugin:80 - create IPUIPlugin
2026-03-25 13:51:53,379 [INFO] IPUIPlugin:80 - create IPUIPlugin
2026-03-25 13:51:53,379 [INFO] IPUIPlugin:80 - create IPUIPlugin
2026-03-25 13:51:53,379 [INFO] IPUIPlugin:80 - create IPUIPlugin
2026-03-25 13:51:53,380 [INFO] IPUIPlugin:80 - create IPUIPlugin
2026-03-25 13:51:53,380 [INFO] IPUIPlugin:80 - create IPUIPlugin
2026-03-25 13:51:53,380 [INFO] IPUIPlugin:80 - create IPUIPlugin
2026-03-25 13:51:53,380 [INFO] IPUIPlugin:80 - create IPUIPlugin
2026-03-25 13:51:53,380 [INFO] IPUIPlugin:80 - create IPUIPlugin
2026-03-25 13:51:53,380 [INFO] IPUIPlugin:80 - create IPUIPlugin
2026-03-25 13:51:53,381 [INFO] IPUIPlugin:80 - create IPUIPlugin
2026-03-25 13:51:53,381 [INFO] IPUIPlugin:80 - create IPUIPlugin
2026-03-25 13:51:53,381 [INFO] IPUIPlugin:80 - create IPUIPlugin
2026-03-25 13:51:53,381 [INFO] IPUIPlugin:80 - create IPUIPlugin
2026-03-25 13:51:53,381 [INFO] IPUIPlugin:80 - create IPUIPlugin
2026-03-25 13:51:53,382 [INFO] IPUIPlugin:80 - create IPUIPlugin
2026-03-25 13:51:53,382 [INFO] IPUIPlugin:80 - create IPUIPlugin
2026-03-25 13:51:53,382 [INFO] IPUIPlugin:80 - create IPUIPlugin
2026-03-25 13:51:53,383 [INFO] IPUIPlugin:80 - create IPUIPlugin
2026-03-25 13:51:53,383 [INFO] IPUIPlugin:80 - create IPUIPlugin
2026-03-25 13:51:53,383 [INFO] IPUIPlugin:80 - create IPUIPlugin
2026-03-25 13:51:53,384 [INFO] IPUIPlugin:80 - create IPUIPlugin
2026-03-25 13:51:53,384 [INFO] IPUIPlugin:80 - create IPUIPlugin
2026-03-25 13:51:53,384 [INFO] IPUIPlugin:80 - create IPUIPlugin
2026-03-25 13:51:53,385 [INFO] IPUIPlugin:80 - create IPUIPlugin
2026-03-25 13:51:53,385 [INFO] IPUIPlugin:80 - create IPUIPlugin
2026-03-25 13:51:53,385 [INFO] IPUIPlugin:80 - create IPUIPlugin
2026-03-25 13:51:53,386 [INFO] IPUIPlugin:80 - create IPUIPlugin
2026-03-25 13:51:53,386 [INFO] IPUIPlugin:80 - create IPUIPlugin
2026-03-25 13:51:53,386 [INFO] IPUIPlugin:80 - create IPUIPlugin
2026-03-25 13:51:53,386 [INFO] IPUIPlugin:80 - create IPUIPlugin
2026-03-25 13:51:53,387 [INFO] IPUIPlugin:80 - create IPUIPlugin
2026-03-25 13:51:53,387 [INFO] IPUIPlugin:80 - create IPUIPlugin
2026-03-25 13:51:53,387 [INFO] IPUIPlugin:80 - create IPUIPlugin
2026-03-25 13:51:53,387 [INFO] IPUIPlugin:80 - create IPUIPlugin
2026-03-25 13:51:53,387 [INFO] IPUIPlugin:80 - create IPUIPlugin
2026-03-25 13:51:53,388 [INFO] IPUIPlugin:80 - create IPUIPlugin
2026-03-25 13:51:53,388 [INFO] IPUIPlugin:80 - create IPUIPlugin
2026-03-25 13:51:53,389 [INFO] IPUIPlugin:80 - create IPUIPlugin
2026-03-25 13:51:53,389 [INFO] IPUIPlugin:80 - create IPUIPlugin
2026-03-25 13:51:53,394 [INFO] ApiDbMcu:532 - Load IP Config File for PDM2PCM
2026-03-25 13:51:53,436 [INFO] CADModel:165 - CPN selected for project levelSTM32F407VGT6
2026-03-25 13:51:53,437 [INFO] CADModel:114 - Register for checkConnection events
2026-03-25 13:51:53,478 [INFO] OpenFileManager:386 - Restore cursor
2026-03-25 13:52:04,898 [INFO] Gpio:278 - dependency for GPIO []
2026-03-25 14:13:05,216 [INFO] Gpio:278 - dependency for GPIO []
2026-03-25 14:13:27,760 [INFO] UtilMem:75 - End SaveConfig() Used Memory: 362471864 Bytes (989855744)
2026-03-25 14:14:40,172 [INFO] UtilMem:75 - End SaveConfig() Used Memory: 836428216 Bytes (989855744)
2026-03-25 14:14:43,395 [INFO] UtilMem:75 - End SaveConfig() Used Memory: 864215480 Bytes (989855744)
2026-03-25 14:14:45,624 [INFO] UtilMem:75 - End SaveConfig() Used Memory: 360633144 Bytes (989855744)
2026-03-25 14:14:45,931 [INFO] BlockDiagram:2775 - set Specific Code input for plugin: SYS
2026-03-25 14:14:45,931 [INFO] BlockDiagram:2775 - set Specific Code input for plugin: RCC
2026-03-25 14:14:45,931 [INFO] BlockDiagram:2775 - set Specific Code input for plugin: NVIC
2026-03-25 14:14:45,932 [INFO] BlockDiagram:2775 - set Specific Code input for plugin: GPIO
2026-03-25 14:14:45,933 [INFO] CodeGenerator:892 - code generatio: config db path: /opt/st/stm32cubeide_1.19.0/plugins/com.st.stm32cube.common.mx_6.15.0.202507011659//db/
2026-03-25 14:14:46,042 [INFO] CodeEngine:265 - oldGeneratedFile, /home/sunbeam/Desktop/workspace/RTOS_workspace/002LED_Tasks/MXTmpFiles/license.tmp_save
2026-03-25 14:14:46,350 [INFO] CodeEngine:289 - Generated code: /home/sunbeam/Desktop/workspace/RTOS_workspace/002LED_Tasks/MXTmpFiles/license.tmp
2026-03-25 14:14:46,437 [INFO] CodeEngine:265 - oldGeneratedFile, /home/sunbeam/Desktop/workspace/RTOS_workspace/002LED_Tasks/MXTmpFiles/gpio.tmp_save
2026-03-25 14:14:46,649 [INFO] CodeEngine:289 - Generated code: /home/sunbeam/Desktop/workspace/RTOS_workspace/002LED_Tasks/MXTmpFiles/gpio.tmp
2026-03-25 14:14:46,700 [INFO] CodeEngine:265 - oldGeneratedFile, /home/sunbeam/Desktop/workspace/RTOS_workspace/002LED_Tasks/Core/Src/stm32f4xx_it.c_save
2026-03-25 14:14:47,060 [INFO] CodeEngine:289 - Generated code: /home/sunbeam/Desktop/workspace/RTOS_workspace/002LED_Tasks/Core/Src/stm32f4xx_it.c
2026-03-25 14:14:47,062 [INFO] CodeEngine:265 - oldGeneratedFile, /home/sunbeam/Desktop/workspace/RTOS_workspace/002LED_Tasks/Core/Inc/stm32f4xx_it.h_save
2026-03-25 14:14:47,175 [INFO] CodeEngine:289 - Generated code: /home/sunbeam/Desktop/workspace/RTOS_workspace/002LED_Tasks/Core/Inc/stm32f4xx_it.h
2026-03-25 14:14:47,181 [INFO] CodeEngine:265 - oldGeneratedFile, /home/sunbeam/Desktop/workspace/RTOS_workspace/002LED_Tasks/Core/Src/stm32f4xx_hal_msp.c_save
2026-03-25 14:14:47,383 [INFO] CodeEngine:289 - Generated code: /home/sunbeam/Desktop/workspace/RTOS_workspace/002LED_Tasks/Core/Src/stm32f4xx_hal_msp.c
2026-03-25 14:14:47,387 [INFO] CodeEngine:265 - oldGeneratedFile, /home/sunbeam/Desktop/workspace/RTOS_workspace/002LED_Tasks/MXTmpFiles/system.tmp_save
2026-03-25 14:14:47,487 [INFO] CodeEngine:289 - Generated code: /home/sunbeam/Desktop/workspace/RTOS_workspace/002LED_Tasks/MXTmpFiles/system.tmp
2026-03-25 14:14:47,488 [INFO] CodeEngine:265 - oldGeneratedFile, /home/sunbeam/Desktop/workspace/RTOS_workspace/002LED_Tasks/Core/Src/stm32f4xx_hal_timebase_tim.c_save
2026-03-25 14:14:47,588 [INFO] CodeEngine:289 - Generated code: /home/sunbeam/Desktop/workspace/RTOS_workspace/002LED_Tasks/Core/Src/stm32f4xx_hal_timebase_tim.c
2026-03-25 14:14:47,595 [INFO] CodeEngine:321 - oldGeneratedFile, /home/sunbeam/Desktop/workspace/RTOS_workspace/002LED_Tasks/Core/Inc/stm32f4xx_hal_conf.h_save
2026-03-25 14:14:47,692 [INFO] CodeEngine:345 - Generated code: /home/sunbeam/Desktop/workspace/RTOS_workspace/002LED_Tasks/Core/Inc/stm32f4xx_hal_conf.h
2026-03-25 14:14:47,746 [INFO] ApiDbMcu:532 - Load IP Config File for RCC
2026-03-25 14:14:47,751 [INFO] CodeEngine:265 - oldGeneratedFile, /home/sunbeam/Desktop/workspace/RTOS_workspace/002LED_Tasks/Core/Inc/main.h_save
2026-03-25 14:14:47,874 [INFO] CodeEngine:289 - Generated code: /home/sunbeam/Desktop/workspace/RTOS_workspace/002LED_Tasks/Core/Inc/main.h
2026-03-25 14:14:47,877 [INFO] CodeEngine:265 - oldGeneratedFile, /home/sunbeam/Desktop/workspace/RTOS_workspace/002LED_Tasks/Core/Src/main.c_save
2026-03-25 14:14:47,990 [INFO] CodeEngine:289 - Generated code: /home/sunbeam/Desktop/workspace/RTOS_workspace/002LED_Tasks/Core/Src/main.c
2026-03-25 14:14:48,246 [INFO] ProjectBuilder:3606 - Time for Copy HAL[1] : 30mS.
2026-03-25 14:14:48,248 [INFO] ProjectBuilder:5216 - Project Generator version: 4.7.0-B52
2026-03-25 14:14:48,378 [INFO] ConfigFileManager:1595 - The Die is : DIE413
2026-03-25 14:14:48,382 [INFO] ApiDbMcu:532 - Load IP Config File for FATFS
2026-03-25 14:14:48,388 [INFO] ApiDbMcu:532 - Load IP Config File for FREERTOS
2026-03-25 14:14:48,390 [INFO] ApiDbMcu:532 - Load IP Config File for LIBJPEG
2026-03-25 14:14:48,396 [INFO] ApiDbMcu:532 - Load IP Config File for LWIP
2026-03-25 14:14:48,404 [INFO] ApiDbMcu:532 - Load IP Config File for MBEDTLS
2026-03-25 14:14:48,411 [INFO] ApiDbMcu:532 - Load IP Config File for USB_DEVICE
2026-03-25 14:14:48,415 [INFO] ApiDbMcu:532 - Load IP Config File for USB_HOST
2026-03-25 14:14:49,570 [INFO] ProjectBuilder:5496 - Time for Generating toolchain IDE Files: 1321mS.
2026-03-25 14:14:49,570 [INFO] ProjectBuilder:3463 - Time for Copy CMSIS : 0mS.
2026-03-25 14:14:49,572 [INFO] ProjectBuilder:3463 - Time for Copy CMSIS : 0mS.
2026-03-25 14:19:07,346 [INFO] WebApp:194 - Connection lost
2026-03-25 14:20:06,853 [INFO] WebApp:191 - Connection restablished
2026-03-25 14:20:11,339 [INFO] WebApp:194 - Connection lost
2026-03-25 14:20:11,635 [INFO] WebApp:191 - Connection restablished
2026-03-25 14:59:49,850 [INFO] Gpio:278 - dependency for GPIO []
