2026-03-26 16:40:02,826 [INFO] Activator:176 - 


2026-03-26 16:40:02,830 [INFO] Activator:177 - !SESSION log4j initialized
2026-03-26 16:40:07,927 [INFO] LogOutputStream:77 - [STDOUT_REDIRECT] 
2026-03-26 16:40:09,483 [INFO] ApplicationProperties:184 - Using Application install path: /opt/st/stm32cubeide_1.19.0/plugins/com.st.stm32cube.common.mx_6.15.0.202507011659
2026-03-26 16:40:09,510 [INFO] DbMcusXml:78 - Set database path to: /opt/st/stm32cubeide_1.19.0/plugins/com.st.stm32cube.common.mx_6.15.0.202507011659//db//mcu/
2026-03-26 16:40:09,511 [INFO] ApiDb:274 - Set plugin database path to: /opt/st/stm32cubeide_1.19.0/plugins/com.st.stm32cube.common.mx_6.15.0.202507011659//db//plugins/boardmanager/
2026-03-26 16:40:09,511 [WARN] ApiDb:259 - Overriding images path with different value:  => /opt/st/stm32cubeide_1.19.0/plugins/com.st.stm32cube.common.mx_6.15.0.202507011659//db//plugins/mcufinder/images/
2026-03-26 16:40:09,521 [INFO] ApiDb:250 - Set database path to: /home/sunbeam/.stmcufinder/plugins/mcufinder//mcu/
2026-03-26 16:40:09,523 [INFO] DbMcusAds:125 - Set database path to: /home/sunbeam/.stmcufinder/plugins/mcufinder//mcu/
2026-03-26 16:40:09,604 [INFO] CrossReferenceDbSqlite:203 - Set database path to: /home/sunbeam/.stmcufinder/plugins/mcufinder//mcu/cs/
2026-03-26 16:40:09,759 [INFO] RulesReader:64 - Compatibility file has been processed (317 Rules)
2026-03-26 16:40:09,828 [INFO] DbMcusXml:78 - Set database path to: /opt/st/stm32cubeide_1.19.0/plugins/com.st.stm32cube.common.mx_6.15.0.202507011659//db//mcu/
2026-03-26 16:40:09,828 [INFO] ApiDb:274 - Set plugin database path to: /opt/st/stm32cubeide_1.19.0/plugins/com.st.stm32cube.common.mx_6.15.0.202507011659//db//plugins/boardmanager/
2026-03-26 16:40:09,829 [INFO] ApiDb:261 - Set plugin images path to: /opt/st/stm32cubeide_1.19.0/plugins/com.st.stm32cube.common.mx_6.15.0.202507011659//db//plugins/mcufinder/images/
2026-03-26 16:40:09,829 [WARN] DbFile:41 - Overriding database path with different value: /home/sunbeam/.stmcufinder/plugins/mcufinder/ => /home/sunbeam/.stmcufinder/plugins/mcufinder
2026-03-26 16:40:09,829 [INFO] ApiDb:250 - Set database path to: /home/sunbeam/.stmcufinder/plugins/mcufinder//mcu/
2026-03-26 16:40:09,829 [WARN] DbFile:41 - Overriding database path with different value: /home/sunbeam/.stmcufinder/plugins/mcufinder/ => /home/sunbeam/.stmcufinder/plugins/mcufinder
2026-03-26 16:40:09,829 [INFO] DbMcusAds:125 - Set database path to: /home/sunbeam/.stmcufinder/plugins/mcufinder//mcu/
2026-03-26 16:40:09,829 [WARN] DbFile:41 - Overriding database path with different value: /home/sunbeam/.stmcufinder/plugins/mcufinder/ => /home/sunbeam/.stmcufinder/plugins/mcufinder
2026-03-26 16:40:09,829 [WARN] DbFile:41 - Overriding database path with different value: /home/sunbeam/.stmcufinder/plugins/mcufinder/ => /home/sunbeam/.stmcufinder/plugins/mcufinder
2026-03-26 16:40:09,916 [INFO] CrossReferenceDbSqlite:203 - Set database path to: /home/sunbeam/.stmcufinder/plugins/mcufinder//mcu/cs/
2026-03-26 16:40:10,024 [INFO] MainPanel:274 - HeapMemory: 268435456
2026-03-26 16:40:10,252 [INFO] DbMcusXml:78 - Set database path to: /opt/st/stm32cubeide_1.19.0/plugins/com.st.stm32cube.common.mx_6.15.0.202507011659//db//mcu/
2026-03-26 16:40:10,253 [INFO] ApiDb:274 - Set plugin database path to: /opt/st/stm32cubeide_1.19.0/plugins/com.st.stm32cube.common.mx_6.15.0.202507011659//db//plugins/boardmanager/
2026-03-26 16:40:10,253 [INFO] ApiDb:261 - Set plugin images path to: /opt/st/stm32cubeide_1.19.0/plugins/com.st.stm32cube.common.mx_6.15.0.202507011659//db//plugins/mcufinder/images/
2026-03-26 16:40:10,254 [WARN] DbFile:41 - Overriding database path with different value: /home/sunbeam/.stmcufinder/plugins/mcufinder/ => /home/sunbeam/.stmcufinder/plugins/mcufinder
2026-03-26 16:40:10,254 [INFO] ApiDb:250 - Set database path to: /home/sunbeam/.stmcufinder/plugins/mcufinder//mcu/
2026-03-26 16:40:10,255 [WARN] DbFile:41 - Overriding database path with different value: /home/sunbeam/.stmcufinder/plugins/mcufinder/ => /home/sunbeam/.stmcufinder/plugins/mcufinder
2026-03-26 16:40:10,255 [INFO] DbMcusAds:125 - Set database path to: /home/sunbeam/.stmcufinder/plugins/mcufinder//mcu/
2026-03-26 16:40:10,255 [WARN] DbFile:41 - Overriding database path with different value: /home/sunbeam/.stmcufinder/plugins/mcufinder/ => /home/sunbeam/.stmcufinder/plugins/mcufinder
2026-03-26 16:40:10,255 [WARN] DbFile:41 - Overriding database path with different value: /home/sunbeam/.stmcufinder/plugins/mcufinder/ => /home/sunbeam/.stmcufinder/plugins/mcufinder
2026-03-26 16:40:10,329 [INFO] CrossReferenceDbSqlite:203 - Set database path to: /home/sunbeam/.stmcufinder/plugins/mcufinder//mcu/cs/
2026-03-26 16:40:10,363 [INFO] ApplicationProperties:184 - Using Application install path: /opt/st/stm32cubeide_1.19.0/plugins/com.st.stm32cube.common.mx_6.15.0.202507011659
2026-03-26 16:40:10,366 [INFO] PluginManage:196 - Search for loadable plugins [exclusion list=, ]
2026-03-26 16:40:10,369 [INFO] PluginManage:310 - Check plugin analytics
2026-03-26 16:40:10,742 [INFO] AnalyticsPlugin:253 - Accepted Software Licenses: 
2026-03-26 16:40:10,742 [INFO] AnalyticsPlugin:255 - Accepted CMSIS Pack Licenses: 
2026-03-26 16:40:10,742 [INFO] AnalyticsPlugin:257 - Accepted Firmware Licenses: FW.F4.1.28.0
2026-03-26 16:40:10,745 [INFO] PluginManage:359 - Loaded plugin analytics (category:tool,tabindex:-1)
2026-03-26 16:40:10,746 [INFO] PluginManage:310 - Check plugin cadmodel
2026-03-26 16:40:10,757 [INFO] CADModel:105 - Init CAD model plugin
2026-03-26 16:40:10,757 [INFO] PluginManage:359 - Loaded plugin cadmodel (category:power,tabindex:5)
2026-03-26 16:40:10,758 [INFO] PluginManage:310 - Check plugin clock
2026-03-26 16:40:10,771 [INFO] PluginManage:359 - Loaded plugin clock (category:base,tabindex:2)
2026-03-26 16:40:10,771 [INFO] PluginManage:310 - Check plugin ddr
2026-03-26 16:40:10,774 [INFO] PluginManage:359 - Loaded plugin ddr (category:tool,tabindex:6)
2026-03-26 16:40:10,774 [INFO] PluginManage:310 - Check plugin filemanager
2026-03-26 16:40:10,969 [INFO] PluginManage:359 - Loaded plugin filemanager (category:base,tabindex:10)
2026-03-26 16:40:10,969 [INFO] PluginManage:310 - Check plugin ipmanager
2026-03-26 16:40:10,975 [INFO] PluginManage:359 - Loaded plugin ipmanager (category:base,tabindex:5)
2026-03-26 16:40:10,975 [INFO] PluginManage:310 - Check plugin lpbam
2026-03-26 16:40:10,989 [INFO] PluginManage:359 - Loaded plugin lpbam (category:base,tabindex:0)
2026-03-26 16:40:10,990 [INFO] PluginManage:310 - Check plugin memorymap
2026-03-26 16:40:11,007 [INFO] PluginManage:359 - Loaded plugin memorymap (category:base,tabindex:4)
2026-03-26 16:40:11,008 [INFO] PluginManage:310 - Check plugin pinoutandconfiguration
2026-03-26 16:40:11,025 [INFO] PluginManage:359 - Loaded plugin pinoutandconfiguration (category:base,tabindex:1)
2026-03-26 16:40:11,025 [INFO] PluginManage:310 - Check plugin pinoutconfig
2026-03-26 16:40:11,164 [WARN] SupportedApi:132 - Cannot load RTOS API schema: s4s-elt-must-match.1: The content of 'definitions' must match (annotation?, (simpleType | complexType)?, (unique | key | keyref)*)). A problem was found starting at: attribute.
2026-03-26 16:40:11,331 [INFO] PluginManage:359 - Loaded plugin pinoutconfig (category:base,tabindex:0)
2026-03-26 16:40:11,331 [INFO] PluginManage:310 - Check plugin power
2026-03-26 16:40:11,341 [INFO] PluginManage:359 - Loaded plugin power (category:power,tabindex:4)
2026-03-26 16:40:11,342 [INFO] PluginManage:310 - Check plugin projectmanager
2026-03-26 16:40:11,367 [INFO] PluginManage:359 - Loaded plugin projectmanager (category:projectmanager,tabindex:4)
2026-03-26 16:40:11,368 [INFO] PluginManage:310 - Check plugin rif
2026-03-26 16:40:11,381 [INFO] PluginManage:359 - Loaded plugin rif (category:base,tabindex:3)
2026-03-26 16:40:11,382 [INFO] PluginManage:310 - Check plugin thirdparty
2026-03-26 16:40:11,591 [INFO] PluginManage:359 - Loaded plugin thirdparty (category:base,tabindex:-1)
2026-03-26 16:40:11,591 [WARN] IntegrityCheckThread:84 - waiting for thirdparty lock release [integrity check]
2026-03-26 16:40:11,592 [INFO] IntegrityCheckThread:86 - entering critical section [integrity check]
2026-03-26 16:40:11,592 [INFO] PluginManage:310 - Check plugin tools
2026-03-26 16:40:11,592 [INFO] ThirdPartyUpdaterWithRetryManager:70 - Updater plugin not ready yet. [1/15]
2026-03-26 16:40:11,595 [INFO] PluginManage:359 - Loaded plugin tools (category:base,tabindex:7)
2026-03-26 16:40:11,596 [INFO] PluginManage:310 - Check plugin tutovideos
2026-03-26 16:40:11,864 [INFO] PluginManage:359 - Loaded plugin tutovideos (category:base,tabindex:-1)
2026-03-26 16:40:11,864 [INFO] PluginManage:310 - Check plugin updater
2026-03-26 16:40:11,891 [INFO] PluginManage:359 - Loaded plugin updater (category:base,tabindex:12)
2026-03-26 16:40:11,892 [INFO] PluginManage:310 - Check plugin userauth
2026-03-26 16:40:11,897 [INFO] UserAuth:118 - Init User Auth plugin
2026-03-26 16:40:11,898 [INFO] PluginManage:359 - Loaded plugin userauth (category:base,tabindex:14)
2026-03-26 16:40:11,899 [INFO] PluginManage:283 - PluginManage : Loaded plugins [18]
2026-03-26 16:40:12,092 [INFO] PinOutPanel:1589 - setPackage(No Configuration,No Configuration)
2026-03-26 16:40:12,194 [INFO] CADModel:165 - CPN selected for project level
2026-03-26 16:40:12,194 [INFO] CADModel:114 - Register for checkConnection events
2026-03-26 16:40:12,205 [INFO] IPUIPlugin:80 - create IPUIPlugin
2026-03-26 16:40:12,205 [INFO] PluginManager:220 - loadIPPluginJar : add dfsdm
2026-03-26 16:40:12,209 [INFO] IPUIPlugin:80 - create IPUIPlugin
2026-03-26 16:40:12,209 [INFO] PluginManager:220 - loadIPPluginJar : add gfxmmu
2026-03-26 16:40:12,212 [INFO] IPUIPlugin:80 - create IPUIPlugin
2026-03-26 16:40:12,212 [INFO] PluginManager:220 - loadIPPluginJar : add i3c
2026-03-26 16:40:12,216 [INFO] IPUIPlugin:80 - create IPUIPlugin
2026-03-26 16:40:12,216 [INFO] PluginManager:220 - loadIPPluginJar : add sai
2026-03-26 16:40:12,223 [INFO] IPUIPlugin:80 - create IPUIPlugin
2026-03-26 16:40:12,224 [INFO] PluginManager:220 - loadIPPluginJar : add dma
2026-03-26 16:40:12,225 [INFO] IPUIPlugin:80 - create IPUIPlugin
2026-03-26 16:40:12,225 [INFO] PluginManager:220 - loadIPPluginJar : add quadspi
2026-03-26 16:40:12,229 [INFO] IPUIPlugin:80 - create IPUIPlugin
2026-03-26 16:40:12,229 [INFO] PluginManager:220 - loadIPPluginJar : add opamp
2026-03-26 16:40:12,231 [INFO] IPUIPlugin:80 - create IPUIPlugin
2026-03-26 16:40:12,231 [INFO] PluginManager:220 - loadIPPluginJar : add comp
2026-03-26 16:40:12,236 [INFO] IPUIPlugin:80 - create IPUIPlugin
2026-03-26 16:40:12,238 [INFO] PluginManager:220 - loadIPPluginJar : add plateformsettings
2026-03-26 16:40:12,239 [INFO] IPUIPlugin:80 - create IPUIPlugin
2026-03-26 16:40:12,240 [INFO] PluginManager:220 - loadIPPluginJar : add ltdc
2026-03-26 16:40:12,242 [INFO] IPUIPlugin:80 - create IPUIPlugin
2026-03-26 16:40:12,243 [INFO] PluginManager:220 - loadIPPluginJar : add nvic
2026-03-26 16:40:12,244 [INFO] IPUIPlugin:80 - create IPUIPlugin
2026-03-26 16:40:12,244 [INFO] PluginManager:220 - loadIPPluginJar : add fatfs
2026-03-26 16:40:12,250 [INFO] IPUIPlugin:80 - create IPUIPlugin
2026-03-26 16:40:12,250 [INFO] PluginManager:220 - loadIPPluginJar : add gpio
2026-03-26 16:40:12,253 [INFO] IPUIPlugin:80 - create IPUIPlugin
2026-03-26 16:40:12,254 [INFO] PluginManager:220 - loadIPPluginJar : add aes
2026-03-26 16:40:12,259 [INFO] IPUIPlugin:80 - create IPUIPlugin
2026-03-26 16:40:12,259 [INFO] PluginManager:220 - loadIPPluginJar : add mdma
2026-03-26 16:40:12,262 [INFO] IPUIPlugin:80 - create IPUIPlugin
2026-03-26 16:40:12,262 [INFO] PluginManager:220 - loadIPPluginJar : add pdm2pcm
2026-03-26 16:40:12,268 [INFO] IPUIPlugin:80 - create IPUIPlugin
2026-03-26 16:40:12,268 [INFO] PluginManager:220 - loadIPPluginJar : add linkedlist
2026-03-26 16:40:12,270 [INFO] IPUIPlugin:80 - create IPUIPlugin
2026-03-26 16:40:12,270 [INFO] PluginManager:220 - loadIPPluginJar : add usart
2026-03-26 16:40:12,272 [INFO] IPUIPlugin:80 - create IPUIPlugin
2026-03-26 16:40:12,272 [INFO] PluginManager:220 - loadIPPluginJar : add i2c
2026-03-26 16:40:12,274 [INFO] IPUIPlugin:80 - create IPUIPlugin
2026-03-26 16:40:12,274 [INFO] PluginManager:220 - loadIPPluginJar : add lorawan
2026-03-26 16:40:12,277 [INFO] IPUIPlugin:80 - create IPUIPlugin
2026-03-26 16:40:12,277 [INFO] PluginManager:220 - loadIPPluginJar : add usbx
2026-03-26 16:40:12,283 [INFO] IPUIPlugin:80 - create IPUIPlugin
2026-03-26 16:40:12,283 [INFO] PluginManager:220 - loadIPPluginJar : add fmc
2026-03-26 16:40:12,287 [INFO] IPUIPlugin:80 - create IPUIPlugin
2026-03-26 16:40:12,288 [INFO] PluginManager:220 - loadIPPluginJar : add extmemmanager
2026-03-26 16:40:12,292 [INFO] IPUIPlugin:80 - create IPUIPlugin
2026-03-26 16:40:12,293 [INFO] PluginManager:220 - loadIPPluginJar : add freertos
2026-03-26 16:40:12,296 [INFO] IPUIPlugin:80 - create IPUIPlugin
2026-03-26 16:40:12,296 [INFO] PluginManager:220 - loadIPPluginJar : add can
2026-03-26 16:40:12,299 [INFO] IPUIPlugin:80 - create IPUIPlugin
2026-03-26 16:40:12,299 [INFO] PluginManager:220 - loadIPPluginJar : add touchsensing
2026-03-26 16:40:12,301 [INFO] IPUIPlugin:80 - create IPUIPlugin
2026-03-26 16:40:12,301 [INFO] PluginManager:220 - loadIPPluginJar : add tracer_emb
2026-03-26 16:40:12,302 [INFO] IPUIPlugin:80 - create IPUIPlugin
2026-03-26 16:40:12,302 [INFO] PluginManager:220 - loadIPPluginJar : add ucpd
2026-03-26 16:40:12,304 [INFO] IPUIPlugin:80 - create IPUIPlugin
2026-03-26 16:40:12,304 [INFO] PluginManager:220 - loadIPPluginJar : add ts
2026-03-26 16:40:12,305 [INFO] IPUIPlugin:80 - create IPUIPlugin
2026-03-26 16:40:12,305 [INFO] PluginManager:220 - loadIPPluginJar : add tsc
2026-03-26 16:40:12,308 [INFO] IPUIPlugin:80 - create IPUIPlugin
2026-03-26 16:40:12,308 [INFO] PluginManager:220 - loadIPPluginJar : add resmgrutility
2026-03-26 16:40:12,310 [INFO] IPUIPlugin:80 - create IPUIPlugin
2026-03-26 16:40:12,310 [INFO] PluginManager:220 - loadIPPluginJar : add cryp
2026-03-26 16:40:12,313 [INFO] IPUIPlugin:80 - create IPUIPlugin
2026-03-26 16:40:12,313 [INFO] PluginManager:220 - loadIPPluginJar : add openamp
2026-03-26 16:40:12,321 [INFO] IPUIPlugin:80 - create IPUIPlugin
2026-03-26 16:40:12,322 [INFO] PluginManager:220 - loadIPPluginJar : add adc
2026-03-26 16:40:12,323 [INFO] IPUIPlugin:80 - create IPUIPlugin
2026-03-26 16:40:12,324 [INFO] PluginManager:220 - loadIPPluginJar : add spi
2026-03-26 16:40:12,327 [INFO] IPUIPlugin:80 - create IPUIPlugin
2026-03-26 16:40:12,327 [INFO] PluginManager:220 - loadIPPluginJar : add ipddr
2026-03-26 16:40:12,333 [INFO] IPUIPlugin:80 - create IPUIPlugin
2026-03-26 16:40:12,334 [INFO] PluginManager:220 - loadIPPluginJar : add stm32_wpan
2026-03-26 16:40:12,338 [INFO] IPUIPlugin:80 - create IPUIPlugin
2026-03-26 16:40:12,338 [INFO] PluginManager:220 - loadIPPluginJar : add gic
2026-03-26 16:40:12,341 [INFO] IPUIPlugin:80 - create IPUIPlugin
2026-03-26 16:40:12,341 [INFO] PluginManager:220 - loadIPPluginJar : add ddr_ctrl_phy
2026-03-26 16:40:12,342 [INFO] IPUIPlugin:80 - create IPUIPlugin
2026-03-26 16:40:12,342 [INFO] PluginManager:220 - loadIPPluginJar : add genericplugin
2026-03-26 16:40:12,344 [INFO] IPUIPlugin:80 - create IPUIPlugin
2026-03-26 16:40:12,344 [INFO] PluginManager:220 - loadIPPluginJar : add hash
2026-03-26 16:40:12,346 [INFO] IPUIPlugin:80 - create IPUIPlugin
2026-03-26 16:40:12,347 [INFO] PluginManager:220 - loadIPPluginJar : add tim
2026-03-26 16:40:12,349 [INFO] IPUIPlugin:80 - create IPUIPlugin
2026-03-26 16:40:12,349 [INFO] PluginManager:220 - loadIPPluginJar : add radio
2026-03-26 16:40:12,354 [INFO] IPUIPlugin:80 - create IPUIPlugin
2026-03-26 16:40:12,354 [INFO] PluginManager:220 - loadIPPluginJar : add gtzc
2026-03-26 16:40:12,356 [INFO] IPUIPlugin:80 - create IPUIPlugin
2026-03-26 16:40:12,356 [INFO] PluginManager:220 - loadIPPluginJar : add i2s
2026-03-26 16:40:12,358 [INFO] IPUIPlugin:80 - create IPUIPlugin
2026-03-26 16:40:12,358 [INFO] PluginManager:220 - loadIPPluginJar : add dma3
2026-03-26 16:40:12,460 [FATAL] Updater:351 - Updater called before beeing initialized
2026-03-26 16:40:12,516 [INFO] RulesReader:64 - Compatibility file has been processed (317 Rules)
2026-03-26 16:40:12,532 [INFO] RulesReader:64 - Compatibility file has been processed (317 Rules)
2026-03-26 16:40:12,540 [INFO] CADModel:165 - CPN selected for project level
2026-03-26 16:40:12,541 [INFO] CADModel:114 - Register for checkConnection events
2026-03-26 16:40:12,541 [FATAL] Updater:351 - Updater called before beeing initialized
2026-03-26 16:40:12,541 [ERROR] CADModel:125 - Updater not yet initialized, retry later 
2026-03-26 16:40:12,675 [FATAL] Updater:351 - Updater called before beeing initialized
2026-03-26 16:40:12,677 [INFO] CADModel:165 - CPN selected for project level
2026-03-26 16:40:12,677 [INFO] CADModel:114 - Register for checkConnection events
2026-03-26 16:40:12,677 [FATAL] Updater:351 - Updater called before beeing initialized
2026-03-26 16:40:12,677 [ERROR] CADModel:125 - Updater not yet initialized, retry later 
2026-03-26 16:40:12,683 [FATAL] Updater:351 - Updater called before beeing initialized
2026-03-26 16:40:12,802 [FATAL] Updater:351 - Updater called before beeing initialized
2026-03-26 16:40:12,806 [INFO] DbMcusAds:53 - JSON generation date=Thu Mar 05 20:02:52 IST 2026 (1772721172890)
2026-03-26 16:40:12,807 [FATAL] Updater:351 - Updater called before beeing initialized
2026-03-26 16:40:12,846 [WARN] DetailPanel:346 - Failed to get advertising image, set to default
2026-03-26 16:40:12,928 [FATAL] Updater:351 - Updater called before beeing initialized
2026-03-26 16:40:12,930 [FATAL] Updater:351 - Updater called before beeing initialized
2026-03-26 16:40:12,930 [FATAL] Updater:351 - Updater called before beeing initialized
2026-03-26 16:40:12,930 [WARN] DetailPanel:346 - Failed to get advertising image, set to default
2026-03-26 16:40:12,931 [FATAL] Updater:351 - Updater called before beeing initialized
2026-03-26 16:40:12,969 [ERROR] Updater:1198 - MainUpdater not yet initialized. External WinMGr cannot be set.
2026-03-26 16:40:12,970 [INFO] Updater:1134 - Updater Version found : 6.15.0
2026-03-26 16:40:12,998 [INFO] ApplicationProperties:184 - Using Application install path: /opt/st/stm32cubeide_1.19.0/plugins/com.st.stm32cube.common.mx_6.15.0.202507011659
2026-03-26 16:40:13,767 [INFO] MainUpdater:2872 - connection check result : 10
2026-03-26 16:40:13,769 [INFO] MainUpdater:289 - Updater Check For Update Now.
2026-03-26 16:40:13,770 [INFO] MicroXplorer:498 - Change Database Version : DB.6.0.150
2026-03-26 16:40:13,783 [INFO] McuFinderGlobals:63 - Set McuFinder mode to 2 (CubeIDE integrated)
2026-03-26 16:40:13,784 [INFO] UserAuth:171 - activating auth plugin
2026-03-26 16:40:13,789 [INFO] UserAuth:487 - Internet connection configuration mode: 1
2026-03-26 16:40:13,830 [INFO] JxBrowserEngine:152 - Initiate JxBrowser Engine with user profile folder
2026-03-26 16:40:14,041 [INFO] CheckServerUpdateThread:120 - End of CheckServer Thread
2026-03-26 16:40:14,844 [WARN] PackLoader:240 - Cannot read IP mode file for STMicroelectronics.FP-SNS-MOTENVWB1.1.4.0
2026-03-26 16:40:14,861 [WARN] PackLoader:240 - Cannot read IP mode file for STMicroelectronics.FP-ATR-ASTRA1.2.0.2
2026-03-26 16:40:14,871 [WARN] PackLoader:240 - Cannot read IP mode file for STMicroelectronics.X-CUBE-SMBUS.2.1.0
2026-03-26 16:40:14,876 [WARN] PackLoader:240 - Cannot read IP mode file for STMicroelectronics.X-CUBE-ST60.1.0.0
2026-03-26 16:40:14,914 [WARN] PackLoader:240 - Cannot read IP mode file for STMicroelectronics.X-CUBE-AZRTOS-F7.1.1.0
2026-03-26 16:40:14,927 [WARN] PackLoader:240 - Cannot read IP mode file for STMicroelectronics.FP-SNS-MOTENV1.5.1.0
2026-03-26 16:40:14,968 [WARN] PackLoader:240 - Cannot read IP mode file for Infineon.AIROC-Wi-Fi-Bluetooth-STM32.1.7.1
2026-03-26 16:40:15,007 [WARN] PackLoader:240 - Cannot read IP mode file for STMicroelectronics.X-CUBE-AZRTOS-H7.3.4.0
2026-03-26 16:40:15,023 [WARN] PackLoader:240 - Cannot read IP mode file for STMicroelectronics.X-CUBE-DISPLAY.3.0.0
2026-03-26 16:40:15,038 [WARN] PackLoader:240 - Cannot read IP mode file for STMicroelectronics.FP-SNS-MOTENVWB1.1.5.0
2026-03-26 16:40:15,050 [WARN] PackLoader:240 - Cannot read IP mode file for STMicroelectronics.X-CUBE-NFC10.1.0.0
2026-03-26 16:40:15,063 [WARN] PackLoader:240 - Cannot read IP mode file for STMicroelectronics.X-CUBE-BLEMGR.4.0.0
2026-03-26 16:40:15,073 [WARN] PackLoader:240 - Cannot read IP mode file for STMicroelectronics.X-CUBE-ST60.1.1.0
2026-03-26 16:40:15,081 [WARN] PackLoader:240 - Cannot read IP mode file for emotas.I-CUBE-CANOPEN.1.3.0
2026-03-26 16:40:15,088 [WARN] PackLoader:240 - Cannot read IP mode file for STMicroelectronics.X-CUBE-GNSS1.7.1.0
2026-03-26 16:40:15,094 [WARN] ConditionMgr:438 - getConditionDescription Invalid condition id : Cortex-A Device cause : null
2026-03-26 16:40:15,110 [WARN] ConditionMgr:1044 - genDependencies : Invalid condition id : Cortex-A Device cause : null
2026-03-26 16:40:15,111 [WARN] ConditionMgr:1044 - genDependencies : Invalid condition id : Cortex-A Device cause : null
2026-03-26 16:40:15,111 [WARN] ConditionMgr:1044 - genDependencies : Invalid condition id : Cortex-A Device cause : null
2026-03-26 16:40:15,121 [WARN] PackLoader:240 - Cannot read IP mode file for STMicroelectronics.FP-SNS-STBOX1.2.1.0
2026-03-26 16:40:15,129 [WARN] PackLoader:240 - Cannot read IP mode file for STMicroelectronics.FP-SNS-SMARTAG2.1.2.0
2026-03-26 16:40:15,135 [WARN] PackLoader:240 - Cannot read IP mode file for STMicroelectronics.FP-SNS-FLIGHT1.5.1.0
2026-03-26 16:40:15,171 [INFO] LogOutputStream:77 - [STDOUT_REDIRECT] 1 : Invalid condition id : UX_CORESTACK_Condition cause : null
2026-03-26 16:40:15,172 [INFO] LogOutputStream:77 - [STDOUT_REDIRECT] 1 : Invalid condition id : UX_CORESTACK_Condition cause : null
2026-03-26 16:40:15,172 [INFO] LogOutputStream:77 - [STDOUT_REDIRECT] 1 : Invalid condition id : UX_CORESTACK_Condition cause : null
2026-03-26 16:40:15,172 [INFO] LogOutputStream:77 - [STDOUT_REDIRECT] 1 : Invalid condition id : UX_CORESTACK_Condition cause : null
2026-03-26 16:40:15,173 [INFO] LogOutputStream:77 - [STDOUT_REDIRECT] 1 : Invalid condition id : UX_CORESTACK_Condition cause : null
2026-03-26 16:40:15,177 [WARN] PackLoader:240 - Cannot read IP mode file for STMicroelectronics.X-CUBE-AZRTOS-WL.2.0.0
2026-03-26 16:40:15,188 [WARN] PackLoader:240 - Cannot read IP mode file for STMicroelectronics.FP-SNS-MOTENV1.5.0.0
2026-03-26 16:40:15,219 [WARN] PackLoader:240 - Cannot read IP mode file for STMicroelectronics.X-CUBE-AZRTOS-H7RS.1.2.0
2026-03-26 16:40:15,235 [WARN] PackLoader:240 - Cannot read IP mode file for WES.I-CUBE-Cesium.1.3.0
2026-03-26 16:40:15,243 [WARN] PackLoader:240 - Cannot read IP mode file for STMicroelectronics.X-CUBE-BLE2.3.3.0
2026-03-26 16:40:15,276 [WARN] PackLoader:240 - Cannot read IP mode file for STMicroelectronics.X-CUBE-NFC9.1.0.0
2026-03-26 16:40:15,287 [WARN] PackLoader:240 - Cannot read IP mode file for wolfSSL.I-CUBE-wolfSSL.5.8.0
2026-03-26 16:40:15,295 [WARN] PackLoader:240 - Cannot read IP mode file for STMicroelectronics.X-CUBE-BLE1.7.1.0
2026-03-26 16:40:15,300 [WARN] PackLoader:240 - Cannot read IP mode file for wolfSSL.I-CUBE-wolfMQTT.1.19.2
2026-03-26 16:40:15,308 [WARN] PackLoader:240 - Cannot read IP mode file for STMicroelectronics.X-CUBE-FREERTOS.1.4.0
2026-03-26 16:40:15,323 [WARN] PackLoader:240 - Cannot read IP mode file for STMicroelectronics.X-CUBE-EEPRMA1.5.2.0
2026-03-26 16:40:15,337 [WARN] PackLoader:240 - Cannot read IP mode file for STMicroelectronics.X-CUBE-ST67W61.1.1.0
2026-03-26 16:40:15,340 [INFO] WebApp:169 - Instantiating new browser for Auth
2026-03-26 16:40:15,341 [WARN] PackLoader:240 - Cannot read IP mode file for STMicroelectronics.X-CUBE-AI.10.1.0
2026-03-26 16:40:15,407 [WARN] PackLoader:240 - Cannot read IP mode file for STMicroelectronics.X-CUBE-MEMS1.12.0.0
2026-03-26 16:40:15,506 [WARN] PackLoader:240 - Cannot read IP mode file for STMicroelectronics.X-CUBE-AZRTOS-G0.1.1.0
2026-03-26 16:40:15,511 [WARN] PackLoader:240 - Cannot read IP mode file for STMicroelectronics.X-CUBE-SAFEA1.1.2.2
2026-03-26 16:40:15,516 [WARN] PackLoader:240 - Cannot read IP mode file for STMicroelectronics.X-CUBE-NFC4.3.0.0
2026-03-26 16:40:15,524 [WARN] PackLoader:240 - Cannot read IP mode file for EmbeddedOffice.I-CUBE-FS-RTOS.1.0.1
2026-03-26 16:40:15,528 [WARN] PackLoader:240 - Cannot read IP mode file for STMicroelectronics.X-CUBE-WB05N.2.0.0
2026-03-26 16:40:15,532 [WARN] PackLoader:240 - Cannot read IP mode file for wolfSSL.I-CUBE-wolfTPM.3.8.0
2026-03-26 16:40:15,537 [WARN] PackLoader:240 - Cannot read IP mode file for STMicroelectronics.X-CUBE-TCPP.4.2.0
2026-03-26 16:40:15,542 [WARN] PackLoader:240 - Cannot read IP mode file for RealThread.X-CUBE-RT-Thread_Nano.4.1.1
2026-03-26 16:40:15,546 [WARN] PackLoader:240 - Cannot read IP mode file for STMicroelectronics.FP-ATR-SIGFOX1.3.2.0
2026-03-26 16:40:15,554 [WARN] PackLoader:240 - Cannot read IP mode file for STMicroelectronics.X-CUBE-EEPRMA1.5.1.0
2026-03-26 16:40:15,561 [WARN] PackLoader:240 - Cannot read IP mode file for ITTIA_DB.I-CUBE-ITTIADB.8.9.0
2026-03-26 16:40:15,566 [WARN] PackLoader:240 - Cannot read IP mode file for STMicroelectronics.X-CUBE-NFC6.3.2.0
2026-03-26 16:40:15,575 [WARN] PackLoader:240 - Cannot read IP mode file for STMicroelectronics.X-CUBE-ST67W61.1.0.0
2026-03-26 16:40:15,580 [WARN] PackLoader:240 - Cannot read IP mode file for STMicroelectronics.X-CUBE-AI.10.2.0
2026-03-26 16:40:15,611 [WARN] PackLoader:240 - Cannot read IP mode file for SEGGER.I-CUBE-embOS.1.3.1
2026-03-26 16:40:15,679 [WARN] PackLoader:240 - Cannot read IP mode file for STMicroelectronics.X-CUBE-ALGOBUILD.1.4.0
2026-03-26 16:40:15,732 [WARN] PackLoader:240 - Cannot read IP mode file for STMicroelectronics.X-CUBE-MEMS1.11.3.0
2026-03-26 16:40:15,881 [WARN] PackLoader:240 - Cannot read IP mode file for STMicroelectronics.X-CUBE-PM33A1.1.0.0
2026-03-26 16:40:15,901 [WARN] PackLoader:240 - Cannot read IP mode file for STMicroelectronics.X-CUBE-AZRTOS-F4.1.1.0
2026-03-26 16:40:15,906 [WARN] PackLoader:240 - Cannot read IP mode file for Avnet-IotConnect.X-CUBE-IoTC-DA16k-PMOD.1.0.0
2026-03-26 16:40:15,908 [WARN] PackLoader:240 - Cannot read IP mode file for STMicroelectronics.X-CUBE-ISPU.2.1.0
2026-03-26 16:40:15,926 [WARN] PackLoader:240 - Cannot read IP mode file for STMicroelectronics.X-CUBE-IPS.3.2.0
2026-03-26 16:40:15,939 [WARN] PackLoader:240 - Cannot read IP mode file for STMicroelectronics.X-CUBE-NFC12.1.0.0
2026-03-26 16:40:15,961 [WARN] PackLoader:240 - Cannot read IP mode file for STMicroelectronics.X-CUBE-AZRTOS-L5.2.0.0
2026-03-26 16:40:15,972 [WARN] PackLoader:240 - Cannot read IP mode file for STMicroelectronics.X-CUBE-NFC6.3.1.0
2026-03-26 16:40:15,984 [WARN] PackLoader:240 - Cannot read IP mode file for STMicroelectronics.X-CUBE-FREERTOS.1.3.1
2026-03-26 16:40:15,996 [WARN] PackLoader:240 - Cannot read IP mode file for STMicroelectronics.X-CUBE-TOUCHGFX.4.26.0
2026-03-26 16:40:16,000 [WARN] PackLoader:240 - Cannot read IP mode file for STMicroelectronics.FP-SNS-STAIOTCFT.1.0.0
2026-03-26 16:40:16,008 [WARN] PackLoader:240 - Cannot read IP mode file for STMicroelectronics.X-CUBE-DPower.1.3.0
2026-03-26 16:40:16,087 [WARN] ConditionMgr:438 - getConditionDescription Invalid condition id : LAN8742 Phy interface Condition cause : null
2026-03-26 16:40:16,089 [WARN] PackLoader:240 - Cannot read IP mode file for STMicroelectronics.X-CUBE-AZRTOS-L4.2.0.0
2026-03-26 16:40:16,091 [WARN] ConditionMgr:1044 - genDependencies : Invalid condition id : LAN8742 Phy interface Condition cause : null
2026-03-26 16:40:16,091 [WARN] ConditionMgr:1044 - genDependencies : Invalid condition id : LAN8742 Phy interface Condition cause : null
2026-03-26 16:40:16,092 [WARN] ConditionMgr:1044 - genDependencies : Invalid condition id : LAN8742 Phy interface Condition cause : null
2026-03-26 16:40:16,105 [WARN] PackLoader:240 - Cannot read IP mode file for STMicroelectronics.X-CUBE-SFXS2LP1.4.0.0
2026-03-26 16:40:16,114 [WARN] PackLoader:240 - Cannot read IP mode file for STMicroelectronics.X-CUBE-ST67W61.1.2.0
2026-03-26 16:40:16,129 [WARN] PackLoader:240 - Cannot read IP mode file for STMicroelectronics.X-CUBE-BLEMGR.4.1.0
2026-03-26 16:40:16,151 [WARN] ConditionMgr:438 - getConditionDescription Invalid condition id : UX DEVICE CLASS RTOS Condition cause : null
2026-03-26 16:40:16,151 [WARN] ConditionMgr:438 - getConditionDescription Invalid condition id : UX DEVICE CLASS RTOS Condition cause : null
2026-03-26 16:40:16,155 [WARN] PackLoader:240 - Cannot read IP mode file for STMicroelectronics.X-CUBE-AZRTOS-WB.2.0.0
2026-03-26 16:40:16,155 [WARN] ConditionMgr:1044 - genDependencies : Invalid condition id : UX DEVICE CLASS RTOS Condition cause : null
2026-03-26 16:40:16,156 [WARN] ConditionMgr:1044 - genDependencies : Invalid condition id : UX DEVICE CLASS RTOS Condition cause : null
2026-03-26 16:40:16,156 [WARN] ConditionMgr:1044 - genDependencies : Invalid condition id : UX DEVICE CLASS RTOS Condition cause : null
2026-03-26 16:40:16,157 [WARN] ConditionMgr:1044 - genDependencies : Invalid condition id : UX DEVICE CLASS RTOS Condition cause : null
2026-03-26 16:40:16,157 [WARN] ConditionMgr:1044 - genDependencies : Invalid condition id : UX DEVICE CLASS RTOS Condition cause : null
2026-03-26 16:40:16,163 [WARN] PackLoader:240 - Cannot read IP mode file for STMicroelectronics.X-CUBE-GNSS1.7.0.1
2026-03-26 16:40:16,168 [WARN] PackLoader:240 - Cannot read IP mode file for STMicroelectronics.X-CUBE-TOUCHGFX.4.25.0
2026-03-26 16:40:16,181 [WARN] PackLoader:240 - Cannot read IP mode file for STMicroelectronics.FP-SNS-STBOX1.2.0.0
2026-03-26 16:40:16,191 [WARN] PackLoader:240 - Cannot read IP mode file for STMicroelectronics.X-CUBE-STSE01.2.0.0
2026-03-26 16:40:16,204 [WARN] PackLoader:240 - Cannot read IP mode file for STMicroelectronics.X-CUBE-SUBG2.5.0.0
2026-03-26 16:40:16,225 [WARN] PackLoader:240 - Cannot read IP mode file for STMicroelectronics.X-CUBE-AZRTOS-H7RS.1.1.0
2026-03-26 16:40:16,231 [WARN] PackLoader:240 - Cannot read IP mode file for Cesanta.I-CUBE-Mongoose.7.13.0
2026-03-26 16:40:16,244 [WARN] PackLoader:240 - Cannot read IP mode file for STMicroelectronics.X-CUBE-AZRTOS-G4.2.0.0
2026-03-26 16:40:16,250 [WARN] PackLoader:240 - Cannot read IP mode file for wolfSSL.I-CUBE-wolfSSH.1.4.20
2026-03-26 16:40:16,256 [WARN] PackLoader:240 - Cannot read IP mode file for STMicroelectronics.X-CUBE-NFC7.2.0.0
2026-03-26 16:40:16,269 [WARN] PackLoader:240 - Cannot read IP mode file for STMicroelectronics.X-CUBE-IPS.3.1.0
2026-03-26 16:40:16,282 [WARN] PackLoader:240 - Cannot read IP mode file for STMicroelectronics.X-CUBE-ALS.1.0.2
2026-03-26 16:40:16,290 [WARN] PackLoader:240 - Cannot read IP mode file for STMicroelectronics.X-CUBE-STSE01.1.0.0
2026-03-26 16:40:16,296 [WARN] PackLoader:240 - Cannot read IP mode file for portGmbH.I-Cube-SoM-uGOAL.1.1.0
2026-03-26 16:40:16,308 [WARN] PackLoader:240 - Cannot read IP mode file for STMicroelectronics.X-CUBE-TOF1.3.4.3
2026-03-26 16:40:16,319 [INFO] ThirdParty:978 - Integrity check success = true
2026-03-26 16:40:16,320 [INFO] IntegrityCheckThread:100 - exiting critical section [integrity check]
2026-03-26 16:40:16,320 [INFO] IntegrityCheckThread:103 - End integrity checks thread
2026-03-26 16:40:16,534 [INFO] WebApp:463 - Apply proxy settings
2026-03-26 16:40:16,535 [INFO] WebApp:548 - Chromium requires no authentication
2026-03-26 16:40:16,544 [INFO] WebApp:491 - Direct internet connection detected
2026-03-26 16:40:16,570 [INFO] WebApp:900 - Register for checkConnection events
2026-03-26 16:40:16,570 [INFO] WebApp:463 - Apply proxy settings
2026-03-26 16:40:16,571 [INFO] WebApp:548 - Chromium requires no authentication
2026-03-26 16:40:16,571 [INFO] WebApp:491 - Direct internet connection detected
2026-03-26 16:40:16,738 [INFO] WebApp:225 - Starting web application
2026-03-26 16:40:16,738 [INFO] WebApp:593 - Web application path used /opt/st/stm32cubeide_1.19.0/plugins/com.st.stm32cube.common.mx_6.15.0.202507011659/db/plugins/mcufinder/reactClient1/index.html
2026-03-26 16:40:17,273 [INFO] WebApp:191 - Connection restablished
2026-03-26 16:40:39,560 [INFO] McuFinderGlobals:63 - Set McuFinder mode to 2 (CubeIDE integrated)
2026-03-26 16:40:39,563 [INFO] MainUpdater:2872 - connection check result : 10
2026-03-26 16:40:39,564 [INFO] McuFinderGlobals:76 - Set McuFinderConnectedMode to true
2026-03-26 16:40:40,131 [INFO] ServerAccessManage:452 - Complete download http(s) 200
2026-03-26 16:40:40,134 [INFO] ServerAccessManage:509 - Download File mcusAds.json._tmp_
2026-03-26 16:40:40,245 [INFO] LoadUrlFilesThread:156 - End of LoadUrlFiles Thread
2026-03-26 16:40:40,562 [INFO] ServerAccessManage:452 - Complete download http(s) 200
2026-03-26 16:40:40,563 [INFO] ServerAccessManage:509 - Download File cube-finder-db.zip
2026-03-26 16:40:49,704 [INFO] FileExtend:248 - Unzip File : cube-finder-db.zip
2026-03-26 16:40:49,704 [INFO] FileExtend:263 - Standard Zip Deflate
2026-03-26 16:40:50,471 [INFO] LoadUrlFilesThread:156 - End of LoadUrlFiles Thread
2026-03-26 16:41:39,325 [WARN] ServerAccessManage:1291 - Warning during Server Connection :  timeout Read timed out
2026-03-26 16:42:08,824 [INFO] DbMcusAds:53 - JSON generation date=Thu Mar 05 20:02:52 IST 2026 (1772721172890)
2026-03-26 16:42:08,872 [ERROR] TargetSelectorAdapter:267 - Unable to refresh data
2026-03-26 16:42:09,320 [INFO] ApiDb:581 - Connected to CubeFinder SQLite database (/home/sunbeam/.stmcufinder/plugins/mcufinder/mcu/cube-finder-db.db)
2026-03-26 16:42:09,383 [INFO] ApiDb:668 - CubeFinder database Data Model version=2.1
2026-03-26 16:42:09,383 [INFO] ApiDb:669 - CubeFinder database Configuration version=3.0.42
2026-03-26 16:42:09,383 [INFO] ApiDb:670 - CubeFinder database generation date=2026-03-11 (1773229989)
2026-03-26 16:42:09,384 [INFO] ApiDb:671 - CubeFinder database FW Pack versions=[FP-ATR-ASTRA1_V2.0.0, FP-SNS-FLIGHT1_V5.1.0, FP-SNS-MOTENV1_V5.1.0, FP-SNS-MOTENVWB1_V1.5.0, FP-SNS-SMARTAG2_V1.2.0, FP-SNS-STBOX1_V2.1.0, STM32Cube_FW_C0_V1.4.0, STM32Cube_FW_F4_V1.28.3, STM32Cube_FW_F7_V1.17.4, STM32Cube_FW_G0_V1.6.3, STM32Cube_FW_G4_V1.6.2, STM32Cube_FW_H5_V1.6.0, STM32Cube_FW_H7RS_V1.3.0, STM32Cube_FW_H7_V1.13.0, STM32Cube_FW_L0_V1.12.2, STM32Cube_FW_L4_V1.18.2, STM32Cube_FW_L5_V1.6.0, STM32Cube_FW_N6_V1.3.0, STM32Cube_FW_U0_V1.3.0, STM32Cube_FW_U3_V1.3.0, STM32Cube_FW_U5_V1.8.0, STM32Cube_FW_WB0_V1.4.0, STM32Cube_FW_WBA_V1.9.0, STM32Cube_FW_WB_V1.24.0, STM32Cube_FW_WL3_V1.4.0, STM32Cube_FW_WL_V1.5.0, X-CUBE-ALGOBUILD_V1.4.0, X-CUBE-ALS_V1.0.2, X-CUBE-AZRTOS-F4_V1.1.0, X-CUBE-AZRTOS-F7_V1.1.0, X-CUBE-AZRTOS-G0_V1.1.0, X-CUBE-AZRTOS-G4_V2.0.0, X-CUBE-AZRTOS-H7RS_V1.1.0, X-CUBE-AZRTOS-H7_V3.4.0, X-CUBE-AZRTOS-L4_V2.0.0, X-CUBE-AZRTOS-L5_V2.0.0, X-CUBE-AZRTOS-WB_V2.0.0, X-CUBE-AZRTOS-WL_V2.0.0, X-CUBE-BLE1_V7.1.0, X-CUBE-BLE2_V3.3.0, X-CUBE-BLEMGR_V4.1.0, X-CUBE-EEPRMA1_V5.2.0, X-CUBE-FREERTOS_V1.5.0, X-CUBE-GNSS1_V6.0.0, X-CUBE-MEMS1_V12.0.0, X-CUBE-NFC4_V3.0.0, X-CUBE-NFC7_V2.0.0, X-CUBE-SFXS2LP1_V4.0.0, X-CUBE-ST67W61_V1.2.0, X-CUBE-SUBG2_V5.0.0, X-CUBE-TOF1_V3.4.3]
2026-03-26 16:42:12,001 [INFO] ApiDb:240 - Found 880 in-development CPN: [B-G473E-ZEST1S, B-WB1M-WPAN1, B-WBA5M-WPAN, B-WL5M-SUBG1, NUCLEO-C031C6, NUCLEO-C051C8, NUCLEO-C071RB, NUCLEO-C092RC, NUCLEO-H503RB, NUCLEO-H533RE, NUCLEO-H563ZI, NUCLEO-H7S3L8, NUCLEO-N657X0-Q, NUCLEO-U031R8, NUCLEO-U083RC, NUCLEO-U385RG-Q, NUCLEO-U545RE-Q, NUCLEO-U5A5ZJ-Q, NUCLEO-WB05KZ, NUCLEO-WB07CC, NUCLEO-WB09KE, NUCLEO-WBA52CG, NUCLEO-WBA55CG, NUCLEO-WL33CC1, NUCLEO-WL33CC2, STEVAL-PROTEUS1, STEVAL-SMARTAG2, STEVAL-STWINBX1, STM320518-EVAL, STM32C0116-DK, STM32C011D6Y3TR, STM32C011D6Y6TR, STM32C011F4P3, STM32C011F4P6, STM32C011F4U3, STM32C011F4U6TR, STM32C011F6P3, STM32C011F6P6, STM32C011F6U3, STM32C011F6U6TR, STM32C011J4M3, STM32C011J4M6, STM32C011J6M3, STM32C011J6M6, STM32C0316-DK, STM32C031C4T3, STM32C031C4T6, STM32C031C4U3, STM32C031C4U6, STM32C031C6T3, STM32C031C6T6, STM32C031C6U3, STM32C031C6U6, STM32C031F4P3, STM32C031F4P6, STM32C031F6P3, STM32C031F6P6, STM32C031G4U3, STM32C031G4U6, STM32C031G6U3, STM32C031G6U6, STM32C031K4T3, STM32C031K4T6, STM32C031K4U3, STM32C031K4U6, STM32C031K6T3, STM32C031K6T6, STM32C031K6U3, STM32C031K6U6, STM32C051C6T6, STM32C051C6U6, STM32C051C8T6, STM32C051C8U6, STM32C051D8Y6TR, STM32C051F6P6, STM32C051F8P6, STM32C051G6U6, STM32C051G8U6, STM32C051K6T6, STM32C051K6U6, STM32C051K8T6, STM32C071C8T6, STM32C071C8T6N, STM32C071C8U6, STM32C071C8U6N, STM32C071CBT6, STM32C071CBT6N, STM32C071CBU6, STM32C071CBU6N, STM32C071F8P6, STM32C071F8P6N, STM32C071FBP6, STM32C071FBP6N, STM32C071FBY6TR, STM32C071G8U6, STM32C071G8U6N, STM32C071GBU6, STM32C071GBU6N, STM32C071K8T6, STM32C071K8T6N, STM32C071K8U6, STM32C071K8U6N, STM32C071KBT6, STM32C071KBT6N, STM32C071KBU6, STM32C071KBU6N, STM32C071R8T6, STM32C071R8T6N, STM32C071RBI6N, STM32C071RBT6, STM32C071RBT6N, STM32C091CBT6, STM32C091CBU6, STM32C091CCT6, STM32C091CCU6, STM32C091ECY6TR, STM32C091FBP6, STM32C091FCP6, STM32C091GBU6, STM32C091GCU6, STM32C091KBT6, STM32C091KBU6, STM32C091KCT6, STM32C091KCU6, STM32C091RBT6, STM32C091RCI6, STM32C091RCT6, STM32C092CBT6, STM32C092CBU6, STM32C092CCT6, STM32C092CCU6, STM32C092ECY6TR, STM32C092FBP6, STM32C092FCP6, STM32C092GBU6, STM32C092GCU6, STM32C092KBT6, STM32C092KBU6, STM32C092KCT6, STM32C092KCU6, STM32C092RBT6, STM32C092RCI6, STM32C092RCT6, STM32G071K8TXN, STM32G071K8UXN, STM32G081GBU6N, STM32G081KBT6N, STM32G081KBUXN, STM32G0B1CCT6N, STM32G0B1KCT6, STM32G0B1NEY6TR, STM32G0B1RCT6N, STM32G0C1CCT6, STM32G0C1CCT6N, STM32G0C1CCU6N, STM32G0C1CET6N, STM32G0C1CEU6N, STM32G0C1KCT6, STM32G0C1NEY6TR, STM32G0C1RCI6N, STM32G0C1RCT6N, STM32G0C1REI6N, STM32G0C1RET6N, STM32G0C1VCI6, STM32G0C1VEI6, STM32G411C6T3, STM32G411C6T6, STM32G411C6U3, STM32G411C6U6, STM32G411C8T3, STM32G411C8T6, STM32G411C8U3, STM32G411C8U6, STM32G411CBT3, STM32G411CBT6, STM32G411CBU3, STM32G411CBU6, STM32G411K6T3, STM32G411K6T6, STM32G411K6U3, STM32G411K6U6, STM32G411K8T3, STM32G411K8T6, STM32G411K8U3, STM32G411K8U6, STM32G411KBT3, STM32G411KBT6, STM32G411KBU3, STM32G411KBU6, STM32G411M6T3, STM32G411M6T6, STM32G411M8T3, STM32G411M8T6, STM32G411MBT3, STM32G411MBT6, STM32G411R6T3, STM32G411R6T6, STM32G411R8T3, STM32G411R8T6, STM32G411RBT3, STM32G411RBT6, STM32G414CBT3, STM32G414CBT6, STM32G414CBU3, STM32G414CBU6, STM32G414CCT3, STM32G414CCT6, STM32G414CCU3, STM32G414CCU6, STM32G414MBT3, STM32G414MBT6, STM32G414MCT3, STM32G414MCT6, STM32G414RBT3, STM32G414RBT6, STM32G414RCT3, STM32G414RCT6, STM32G414VBT3, STM32G414VBT6, STM32G414VCT3, STM32G414VCT6, STM32G431CBT3Z, STM32G431RBT3Z, STM32G471CCT6, STM32G471CCU6, STM32G471CET3, STM32G471CET6, STM32G471CEU3, STM32G471CEU6, STM32G471MCT6, STM32G471MET3, STM32G471MET6, STM32G471MEY6TR, STM32G471QCT6, STM32G471QET3, STM32G471RCT6, STM32G471RET3, STM32G471RET6, STM32G471VCH6, STM32G471VCI6, STM32G471VCT6, STM32G471VEH3, STM32G471VEH6, STM32G471VEI3, STM32G471VEI6, STM32G471VET3, STM32G471VET6, STM32G473QET3Z, STM32G473RET3Z, STM32G474CCT6, STM32G491RET3Z, STM32H503CBT6, STM32H503CBU6, STM32H503EBY6TR, STM32H503KBU6, STM32H503RBT6, STM32H523CCT6, STM32H523CCU6, STM32H523CET6, STM32H523CEU6, STM32H523HEY6TR, STM32H523RCT6, STM32H523RET6, STM32H523VCI6, STM32H523VCT6, STM32H523VEI6, STM32H523VET6, STM32H523ZCJ6, STM32H523ZCT6, STM32H523ZEJ6, STM32H523ZET6, STM32H533CET6, STM32H533CEU6, STM32H533HEY6TR, STM32H533RET6, STM32H533VEI6, STM32H533VET6, STM32H533ZEJ6, STM32H533ZET6, STM32H562AGI6, STM32H562AII6, STM32H562IGK6, STM32H562IGT6, STM32H562IIK6, STM32H562IIT6, STM32H562RGT6, STM32H562RGV6, STM32H562RIT6, STM32H562RIV6, STM32H562VGT6, STM32H562VIT6, STM32H562ZGT6, STM32H562ZIT6, STM32H563AGI6, STM32H563AII3Q, STM32H563AII6, STM32H563IGK6, STM32H563IGT6, STM32H563IIK3Q, STM32H563IIK6, STM32H563IIT3Q, STM32H563IIT6, STM32H563MIY3QTR, STM32H563RGT6, STM32H563RGV6, STM32H563RIT6, STM32H563RIV6, STM32H563VGT6, STM32H563VIT3Q, STM32H563VIT6, STM32H563ZGT6, STM32H563ZIT3Q, STM32H563ZIT6, STM32H573AII3Q, STM32H573AII6, STM32H573I-DK, STM32H573IIK3Q, STM32H573IIK6, STM32H573IIT3Q, STM32H573IIT6, STM32H573MIY3QTR, STM32H573RIT6, STM32H573RIV6, STM32H573VIT3Q, STM32H573VIT6, STM32H573ZIT3Q, STM32H573ZIT6, STM32H7R3A8I6, STM32H7R3I8K6, STM32H7R3I8T6, STM32H7R3L8H6, STM32H7R3L8H6H, STM32H7R3R8V6, STM32H7R3V8H6, STM32H7R3V8T6, STM32H7R3V8Y6TR, STM32H7R3Z8J6, STM32H7R3Z8T6, STM32H7R7A8I6, STM32H7R7I8K6, STM32H7R7I8T6, STM32H7R7L8H6, STM32H7R7L8H6H, STM32H7R7Z8J6, STM32H7S3A8I6, STM32H7S3I8K6, STM32H7S3I8T6, STM32H7S3L8H6, STM32H7S3L8H6H, STM32H7S3R8V6, STM32H7S3V8H6, STM32H7S3V8T6, STM32H7S3V8Y6TR, STM32H7S3Z8J6, STM32H7S3Z8T6, STM32H7S78-DK, STM32H7S7A8I6, STM32H7S7I8K6, STM32H7S7I8T6, STM32H7S7L8H6, STM32H7S7L8H6H, STM32H7S7Z8J6, STM32L4R5QGI6STR, STM32MP131AAE3, STM32MP131AAF3, STM32MP131AAG3, STM32MP131CAE3, STM32MP131CAF3, STM32MP131CAG3, STM32MP131DAE7, STM32MP131DAF7, STM32MP131DAG7, STM32MP131FAE7, STM32MP131FAF7, STM32MP131FAG7, STM32MP133AAE3, STM32MP133AAF3, STM32MP133AAG3, STM32MP133CAE3, STM32MP133CAF3, STM32MP133CAG3, STM32MP133DAE7, STM32MP133DAF7, STM32MP133DAG7, STM32MP133FAE7, STM32MP133FAF7, STM32MP133FAG7, STM32MP135AAE3, STM32MP135AAF3, STM32MP135AAG3, STM32MP135CAE3, STM32MP135CAF3, STM32MP135CAG3, STM32MP135DAE7, STM32MP135DAF7, STM32MP135DAG7, STM32MP135F-DK, STM32MP135FAE7, STM32MP135FAF7, STM32MP135FAF7T, STM32MP135FAF7U, STM32MP135FAG7, STM32MP211AAL3, STM32MP211AAM3, STM32MP211AAN3, STM32MP211AAO3, STM32MP211CAL3, STM32MP211CAM3, STM32MP211CAN3, STM32MP211CAO3, STM32MP211DAL3, STM32MP211DAM3, STM32MP211DAN3, STM32MP211DAO3, STM32MP211FAL3, STM32MP211FAM3, STM32MP211FAN3, STM32MP211FAO3, STM32MP213AAL3, STM32MP213AAM3, STM32MP213AAN3, STM32MP213AAO3, STM32MP213CAL3, STM32MP213CAM3, STM32MP213CAN3, STM32MP213CAO3, STM32MP213DAL3, STM32MP213DAM3, STM32MP213DAN3, STM32MP213DAO3, STM32MP213FAL3, STM32MP213FAM3, STM32MP213FAN3, STM32MP213FAO3, STM32MP215AAL3, STM32MP215AAM3, STM32MP215AAN3, STM32MP215AAO3, STM32MP215CAL3, STM32MP215CAM3, STM32MP215CAN3, STM32MP215CAO3, STM32MP215DAL3, STM32MP215DAM3, STM32MP215DAN3, STM32MP215DAO3, STM32MP215F-DK, STM32MP215FAL3, STM32MP215FAM3, STM32MP215FAN3, STM32MP215FAO3, STM32MP231AAJ3, STM32MP231AAK3, STM32MP231AAL3, STM32MP231CAJ3, STM32MP231CAK3, STM32MP231CAL3, STM32MP231DAJ3, STM32MP231DAK3, STM32MP231DAL3, STM32MP231FAJ3, STM32MP231FAK3, STM32MP231FAL3, STM32MP233AAJ3, STM32MP233AAK3, STM32MP233AAL3, STM32MP233CAJ3, STM32MP233CAK3, STM32MP233CAL3, STM32MP233DAJ3, STM32MP233DAK3, STM32MP233DAL3, STM32MP233FAJ3, STM32MP233FAK3, STM32MP233FAL3, STM32MP235AAJ3, STM32MP235AAK3, STM32MP235AAL3, STM32MP235CAJ3, STM32MP235CAK3, STM32MP235CAL3, STM32MP235DAJ3, STM32MP235DAK3, STM32MP235DAL3, STM32MP235FAJ3, STM32MP235FAK3, STM32MP235FAL3, STM32MP251AAI3, STM32MP251AAK3, STM32MP251AAL3, STM32MP251CAI3, STM32MP251CAK3, STM32MP251CAL3, STM32MP251DAI3, STM32MP251DAK3, STM32MP251DAL3, STM32MP251FAI3, STM32MP251FAK3, STM32MP251FAL3, STM32MP253AAI3, STM32MP253AAK3, STM32MP253AAL3, STM32MP253CAI3, STM32MP253CAK3, STM32MP253CAL3, STM32MP253DAI3, STM32MP253DAK3, STM32MP253DAL3, STM32MP253FAI3, STM32MP253FAK3, STM32MP253FAL3, STM32MP255AAI3, STM32MP255AAK3, STM32MP255AAL3, STM32MP255CAI3, STM32MP255CAK3, STM32MP255CAL3, STM32MP255DAI3, STM32MP255DAK3, STM32MP255DAL3, STM32MP255FAI3, STM32MP255FAK3, STM32MP255FAL3, STM32MP257AAI3, STM32MP257AAK3, STM32MP257AAL3, STM32MP257CAI3, STM32MP257CAK3, STM32MP257CAL3, STM32MP257DAI3, STM32MP257DAK3, STM32MP257DAL3, STM32MP257F-DK, STM32MP257F-EV1, STM32MP257FAI3, STM32MP257FAK3, STM32MP257FAL3, STM32N645A0H3Q, STM32N645B0H3Q, STM32N645I0H3Q, STM32N645L0H3Q, STM32N645X0H3Q, STM32N645Z0H3Q, STM32N647A0H3Q, STM32N647B0H3Q, STM32N647I0H3Q, STM32N647L0H3Q, STM32N647X0H3Q, STM32N647Z0H3Q, STM32N655A0H3Q, STM32N655B0H3Q, STM32N655I0H3Q, STM32N655L0H3Q, STM32N655X0H3Q, STM32N655Z0H3Q, STM32N6570-DK, STM32N657A0H3Q, STM32N657B0H3Q, STM32N657I0H3Q, STM32N657L0H3Q, STM32N657X0H3Q, STM32N657Z0H3Q, STM32U031C6T6, STM32U031C6U6, STM32U031C8T6, STM32U031C8U6, STM32U031F4P6, STM32U031F6P6, STM32U031F8P6, STM32U031G6Y6TR, STM32U031G8Y6TR, STM32U031K4U6, STM32U031K6U6, STM32U031K8U6, STM32U031R6I6, STM32U031R6T6, STM32U031R8I6, STM32U031R8T6, STM32U073C8T6, STM32U073C8U6, STM32U073CBT6, STM32U073CBU6, STM32U073CCT6, STM32U073CCU6, STM32U073H8Y6TR, STM32U073HBY6TR, STM32U073HCY6TR, STM32U073K8U6, STM32U073KBU6, STM32U073KCU6, STM32U073M8I6, STM32U073M8T6, STM32U073MBI6, STM32U073MBT6, STM32U073MCI6, STM32U073MCT6, STM32U073R8I6, STM32U073R8T6, STM32U073RBI6, STM32U073RBT6, STM32U073RCI6, STM32U073RCT6, STM32U083C-DK, STM32U083CCT6, STM32U083CCU6, STM32U083HCY6TR, STM32U083KCU6, STM32U083MCI6, STM32U083MCT6, STM32U083RCI6, STM32U083RCT6, STM32U375CET6, STM32U375CET6Q, STM32U375CEU6, STM32U375CEU6Q, STM32U375CEY6QTR, STM32U375CGT6, STM32U375CGT6Q, STM32U375CGU6, STM32U375CGU6Q, STM32U375CGY6QTR, STM32U375KEU6, STM32U375KGU6, STM32U375REI6, STM32U375REI6Q, STM32U375RET6, STM32U375RET6Q, STM32U375REY6GTR, STM32U375REY6QTR, STM32U375RGI6, STM32U375RGI6Q, STM32U375RGT6, STM32U375RGT6Q, STM32U375RGY6GTR, STM32U375RGY6QTR, STM32U375VEI6, STM32U375VEI6Q, STM32U375VET6, STM32U375VET6Q, STM32U375VGI6, STM32U375VGI6Q, STM32U375VGT6, STM32U375VGT6Q, STM32U385CGT6, STM32U385CGT6Q, STM32U385CGU6, STM32U385CGU6Q, STM32U385CGY6QTR, STM32U385KGU6, STM32U385RGI6, STM32U385RGI6Q, STM32U385RGT6, STM32U385RGT6Q, STM32U385RGY6GTR, STM32U385RGY6QTR, STM32U385VGI6, STM32U385VGI6Q, STM32U385VGT6, STM32U385VGT6Q, STM32U535CBT6, STM32U535CBT6Q, STM32U535CBU6, STM32U535CBU6Q, STM32U535CCT6, STM32U535CCT6Q, STM32U535CCU6, STM32U535CCU6Q, STM32U535CET6, STM32U535CET6Q, STM32U535CEU6, STM32U535CEU6Q, STM32U535JEY6QTR, STM32U535NCY6QTR, STM32U535NEY6QTR, STM32U535RBI6, STM32U535RBI6Q, STM32U535RBT6, STM32U535RBT6Q, STM32U535RCI6, STM32U535RCI6Q, STM32U535RCT6, STM32U535RCT6Q, STM32U535REI6, STM32U535REI6Q, STM32U535RET6, STM32U535RET6Q, STM32U535VCI6, STM32U535VCI6Q, STM32U535VCT6, STM32U535VCT6Q, STM32U535VEI6, STM32U535VEI6Q, STM32U535VET6, STM32U535VET6Q, STM32U545CET6, STM32U545CET6Q, STM32U545CEU6, STM32U545CEU6Q, STM32U545JEY6QTR, STM32U545NEY6QTR, STM32U545REI6, STM32U545REI6Q, STM32U545RET6, STM32U545RET6Q, STM32U545VEI6, STM32U545VEI6Q, STM32U545VET6, STM32U545VET6Q, STM32U595AIH6, STM32U595AIH6Q, STM32U595AJH6, STM32U595AJH6Q, STM32U595QII6, STM32U595QII6Q, STM32U595QJI6, STM32U595QJI6Q, STM32U595RIT6, STM32U595RIT6Q, STM32U595RJT6, STM32U595RJT6Q, STM32U595VIT6, STM32U595VIT6Q, STM32U595VJT6, STM32U595VJT6Q, STM32U595ZIT6, STM32U595ZIT6Q, STM32U595ZIY6QTR, STM32U595ZJT6, STM32U595ZJT6Q, STM32U595ZJY6QTR, STM32U599BJY6QTR, STM32U599NIH6Q, STM32U599NJH6Q, STM32U599VIT6Q, STM32U599VJT6, STM32U599VJT6Q, STM32U599ZIT6Q, STM32U599ZIY6QTR, STM32U599ZJT6Q, STM32U599ZJY6QTR, STM32U5A5AJH6, STM32U5A5AJH6Q, STM32U5A5QII3Q , STM32U5A5QJI6, STM32U5A5QJI6Q, STM32U5A5RJT6, STM32U5A5RJT6Q, STM32U5A5VJT6, STM32U5A5VJT6Q, STM32U5A5ZJT6, STM32U5A5ZJT6Q, STM32U5A5ZJY6QTR, STM32U5A9BJY6QTR, STM32U5A9J-DK, STM32U5A9NJH6Q, STM32U5A9VJT6Q, STM32U5A9ZJT6Q, STM32U5A9ZJY6QTR, STM32U5F7VIT6, STM32U5F7VIT6Q, STM32U5F7VJT6, STM32U5F7VJT6Q, STM32U5F9BJY6QTR, STM32U5F9NJH6Q, STM32U5F9VIT6Q, STM32U5F9VJT6Q, STM32U5F9ZIJ6QTR, STM32U5F9ZIT6Q, STM32U5F9ZJJ6QTR, STM32U5F9ZJT6Q, STM32U5G7VJT6, STM32U5G7VJT6Q, STM32U5G9BJY6QTR, STM32U5G9J-DK1, STM32U5G9J-DK2, STM32U5G9NJH6Q, STM32U5G9VJT6Q, STM32U5G9ZJJ6QTR, STM32U5G9ZJT6Q, STM32WB05KZV6TR, STM32WB05KZV7TR, STM32WB05TZF6TR, STM32WB05TZF7TR, STM32WB06CCF6TR, STM32WB06CCF7TR, STM32WB06CCV6TR, STM32WB06CCV7TR, STM32WB06KCV6TR, STM32WB06KCV7TR, STM32WB07CCF6TR, STM32WB07CCF7TR, STM32WB07CCV6TR, STM32WB07CCV7TR, STM32WB07KCV6TR, STM32WB07KCV7TR, STM32WB09KEV6TR, STM32WB09KEV7TR, STM32WB09TEF6TR, STM32WB09TEF7TR, STM32WB1MMCH6, STM32WBA50KGU6, STM32WBA50KGU6TR, STM32WBA52CEU6, STM32WBA52CEU6TR, STM32WBA52CEU7, STM32WBA52CEU7TR, STM32WBA52CGU6, STM32WBA52CGU6TR, STM32WBA52CGU6U, STM32WBA52CGU7, STM32WBA52CGU7TR, STM32WBA52KEU6, STM32WBA52KEU6TR, STM32WBA52KGU6, STM32WBA52KGU6TR, STM32WBA54CEU6, STM32WBA54CEU6TR, STM32WBA54CEU7, STM32WBA54CEU7TR, STM32WBA54CGU6, STM32WBA54CGU6TR, STM32WBA54CGU7, STM32WBA54CGU7TR, STM32WBA54KEU6, STM32WBA54KEU6TR, STM32WBA54KEU7, STM32WBA54KEU7TR, STM32WBA54KGU6, STM32WBA54KGU6TR, STM32WBA54KGU7, STM32WBA54KGU7TR, STM32WBA55CEU6, STM32WBA55CEU6TR, STM32WBA55CEU7, STM32WBA55CEU7TR, STM32WBA55CGU6, STM32WBA55CGU6TR, STM32WBA55CGU6U, STM32WBA55CGU7, STM32WBA55CGU7TR, STM32WBA55G-DK1, STM32WBA55HEF6, STM32WBA55HEF7, STM32WBA55HGF6, STM32WBA55HGF7, STM32WBA55UEI6, STM32WBA55UEI6TR, STM32WBA55UEI7, STM32WBA55UEI7TR, STM32WBA55UGI6, STM32WBA55UGI6TR, STM32WBA55UGI7, STM32WBA55UGI7TR, STM32WBA5MMGH6TR, STM32WBA62MGF6, STM32WBA62MIF6, STM32WBA65MGF7, STM32WBA65MIF6, STM32WBA65MIF7, STM32WL30K8V6, STM32WL30KBV6, STM32WL31C8V6, STM32WL31CBV6, STM32WL31K8V6, STM32WL31KBV6, STM32WL33C8V6, STM32WL33C8V6X, STM32WL33CBV6, STM32WL33CBV6X, STM32WL33CCV6, STM32WL33CCV6A, STM32WL33CCV6X, STM32WL33K8V7, STM32WL33K8V7X, STM32WL33KBV7 , STM32WL33KBV7X, STM32WL33KCV7, STM32WL33KCV7X, STM32WL5MOCH6, STM32WL5MOCH6TR]
2026-03-26 16:42:12,011 [INFO] DbMcus:218 - Found 5055 MCUs, 4968 are supported
2026-03-26 16:42:12,012 [INFO] ApiDb:423 - Load user favorites file /home/sunbeam/.stm32cubeide/favorites.mcus.txt: 0 item(s)
2026-03-26 16:42:12,012 [INFO] ApiDb:427 - User favorites MCUs=[]
2026-03-26 16:42:12,012 [INFO] DbMcus:224 - Set 0 / 0 favorites MCUs
2026-03-26 16:42:12,776 [INFO] ApiDb:668 - CubeFinder database Data Model version=2.1
2026-03-26 16:42:12,776 [INFO] ApiDb:669 - CubeFinder database Configuration version=3.0.42
2026-03-26 16:42:12,776 [INFO] ApiDb:670 - CubeFinder database generation date=2026-03-11 (1773229989)
2026-03-26 16:42:12,776 [INFO] ApiDb:671 - CubeFinder database FW Pack versions=[FP-ATR-ASTRA1_V2.0.0, FP-SNS-FLIGHT1_V5.1.0, FP-SNS-MOTENV1_V5.1.0, FP-SNS-MOTENVWB1_V1.5.0, FP-SNS-SMARTAG2_V1.2.0, FP-SNS-STBOX1_V2.1.0, STM32Cube_FW_C0_V1.4.0, STM32Cube_FW_F4_V1.28.3, STM32Cube_FW_F7_V1.17.4, STM32Cube_FW_G0_V1.6.3, STM32Cube_FW_G4_V1.6.2, STM32Cube_FW_H5_V1.6.0, STM32Cube_FW_H7RS_V1.3.0, STM32Cube_FW_H7_V1.13.0, STM32Cube_FW_L0_V1.12.2, STM32Cube_FW_L4_V1.18.2, STM32Cube_FW_L5_V1.6.0, STM32Cube_FW_N6_V1.3.0, STM32Cube_FW_U0_V1.3.0, STM32Cube_FW_U3_V1.3.0, STM32Cube_FW_U5_V1.8.0, STM32Cube_FW_WB0_V1.4.0, STM32Cube_FW_WBA_V1.9.0, STM32Cube_FW_WB_V1.24.0, STM32Cube_FW_WL3_V1.4.0, STM32Cube_FW_WL_V1.5.0, X-CUBE-ALGOBUILD_V1.4.0, X-CUBE-ALS_V1.0.2, X-CUBE-AZRTOS-F4_V1.1.0, X-CUBE-AZRTOS-F7_V1.1.0, X-CUBE-AZRTOS-G0_V1.1.0, X-CUBE-AZRTOS-G4_V2.0.0, X-CUBE-AZRTOS-H7RS_V1.1.0, X-CUBE-AZRTOS-H7_V3.4.0, X-CUBE-AZRTOS-L4_V2.0.0, X-CUBE-AZRTOS-L5_V2.0.0, X-CUBE-AZRTOS-WB_V2.0.0, X-CUBE-AZRTOS-WL_V2.0.0, X-CUBE-BLE1_V7.1.0, X-CUBE-BLE2_V3.3.0, X-CUBE-BLEMGR_V4.1.0, X-CUBE-EEPRMA1_V5.2.0, X-CUBE-FREERTOS_V1.5.0, X-CUBE-GNSS1_V6.0.0, X-CUBE-MEMS1_V12.0.0, X-CUBE-NFC4_V3.0.0, X-CUBE-NFC7_V2.0.0, X-CUBE-SFXS2LP1_V4.0.0, X-CUBE-ST67W61_V1.2.0, X-CUBE-SUBG2_V5.0.0, X-CUBE-TOF1_V3.4.3]
2026-03-26 16:42:12,818 [INFO] DbBoardsSqlite:226 - include board P-NUCLEO-WB55-NUCLEO as a kit item of type 'Nucleo-64'
2026-03-26 16:42:12,818 [INFO] DbBoardsSqlite:226 - include board P-NUCLEO-WB55-USBDONGLE as a kit item of type 'Nucleo USB Dongle'
2026-03-26 16:42:12,818 [INFO] DbBoardsSqlite:226 - include board STEVAL-IDP005V1 as a kit item of type 'Evaluation Board'
2026-03-26 16:42:12,818 [INFO] DbBoardsSqlite:226 - include board STEVAL-IDP005V2 as a kit item of type 'Evaluation Board'
2026-03-26 16:42:12,865 [INFO] ApiDb:240 - Found 880 in-development CPN: [B-G473E-ZEST1S, B-WB1M-WPAN1, B-WBA5M-WPAN, B-WL5M-SUBG1, NUCLEO-C031C6, NUCLEO-C051C8, NUCLEO-C071RB, NUCLEO-C092RC, NUCLEO-H503RB, NUCLEO-H533RE, NUCLEO-H563ZI, NUCLEO-H7S3L8, NUCLEO-N657X0-Q, NUCLEO-U031R8, NUCLEO-U083RC, NUCLEO-U385RG-Q, NUCLEO-U545RE-Q, NUCLEO-U5A5ZJ-Q, NUCLEO-WB05KZ, NUCLEO-WB07CC, NUCLEO-WB09KE, NUCLEO-WBA52CG, NUCLEO-WBA55CG, NUCLEO-WL33CC1, NUCLEO-WL33CC2, STEVAL-PROTEUS1, STEVAL-SMARTAG2, STEVAL-STWINBX1, STM320518-EVAL, STM32C0116-DK, STM32C011D6Y3TR, STM32C011D6Y6TR, STM32C011F4P3, STM32C011F4P6, STM32C011F4U3, STM32C011F4U6TR, STM32C011F6P3, STM32C011F6P6, STM32C011F6U3, STM32C011F6U6TR, STM32C011J4M3, STM32C011J4M6, STM32C011J6M3, STM32C011J6M6, STM32C0316-DK, STM32C031C4T3, STM32C031C4T6, STM32C031C4U3, STM32C031C4U6, STM32C031C6T3, STM32C031C6T6, STM32C031C6U3, STM32C031C6U6, STM32C031F4P3, STM32C031F4P6, STM32C031F6P3, STM32C031F6P6, STM32C031G4U3, STM32C031G4U6, STM32C031G6U3, STM32C031G6U6, STM32C031K4T3, STM32C031K4T6, STM32C031K4U3, STM32C031K4U6, STM32C031K6T3, STM32C031K6T6, STM32C031K6U3, STM32C031K6U6, STM32C051C6T6, STM32C051C6U6, STM32C051C8T6, STM32C051C8U6, STM32C051D8Y6TR, STM32C051F6P6, STM32C051F8P6, STM32C051G6U6, STM32C051G8U6, STM32C051K6T6, STM32C051K6U6, STM32C051K8T6, STM32C071C8T6, STM32C071C8T6N, STM32C071C8U6, STM32C071C8U6N, STM32C071CBT6, STM32C071CBT6N, STM32C071CBU6, STM32C071CBU6N, STM32C071F8P6, STM32C071F8P6N, STM32C071FBP6, STM32C071FBP6N, STM32C071FBY6TR, STM32C071G8U6, STM32C071G8U6N, STM32C071GBU6, STM32C071GBU6N, STM32C071K8T6, STM32C071K8T6N, STM32C071K8U6, STM32C071K8U6N, STM32C071KBT6, STM32C071KBT6N, STM32C071KBU6, STM32C071KBU6N, STM32C071R8T6, STM32C071R8T6N, STM32C071RBI6N, STM32C071RBT6, STM32C071RBT6N, STM32C091CBT6, STM32C091CBU6, STM32C091CCT6, STM32C091CCU6, STM32C091ECY6TR, STM32C091FBP6, STM32C091FCP6, STM32C091GBU6, STM32C091GCU6, STM32C091KBT6, STM32C091KBU6, STM32C091KCT6, STM32C091KCU6, STM32C091RBT6, STM32C091RCI6, STM32C091RCT6, STM32C092CBT6, STM32C092CBU6, STM32C092CCT6, STM32C092CCU6, STM32C092ECY6TR, STM32C092FBP6, STM32C092FCP6, STM32C092GBU6, STM32C092GCU6, STM32C092KBT6, STM32C092KBU6, STM32C092KCT6, STM32C092KCU6, STM32C092RBT6, STM32C092RCI6, STM32C092RCT6, STM32G071K8TXN, STM32G071K8UXN, STM32G081GBU6N, STM32G081KBT6N, STM32G081KBUXN, STM32G0B1CCT6N, STM32G0B1KCT6, STM32G0B1NEY6TR, STM32G0B1RCT6N, STM32G0C1CCT6, STM32G0C1CCT6N, STM32G0C1CCU6N, STM32G0C1CET6N, STM32G0C1CEU6N, STM32G0C1KCT6, STM32G0C1NEY6TR, STM32G0C1RCI6N, STM32G0C1RCT6N, STM32G0C1REI6N, STM32G0C1RET6N, STM32G0C1VCI6, STM32G0C1VEI6, STM32G411C6T3, STM32G411C6T6, STM32G411C6U3, STM32G411C6U6, STM32G411C8T3, STM32G411C8T6, STM32G411C8U3, STM32G411C8U6, STM32G411CBT3, STM32G411CBT6, STM32G411CBU3, STM32G411CBU6, STM32G411K6T3, STM32G411K6T6, STM32G411K6U3, STM32G411K6U6, STM32G411K8T3, STM32G411K8T6, STM32G411K8U3, STM32G411K8U6, STM32G411KBT3, STM32G411KBT6, STM32G411KBU3, STM32G411KBU6, STM32G411M6T3, STM32G411M6T6, STM32G411M8T3, STM32G411M8T6, STM32G411MBT3, STM32G411MBT6, STM32G411R6T3, STM32G411R6T6, STM32G411R8T3, STM32G411R8T6, STM32G411RBT3, STM32G411RBT6, STM32G414CBT3, STM32G414CBT6, STM32G414CBU3, STM32G414CBU6, STM32G414CCT3, STM32G414CCT6, STM32G414CCU3, STM32G414CCU6, STM32G414MBT3, STM32G414MBT6, STM32G414MCT3, STM32G414MCT6, STM32G414RBT3, STM32G414RBT6, STM32G414RCT3, STM32G414RCT6, STM32G414VBT3, STM32G414VBT6, STM32G414VCT3, STM32G414VCT6, STM32G431CBT3Z, STM32G431RBT3Z, STM32G471CCT6, STM32G471CCU6, STM32G471CET3, STM32G471CET6, STM32G471CEU3, STM32G471CEU6, STM32G471MCT6, STM32G471MET3, STM32G471MET6, STM32G471MEY6TR, STM32G471QCT6, STM32G471QET3, STM32G471RCT6, STM32G471RET3, STM32G471RET6, STM32G471VCH6, STM32G471VCI6, STM32G471VCT6, STM32G471VEH3, STM32G471VEH6, STM32G471VEI3, STM32G471VEI6, STM32G471VET3, STM32G471VET6, STM32G473QET3Z, STM32G473RET3Z, STM32G474CCT6, STM32G491RET3Z, STM32H503CBT6, STM32H503CBU6, STM32H503EBY6TR, STM32H503KBU6, STM32H503RBT6, STM32H523CCT6, STM32H523CCU6, STM32H523CET6, STM32H523CEU6, STM32H523HEY6TR, STM32H523RCT6, STM32H523RET6, STM32H523VCI6, STM32H523VCT6, STM32H523VEI6, STM32H523VET6, STM32H523ZCJ6, STM32H523ZCT6, STM32H523ZEJ6, STM32H523ZET6, STM32H533CET6, STM32H533CEU6, STM32H533HEY6TR, STM32H533RET6, STM32H533VEI6, STM32H533VET6, STM32H533ZEJ6, STM32H533ZET6, STM32H562AGI6, STM32H562AII6, STM32H562IGK6, STM32H562IGT6, STM32H562IIK6, STM32H562IIT6, STM32H562RGT6, STM32H562RGV6, STM32H562RIT6, STM32H562RIV6, STM32H562VGT6, STM32H562VIT6, STM32H562ZGT6, STM32H562ZIT6, STM32H563AGI6, STM32H563AII3Q, STM32H563AII6, STM32H563IGK6, STM32H563IGT6, STM32H563IIK3Q, STM32H563IIK6, STM32H563IIT3Q, STM32H563IIT6, STM32H563MIY3QTR, STM32H563RGT6, STM32H563RGV6, STM32H563RIT6, STM32H563RIV6, STM32H563VGT6, STM32H563VIT3Q, STM32H563VIT6, STM32H563ZGT6, STM32H563ZIT3Q, STM32H563ZIT6, STM32H573AII3Q, STM32H573AII6, STM32H573I-DK, STM32H573IIK3Q, STM32H573IIK6, STM32H573IIT3Q, STM32H573IIT6, STM32H573MIY3QTR, STM32H573RIT6, STM32H573RIV6, STM32H573VIT3Q, STM32H573VIT6, STM32H573ZIT3Q, STM32H573ZIT6, STM32H7R3A8I6, STM32H7R3I8K6, STM32H7R3I8T6, STM32H7R3L8H6, STM32H7R3L8H6H, STM32H7R3R8V6, STM32H7R3V8H6, STM32H7R3V8T6, STM32H7R3V8Y6TR, STM32H7R3Z8J6, STM32H7R3Z8T6, STM32H7R7A8I6, STM32H7R7I8K6, STM32H7R7I8T6, STM32H7R7L8H6, STM32H7R7L8H6H, STM32H7R7Z8J6, STM32H7S3A8I6, STM32H7S3I8K6, STM32H7S3I8T6, STM32H7S3L8H6, STM32H7S3L8H6H, STM32H7S3R8V6, STM32H7S3V8H6, STM32H7S3V8T6, STM32H7S3V8Y6TR, STM32H7S3Z8J6, STM32H7S3Z8T6, STM32H7S78-DK, STM32H7S7A8I6, STM32H7S7I8K6, STM32H7S7I8T6, STM32H7S7L8H6, STM32H7S7L8H6H, STM32H7S7Z8J6, STM32L4R5QGI6STR, STM32MP131AAE3, STM32MP131AAF3, STM32MP131AAG3, STM32MP131CAE3, STM32MP131CAF3, STM32MP131CAG3, STM32MP131DAE7, STM32MP131DAF7, STM32MP131DAG7, STM32MP131FAE7, STM32MP131FAF7, STM32MP131FAG7, STM32MP133AAE3, STM32MP133AAF3, STM32MP133AAG3, STM32MP133CAE3, STM32MP133CAF3, STM32MP133CAG3, STM32MP133DAE7, STM32MP133DAF7, STM32MP133DAG7, STM32MP133FAE7, STM32MP133FAF7, STM32MP133FAG7, STM32MP135AAE3, STM32MP135AAF3, STM32MP135AAG3, STM32MP135CAE3, STM32MP135CAF3, STM32MP135CAG3, STM32MP135DAE7, STM32MP135DAF7, STM32MP135DAG7, STM32MP135F-DK, STM32MP135FAE7, STM32MP135FAF7, STM32MP135FAF7T, STM32MP135FAF7U, STM32MP135FAG7, STM32MP211AAL3, STM32MP211AAM3, STM32MP211AAN3, STM32MP211AAO3, STM32MP211CAL3, STM32MP211CAM3, STM32MP211CAN3, STM32MP211CAO3, STM32MP211DAL3, STM32MP211DAM3, STM32MP211DAN3, STM32MP211DAO3, STM32MP211FAL3, STM32MP211FAM3, STM32MP211FAN3, STM32MP211FAO3, STM32MP213AAL3, STM32MP213AAM3, STM32MP213AAN3, STM32MP213AAO3, STM32MP213CAL3, STM32MP213CAM3, STM32MP213CAN3, STM32MP213CAO3, STM32MP213DAL3, STM32MP213DAM3, STM32MP213DAN3, STM32MP213DAO3, STM32MP213FAL3, STM32MP213FAM3, STM32MP213FAN3, STM32MP213FAO3, STM32MP215AAL3, STM32MP215AAM3, STM32MP215AAN3, STM32MP215AAO3, STM32MP215CAL3, STM32MP215CAM3, STM32MP215CAN3, STM32MP215CAO3, STM32MP215DAL3, STM32MP215DAM3, STM32MP215DAN3, STM32MP215DAO3, STM32MP215F-DK, STM32MP215FAL3, STM32MP215FAM3, STM32MP215FAN3, STM32MP215FAO3, STM32MP231AAJ3, STM32MP231AAK3, STM32MP231AAL3, STM32MP231CAJ3, STM32MP231CAK3, STM32MP231CAL3, STM32MP231DAJ3, STM32MP231DAK3, STM32MP231DAL3, STM32MP231FAJ3, STM32MP231FAK3, STM32MP231FAL3, STM32MP233AAJ3, STM32MP233AAK3, STM32MP233AAL3, STM32MP233CAJ3, STM32MP233CAK3, STM32MP233CAL3, STM32MP233DAJ3, STM32MP233DAK3, STM32MP233DAL3, STM32MP233FAJ3, STM32MP233FAK3, STM32MP233FAL3, STM32MP235AAJ3, STM32MP235AAK3, STM32MP235AAL3, STM32MP235CAJ3, STM32MP235CAK3, STM32MP235CAL3, STM32MP235DAJ3, STM32MP235DAK3, STM32MP235DAL3, STM32MP235FAJ3, STM32MP235FAK3, STM32MP235FAL3, STM32MP251AAI3, STM32MP251AAK3, STM32MP251AAL3, STM32MP251CAI3, STM32MP251CAK3, STM32MP251CAL3, STM32MP251DAI3, STM32MP251DAK3, STM32MP251DAL3, STM32MP251FAI3, STM32MP251FAK3, STM32MP251FAL3, STM32MP253AAI3, STM32MP253AAK3, STM32MP253AAL3, STM32MP253CAI3, STM32MP253CAK3, STM32MP253CAL3, STM32MP253DAI3, STM32MP253DAK3, STM32MP253DAL3, STM32MP253FAI3, STM32MP253FAK3, STM32MP253FAL3, STM32MP255AAI3, STM32MP255AAK3, STM32MP255AAL3, STM32MP255CAI3, STM32MP255CAK3, STM32MP255CAL3, STM32MP255DAI3, STM32MP255DAK3, STM32MP255DAL3, STM32MP255FAI3, STM32MP255FAK3, STM32MP255FAL3, STM32MP257AAI3, STM32MP257AAK3, STM32MP257AAL3, STM32MP257CAI3, STM32MP257CAK3, STM32MP257CAL3, STM32MP257DAI3, STM32MP257DAK3, STM32MP257DAL3, STM32MP257F-DK, STM32MP257F-EV1, STM32MP257FAI3, STM32MP257FAK3, STM32MP257FAL3, STM32N645A0H3Q, STM32N645B0H3Q, STM32N645I0H3Q, STM32N645L0H3Q, STM32N645X0H3Q, STM32N645Z0H3Q, STM32N647A0H3Q, STM32N647B0H3Q, STM32N647I0H3Q, STM32N647L0H3Q, STM32N647X0H3Q, STM32N647Z0H3Q, STM32N655A0H3Q, STM32N655B0H3Q, STM32N655I0H3Q, STM32N655L0H3Q, STM32N655X0H3Q, STM32N655Z0H3Q, STM32N6570-DK, STM32N657A0H3Q, STM32N657B0H3Q, STM32N657I0H3Q, STM32N657L0H3Q, STM32N657X0H3Q, STM32N657Z0H3Q, STM32U031C6T6, STM32U031C6U6, STM32U031C8T6, STM32U031C8U6, STM32U031F4P6, STM32U031F6P6, STM32U031F8P6, STM32U031G6Y6TR, STM32U031G8Y6TR, STM32U031K4U6, STM32U031K6U6, STM32U031K8U6, STM32U031R6I6, STM32U031R6T6, STM32U031R8I6, STM32U031R8T6, STM32U073C8T6, STM32U073C8U6, STM32U073CBT6, STM32U073CBU6, STM32U073CCT6, STM32U073CCU6, STM32U073H8Y6TR, STM32U073HBY6TR, STM32U073HCY6TR, STM32U073K8U6, STM32U073KBU6, STM32U073KCU6, STM32U073M8I6, STM32U073M8T6, STM32U073MBI6, STM32U073MBT6, STM32U073MCI6, STM32U073MCT6, STM32U073R8I6, STM32U073R8T6, STM32U073RBI6, STM32U073RBT6, STM32U073RCI6, STM32U073RCT6, STM32U083C-DK, STM32U083CCT6, STM32U083CCU6, STM32U083HCY6TR, STM32U083KCU6, STM32U083MCI6, STM32U083MCT6, STM32U083RCI6, STM32U083RCT6, STM32U375CET6, STM32U375CET6Q, STM32U375CEU6, STM32U375CEU6Q, STM32U375CEY6QTR, STM32U375CGT6, STM32U375CGT6Q, STM32U375CGU6, STM32U375CGU6Q, STM32U375CGY6QTR, STM32U375KEU6, STM32U375KGU6, STM32U375REI6, STM32U375REI6Q, STM32U375RET6, STM32U375RET6Q, STM32U375REY6GTR, STM32U375REY6QTR, STM32U375RGI6, STM32U375RGI6Q, STM32U375RGT6, STM32U375RGT6Q, STM32U375RGY6GTR, STM32U375RGY6QTR, STM32U375VEI6, STM32U375VEI6Q, STM32U375VET6, STM32U375VET6Q, STM32U375VGI6, STM32U375VGI6Q, STM32U375VGT6, STM32U375VGT6Q, STM32U385CGT6, STM32U385CGT6Q, STM32U385CGU6, STM32U385CGU6Q, STM32U385CGY6QTR, STM32U385KGU6, STM32U385RGI6, STM32U385RGI6Q, STM32U385RGT6, STM32U385RGT6Q, STM32U385RGY6GTR, STM32U385RGY6QTR, STM32U385VGI6, STM32U385VGI6Q, STM32U385VGT6, STM32U385VGT6Q, STM32U535CBT6, STM32U535CBT6Q, STM32U535CBU6, STM32U535CBU6Q, STM32U535CCT6, STM32U535CCT6Q, STM32U535CCU6, STM32U535CCU6Q, STM32U535CET6, STM32U535CET6Q, STM32U535CEU6, STM32U535CEU6Q, STM32U535JEY6QTR, STM32U535NCY6QTR, STM32U535NEY6QTR, STM32U535RBI6, STM32U535RBI6Q, STM32U535RBT6, STM32U535RBT6Q, STM32U535RCI6, STM32U535RCI6Q, STM32U535RCT6, STM32U535RCT6Q, STM32U535REI6, STM32U535REI6Q, STM32U535RET6, STM32U535RET6Q, STM32U535VCI6, STM32U535VCI6Q, STM32U535VCT6, STM32U535VCT6Q, STM32U535VEI6, STM32U535VEI6Q, STM32U535VET6, STM32U535VET6Q, STM32U545CET6, STM32U545CET6Q, STM32U545CEU6, STM32U545CEU6Q, STM32U545JEY6QTR, STM32U545NEY6QTR, STM32U545REI6, STM32U545REI6Q, STM32U545RET6, STM32U545RET6Q, STM32U545VEI6, STM32U545VEI6Q, STM32U545VET6, STM32U545VET6Q, STM32U595AIH6, STM32U595AIH6Q, STM32U595AJH6, STM32U595AJH6Q, STM32U595QII6, STM32U595QII6Q, STM32U595QJI6, STM32U595QJI6Q, STM32U595RIT6, STM32U595RIT6Q, STM32U595RJT6, STM32U595RJT6Q, STM32U595VIT6, STM32U595VIT6Q, STM32U595VJT6, STM32U595VJT6Q, STM32U595ZIT6, STM32U595ZIT6Q, STM32U595ZIY6QTR, STM32U595ZJT6, STM32U595ZJT6Q, STM32U595ZJY6QTR, STM32U599BJY6QTR, STM32U599NIH6Q, STM32U599NJH6Q, STM32U599VIT6Q, STM32U599VJT6, STM32U599VJT6Q, STM32U599ZIT6Q, STM32U599ZIY6QTR, STM32U599ZJT6Q, STM32U599ZJY6QTR, STM32U5A5AJH6, STM32U5A5AJH6Q, STM32U5A5QII3Q , STM32U5A5QJI6, STM32U5A5QJI6Q, STM32U5A5RJT6, STM32U5A5RJT6Q, STM32U5A5VJT6, STM32U5A5VJT6Q, STM32U5A5ZJT6, STM32U5A5ZJT6Q, STM32U5A5ZJY6QTR, STM32U5A9BJY6QTR, STM32U5A9J-DK, STM32U5A9NJH6Q, STM32U5A9VJT6Q, STM32U5A9ZJT6Q, STM32U5A9ZJY6QTR, STM32U5F7VIT6, STM32U5F7VIT6Q, STM32U5F7VJT6, STM32U5F7VJT6Q, STM32U5F9BJY6QTR, STM32U5F9NJH6Q, STM32U5F9VIT6Q, STM32U5F9VJT6Q, STM32U5F9ZIJ6QTR, STM32U5F9ZIT6Q, STM32U5F9ZJJ6QTR, STM32U5F9ZJT6Q, STM32U5G7VJT6, STM32U5G7VJT6Q, STM32U5G9BJY6QTR, STM32U5G9J-DK1, STM32U5G9J-DK2, STM32U5G9NJH6Q, STM32U5G9VJT6Q, STM32U5G9ZJJ6QTR, STM32U5G9ZJT6Q, STM32WB05KZV6TR, STM32WB05KZV7TR, STM32WB05TZF6TR, STM32WB05TZF7TR, STM32WB06CCF6TR, STM32WB06CCF7TR, STM32WB06CCV6TR, STM32WB06CCV7TR, STM32WB06KCV6TR, STM32WB06KCV7TR, STM32WB07CCF6TR, STM32WB07CCF7TR, STM32WB07CCV6TR, STM32WB07CCV7TR, STM32WB07KCV6TR, STM32WB07KCV7TR, STM32WB09KEV6TR, STM32WB09KEV7TR, STM32WB09TEF6TR, STM32WB09TEF7TR, STM32WB1MMCH6, STM32WBA50KGU6, STM32WBA50KGU6TR, STM32WBA52CEU6, STM32WBA52CEU6TR, STM32WBA52CEU7, STM32WBA52CEU7TR, STM32WBA52CGU6, STM32WBA52CGU6TR, STM32WBA52CGU6U, STM32WBA52CGU7, STM32WBA52CGU7TR, STM32WBA52KEU6, STM32WBA52KEU6TR, STM32WBA52KGU6, STM32WBA52KGU6TR, STM32WBA54CEU6, STM32WBA54CEU6TR, STM32WBA54CEU7, STM32WBA54CEU7TR, STM32WBA54CGU6, STM32WBA54CGU6TR, STM32WBA54CGU7, STM32WBA54CGU7TR, STM32WBA54KEU6, STM32WBA54KEU6TR, STM32WBA54KEU7, STM32WBA54KEU7TR, STM32WBA54KGU6, STM32WBA54KGU6TR, STM32WBA54KGU7, STM32WBA54KGU7TR, STM32WBA55CEU6, STM32WBA55CEU6TR, STM32WBA55CEU7, STM32WBA55CEU7TR, STM32WBA55CGU6, STM32WBA55CGU6TR, STM32WBA55CGU6U, STM32WBA55CGU7, STM32WBA55CGU7TR, STM32WBA55G-DK1, STM32WBA55HEF6, STM32WBA55HEF7, STM32WBA55HGF6, STM32WBA55HGF7, STM32WBA55UEI6, STM32WBA55UEI6TR, STM32WBA55UEI7, STM32WBA55UEI7TR, STM32WBA55UGI6, STM32WBA55UGI6TR, STM32WBA55UGI7, STM32WBA55UGI7TR, STM32WBA5MMGH6TR, STM32WBA62MGF6, STM32WBA62MIF6, STM32WBA65MGF7, STM32WBA65MIF6, STM32WBA65MIF7, STM32WL30K8V6, STM32WL30KBV6, STM32WL31C8V6, STM32WL31CBV6, STM32WL31K8V6, STM32WL31KBV6, STM32WL33C8V6, STM32WL33C8V6X, STM32WL33CBV6, STM32WL33CBV6X, STM32WL33CCV6, STM32WL33CCV6A, STM32WL33CCV6X, STM32WL33K8V7, STM32WL33K8V7X, STM32WL33KBV7 , STM32WL33KBV7X, STM32WL33KCV7, STM32WL33KCV7X, STM32WL5MOCH6, STM32WL5MOCH6TR]
2026-03-26 16:42:12,958 [INFO] BoardInfo:889 - No configuration file found for board NUCLEO-H5E5ZJ
2026-03-26 16:42:12,959 [INFO] DbBoards:161 - Board is not supported: NUCLEO-H5E5ZJ
2026-03-26 16:42:12,995 [INFO] BoardInfo:889 - No configuration file found for board NUCLEO-U3C5ZI-Q
2026-03-26 16:42:12,995 [INFO] DbBoards:161 - Board is not supported: NUCLEO-U3C5ZI-Q
2026-03-26 16:42:13,004 [INFO] BoardInfo:889 - No configuration file found for board NUCLEO-WBA25CE1
2026-03-26 16:42:13,004 [INFO] DbBoards:161 - Board is not supported: NUCLEO-WBA25CE1
2026-03-26 16:42:13,010 [INFO] BoardInfo:889 - No configuration file found for board NUCLEO-WL3RKB1
2026-03-26 16:42:13,011 [INFO] DbBoards:161 - Board is not supported: NUCLEO-WL3RKB1
2026-03-26 16:42:13,012 [INFO] BoardInfo:889 - No configuration file found for board NUCLEO-WL3RKB2
2026-03-26 16:42:13,012 [INFO] DbBoards:161 - Board is not supported: NUCLEO-WL3RKB2
2026-03-26 16:42:13,017 [INFO] BoardInfo:889 - No configuration file found for board P-NUCLEO-WB55
2026-03-26 16:42:13,017 [INFO] DbBoards:161 - Kit is not supported: P-NUCLEO-WB55
2026-03-26 16:42:13,020 [INFO] BoardInfo:889 - No configuration file found for board STEVAL-BFA001V1B
2026-03-26 16:42:13,021 [INFO] DbBoards:161 - Kit is not supported: STEVAL-BFA001V1B
2026-03-26 16:42:13,021 [INFO] BoardInfo:889 - No configuration file found for board STEVAL-BFA001V2B
2026-03-26 16:42:13,021 [INFO] DbBoards:161 - Kit is not supported: STEVAL-BFA001V2B
2026-03-26 16:42:13,075 [INFO] BoardInfo:889 - No configuration file found for board STM32H5F5J-DK
2026-03-26 16:42:13,076 [INFO] DbBoards:161 - Board is not supported: STM32H5F5J-DK
2026-03-26 16:42:13,116 [INFO] DbBoards:168 - Found 218 boards, 209 are supported
2026-03-26 16:42:13,116 [INFO] DbBoards:169 - Found 218 boards, 43 of them is supported for  Bsp
2026-03-26 16:42:13,125 [INFO] ApiDb:423 - Load user favorites file /home/sunbeam/.stm32cubeide/favorites.boards.txt: 1 item(s)
2026-03-26 16:42:13,125 [INFO] ApiDb:427 - User favorites Boards=[STM32F407G-DISC1]
2026-03-26 16:42:13,125 [INFO] DbBoards:198 - Set 1 / 1 favorites Boards
2026-03-26 16:42:13,125 [INFO] McuFinderGlobals:76 - Set McuFinderConnectedMode to true
2026-03-26 16:42:13,132 [INFO] MultiScanPanel:200 - Auto-refresh data requested => check proxy status ongoing
2026-03-26 16:42:13,135 [INFO] FinderPluginLoader:96 - Searching for filters in installed packs
2026-03-26 16:42:14,691 [ERROR] WebUtils:398 - Updater is busy
2026-03-26 16:42:14,691 [WARN] DetailPanel:346 - Failed to get advertising image, set to default
2026-03-26 16:42:17,588 [INFO] MultiScanPanel:200 - Auto-refresh data requested => check proxy status ongoing
2026-03-26 16:42:17,726 [ERROR] WebUtils:398 - Updater is busy
2026-03-26 16:42:17,726 [WARN] DetailPanel:346 - Failed to get advertising image, set to default
2026-03-26 16:42:17,736 [INFO] DbBoards:642 - Loading board mini-images...
2026-03-26 16:42:19,889 [INFO] DbBoards:665 - Loaded 218 board mini-images
2026-03-26 16:42:24,710 [WARN] ServerAccessManage:1291 - Warning during Server Connection :  timeout Read timed out
2026-03-26 16:42:24,712 [ERROR] ServerAccessManage:740 - Problem, Http timeout : crdb_full.zip.
2026-03-26 16:42:24,813 [INFO] LoadUrlFilesThread:156 - End of LoadUrlFiles Thread
2026-03-26 16:42:52,779 [INFO] MainUpdater:2872 - connection check result : 10
2026-03-26 16:42:52,779 [INFO] MainUpdater:2872 - connection check result : 10
2026-03-26 16:42:52,790 [INFO] MicroXplorer:468 - Change Database Path : 
2026-03-26 16:42:52,791 [INFO] MicroXplorer:498 - Change Database Version : DB.6.0.150
2026-03-26 16:42:52,796 [WARN] ThirdParty:871 - waiting for thirdparty lock release [close project]
2026-03-26 16:42:52,796 [INFO] ThirdParty:873 - entering critical section [close project]
2026-03-26 16:42:52,797 [INFO] ThirdParty:883 - exiting critical section [close project]
2026-03-26 16:42:52,800 [INFO] PinOutPanel:1589 - setPackage(No Configuration,No Configuration)
2026-03-26 16:42:52,802 [INFO] UtilMem:75 - Begin LoadConfig() Used Memory: 979954072 Bytes (1073741824)
2026-03-26 16:42:52,807 [INFO] OpenFileManager:355 - Change cursor
2026-03-26 16:42:52,888 [INFO] ProjectFactory:514 - No CPN specified for board STM32F407G-DISC1 => set CPN to STM32F407VGT6
2026-03-26 16:42:52,889 [INFO] Mcu:2029 - Initializing MCU STM32F407V(E-G)Tx STM32F407VGTx STM32F407VGT6
2026-03-26 16:42:54,584 [INFO] Context:786 - Trying to add GPIOservice into a context  which must be forbidden
2026-03-26 16:42:55,032 [INFO] Rule:233 - rule 117617 - U5Cobra4M][GTZC] default value MPCBB3 and MPCBB5 - Not Secured memory - MPCBB1 is applicable
2026-03-26 16:42:55,032 [INFO] Rule:233 - rule 117617 - U5Cobra4M][GTZC] default value MPCBB3 and MPCBB5 - Not Secured memory - MPCBB1 is applicable
2026-03-26 16:42:55,033 [INFO] Rule:233 - rule 117617 - U5Cobra4M][GTZC] default value MPCBB3 and MPCBB5 - Not Secured memory - MPCBB2 is applicable
2026-03-26 16:42:55,033 [INFO] Rule:233 - rule 117617 - U5Cobra4M][GTZC] default value MPCBB3 and MPCBB5 - Not Secured memory - MPCBB2 is applicable
2026-03-26 16:42:55,033 [INFO] Rule:233 - rule 117617 - U5Cobra4M][GTZC] default value MPCBB3 and MPCBB5 - Not Secured memory - MPCBB3 is applicable
2026-03-26 16:42:55,033 [INFO] Rule:233 - rule 117617 - U5Cobra4M][GTZC] default value MPCBB3 and MPCBB5 - Not Secured memory - MPCBB3 is applicable
2026-03-26 16:42:55,033 [INFO] Rule:233 - rule 117617 - U5Cobra4M][GTZC] default value MPCBB3 and MPCBB5 - Not Secured memory - MPCBB4 is applicable
2026-03-26 16:42:55,033 [INFO] Rule:233 - rule 117617 - U5Cobra4M][GTZC] default value MPCBB3 and MPCBB5 - Not Secured memory - MPCBB4 is applicable
2026-03-26 16:42:55,033 [INFO] Rule:233 - rule 117617 - U5Cobra4M][GTZC] default value MPCBB3 and MPCBB5 - Secured memory - MPCBB1 is applicable
2026-03-26 16:42:55,033 [INFO] Rule:233 - rule 117617 - U5Cobra4M][GTZC] default value MPCBB3 and MPCBB5 - Secured memory - MPCBB2 is applicable
2026-03-26 16:42:55,033 [INFO] Rule:233 - rule 117617 - U5Cobra4M][GTZC] default value MPCBB3 and MPCBB5 - Secured memory - MPCBB3 is applicable
2026-03-26 16:42:55,033 [INFO] Rule:233 - rule 117617 - U5Cobra4M][GTZC] default value MPCBB3 and MPCBB5 - Secured memory - MPCBB4 is applicable
2026-03-26 16:42:55,033 [INFO] Rule:233 - rule 117617 - U5Cobra4M][GTZC] default value MPCBB3 and MPCBB5 - Privileged memory - MPCBB1 is applicable
2026-03-26 16:42:55,033 [INFO] Rule:233 - rule 117617 - U5Cobra4M][GTZC] default value MPCBB3 and MPCBB5 - Privileged memory - MPCBB2 is applicable
2026-03-26 16:42:55,034 [INFO] Rule:233 - rule 117617 - U5Cobra4M][GTZC] default value MPCBB3 and MPCBB5 - Privileged memory - MPCBB3 is applicable
2026-03-26 16:42:55,034 [INFO] Rule:233 - rule 117617 - U5Cobra4M][GTZC] default value MPCBB3 and MPCBB5 - Privileged memory - MPCBB4 is applicable
2026-03-26 16:42:55,034 [INFO] Rule:233 - rule 117617 - U5Cobra4M][GTZC] default value MPCBB3 and MPCBB5 - Not Privileged memory - MPCBB1 is applicable
2026-03-26 16:42:55,034 [INFO] Rule:233 - rule 117617 - U5Cobra4M][GTZC] default value MPCBB3 and MPCBB5 - Not Privileged memory - MPCBB2 is applicable
2026-03-26 16:42:55,034 [INFO] Rule:233 - rule 117617 - U5Cobra4M][GTZC] default value MPCBB3 and MPCBB5 - Not Privileged memory - MPCBB3 is applicable
2026-03-26 16:42:55,034 [INFO] Rule:233 - rule 117617 - U5Cobra4M][GTZC] default value MPCBB3 and MPCBB5 - Not Privileged memory - MPCBB4 is applicable
2026-03-26 16:42:55,034 [INFO] Rule:233 - rule 117617 - U5Cobra4M][GTZC] default value MPCBB3 and MPCBB5 - Privileged memory - MPCBB1 is applicable
2026-03-26 16:42:55,034 [INFO] Rule:233 - rule 117617 - U5Cobra4M][GTZC] default value MPCBB3 and MPCBB5 - Privileged memory - MPCBB2 is applicable
2026-03-26 16:42:55,034 [INFO] Rule:233 - rule 117617 - U5Cobra4M][GTZC] default value MPCBB3 and MPCBB5 - Privileged memory - MPCBB3 is applicable
2026-03-26 16:42:55,034 [INFO] Rule:233 - rule 117617 - U5Cobra4M][GTZC] default value MPCBB3 and MPCBB5 - Privileged memory - MPCBB4 is applicable
2026-03-26 16:42:55,034 [INFO] Rule:233 - rule 117617 - U5Cobra4M][GTZC] default value MPCBB3 and MPCBB5 - Privileged memory - MPCBB1 is applicable
2026-03-26 16:42:55,034 [INFO] Rule:233 - rule 117617 - U5Cobra4M][GTZC] default value MPCBB3 and MPCBB5 - Privileged memory - MPCBB2 is applicable
2026-03-26 16:42:55,034 [INFO] Rule:233 - rule 117617 - U5Cobra4M][GTZC] default value MPCBB3 and MPCBB5 - Privileged memory - MPCBB3 is applicable
2026-03-26 16:42:55,034 [INFO] Rule:233 - rule 117617 - U5Cobra4M][GTZC] default value MPCBB3 and MPCBB5 - Privileged memory - MPCBB4 is applicable
2026-03-26 16:42:55,035 [INFO] Rule:233 - rule 117617 - U5Cobra4M][GTZC] default value MPCBB3 and MPCBB5 - Not Privileged memory - MPCBB1 is applicable
2026-03-26 16:42:55,035 [INFO] Rule:233 - rule 117617 - U5Cobra4M][GTZC] default value MPCBB3 and MPCBB5 - Not Privileged memory - MPCBB2 is applicable
2026-03-26 16:42:55,035 [INFO] Rule:233 - rule 117617 - U5Cobra4M][GTZC] default value MPCBB3 and MPCBB5 - Not Privileged memory - MPCBB3 is applicable
2026-03-26 16:42:55,035 [INFO] Rule:233 - rule 117617 - U5Cobra4M][GTZC] default value MPCBB3 and MPCBB5 - Not Privileged memory - MPCBB4 is applicable
2026-03-26 16:42:55,035 [INFO] Rule:233 - rule 117617 - U5Cobra4M][GTZC] default value MPCBB3 and MPCBB5 - Privileged memory - MPCBB1 is applicable
2026-03-26 16:42:55,035 [INFO] Rule:233 - rule 117617 - U5Cobra4M][GTZC] default value MPCBB3 and MPCBB5 - Privileged memory - MPCBB2 is applicable
2026-03-26 16:42:55,035 [INFO] Rule:233 - rule 117617 - U5Cobra4M][GTZC] default value MPCBB3 and MPCBB5 - Privileged memory - MPCBB3 is applicable
2026-03-26 16:42:55,035 [INFO] Rule:233 - rule 117617 - U5Cobra4M][GTZC] default value MPCBB3 and MPCBB5 - Privileged memory - MPCBB4 is applicable
2026-03-26 16:42:55,035 [INFO] Rule:233 - rule Rename SubGHz_Phy SUBGHZ_APPLICATION SUBGHZ_PINGPONG to SUBGHZ_ADV_APPLICATION is applicable
2026-03-26 16:42:55,035 [INFO] Rule:233 - rule Rename Enabled to IBEACON is applicable
2026-03-26 16:42:55,035 [INFO] Rule:233 - rule GTZC_S instance for project manager is applicable
2026-03-26 16:42:55,035 [INFO] Rule:233 - rule GTZC_S instance for context M33S is applicable
2026-03-26 16:42:55,035 [INFO] Rule:233 - rule GTZC_S instance value for IP GTZC is applicable
2026-03-26 16:42:55,035 [INFO] Rule:233 - rule GTZC_S instance for mcu.IP is applicable
2026-03-26 16:42:55,035 [INFO] Rule:233 - rule GTZC_S instance for VP is applicable
2026-03-26 16:42:55,035 [INFO] Rule:233 - rule GTZC_S instance for signal is applicable
2026-03-26 16:42:55,035 [INFO] Rule:233 - rule GTZC_S instance for mcu.Pin is applicable
2026-03-26 16:42:55,035 [INFO] Rule:233 - rule GTZC_S instance for VP is applicable
2026-03-26 16:42:55,035 [INFO] Rule:233 - rule GTZC_S instance for signal is applicable
2026-03-26 16:42:55,035 [INFO] Rule:233 - rule GTZC_S instance for mcu is applicable
2026-03-26 16:42:55,035 [INFO] Rule:233 - rule GTZC_S instance for mcu.Pin is applicable
2026-03-26 16:42:55,035 [INFO] Rule:233 - rule GTZC_S instance value for IP GTZC is applicable
2026-03-26 16:42:55,036 [INFO] Rule:233 - rule GTZC_S instance for project manager is applicable
2026-03-26 16:42:55,036 [INFO] Rule:233 - rule GTZC_S instance for context M33S is applicable
2026-03-26 16:42:55,036 [INFO] Rule:233 - rule GTZC_S instance for VP is applicable
2026-03-26 16:42:55,036 [INFO] Rule:233 - rule GTZC_S instance for signal is applicable
2026-03-26 16:42:55,036 [INFO] Rule:233 - rule SPDIFRX instance for mcu is applicable
2026-03-26 16:42:55,036 [INFO] Rule:233 - rule Rename Tracer Mode is applicable
2026-03-26 16:42:55,036 [INFO] Rule:233 - rule SPDIFRX instance value for IP SPDIFRX is applicable
2026-03-26 16:42:55,036 [INFO] Rule:233 - rule SPDIFRX instance for signal is applicable
2026-03-26 16:42:55,036 [INFO] Rule:233 - rule SPDIFRX instance for project manager is applicable
2026-03-26 16:42:55,036 [INFO] Rule:233 - rule SPDIFRX instance for project manager is applicable
2026-03-26 16:42:55,036 [INFO] Rule:233 - rule ADC Scan  fix with FW F7 is applicable
2026-03-26 16:42:55,036 [INFO] Rule:233 - rule ADC Scan  fix with FW F7 is applicable
2026-03-26 16:42:55,036 [INFO] Rule:233 - rule WakeUp0 Mode is applicable
2026-03-26 16:42:55,036 [INFO] Rule:233 - rule WakeUp0 SIGNAL is applicable
2026-03-26 16:42:55,036 [INFO] Rule:233 - rule WakeUp1 Mode is applicable
2026-03-26 16:42:55,036 [INFO] Rule:233 - rule WakeUp1 SIGNAL is applicable
2026-03-26 16:42:55,036 [INFO] Rule:233 - rule WakeUp2 Mode is applicable
2026-03-26 16:42:55,036 [INFO] Rule:233 - rule WakeUp2 SIGNAL is applicable
2026-03-26 16:42:55,036 [INFO] Rule:233 - rule WakeUp4 Mode is applicable
2026-03-26 16:42:55,036 [INFO] Rule:233 - rule WakeUp4 SIGNAL is applicable
2026-03-26 16:42:55,036 [INFO] Rule:233 - rule WakeUp5 Mode is applicable
2026-03-26 16:42:55,037 [INFO] Rule:233 - rule WakeUp5 SIGNAL is applicable
2026-03-26 16:42:55,037 [INFO] Rule:233 - rule UART/USART WORD LENGTH 7 is applicable
2026-03-26 16:42:55,037 [INFO] Rule:233 - rule UART/USART WORD LENGTH 8 is applicable
2026-03-26 16:42:55,037 [INFO] Rule:233 - rule UART/USART WORD LENGTH 9 is applicable
2026-03-26 16:42:55,037 [INFO] Rule:233 - rule Change Default Value for LSE Drive Capability for WB family is applicable
2026-03-26 16:42:55,037 [INFO] Rule:233 - rule Change Default Value for ADC Clock Prescaler G0 family is applicable
2026-03-26 16:42:55,044 [INFO] Rule:233 - rule ADC SamplingTime fix with FW L0  is applicable
2026-03-26 16:42:55,045 [INFO] Rule:233 - rule ADC SamplingTime fix with FW L0  is applicable
2026-03-26 16:42:55,045 [INFO] Rule:233 - rule ADC SamplingTime fix with FW L0 is applicable
2026-03-26 16:42:55,045 [INFO] Rule:233 - rule ADC SamplingTime fix with FW L0 is applicable
2026-03-26 16:42:55,045 [INFO] Rule:233 - rule ADC SamplingTime fix with FW L0  is applicable
2026-03-26 16:42:55,045 [INFO] Rule:233 - rule ADC SamplingTime fix with FW L0 is applicable
2026-03-26 16:42:55,045 [INFO] Rule:233 - rule Rename USB_OE Signal is applicable
2026-03-26 16:42:55,045 [INFO] Rule:233 - rule Rename Activate_OE Mode is applicable
2026-03-26 16:42:55,045 [INFO] Rule:233 - rule Rename DIE462/DIE415 pin PC14/OSC32_IN -> PC14-OSC32_IN (PC14) is applicable
2026-03-26 16:42:55,045 [INFO] Rule:233 - rule Rename DIE462/DIE415 pin PC15/OSC32_OUT -> PC15-OSC32_OUT (PC15) is applicable
2026-03-26 16:42:55,045 [INFO] Rule:233 - rule Rename DIE462/DIE415 pin PH0/OSC_IN -> PH0-OSC_IN (PH0) is applicable
2026-03-26 16:42:55,045 [INFO] Rule:233 - rule Rename DIE462/DIE415 pin PH1/OSC_OUT -> PH1-OSC_OUT (PH1) is applicable
2026-03-26 16:42:55,045 [INFO] Rule:233 - rule Rename DIE462 pin PA13 -> PA13 (JTMS/SWDIO) is applicable
2026-03-26 16:42:55,045 [INFO] Rule:233 - rule Rename DIE415 pin PA13 -> PA13 (JTMS/SWDIO) is applicable
2026-03-26 16:42:55,046 [INFO] Rule:233 - rule Rename DIE462 pin PA14 -> PA14 (JTCK/SWCLK) is applicable
2026-03-26 16:42:55,046 [INFO] Rule:233 - rule Rename DIE415 pin PA14 -> PA14 (JTCK/SWCLK) is applicable
2026-03-26 16:42:55,046 [INFO] Rule:233 - rule Rename DIE462/DIE415 pin PA15 -> PA15 (JTDI) is applicable
2026-03-26 16:42:55,046 [INFO] Rule:233 - rule Rename DIE462 pin PB3 -> PB3 (JTD0/TRACESWO) is applicable
2026-03-26 16:42:55,046 [INFO] Rule:233 - rule Rename DIE415 pin PB3 -> PB3 (JTD0-TRACESWO) is applicable
2026-03-26 16:42:55,046 [INFO] Rule:233 - rule Rename DIE462/DIE415 pin PB4 -> PB4 (NJTRST) is applicable
2026-03-26 16:42:55,046 [INFO] Rule:233 - rule Rename DIE462 pin PH3/BOOT0 -> PH3-BOOT0 (BOOT0) is applicable
2026-03-26 16:42:55,046 [INFO] Rule:233 - rule Rename CRYP DataEncryptionTypesList to Algorithm is applicable
2026-03-26 16:42:55,046 [INFO] Rule:233 - rule Rename AES DataEncryptionTypesList to Algorithm is applicable
2026-03-26 16:42:55,046 [INFO] Rule:233 - rule Rename TDESECB to CRYP_TDES_ECB is applicable
2026-03-26 16:42:55,046 [INFO] Rule:233 - rule Rename TDESCBC to CRYP_TDES_CBC is applicable
2026-03-26 16:42:55,046 [INFO] Rule:233 - rule Rename DESECB to CRYP_DES_ECB is applicable
2026-03-26 16:42:55,046 [INFO] Rule:233 - rule Rename DESCBC to CRYP_DES_CBC is applicable
2026-03-26 16:42:55,046 [INFO] Rule:233 - rule Rename AESECB to CRYP_AES_ECB is applicable
2026-03-26 16:42:55,046 [INFO] Rule:233 - rule Rename AESCBC to CRYP_AES_CBC is applicable
2026-03-26 16:42:55,046 [INFO] Rule:233 - rule Rename AESCTR to CRYP_AES_CTR is applicable
2026-03-26 16:42:55,046 [INFO] Rule:233 - rule Rename AESGCM to CRYP_AES_GCM is applicable
2026-03-26 16:42:55,046 [INFO] Rule:233 - rule Rename AESCCM to CRYP_AES_CCM is applicable
2026-03-26 16:42:55,046 [INFO] Rule:233 - rule Rename CAN TimeSeg1 to BS1 is applicable
2026-03-26 16:42:55,046 [INFO] Rule:233 - rule Rename CAN TimeSeg2 to BS2 is applicable
2026-03-26 16:42:55,046 [INFO] Rule:233 - rule Rename CAN SyncJumpWidth to SJW is applicable
2026-03-26 16:42:55,046 [INFO] Rule:233 - rule TimeTriggeredMode to TTCM is applicable
2026-03-26 16:42:55,046 [INFO] Rule:233 - rule Rename CAN AutoBusOff to ABOM is applicable
2026-03-26 16:42:55,046 [INFO] Rule:233 - rule Rename CAN AutoWakeUp to AWUM is applicable
2026-03-26 16:42:55,047 [INFO] Rule:233 - rule Rename CAN AutoRetransmission to NART is applicable
2026-03-26 16:42:55,047 [INFO] Rule:233 - rule Rename CAN ReceiveFifoLocked to RFLM is applicable
2026-03-26 16:42:55,047 [INFO] Rule:233 - rule Rename CAN TransmitFifoPriority to TXFP is applicable
2026-03-26 16:42:55,047 [INFO] Rule:233 - rule Rename HRTIMER HRTIM_OUTPUTFAULTLEVEL_HIGH in HRTIMER HRTIM_OUTPUTFAULTLEVEL_HIGHZ is applicable
2026-03-26 16:42:55,047 [INFO] Rule:233 - rule Rename TIMER TIM_CLEARINPUTSOURCE_OCREFCLR in  TIMER TIM_CLEARINPUTSOURCE_NONE for F7 family is applicable
2026-03-26 16:42:55,047 [INFO] Rule:233 - rule FDCAN_R1 - Rename FDCAN mode Master into Classic is applicable
2026-03-26 16:42:55,047 [INFO] Rule:233 - rule FDCAN_R2 - Rename FDCAN mode Slave into Classic is applicable
2026-03-26 16:42:55,047 [INFO] Rule:233 - rule FDCAN1_R3 - if PA10.Mode=FullDuplex, add Pin PA12 is applicable
2026-03-26 16:42:55,047 [INFO] Rule:233 - rule FDCAN1_R3 - if PA9.Mode=FullDuplex, add Pin PA11 is applicable
2026-03-26 16:42:55,047 [INFO] Rule:233 - rule FDCAN1_R3 - Alternatepin_1 - if PE1.Mode=FullDuplex, add Pin PB9 is applicable
2026-03-26 16:42:55,047 [INFO] Rule:233 - rule FDCAN1_R3 - Alternatepin_1 - if PE0.Mode=FullDuplex, add Pin PB8 is applicable
2026-03-26 16:42:55,047 [INFO] Rule:233 - rule FDCAN1_R3 - Alternatepin_2 - if PD5.Mode=FullDuplex, add Pin PD1 is applicable
2026-03-26 16:42:55,047 [INFO] Rule:233 - rule FDCAN1_R3 - Alternatepin_2 - if PD4.Mode=FullDuplex, add Pin PD0 is applicable
2026-03-26 16:42:55,047 [INFO] Rule:233 - rule FDCAN1_R4 - Rename Mode FullDuplex into Enable FDCAN_TXFD for pin PA10 is applicable
2026-03-26 16:42:55,047 [INFO] Rule:233 - rule FDCAN1_R4 - Rename Mode FullDuplex into Enable FDCAN_TXFD for pin PA9 is applicable
2026-03-26 16:42:55,047 [INFO] Rule:233 - rule FDCAN1_R4 - Alternatepin_1 - Rename Mode FullDuplex into Enable FDCAN_TXFD for pin PE1 is applicable
2026-03-26 16:42:55,047 [INFO] Rule:233 - rule FDCAN1_R4 - Alternatepin_1 - Rename Mode FullDuplex into Enable FDCAN_TXFD for pin PE0 is applicable
2026-03-26 16:42:55,047 [INFO] Rule:233 - rule FDCAN1_R4 - Alternatepin_2 - Rename Mode FullDuplex into Enable FDCAN_TXFD for pin PD5 is applicable
2026-03-26 16:42:55,047 [INFO] Rule:233 - rule FDCAN1_R4 - Alternatepin_2 - Rename Mode FullDuplex into Enable FDCAN_TXFD for pin PD4 is applicable
2026-03-26 16:42:55,047 [INFO] Rule:233 - rule FDCAN2_R3 - if PD10.Mode=FullDuplex, add Pin PB13 is applicable
2026-03-26 16:42:55,047 [INFO] Rule:233 - rule FDCAN2_R3 - if PD9.Mode=FullDuplex, add Pin PB12 is applicable
2026-03-26 16:42:55,047 [INFO] Rule:233 - rule FDCAN2_R3 - Alternatepin_1 - if PB7.Mode=FullDuplex, add Pin PB6 is applicable
2026-03-26 16:42:55,047 [INFO] Rule:233 - rule FDCAN2_R3 - Alternatepin_1 - if PD9.Mode=FullDuplex, add Pin PB12 is applicable
2026-03-26 16:42:55,047 [INFO] Rule:233 - rule FDCAN2_R4 - Rename Mode FullDuplex into Enable FDCAN_TXFD for pin PD10 is applicable
2026-03-26 16:42:55,047 [INFO] Rule:233 - rule FDCAN2_R4 - Rename Mode FullDuplex into Enable FDCAN_TXFD for pin PD9 is applicable
2026-03-26 16:42:55,047 [INFO] Rule:233 - rule FDCAN2_R4 - Alternatepin_1 - Rename Mode FullDuplex into Enable FDCAN_TXFD for pin PB7 is applicable
2026-03-26 16:42:55,047 [INFO] Rule:233 - rule FDCAN2_R4 - Alternatepin_1 - Rename Mode FullDuplex into Enable FDCAN_TXFD for pin PD6 is applicable
2026-03-26 16:42:55,047 [INFO] Rule:233 - rule USART TxPinLevelInvertParam Mode is applicable
2026-03-26 16:42:55,047 [INFO] Rule:233 - rule USART RxPinLevelInvertParam Mode is applicable
2026-03-26 16:42:55,048 [INFO] Rule:233 - rule USART DataInvertParam Mode is applicable
2026-03-26 16:42:55,048 [INFO] Rule:233 - rule USART SwapParam Mode is applicable
2026-03-26 16:42:55,048 [INFO] Rule:233 - rule USART OverrunDisableParam Mode is applicable
2026-03-26 16:42:55,048 [INFO] Rule:233 - rule USART DMADisableonRxErrorParam Mode is applicable
2026-03-26 16:42:55,048 [INFO] Rule:233 - rule USART MSBFirstParam Mode is applicable
2026-03-26 16:42:55,048 [INFO] Rule:233 - rule Update MwName for USB_DEVICE is applicable
2026-03-26 16:42:55,048 [INFO] Rule:233 - rule Change PWR_Regulator_Voltage_Scale Default Value for RCC  H7 family is applicable
2026-03-26 16:42:55,048 [INFO] Rule:233 - rule UART/USART IPParameter rename Prescaler parameter to ClockPrescaler is applicable
2026-03-26 16:42:55,048 [INFO] Rule:233 - rule UART/USART Prescaler rename Prescaler parameter to ClockPrescaler is applicable
2026-03-26 16:42:55,048 [INFO] Rule:233 - rule TIM1CLockSelection is applicable
2026-03-26 16:42:55,048 [INFO] Rule:233 - rule TIM15CLockSelection is applicable
2026-03-26 16:42:55,048 [INFO] Rule:233 - rule align RCC SDMMC3CLockSelection default value on MP1 is applicable
2026-03-26 16:42:55,048 [INFO] Rule:233 - rule align RCC SDMMC12CLockSelection default value on MP1 is applicable
2026-03-26 16:42:55,048 [INFO] Rule:233 - rule align RCC QSPICLockSelection default value on MP1 is applicable
2026-03-26 16:42:55,048 [INFO] Rule:233 - rule align RCC QSPICLockSelection default value on MP1 is applicable
2026-03-26 16:42:55,048 [INFO] Rule:233 - rule align RCC SPI6CLockSelection default value on MP1 is applicable
2026-03-26 16:42:55,048 [INFO] Rule:233 - rule align RCC LPTIM23CLockSelection default value on MP1 is applicable
2026-03-26 16:42:55,048 [INFO] Rule:233 - rule align RCC LPTIM1CLockSelection default value on MP1 is applicable
2026-03-26 16:42:55,048 [INFO] Rule:233 - rule align RCC USART1CLockSelection default value on MP1 is applicable
2026-03-26 16:42:55,048 [INFO] Rule:233 - rule align RCC USART24CLockSelection default value on MP1 is applicable
2026-03-26 16:42:55,048 [INFO] Rule:233 - rule align RCC USART6CLockSelection default value on MP1 is applicable
2026-03-26 16:42:55,048 [INFO] Rule:233 - rule align RCC UART78CLockSelection default value on MP1 is applicable
2026-03-26 16:42:55,048 [INFO] Rule:233 - rule align RCC USART35CLockSelection default value on MP1 is applicable
2026-03-26 16:42:55,048 [INFO] Rule:233 - rule align RCC SPI45CLockSelection default value on MP1 is applicable
2026-03-26 16:42:55,048 [INFO] Rule:233 - rule align RCC I2C46CLockSelection BCLK value on MP1 is applicable
2026-03-26 16:42:55,048 [INFO] Rule:233 - rule align RCC SPI45CLockSelection default value on MP1 is applicable
2026-03-26 16:42:55,048 [INFO] Rule:233 - rule align RCC I2C12CLockSelection default value on MP1 is applicable
2026-03-26 16:42:55,048 [INFO] Rule:233 - rule align RCC I2C35CLockSelection default value on MP1 is applicable
2026-03-26 16:42:55,048 [INFO] Rule:233 - rule align RCC LPTIM45CLockSelection default value on MP1 is applicable
2026-03-26 16:42:55,048 [INFO] Rule:233 - rule Rename DCMI PIXCK signal is applicable
2026-03-26 16:42:55,049 [INFO] Rule:233 - rule Change Default Value for I2C46CLockSelection MP1 family is applicable
2026-03-26 16:42:55,049 [INFO] Rule:233 - rule Change Default Value for UART for G4, G0 and WB families is applicable
2026-03-26 16:42:55,049 [INFO] Rule:233 - rule Change Default Value for USART for G4, G0 and WB families is applicable
2026-03-26 16:42:55,049 [INFO] Rule:233 - rule Change Default Value for USART for G4 family is applicable
2026-03-26 16:42:55,049 [INFO] Rule:233 - rule Change USART1CLockSelection refparam name for MP1 is applicable
2026-03-26 16:42:55,049 [INFO] Rule:233 - rule Change USART2CLockSelection refparam name for MP1 is applicable
2026-03-26 16:42:55,049 [INFO] Rule:233 - rule Change USART3CLockSelection refparam name for MP1 is applicable
2026-03-26 16:42:55,049 [INFO] Rule:233 - rule Change UART4CLockSelection refparam name for MP1 is applicable
2026-03-26 16:42:55,049 [INFO] Rule:233 - rule Change UART5CLockSelection refparam name for MP1 is applicable
2026-03-26 16:42:55,049 [INFO] Rule:233 - rule Change LPUART1CLockSelection refparam name for MP1 is applicable
2026-03-26 16:42:55,049 [INFO] Rule:233 - rule Change LPTIM1CLockSelection refparam name for MP1 is applicable
2026-03-26 16:42:55,049 [INFO] Rule:233 - rule Change LPTIM2CLockSelection refparam name for MP1 is applicable
2026-03-26 16:42:55,049 [INFO] Rule:233 - rule Change RCC_MCO1Source refparam name for MP1 is applicable
2026-03-26 16:42:55,049 [INFO] Rule:233 - rule Change LSCOSource1 refparam name for MP1 is applicable
2026-03-26 16:42:55,049 [INFO] Rule:233 - rule Change SMPSCLockSelection refparam name for MP1 is applicable
2026-03-26 16:42:55,049 [INFO] Rule:233 - rule Change LPTIM3CLockSelection refparam name for MP1 is applicable
2026-03-26 16:42:55,049 [INFO] Rule:233 - rule Change MPCBB* Default Template Mode to Parameters is applicable
2026-03-26 16:42:55,049 [INFO] Rule:233 - rule Change MPCWM* or MPCBB* Secure Mode to Parameters is applicable
2026-03-26 16:42:55,049 [INFO] Rule:233 - rule Change MPCWM* or MPCBB* No Secure Mode to Parameters is applicable
2026-03-26 16:42:55,049 [INFO] Rule:233 - rule Change TZSC IP Secure Mode to Parameters is applicable
2026-03-26 16:42:55,049 [INFO] Rule:233 - rule Change TZSC IP No Secure Mode to Parameters is applicable
2026-03-26 16:42:55,049 [INFO] Rule:233 - rule Change TZSC IP Privilege Mode to Parameters is applicable
2026-03-26 16:42:55,050 [INFO] Rule:233 - rule Change TZSC IP No Privilege Mode to Parameters is applicable
2026-03-26 16:42:55,050 [INFO] Rule:233 - rule Change TZIC IT Secure Mode to Parameters is applicable
2026-03-26 16:42:55,050 [INFO] Rule:233 - rule Change TZIC IT No Secure Mode to Parameters is applicable
2026-03-26 16:42:55,050 [INFO] Rule:233 - rule Add MPCBB1_NonSecureArea_Start_Address value with referenced to MPCBB1_NonSecureArea_Start value is applicable
2026-03-26 16:42:55,050 [INFO] Rule:233 - rule Add MPCBB2_NonSecureArea_Start_Address value with referenced to MPCBB2_NonSecureArea_Start value is applicable
2026-03-26 16:42:55,050 [INFO] Rule:233 - rule Add MPCWM1_NonSecureArea*_Start_Address value with referenced to MPCWM1_NonSecureArea*_Start value is applicable
2026-03-26 16:42:55,050 [INFO] Rule:233 - rule Add MPCWM2_NonSecureArea*_Start_Address value with referenced to MPCWM2_NonSecureArea*_Start value is applicable
2026-03-26 16:42:55,050 [INFO] Rule:233 - rule Add MPCWM3_NonSecureArea_Start_Address value with referenced to MPCWM3_NonSecureArea_Start value is applicable
2026-03-26 16:42:55,050 [INFO] Rule:233 - rule Change Default Value for PLL1UserDefinedConfig is applicable
2026-03-26 16:42:55,050 [INFO] Rule:233 - rule Change GPIO_PuPd Default Value for USART in async mode is applicable
2026-03-26 16:42:55,050 [INFO] Rule:233 - rule Change SMPSDivider Default Value is applicable
2026-03-26 16:42:55,050 [INFO] Rule:233 - rule OPAMP is applicable
2026-03-26 16:42:55,050 [INFO] Rule:233 - rule LPUART IPParameter rename Prescaler parameter to ClockPrescaler for STM32H7 is applicable
2026-03-26 16:42:55,050 [INFO] Rule:233 - rule LPUART IPParameter rename Prescaler parameter to ClockPrescaler for STM32H7 is applicable
2026-03-26 16:42:55,050 [INFO] Rule:233 - rule LPUART IPParameter rename Prescaler parameter to ClockPrescaler for STM32WB is applicable
2026-03-26 16:42:55,050 [INFO] Rule:233 - rule LPUART IPParameter rename Prescaler parameter to ClockPrescaler for STM32WB is applicable
2026-03-26 16:42:55,050 [INFO] Rule:233 - rule LPUART IPParameter rename Prescaler parameter to ClockPrescaler for STM32G4 is applicable
2026-03-26 16:42:55,050 [INFO] Rule:233 - rule LPUART IPParameter rename Prescaler parameter to ClockPrescaler for STM32G4 is applicable
2026-03-26 16:42:55,050 [INFO] Rule:233 - rule LPUART IPParameter rename Prescaler parameter to ClockPrescaler for STM32L5 is applicable
2026-03-26 16:42:55,050 [INFO] Rule:233 - rule LPUART IPParameter rename Prescaler parameter to ClockPrescaler for STM32L5 is applicable
2026-03-26 16:42:55,050 [INFO] Rule:233 - rule LPUART IPParameter rename Prescaler parameter to ClockPrescaler for STM32G4 is applicable
2026-03-26 16:42:55,050 [INFO] Rule:233 - rule LPUART IPParameter rename Prescaler parameter to ClockPrescaler for STM32G4 is applicable
2026-03-26 16:42:55,050 [INFO] Rule:233 - rule USB device lib V2.5.3 for L0 rename USBD_SUPPORT_USER_STRING parameter to USBD_SUPPORT_USER_STRING_DESC4 is applicable
2026-03-26 16:42:55,050 [INFO] Rule:233 - rule I2SCLockSelection clock entry align is applicable
2026-03-26 16:42:55,050 [INFO] Rule:233 - rule Assign TIMx context if used as SYS timebase is applicable
2026-03-26 16:42:55,050 [INFO] Rule:233 - rule Change GPIO_Pu Default Value for I2C is applicable
2026-03-26 16:42:55,050 [INFO] Rule:233 - rule Change GPIO_Pu Default Value for SMBus is applicable
2026-03-26 16:42:55,050 [INFO] Rule:233 - rule change FDCAN default value is applicable
2026-03-26 16:42:55,050 [INFO] Rule:233 - rule Change mode sai is applicable
2026-03-26 16:42:55,050 [INFO] Rule:233 - rule **Change sai mode is applicable
2026-03-26 16:42:55,051 [INFO] Rule:233 - rule Rename STM32WPAN CFG_BLE_IRK to CFG_BLE_IR is applicable
2026-03-26 16:42:55,051 [INFO] Rule:233 - rule Rename STM32WPAN CFG_BLE_ERK to CFG_BLE_ER is applicable
2026-03-26 16:42:55,051 [INFO] Rule:233 - rule Rename STM32WPAN CFG_BLE_IRK_HEX to CFG_BLE_IR_HEX is applicable
2026-03-26 16:42:55,051 [INFO] Rule:233 - rule Rename STM32WPAN CFG_BLE_ERK_HEX to CFG_BLE_ER_HEX is applicable
2026-03-26 16:42:55,051 [INFO] Rule:233 - rule Adapt Old IOC before rework replace old CORTEX_M33/CORTEX_M55 attributes by the new one. is applicable
2026-03-26 16:42:55,051 [INFO] Rule:233 - rule Rename parametre of RCC RCC_APBDBG_DIV2 to RCC_TIMPRES_DIV2 is applicable
2026-03-26 16:42:55,051 [INFO] Rule:233 - rule Rename DIE493 pin PA10 [PA12] -> PA10 is applicable
2026-03-26 16:42:55,051 [INFO] Rule:233 - rule Rename DIE493 pin PA9 [PA11] -> PA9 is applicable
2026-03-26 16:42:55,051 [INFO] Rule:233 - rule Rename DIE492 PartNumber CPN STM32WBA5MJGHx -> STM32WBA5MMGHx is applicable
2026-03-26 16:42:55,051 [INFO] Rule:233 - rule Rename DIE492 PartNumber  Name STM32WBA5MJGHx -> STM32WBA5MMGHx is applicable
2026-03-26 16:42:55,051 [INFO] Rule:233 - rule Rename DIE492 PartNumber UserName STM32WBA5MJGHx -> STM32WBA5MMGHx is applicable
2026-03-26 16:42:55,051 [INFO] Rule:233 - rule Rename DIE492 PartNumber DeviceId STM32WBA5MJGHx -> STM32WBA5MMGHx is applicable
2026-03-26 16:42:55,051 [INFO] Rule:233 - rule Adapt Old IOC CSI. is applicable
2026-03-26 16:42:55,051 [INFO] Rule:233 - rule Adapt Old IOC DCMIPP. is applicable
2026-03-26 16:42:55,051 [INFO] Rule:233 - rule Adapt Old IOC DCMIPP Mode Parallel. is applicable
2026-03-26 16:42:55,051 [INFO] Rule:233 - rule Adapt Old IOC LTDC. is applicable
2026-03-26 16:42:55,051 [INFO] Rule:233 - rule Rename STM32MP2 RIF Peripheral LTDC RIF.RISUP.LTDC_L0L1.Privilege -> RIF.RISUP.LTDC_L1L2.Privilege is applicable
2026-03-26 16:42:55,051 [INFO] Rule:233 - rule Rename STM32MP2 RIF Peripheral LTDC RIF.RISUP.LTDC_L0L1.Privilege -> RIF.RISUP.LTDC_L1L2.Privilege is applicable
2026-03-26 16:42:55,051 [INFO] Rule:233 - rule Rename STM32MP2 RIF Peripheral LTDC RIF.RISUP.LTDC_L0L1.Lock -> RIF.RISUP.LTDC_L1L2.Lock is applicable
2026-03-26 16:42:55,051 [INFO] Rule:233 - rule Rename STM32MP2 RIF Peripheral LTDC RIF.RISUP.LTDC_L2.Lock -> RIF.RISUP.LTDC_L3.Lock is applicable
2026-03-26 16:42:55,051 [INFO] Rule:233 - rule Adapt the old IOC example for updating the SYS when it is misconfigured. is applicable
2026-03-26 16:42:55,051 [INFO] Rule:233 - rule Rename STM32C09 Mcu.Package LQFP64 -> LQFP48 is applicable
2026-03-26 16:42:55,051 [INFO] Rule:233 - rule Adapt the old IOC example for updating the SYS when it is misconfigured. is applicable
2026-03-26 16:42:55,051 [INFO] Rule:233 - rule Adapt the old IOC example for updating the SYS when it is misconfigured. is applicable
2026-03-26 16:42:55,075 [INFO] DbConfProperties:307 - Apply Compatibility (38/250 Rules)
2026-03-26 16:42:55,106 [INFO] ImportTextPane:234 - (OptionalMessage_ERROR) Unable to find key (Mcu.ThirdPartyNb) in loaded IOC file
2026-03-26 16:42:55,110 [INFO] ImportTextPane:234 - (OptionalMessage_ERROR) Pin34 (VP_RIF_VS_RIF1) cannot be retrieved for this MCU
2026-03-26 16:42:55,222 [INFO] RtosManager:558 - Registered RTOS mode: class=CMSIS, group=RTOS, mode=CMSIS_V1, owner=FREERTOS
2026-03-26 16:42:55,222 [INFO] RtosManager:558 - Registered RTOS mode: class=CMSIS, group=RTOS2, mode=CMSIS_V2, owner=FREERTOS
2026-03-26 16:42:55,223 [INFO] RtosManager:558 - Registered RTOS mode: class=RTOS, group=Core, mode=CMSIS_V1, owner=FREERTOS
2026-03-26 16:42:55,223 [INFO] RtosManager:558 - Registered RTOS mode: class=RTOS, group=Core, mode=CMSIS_V2, owner=FREERTOS
2026-03-26 16:42:55,223 [WARN] ModelIntegratedComponent:184 - Missing modes for component STMicroelectronics:FreeRTOS:0.0.1:STMicroelectronics:RTOS:FreeRTOS:Core:::10.2.0:
2026-03-26 16:42:55,235 [WARN] ModelIntegratedComponent:63 - No mode defined for component null
2026-03-26 16:42:55,235 [WARN] ModelIntegratedComponent:63 - No mode defined for component null
2026-03-26 16:42:55,235 [WARN] ModelIntegratedComponent:63 - No mode defined for component null
2026-03-26 16:42:55,235 [WARN] ModelIntegratedComponent:63 - No mode defined for component null
2026-03-26 16:42:55,235 [WARN] ModelIntegratedComponent:63 - No mode defined for component null
2026-03-26 16:42:55,235 [WARN] ModelIntegratedComponent:63 - No mode defined for component null
2026-03-26 16:42:55,235 [WARN] ModelIntegratedComponent:63 - No mode defined for component null
2026-03-26 16:42:55,235 [WARN] ModelIntegratedComponent:63 - No mode defined for component null
2026-03-26 16:42:55,235 [WARN] ModelIntegratedComponent:63 - No mode defined for component null
2026-03-26 16:42:55,235 [WARN] ModelIntegratedComponent:63 - No mode defined for component null
2026-03-26 16:42:55,235 [WARN] ModelIntegratedComponent:63 - No mode defined for component null
2026-03-26 16:42:55,236 [WARN] ModelIntegratedComponent:63 - No mode defined for component null
2026-03-26 16:42:55,236 [WARN] ModelIntegratedComponent:63 - No mode defined for component null
2026-03-26 16:42:55,236 [WARN] ModelIntegratedComponent:63 - No mode defined for component null
2026-03-26 16:42:55,236 [WARN] ModelIntegratedComponent:63 - No mode defined for component null
2026-03-26 16:42:55,236 [WARN] ModelIntegratedComponent:63 - No mode defined for component null
2026-03-26 16:42:55,236 [WARN] ModelIntegratedComponent:63 - No mode defined for component null
2026-03-26 16:42:55,236 [WARN] ModelIntegratedComponent:63 - No mode defined for component null
2026-03-26 16:42:55,236 [WARN] ModelIntegratedComponent:63 - No mode defined for component null
2026-03-26 16:42:55,236 [WARN] ModelIntegratedComponent:63 - No mode defined for component null
2026-03-26 16:42:55,236 [WARN] ModelIntegratedComponent:63 - No mode defined for component null
2026-03-26 16:42:55,236 [WARN] ModelIntegratedComponent:63 - No mode defined for component null
2026-03-26 16:42:55,236 [WARN] ModelIntegratedComponent:63 - No mode defined for component null
2026-03-26 16:42:55,236 [WARN] ModelIntegratedComponent:63 - No mode defined for component null
2026-03-26 16:42:55,236 [WARN] ModelIntegratedComponent:63 - No mode defined for component null
2026-03-26 16:42:55,236 [WARN] ModelIntegratedComponent:63 - No mode defined for component null
2026-03-26 16:42:55,236 [WARN] ModelIntegratedComponent:63 - No mode defined for component null
2026-03-26 16:42:55,236 [WARN] ModelIntegratedComponent:63 - No mode defined for component null
2026-03-26 16:42:55,236 [WARN] ModelIntegratedComponent:63 - No mode defined for component null
2026-03-26 16:42:55,236 [WARN] ModelIntegratedComponent:63 - No mode defined for component null
2026-03-26 16:42:55,236 [WARN] ModelIntegratedComponent:63 - No mode defined for component null
2026-03-26 16:42:55,236 [WARN] ModelIntegratedComponent:63 - No mode defined for component null
2026-03-26 16:42:55,236 [WARN] ModelIntegratedComponent:63 - No mode defined for component null
2026-03-26 16:42:55,236 [WARN] ModelIntegratedComponent:63 - No mode defined for component null
2026-03-26 16:42:55,236 [WARN] ModelIntegratedComponent:63 - No mode defined for component null
2026-03-26 16:42:55,236 [WARN] ModelPack:524 - Component already loaded: STMicroelectronics:HAL Drivers:0.0.0:STMicroelectronics:Device:STMicro_Driver:XSPI:HAL::0.0.1:HAL_XSPI
2026-03-26 16:42:55,521 [INFO] ThirdPartyModel:298 - Start build external matchings
2026-03-26 16:42:57,120 [INFO] ThirdPartyModel:316 - End build external matchings
2026-03-26 16:42:57,349 [INFO] UtilMem:75 - End LoadConfig() Used Memory: 925848104 Bytes (1073741824)
2026-03-26 16:42:57,528 [WARN] ThirdParty:833 - waiting for thirdparty lock release [change project]
2026-03-26 16:42:57,528 [INFO] ThirdParty:835 - entering critical section [change project]
2026-03-26 16:42:57,528 [INFO] ThirdParty:1030 - CMSIS Pack Vendor :STMicroelectronics X-CUBE-PM33A1 1.0.0
2026-03-26 16:42:57,528 [INFO] ThirdParty:1030 - CMSIS Pack Vendor :STMicroelectronics USBPD 4.1
2026-03-26 16:42:57,528 [INFO] ThirdParty:1030 - CMSIS Pack Vendor :STMicroelectronics USB_HOST 2.0.0
2026-03-26 16:42:57,529 [INFO] ThirdParty:1030 - CMSIS Pack Vendor :STMicroelectronics FP-SNS-MOTENVWB1 1.4.0
2026-03-26 16:42:57,529 [INFO] ThirdParty:1030 - CMSIS Pack Vendor :STMicroelectronics X-CUBE-AZRTOS-F4 1.1.0
2026-03-26 16:42:57,529 [INFO] ThirdParty:1030 - CMSIS Pack Vendor :STMicroelectronics LIBJPEG 8.0.0
2026-03-26 16:42:57,529 [INFO] ThirdParty:1030 - CMSIS Pack Vendor :STMicroelectronics FP-ATR-ASTRA1 2.0.2
2026-03-26 16:42:57,529 [INFO] ThirdParty:1030 - CMSIS Pack Vendor :Avnet-IotConnect X-CUBE-IoTC-DA16k-PMOD 1.0.0
2026-03-26 16:42:57,529 [INFO] ThirdParty:1030 - CMSIS Pack Vendor :STMicroelectronics X-CUBE-SMBUS 2.1.0
2026-03-26 16:42:57,529 [INFO] ThirdParty:1030 - CMSIS Pack Vendor :STMicroelectronics X-CUBE-ISPU 2.1.0
2026-03-26 16:42:57,529 [INFO] ThirdParty:1030 - CMSIS Pack Vendor :STMicroelectronics X-CUBE-IPS 3.2.0
2026-03-26 16:42:57,529 [INFO] ThirdParty:1030 - CMSIS Pack Vendor :STMicroelectronics X-CUBE-ST60 1.0.0
2026-03-26 16:42:57,529 [INFO] ThirdParty:1030 - CMSIS Pack Vendor :STMicroelectronics X-CUBE-NFC12 1.0.0
2026-03-26 16:42:57,529 [INFO] ThirdParty:1030 - CMSIS Pack Vendor :STMicroelectronics X-CUBE-AZRTOS-F7 1.1.0
2026-03-26 16:42:57,529 [INFO] ThirdParty:1030 - CMSIS Pack Vendor :STMicroelectronics X-CUBE-AZRTOS-L5 2.0.0
2026-03-26 16:42:57,529 [INFO] ThirdParty:1030 - CMSIS Pack Vendor :STMicroelectronics USB_DEVICE 2.0.0
2026-03-26 16:42:57,529 [INFO] ThirdParty:1030 - CMSIS Pack Vendor :STMicroelectronics X-CUBE-NFC6 3.1.0
2026-03-26 16:42:57,529 [INFO] ThirdParty:1030 - CMSIS Pack Vendor :STMicroelectronics FP-SNS-MOTENV1 5.1.0
2026-03-26 16:42:57,529 [INFO] ThirdParty:1030 - CMSIS Pack Vendor :STMicroelectronics FreeRTOS 0.0.1
2026-03-26 16:42:57,529 [INFO] ThirdParty:1030 - CMSIS Pack Vendor :Infineon AIROC-Wi-Fi-Bluetooth-STM32 1.7.1
2026-03-26 16:42:57,529 [INFO] ThirdParty:1030 - CMSIS Pack Vendor :STMicroelectronics PDM2PCM 3.3.0
2026-03-26 16:42:57,529 [INFO] ThirdParty:1030 - CMSIS Pack Vendor :STMicroelectronics X-CUBE-AZRTOS-H7 3.4.0
2026-03-26 16:42:57,529 [INFO] ThirdParty:1030 - CMSIS Pack Vendor :STMicroelectronics X-CUBE-DISPLAY 3.0.0
2026-03-26 16:42:57,529 [INFO] ThirdParty:1030 - CMSIS Pack Vendor :STMicroelectronics FP-SNS-MOTENVWB1 1.5.0
2026-03-26 16:42:57,529 [INFO] ThirdParty:1030 - CMSIS Pack Vendor :STMicroelectronics X-CUBE-NFC10 1.0.0
2026-03-26 16:42:57,529 [INFO] ThirdParty:1030 - CMSIS Pack Vendor :STMicroelectronics X-CUBE-BLEMGR 4.0.0
2026-03-26 16:42:57,529 [INFO] ThirdParty:1030 - CMSIS Pack Vendor :STMicroelectronics X-CUBE-FREERTOS 1.3.1
2026-03-26 16:42:57,529 [INFO] ThirdParty:1030 - CMSIS Pack Vendor :STMicroelectronics HAL Drivers 0.0.0
2026-03-26 16:42:57,529 [INFO] ThirdParty:1030 - CMSIS Pack Vendor :STMicroelectronics X-CUBE-ST60 1.1.0
2026-03-26 16:42:57,529 [INFO] ThirdParty:1030 - CMSIS Pack Vendor :emotas I-CUBE-CANOPEN 1.3.0
2026-03-26 16:42:57,530 [INFO] ThirdParty:1030 - CMSIS Pack Vendor :STMicroelectronics MBEDTLS 2.14.1
2026-03-26 16:42:57,530 [INFO] ThirdParty:1030 - CMSIS Pack Vendor :STMicroelectronics X-CUBE-GNSS1 7.1.0
2026-03-26 16:42:57,530 [INFO] ThirdParty:1030 - CMSIS Pack Vendor :STMicroelectronics X-CUBE-TOUCHGFX 4.26.0
2026-03-26 16:42:57,530 [INFO] ThirdParty:1030 - CMSIS Pack Vendor :quantropi X-CUBE-qispace-sdk-base 2.0.0
2026-03-26 16:42:57,530 [INFO] ThirdParty:1030 - CMSIS Pack Vendor :STMicroelectronics FP-SNS-STBOX1 2.1.0
2026-03-26 16:42:57,530 [INFO] ThirdParty:1030 - CMSIS Pack Vendor :STMicroelectronics FP-SNS-STAIOTCFT 1.0.0
2026-03-26 16:42:57,530 [INFO] ThirdParty:1030 - CMSIS Pack Vendor :STMicroelectronics FP-SNS-SMARTAG2 1.2.0
2026-03-26 16:42:57,530 [INFO] ThirdParty:1030 - CMSIS Pack Vendor :STMicroelectronics FP-SNS-FLIGHT1 5.1.0
2026-03-26 16:42:57,530 [INFO] ThirdParty:1030 - CMSIS Pack Vendor :STMicroelectronics X-CUBE-AZRTOS-WL 2.0.0
2026-03-26 16:42:57,530 [INFO] ThirdParty:1030 - CMSIS Pack Vendor :STMicroelectronics X-CUBE-DPower 1.3.0
2026-03-26 16:42:57,530 [INFO] ThirdParty:1030 - CMSIS Pack Vendor :STMicroelectronics FP-SNS-MOTENV1 5.0.0
2026-03-26 16:42:57,530 [INFO] ThirdParty:1030 - CMSIS Pack Vendor :STMicroelectronics USB_DEVICE 1.0.0
2026-03-26 16:42:57,530 [INFO] ThirdParty:1030 - CMSIS Pack Vendor :STMicroelectronics X-CUBE-AZRTOS-H7RS 1.2.0
2026-03-26 16:42:57,530 [INFO] ThirdParty:1030 - CMSIS Pack Vendor :STMicroelectronics X-CUBE-AZRTOS-L4 2.0.0
2026-03-26 16:42:57,530 [INFO] ThirdParty:1030 - CMSIS Pack Vendor :STMicroelectronics ThreadX 0.0.2
2026-03-26 16:42:57,530 [INFO] ThirdParty:1030 - CMSIS Pack Vendor :WES I-CUBE-Cesium 1.3.0
2026-03-26 16:42:57,530 [INFO] ThirdParty:1030 - CMSIS Pack Vendor :STMicroelectronics lwIP 2.1.2
2026-03-26 16:42:57,530 [INFO] ThirdParty:1030 - CMSIS Pack Vendor :STMicroelectronics X-CUBE-SFXS2LP1 4.0.0
2026-03-26 16:42:57,530 [INFO] ThirdParty:1030 - CMSIS Pack Vendor :STMicroelectronics X-CUBE-BLE2 3.3.0
2026-03-26 16:42:57,530 [INFO] ThirdParty:1030 - CMSIS Pack Vendor :Avnet-IOTCONNECT X-CUBE-iotc-st67-sdk 1.0.0
2026-03-26 16:42:57,530 [INFO] ThirdParty:1030 - CMSIS Pack Vendor :STMicroelectronics PDM2PCM 3.2.0
2026-03-26 16:42:57,530 [INFO] ThirdParty:1030 - CMSIS Pack Vendor :STMicroelectronics X-CUBE-ST67W61 1.2.0
2026-03-26 16:42:57,530 [INFO] ThirdParty:1030 - CMSIS Pack Vendor :STMicroelectronics X-CUBE-NFC9 1.0.0
2026-03-26 16:42:57,531 [INFO] ThirdParty:1030 - CMSIS Pack Vendor :wolfSSL I-CUBE-wolfSSL 5.8.0
2026-03-26 16:42:57,531 [INFO] ThirdParty:1030 - CMSIS Pack Vendor :STMicroelectronics X-CUBE-BLE1 7.1.0
2026-03-26 16:42:57,531 [INFO] ThirdParty:1030 - CMSIS Pack Vendor :wolfSSL I-CUBE-wolfMQTT 1.19.2
2026-03-26 16:42:57,531 [INFO] ThirdParty:1030 - CMSIS Pack Vendor :STMicroelectronics USB_DEVICE 3.0.0
2026-03-26 16:42:57,531 [INFO] ThirdParty:1030 - CMSIS Pack Vendor :STMicroelectronics X-CUBE-FREERTOS 1.4.0
2026-03-26 16:42:57,531 [INFO] ThirdParty:1030 - CMSIS Pack Vendor :STMicroelectronics X-CUBE-EEPRMA1 5.2.0
2026-03-26 16:42:57,531 [INFO] ThirdParty:1030 - CMSIS Pack Vendor :STMicroelectronics X-CUBE-BLEMGR 4.1.0
2026-03-26 16:42:57,531 [INFO] ThirdParty:1030 - CMSIS Pack Vendor :STMicroelectronics X-CUBE-AZRTOS-WB 2.0.0
2026-03-26 16:42:57,531 [INFO] ThirdParty:1030 - CMSIS Pack Vendor :STMicroelectronics X-CUBE-GNSS1 7.0.1
2026-03-26 16:42:57,531 [INFO] ThirdParty:1030 - CMSIS Pack Vendor :STMicroelectronics X-CUBE-TOUCHGFX 4.25.0
2026-03-26 16:42:57,531 [INFO] ThirdParty:1030 - CMSIS Pack Vendor :STMicroelectronics X-CUBE-ST67W61 1.1.0
2026-03-26 16:42:57,531 [INFO] ThirdParty:1030 - CMSIS Pack Vendor :STMicroelectronics X-CUBE-AI 10.1.0
2026-03-26 16:42:57,531 [INFO] ThirdParty:1030 - CMSIS Pack Vendor :STMicroelectronics FP-SNS-STBOX1 2.0.0
2026-03-26 16:42:57,531 [INFO] ThirdParty:1030 - CMSIS Pack Vendor :STMicroelectronics X-CUBE-MEMS1 12.0.0
2026-03-26 16:42:57,531 [INFO] ThirdParty:1030 - CMSIS Pack Vendor :STMicroelectronics X-CUBE-STSE01 2.0.0
2026-03-26 16:42:57,531 [INFO] ThirdParty:1030 - CMSIS Pack Vendor :STMicroelectronics X-CUBE-AZRTOS-G0 1.1.0
2026-03-26 16:42:57,531 [INFO] ThirdParty:1030 - CMSIS Pack Vendor :STMicroelectronics X-CUBE-SAFEA1 1.2.2
2026-03-26 16:42:57,531 [INFO] ThirdParty:1030 - CMSIS Pack Vendor :STMicroelectronics X-CUBE-NFC4 3.0.0
2026-03-26 16:42:57,531 [INFO] ThirdParty:1030 - CMSIS Pack Vendor :STMicroelectronics X-CUBE-SUBG2 5.0.0
2026-03-26 16:42:57,531 [INFO] ThirdParty:1030 - CMSIS Pack Vendor :STMicroelectronics X-CUBE-AZRTOS-H7RS 1.1.0
2026-03-26 16:42:57,531 [INFO] ThirdParty:1030 - CMSIS Pack Vendor :STMicroelectronics STM32_WPAN 1.0.0
2026-03-26 16:42:57,532 [INFO] ThirdParty:1030 - CMSIS Pack Vendor :EmbeddedOffice I-CUBE-FS-RTOS 1.0.1
2026-03-26 16:42:57,532 [INFO] ThirdParty:1030 - CMSIS Pack Vendor :STMicroelectronics lwIP 2.0.3
2026-03-26 16:42:57,532 [INFO] ThirdParty:1030 - CMSIS Pack Vendor :Cesanta I-CUBE-Mongoose 7.13.0
2026-03-26 16:42:57,532 [INFO] ThirdParty:1030 - CMSIS Pack Vendor :STMicroelectronics USB_HOST 1.0.0
2026-03-26 16:42:57,532 [INFO] ThirdParty:1030 - CMSIS Pack Vendor :STMicroelectronics X-CUBE-AZRTOS-G4 2.0.0
2026-03-26 16:42:57,532 [INFO] ThirdParty:1030 - CMSIS Pack Vendor :STMicroelectronics X-CUBE-WB05N 2.0.0
2026-03-26 16:42:57,532 [INFO] ThirdParty:1030 - CMSIS Pack Vendor :STMicroelectronics PDM2PCM 3.1.0
2026-03-26 16:42:57,532 [INFO] ThirdParty:1030 - CMSIS Pack Vendor :wolfSSL I-CUBE-wolfTPM 3.8.0
2026-03-26 16:42:57,532 [INFO] ThirdParty:1030 - CMSIS Pack Vendor :wolfSSL I-CUBE-wolfSSH 1.4.20
2026-03-26 16:42:57,532 [INFO] ThirdParty:1030 - CMSIS Pack Vendor :STMicroelectronics X-CUBE-NFC7 2.0.0
2026-03-26 16:42:57,532 [INFO] ThirdParty:1030 - CMSIS Pack Vendor :STMicroelectronics X-CUBE-TCPP 4.2.0
2026-03-26 16:42:57,532 [INFO] ThirdParty:1030 - CMSIS Pack Vendor :RealThread X-CUBE-RT-Thread_Nano 4.1.1
2026-03-26 16:42:57,532 [INFO] ThirdParty:1030 - CMSIS Pack Vendor :STMicroelectronics FP-ATR-SIGFOX1 3.2.0
2026-03-26 16:42:57,532 [INFO] ThirdParty:1030 - CMSIS Pack Vendor :STMicroelectronics X-CUBE-EEPRMA1 5.1.0
2026-03-26 16:42:57,532 [INFO] ThirdParty:1030 - CMSIS Pack Vendor :STMicroelectronics MBEDTLS 2.16.2
2026-03-26 16:42:57,532 [INFO] ThirdParty:1030 - CMSIS Pack Vendor :STMicroelectronics X-CUBE-IPS 3.1.0
2026-03-26 16:42:57,532 [INFO] ThirdParty:1030 - CMSIS Pack Vendor :STMicroelectronics X-CUBE-ALS 1.0.2
2026-03-26 16:42:57,532 [INFO] ThirdParty:1030 - CMSIS Pack Vendor :ITTIA_DB I-CUBE-ITTIADB 8.9.0
2026-03-26 16:42:57,532 [INFO] ThirdParty:1030 - CMSIS Pack Vendor :STMicroelectronics X-CUBE-STSE01 1.0.0
2026-03-26 16:42:57,532 [INFO] ThirdParty:1030 - CMSIS Pack Vendor :portGmbH I-Cube-SoM-uGOAL 1.1.0
2026-03-26 16:42:57,533 [INFO] ThirdParty:1030 - CMSIS Pack Vendor :STMicroelectronics X-CUBE-NFC6 3.2.0
2026-03-26 16:42:57,533 [INFO] ThirdParty:1030 - CMSIS Pack Vendor :STMicroelectronics X-CUBE-ST67W61 1.0.0
2026-03-26 16:42:57,533 [INFO] ThirdParty:1030 - CMSIS Pack Vendor :STMicroelectronics X-CUBE-AI 10.2.0
2026-03-26 16:42:57,533 [INFO] ThirdParty:1030 - CMSIS Pack Vendor :STMicroelectronics ThreadX 1.0.0
2026-03-26 16:42:57,533 [INFO] ThirdParty:1030 - CMSIS Pack Vendor :SEGGER I-CUBE-embOS 1.3.1
2026-03-26 16:42:57,533 [INFO] ThirdParty:1030 - CMSIS Pack Vendor :STMicroelectronics X-CUBE-ALGOBUILD 1.4.0
2026-03-26 16:42:57,533 [INFO] ThirdParty:1030 - CMSIS Pack Vendor :STMicroelectronics X-CUBE-MEMS1 11.3.0
2026-03-26 16:42:57,533 [INFO] ThirdParty:1030 - CMSIS Pack Vendor :STMicroelectronics X-CUBE-TOF1 3.4.3
2026-03-26 16:42:57,533 [INFO] ThirdParty:841 - exiting critical section [change project]
2026-03-26 16:42:57,947 [INFO] PinOutPanel:1589 - setPackage(No Configuration,No Configuration)
2026-03-26 16:42:57,948 [INFO] PinOutPanel:1589 - setPackage(STM32F407VGTx,LQFP100)
2026-03-26 16:42:58,312 [INFO] UtilMem:75 - Before build in PCC Used Memory: 913137320 Bytes (1073741824)
2026-03-26 16:42:58,811 [INFO] UtilMem:75 - After build in PCC Used Memory: 932796160 Bytes (1073741824)
2026-03-26 16:42:58,850 [INFO] IPUIPlugin:80 - create IPUIPlugin
2026-03-26 16:42:58,850 [INFO] IPUIPlugin:80 - create IPUIPlugin
2026-03-26 16:42:58,850 [INFO] IPUIPlugin:80 - create IPUIPlugin
2026-03-26 16:42:58,850 [INFO] IPUIPlugin:80 - create IPUIPlugin
2026-03-26 16:42:58,850 [INFO] IPUIPlugin:80 - create IPUIPlugin
2026-03-26 16:42:58,850 [INFO] IPUIPlugin:80 - create IPUIPlugin
2026-03-26 16:42:58,850 [INFO] IPUIPlugin:80 - create IPUIPlugin
2026-03-26 16:42:58,850 [INFO] IPUIPlugin:80 - create IPUIPlugin
2026-03-26 16:42:58,850 [INFO] IPUIPlugin:80 - create IPUIPlugin
2026-03-26 16:42:58,851 [INFO] IPUIPlugin:80 - create IPUIPlugin
2026-03-26 16:42:58,851 [INFO] IPUIPlugin:80 - create IPUIPlugin
2026-03-26 16:42:58,851 [INFO] IPUIPlugin:80 - create IPUIPlugin
2026-03-26 16:42:58,851 [INFO] IPUIPlugin:80 - create IPUIPlugin
2026-03-26 16:42:58,851 [INFO] IPUIPlugin:80 - create IPUIPlugin
2026-03-26 16:42:58,851 [INFO] IPUIPlugin:80 - create IPUIPlugin
2026-03-26 16:42:58,851 [INFO] IPUIPlugin:80 - create IPUIPlugin
2026-03-26 16:42:58,851 [INFO] IPUIPlugin:80 - create IPUIPlugin
2026-03-26 16:42:58,851 [INFO] IPUIPlugin:80 - create IPUIPlugin
2026-03-26 16:42:58,851 [INFO] IPUIPlugin:80 - create IPUIPlugin
2026-03-26 16:42:58,852 [INFO] IPUIPlugin:80 - create IPUIPlugin
2026-03-26 16:42:58,852 [INFO] IPUIPlugin:80 - create IPUIPlugin
2026-03-26 16:42:58,852 [INFO] IPUIPlugin:80 - create IPUIPlugin
2026-03-26 16:42:58,852 [INFO] IPUIPlugin:80 - create IPUIPlugin
2026-03-26 16:42:58,852 [INFO] IPUIPlugin:80 - create IPUIPlugin
2026-03-26 16:42:58,852 [INFO] IPUIPlugin:80 - create IPUIPlugin
2026-03-26 16:42:58,852 [INFO] IPUIPlugin:80 - create IPUIPlugin
2026-03-26 16:42:58,852 [INFO] IPUIPlugin:80 - create IPUIPlugin
2026-03-26 16:42:58,853 [INFO] IPUIPlugin:80 - create IPUIPlugin
2026-03-26 16:42:58,853 [INFO] IPUIPlugin:80 - create IPUIPlugin
2026-03-26 16:42:58,853 [INFO] IPUIPlugin:80 - create IPUIPlugin
2026-03-26 16:42:58,853 [INFO] IPUIPlugin:80 - create IPUIPlugin
2026-03-26 16:42:58,853 [INFO] IPUIPlugin:80 - create IPUIPlugin
2026-03-26 16:42:58,853 [INFO] IPUIPlugin:80 - create IPUIPlugin
2026-03-26 16:42:58,853 [INFO] IPUIPlugin:80 - create IPUIPlugin
2026-03-26 16:42:58,854 [INFO] IPUIPlugin:80 - create IPUIPlugin
2026-03-26 16:42:58,854 [INFO] IPUIPlugin:80 - create IPUIPlugin
2026-03-26 16:42:58,854 [INFO] IPUIPlugin:80 - create IPUIPlugin
2026-03-26 16:42:58,854 [INFO] IPUIPlugin:80 - create IPUIPlugin
2026-03-26 16:42:58,854 [INFO] IPUIPlugin:80 - create IPUIPlugin
2026-03-26 16:42:58,855 [INFO] IPUIPlugin:80 - create IPUIPlugin
2026-03-26 16:42:58,855 [INFO] IPUIPlugin:80 - create IPUIPlugin
2026-03-26 16:42:58,855 [INFO] IPUIPlugin:80 - create IPUIPlugin
2026-03-26 16:42:58,855 [INFO] IPUIPlugin:80 - create IPUIPlugin
2026-03-26 16:42:58,855 [INFO] IPUIPlugin:80 - create IPUIPlugin
2026-03-26 16:42:58,855 [INFO] IPUIPlugin:80 - create IPUIPlugin
2026-03-26 16:42:58,856 [INFO] IPUIPlugin:80 - create IPUIPlugin
2026-03-26 16:42:58,856 [INFO] IPUIPlugin:80 - create IPUIPlugin
2026-03-26 16:42:58,856 [INFO] IPUIPlugin:80 - create IPUIPlugin
2026-03-26 16:42:58,856 [INFO] IPUIPlugin:80 - create IPUIPlugin
2026-03-26 16:42:58,856 [INFO] IPUIPlugin:80 - create IPUIPlugin
2026-03-26 16:42:58,856 [INFO] IPUIPlugin:80 - create IPUIPlugin
2026-03-26 16:42:58,856 [INFO] IPUIPlugin:80 - create IPUIPlugin
2026-03-26 16:42:58,856 [INFO] IPUIPlugin:80 - create IPUIPlugin
2026-03-26 16:42:58,857 [INFO] IPUIPlugin:80 - create IPUIPlugin
2026-03-26 16:42:58,857 [INFO] IPUIPlugin:80 - create IPUIPlugin
2026-03-26 16:42:58,857 [INFO] IPUIPlugin:80 - create IPUIPlugin
2026-03-26 16:42:58,858 [INFO] IPUIPlugin:80 - create IPUIPlugin
2026-03-26 16:42:58,858 [INFO] IPUIPlugin:80 - create IPUIPlugin
2026-03-26 16:42:58,887 [INFO] ApiDbMcu:532 - Load IP Config File for PDM2PCM
2026-03-26 16:42:59,009 [INFO] CADModel:165 - CPN selected for project levelSTM32F407VGT6
2026-03-26 16:42:59,009 [INFO] CADModel:114 - Register for checkConnection events
2026-03-26 16:42:59,047 [INFO] OpenFileManager:386 - Restore cursor
2026-03-26 16:42:59,591 [INFO] UtilMem:75 - End SaveConfig() Used Memory: 970524792 Bytes (1073741824)
2026-03-26 16:42:59,662 [INFO] UtilMem:75 - End SaveConfig() Used Memory: 990954368 Bytes (1073741824)
2026-03-26 16:43:00,192 [INFO] BlockDiagram:2775 - set Specific Code input for plugin: SYS
2026-03-26 16:43:00,193 [INFO] BlockDiagram:2775 - set Specific Code input for plugin: RCC
2026-03-26 16:43:00,193 [INFO] BlockDiagram:2775 - set Specific Code input for plugin: NVIC
2026-03-26 16:43:00,194 [INFO] BlockDiagram:2775 - set Specific Code input for plugin: GPIO
2026-03-26 16:43:00,195 [INFO] CodeGenerator:892 - code generatio: config db path: /opt/st/stm32cubeide_1.19.0/plugins/com.st.stm32cube.common.mx_6.15.0.202507011659//db/
2026-03-26 16:43:00,472 [INFO] CodeEngine:265 - oldGeneratedFile, /home/sunbeam/Desktop/workspace/RTOS_workspace/003LED_Block_Tasks/MXTmpFiles/license.tmp_save
2026-03-26 16:43:00,789 [INFO] CodeEngine:289 - Generated code: /home/sunbeam/Desktop/workspace/RTOS_workspace/003LED_Block_Tasks/MXTmpFiles/license.tmp
2026-03-26 16:43:00,894 [INFO] CodeEngine:265 - oldGeneratedFile, /home/sunbeam/Desktop/workspace/RTOS_workspace/003LED_Block_Tasks/MXTmpFiles/gpio.tmp_save
2026-03-26 16:43:01,031 [INFO] CodeEngine:289 - Generated code: /home/sunbeam/Desktop/workspace/RTOS_workspace/003LED_Block_Tasks/MXTmpFiles/gpio.tmp
2026-03-26 16:43:01,071 [INFO] CodeEngine:265 - oldGeneratedFile, /home/sunbeam/Desktop/workspace/RTOS_workspace/003LED_Block_Tasks/Core/Src/stm32f4xx_it.c_save
2026-03-26 16:43:01,169 [INFO] CodeEngine:289 - Generated code: /home/sunbeam/Desktop/workspace/RTOS_workspace/003LED_Block_Tasks/Core/Src/stm32f4xx_it.c
2026-03-26 16:43:01,176 [INFO] CodeEngine:265 - oldGeneratedFile, /home/sunbeam/Desktop/workspace/RTOS_workspace/003LED_Block_Tasks/Core/Inc/stm32f4xx_it.h_save
2026-03-26 16:43:01,259 [INFO] CodeEngine:289 - Generated code: /home/sunbeam/Desktop/workspace/RTOS_workspace/003LED_Block_Tasks/Core/Inc/stm32f4xx_it.h
2026-03-26 16:43:01,269 [INFO] CodeEngine:265 - oldGeneratedFile, /home/sunbeam/Desktop/workspace/RTOS_workspace/003LED_Block_Tasks/Core/Src/stm32f4xx_hal_msp.c_save
2026-03-26 16:43:01,433 [INFO] CodeEngine:289 - Generated code: /home/sunbeam/Desktop/workspace/RTOS_workspace/003LED_Block_Tasks/Core/Src/stm32f4xx_hal_msp.c
2026-03-26 16:43:01,440 [INFO] CodeEngine:265 - oldGeneratedFile, /home/sunbeam/Desktop/workspace/RTOS_workspace/003LED_Block_Tasks/MXTmpFiles/system.tmp_save
2026-03-26 16:43:01,516 [INFO] CodeEngine:289 - Generated code: /home/sunbeam/Desktop/workspace/RTOS_workspace/003LED_Block_Tasks/MXTmpFiles/system.tmp
2026-03-26 16:43:01,522 [INFO] CodeEngine:321 - oldGeneratedFile, /home/sunbeam/Desktop/workspace/RTOS_workspace/003LED_Block_Tasks/Core/Inc/stm32f4xx_hal_conf.h_save
2026-03-26 16:43:01,599 [INFO] CodeEngine:345 - Generated code: /home/sunbeam/Desktop/workspace/RTOS_workspace/003LED_Block_Tasks/Core/Inc/stm32f4xx_hal_conf.h
2026-03-26 16:43:01,672 [INFO] ApiDbMcu:532 - Load IP Config File for RCC
2026-03-26 16:43:01,678 [INFO] CodeEngine:265 - oldGeneratedFile, /home/sunbeam/Desktop/workspace/RTOS_workspace/003LED_Block_Tasks/Core/Inc/main.h_save
2026-03-26 16:43:01,797 [INFO] CodeEngine:289 - Generated code: /home/sunbeam/Desktop/workspace/RTOS_workspace/003LED_Block_Tasks/Core/Inc/main.h
2026-03-26 16:43:01,799 [INFO] CodeEngine:265 - oldGeneratedFile, /home/sunbeam/Desktop/workspace/RTOS_workspace/003LED_Block_Tasks/Core/Src/main.c_save
2026-03-26 16:43:01,960 [INFO] CodeEngine:289 - Generated code: /home/sunbeam/Desktop/workspace/RTOS_workspace/003LED_Block_Tasks/Core/Src/main.c
2026-03-26 16:43:02,425 [INFO] ProjectBuilder:3606 - Time for Copy HAL[1] : 37mS.
2026-03-26 16:43:02,428 [INFO] ProjectBuilder:5216 - Project Generator version: 4.7.0-B52
2026-03-26 16:43:02,516 [INFO] ConfigFileManager:1595 - The Die is : DIE413
2026-03-26 16:43:02,529 [INFO] ApiDbMcu:532 - Load IP Config File for FATFS
2026-03-26 16:43:02,553 [INFO] ApiDbMcu:532 - Load IP Config File for FREERTOS
2026-03-26 16:43:02,558 [INFO] ApiDbMcu:532 - Load IP Config File for LIBJPEG
2026-03-26 16:43:02,642 [INFO] ApiDbMcu:532 - Load IP Config File for LWIP
2026-03-26 16:43:02,688 [INFO] ApiDbMcu:532 - Load IP Config File for MBEDTLS
2026-03-26 16:43:02,720 [INFO] ApiDbMcu:532 - Load IP Config File for USB_DEVICE
2026-03-26 16:43:02,729 [INFO] ApiDbMcu:532 - Load IP Config File for USB_HOST
2026-03-26 16:43:04,161 [INFO] LogOutputStream:77 - [STDOUT_REDIRECT] 
2026-03-26 16:43:06,111 [INFO] ProjectBuilder:5496 - Time for Generating toolchain IDE Files: 3682mS.
2026-03-26 16:43:06,114 [INFO] ProjectBuilder:3463 - Time for Copy CMSIS : 2mS.
2026-03-26 16:43:06,116 [INFO] ProjectBuilder:3463 - Time for Copy CMSIS : 0mS.
2026-03-26 16:43:07,207 [INFO] McuFinderGlobals:76 - Set McuFinderConnectedMode to true
2026-03-26 16:43:07,210 [INFO] ApiDb:448 - Save user favorites file /home/sunbeam/.stm32cubeide/favorites.mcus.txt: 0 item(s)
2026-03-26 16:43:07,210 [INFO] ApiDb:452 - User favorites MCUs=[]
2026-03-26 16:43:07,211 [INFO] ApiDb:448 - Save user favorites file /home/sunbeam/.stm32cubeide/favorites.boards.txt: 1 item(s)
2026-03-26 16:43:07,211 [INFO] ApiDb:452 - User favorites Boards=[STM32F407G-DISC1]
2026-03-26 16:55:06,650 [INFO] MainUpdater:2872 - connection check result : 10
2026-03-26 16:55:06,651 [INFO] MainUpdater:2872 - connection check result : 10
2026-03-26 16:55:07,508 [INFO] MicroXplorer:468 - Change Database Path : 
2026-03-26 16:55:07,509 [INFO] MicroXplorer:498 - Change Database Version : DB.6.0.150
2026-03-26 16:55:07,554 [ERROR] ProjectManagerView:395 - 
java.lang.NullPointerException: Cannot invoke "javax.swing.JTextField.getText()" because the return value of "java.util.List.get(int)" is null
	at com.st.microxplorer.plugins.projectmanager.gui.ProjectChoiceTab$9.caretUpdate(ProjectChoiceTab.java:2706) ~[filemanager.jar:?]
	at javax.swing.text.JTextComponent.fireCaretUpdate(JTextComponent.java:408) ~[?:?]
	at javax.swing.text.JTextComponent$MutableCaretEvent.fire(JTextComponent.java:4484) ~[?:?]
	at javax.swing.text.JTextComponent$MutableCaretEvent.stateChanged(JTextComponent.java:4506) ~[?:?]
	at javax.swing.text.DefaultCaret.fireStateChanged(DefaultCaret.java:857) ~[?:?]
	at javax.swing.text.DefaultCaret.changeCaretPosition(DefaultCaret.java:1343) ~[?:?]
	at javax.swing.text.DefaultCaret.handleSetDot(DefaultCaret.java:1242) ~[?:?]
	at javax.swing.text.DefaultCaret.setDot(DefaultCaret.java:1223) ~[?:?]
	at javax.swing.text.DefaultCaret$Handler.insertUpdate(DefaultCaret.java:1819) ~[?:?]
	at javax.swing.text.AbstractDocument.fireInsertUpdate(AbstractDocument.java:227) ~[?:?]
	at javax.swing.text.AbstractDocument.handleInsertString(AbstractDocument.java:781) ~[?:?]
	at javax.swing.text.AbstractDocument.insertString(AbstractDocument.java:740) ~[?:?]
	at javax.swing.text.PlainDocument.insertString(PlainDocument.java:131) ~[?:?]
	at javax.swing.text.AbstractDocument.replace(AbstractDocument.java:699) ~[?:?]
	at javax.swing.text.JTextComponent.setText(JTextComponent.java:1725) ~[?:?]
	at com.st.microxplorer.plugins.projectmanager.gui.ProjectChoiceTab.createHeapStackFields(ProjectChoiceTab.java:993) ~[filemanager.jar:?]
	at com.st.microxplorer.plugins.projectmanager.gui.ProjectChoiceTab.buildLinkSettingsPanel(ProjectChoiceTab.java:3813) ~[filemanager.jar:?]
	at com.st.microxplorer.plugins.projectmanager.gui.ProjectChoiceTab.defineWindowsFields(ProjectChoiceTab.java:1987) ~[filemanager.jar:?]
	at com.st.microxplorer.plugins.projectmanager.gui.ProjectChoiceTab.updateSettings(ProjectChoiceTab.java:558) ~[filemanager.jar:?]
	at com.st.microxplorer.plugins.projectmanager.gui.ProjectSettingsPanel.UpdateDialog(ProjectSettingsPanel.java:247) ~[filemanager.jar:?]
	at com.st.microxplorer.plugins.projectmanager.ProjectManagerView.propertyChange(ProjectManagerView.java:392) ~[filemanager.jar:?]
	at java.beans.PropertyChangeSupport.fire(PropertyChangeSupport.java:343) ~[?:?]
	at java.beans.PropertyChangeSupport.firePropertyChange(PropertyChangeSupport.java:335) ~[?:?]
	at java.beans.PropertyChangeSupport.firePropertyChange(PropertyChangeSupport.java:268) ~[?:?]
	at com.st.microxplorer.util.MXPropertyChangeSupport.firePropertyChange(MXPropertyChangeSupport.java:54) ~[STM32CubeMX.jar:?]
	at com.st.microxplorer.mxsystem.MxSystem.closeConfig(MxSystem.java:899) ~[STM32CubeMX.jar:?]
	at com.st.microxplorer.maingui.MainPanel.closeConfig(MainPanel.java:792) ~[STM32CubeMX.jar:?]
	at com.st.microxplorer.plugins.filemanager.engine.OpenFileManager.loadConfigurationFile(OpenFileManager.java:288) ~[filemanager.jar:?]
	at com.st.microxplorer.plugins.filemanager.engine.MainFileManager.userLoadConfig(MainFileManager.java:364) ~[filemanager.jar:?]
	at com.st.microxplorer.plugins.filemanager.engine.MainFileManager.userLoadConfig(MainFileManager.java:342) ~[filemanager.jar:?]
	at com.st.microxplorer.plugins.filemanager.FileManagerView.getSpecificTask(FileManagerView.java:264) ~[filemanager.jar:?]
	at com.st.stm32cube.common.mx.editor.CubeMxEditor.getMxTabbedPaneInstance(CubeMxEditor.java:1198) ~[com.st.stm32cube.common.mx_6.15.0.202507011659/:?]
	at com.st.stm32cube.common.mx.editor.CubeMxEditor$12$1.createSwingComponent(CubeMxEditor.java:1068) ~[com.st.stm32cube.common.mx_6.15.0.202507011659/:?]
	at com.st.stm32cube.common.mx.oss.core.awtswtbridge.EmbeddedSwingComposite.doComponentCreation(EmbeddedSwingComposite.java:492) ~[com.st.stm32cube.common.mx.oss_6.15.0.202507011659/:?]
	at com.st.stm32cube.common.mx.oss.core.awtswtbridge.EmbeddedSwingComposite$4.run(EmbeddedSwingComposite.java:291) ~[com.st.stm32cube.common.mx.oss_6.15.0.202507011659/:?]
	at com.st.stm32cube.common.mx.oss.core.awtswtbridge.AwtEnvironment$2.run(AwtEnvironment.java:166) ~[com.st.stm32cube.common.mx.oss_6.15.0.202507011659/:?]
	at java.awt.event.InvocationEvent.dispatch(InvocationEvent.java:318) ~[?:?]
	at java.awt.EventQueue.dispatchEventImpl(EventQueue.java:773) ~[?:?]
	at java.awt.EventQueue$4.run(EventQueue.java:720) ~[?:?]
	at java.awt.EventQueue$4.run(EventQueue.java:714) ~[?:?]
	at java.security.AccessController.doPrivileged(AccessController.java:400) ~[?:?]
	at java.security.ProtectionDomain$JavaSecurityAccessImpl.doIntersectionPrivilege(ProtectionDomain.java:87) ~[?:?]
	at java.awt.EventQueue.dispatchEvent(EventQueue.java:742) ~[?:?]
	at java.awt.EventDispatchThread.pumpOneEventForFilters(EventDispatchThread.java:203) ~[?:?]
	at java.awt.EventDispatchThread.pumpEventsForFilter(EventDispatchThread.java:124) ~[?:?]
	at java.awt.EventDispatchThread.pumpEventsForHierarchy(EventDispatchThread.java:113) ~[?:?]
	at java.awt.EventDispatchThread.pumpEvents(EventDispatchThread.java:109) ~[?:?]
	at java.awt.EventDispatchThread.pumpEvents(EventDispatchThread.java:101) ~[?:?]
	at java.awt.EventDispatchThread.run(EventDispatchThread.java:90) ~[?:?]
2026-03-26 16:55:07,572 [WARN] ThirdParty:871 - waiting for thirdparty lock release [close project]
2026-03-26 16:55:07,572 [INFO] ThirdParty:873 - entering critical section [close project]
2026-03-26 16:55:07,572 [INFO] ThirdParty:883 - exiting critical section [close project]
2026-03-26 16:55:07,577 [INFO] PinOutPanel:1589 - setPackage(No Configuration,No Configuration)
2026-03-26 16:55:07,613 [WARN] IpParametersView:155 - Warning: This peripheral hasn't parameters
2026-03-26 16:55:07,642 [WARN] MainPanel:289 - <html><b><center>Warning: This peripheral has no parameters to be configured<br></b></html>
2026-03-26 16:55:07,657 [INFO] UtilMem:75 - Begin LoadConfig() Used Memory: 523450960 Bytes (1069547520)
2026-03-26 16:55:07,659 [INFO] MicroXplorer:468 - Change Database Path : 
2026-03-26 16:55:07,659 [INFO] MicroXplorer:498 - Change Database Version : DB.6.0.150
2026-03-26 16:55:07,659 [INFO] OpenFileManager:355 - Change cursor
2026-03-26 16:55:07,716 [INFO] RulesReader:64 - Compatibility file has been processed (317 Rules)
2026-03-26 16:55:07,733 [INFO] Mcu:2029 - Initializing MCU STM32F407V(E-G)Tx STM32F407VGTx STM32F407VGT6
2026-03-26 16:55:08,912 [INFO] Context:786 - Trying to add GPIOservice into a context  which must be forbidden
2026-03-26 16:55:09,644 [INFO] ImportTextPane:234 - (OptionalMessage_ERROR) Pin34 (VP_RIF_VS_RIF1) cannot be retrieved for this MCU
2026-03-26 16:55:09,701 [INFO] RtosManager:558 - Registered RTOS mode: class=CMSIS, group=RTOS, mode=CMSIS_V1, owner=FREERTOS
2026-03-26 16:55:09,701 [INFO] RtosManager:558 - Registered RTOS mode: class=CMSIS, group=RTOS2, mode=CMSIS_V2, owner=FREERTOS
2026-03-26 16:55:09,701 [INFO] RtosManager:558 - Registered RTOS mode: class=RTOS, group=Core, mode=CMSIS_V1, owner=FREERTOS
2026-03-26 16:55:09,701 [INFO] RtosManager:558 - Registered RTOS mode: class=RTOS, group=Core, mode=CMSIS_V2, owner=FREERTOS
2026-03-26 16:55:09,701 [WARN] ModelIntegratedComponent:184 - Missing modes for component STMicroelectronics:FreeRTOS:0.0.1:STMicroelectronics:RTOS:FreeRTOS:Core:::10.2.0:
2026-03-26 16:55:09,709 [WARN] ModelIntegratedComponent:63 - No mode defined for component null
2026-03-26 16:55:09,709 [WARN] ModelIntegratedComponent:63 - No mode defined for component null
2026-03-26 16:55:09,709 [WARN] ModelIntegratedComponent:63 - No mode defined for component null
2026-03-26 16:55:09,709 [WARN] ModelIntegratedComponent:63 - No mode defined for component null
2026-03-26 16:55:09,709 [WARN] ModelIntegratedComponent:63 - No mode defined for component null
2026-03-26 16:55:09,709 [WARN] ModelIntegratedComponent:63 - No mode defined for component null
2026-03-26 16:55:09,709 [WARN] ModelIntegratedComponent:63 - No mode defined for component null
2026-03-26 16:55:09,709 [WARN] ModelIntegratedComponent:63 - No mode defined for component null
2026-03-26 16:55:09,710 [WARN] ModelIntegratedComponent:63 - No mode defined for component null
2026-03-26 16:55:09,710 [WARN] ModelIntegratedComponent:63 - No mode defined for component null
2026-03-26 16:55:09,710 [WARN] ModelIntegratedComponent:63 - No mode defined for component null
2026-03-26 16:55:09,710 [WARN] ModelIntegratedComponent:63 - No mode defined for component null
2026-03-26 16:55:09,710 [WARN] ModelIntegratedComponent:63 - No mode defined for component null
2026-03-26 16:55:09,710 [WARN] ModelIntegratedComponent:63 - No mode defined for component null
2026-03-26 16:55:09,710 [WARN] ModelIntegratedComponent:63 - No mode defined for component null
2026-03-26 16:55:09,710 [WARN] ModelIntegratedComponent:63 - No mode defined for component null
2026-03-26 16:55:09,710 [WARN] ModelIntegratedComponent:63 - No mode defined for component null
2026-03-26 16:55:09,710 [WARN] ModelIntegratedComponent:63 - No mode defined for component null
2026-03-26 16:55:09,710 [WARN] ModelIntegratedComponent:63 - No mode defined for component null
2026-03-26 16:55:09,710 [WARN] ModelIntegratedComponent:63 - No mode defined for component null
2026-03-26 16:55:09,710 [WARN] ModelIntegratedComponent:63 - No mode defined for component null
2026-03-26 16:55:09,710 [WARN] ModelIntegratedComponent:63 - No mode defined for component null
2026-03-26 16:55:09,710 [WARN] ModelIntegratedComponent:63 - No mode defined for component null
2026-03-26 16:55:09,710 [WARN] ModelIntegratedComponent:63 - No mode defined for component null
2026-03-26 16:55:09,710 [WARN] ModelIntegratedComponent:63 - No mode defined for component null
2026-03-26 16:55:09,710 [WARN] ModelIntegratedComponent:63 - No mode defined for component null
2026-03-26 16:55:09,710 [WARN] ModelIntegratedComponent:63 - No mode defined for component null
2026-03-26 16:55:09,710 [WARN] ModelIntegratedComponent:63 - No mode defined for component null
2026-03-26 16:55:09,711 [WARN] ModelIntegratedComponent:63 - No mode defined for component null
2026-03-26 16:55:09,711 [WARN] ModelIntegratedComponent:63 - No mode defined for component null
2026-03-26 16:55:09,711 [WARN] ModelIntegratedComponent:63 - No mode defined for component null
2026-03-26 16:55:09,711 [WARN] ModelIntegratedComponent:63 - No mode defined for component null
2026-03-26 16:55:09,711 [WARN] ModelIntegratedComponent:63 - No mode defined for component null
2026-03-26 16:55:09,711 [WARN] ModelIntegratedComponent:63 - No mode defined for component null
2026-03-26 16:55:09,711 [WARN] ModelIntegratedComponent:63 - No mode defined for component null
2026-03-26 16:55:09,711 [WARN] ModelPack:524 - Component already loaded: STMicroelectronics:HAL Drivers:0.0.0:STMicroelectronics:Device:STMicro_Driver:XSPI:HAL::0.0.1:HAL_XSPI
2026-03-26 16:55:09,859 [INFO] ThirdPartyModel:298 - Start build external matchings
2026-03-26 16:55:10,741 [INFO] ThirdPartyModel:316 - End build external matchings
2026-03-26 16:55:10,917 [INFO] UtilMem:75 - End LoadConfig() Used Memory: 855755128 Bytes (1069547520)
2026-03-26 16:55:10,932 [WARN] ThirdParty:833 - waiting for thirdparty lock release [change project]
2026-03-26 16:55:10,933 [INFO] ThirdParty:835 - entering critical section [change project]
2026-03-26 16:55:10,933 [INFO] ThirdParty:1030 - CMSIS Pack Vendor :STMicroelectronics X-CUBE-PM33A1 1.0.0
2026-03-26 16:55:10,933 [INFO] ThirdParty:1030 - CMSIS Pack Vendor :STMicroelectronics USBPD 4.1
2026-03-26 16:55:10,933 [INFO] ThirdParty:1030 - CMSIS Pack Vendor :STMicroelectronics USB_HOST 2.0.0
2026-03-26 16:55:10,933 [INFO] ThirdParty:1030 - CMSIS Pack Vendor :STMicroelectronics FP-SNS-MOTENVWB1 1.4.0
2026-03-26 16:55:10,933 [INFO] ThirdParty:1030 - CMSIS Pack Vendor :STMicroelectronics X-CUBE-AZRTOS-F4 1.1.0
2026-03-26 16:55:10,933 [INFO] ThirdParty:1030 - CMSIS Pack Vendor :STMicroelectronics LIBJPEG 8.0.0
2026-03-26 16:55:10,933 [INFO] ThirdParty:1030 - CMSIS Pack Vendor :STMicroelectronics FP-ATR-ASTRA1 2.0.2
2026-03-26 16:55:10,933 [INFO] ThirdParty:1030 - CMSIS Pack Vendor :Avnet-IotConnect X-CUBE-IoTC-DA16k-PMOD 1.0.0
2026-03-26 16:55:10,934 [INFO] ThirdParty:1030 - CMSIS Pack Vendor :STMicroelectronics X-CUBE-SMBUS 2.1.0
2026-03-26 16:55:10,934 [INFO] ThirdParty:1030 - CMSIS Pack Vendor :STMicroelectronics X-CUBE-ISPU 2.1.0
2026-03-26 16:55:10,934 [INFO] ThirdParty:1030 - CMSIS Pack Vendor :STMicroelectronics X-CUBE-IPS 3.2.0
2026-03-26 16:55:10,934 [INFO] ThirdParty:1030 - CMSIS Pack Vendor :STMicroelectronics X-CUBE-ST60 1.0.0
2026-03-26 16:55:10,934 [INFO] ThirdParty:1030 - CMSIS Pack Vendor :STMicroelectronics X-CUBE-NFC12 1.0.0
2026-03-26 16:55:10,934 [INFO] ThirdParty:1030 - CMSIS Pack Vendor :STMicroelectronics X-CUBE-AZRTOS-F7 1.1.0
2026-03-26 16:55:10,934 [INFO] ThirdParty:1030 - CMSIS Pack Vendor :STMicroelectronics X-CUBE-AZRTOS-L5 2.0.0
2026-03-26 16:55:10,934 [INFO] ThirdParty:1030 - CMSIS Pack Vendor :STMicroelectronics USB_DEVICE 2.0.0
2026-03-26 16:55:10,934 [INFO] ThirdParty:1030 - CMSIS Pack Vendor :STMicroelectronics X-CUBE-NFC6 3.1.0
2026-03-26 16:55:10,934 [INFO] ThirdParty:1030 - CMSIS Pack Vendor :STMicroelectronics FP-SNS-MOTENV1 5.1.0
2026-03-26 16:55:10,934 [INFO] ThirdParty:1030 - CMSIS Pack Vendor :STMicroelectronics FreeRTOS 0.0.1
2026-03-26 16:55:10,934 [INFO] ThirdParty:1030 - CMSIS Pack Vendor :Infineon AIROC-Wi-Fi-Bluetooth-STM32 1.7.1
2026-03-26 16:55:10,934 [INFO] ThirdParty:1030 - CMSIS Pack Vendor :STMicroelectronics PDM2PCM 3.3.0
2026-03-26 16:55:10,934 [INFO] ThirdParty:1030 - CMSIS Pack Vendor :STMicroelectronics X-CUBE-AZRTOS-H7 3.4.0
2026-03-26 16:55:10,935 [INFO] ThirdParty:1030 - CMSIS Pack Vendor :STMicroelectronics X-CUBE-DISPLAY 3.0.0
2026-03-26 16:55:10,935 [INFO] ThirdParty:1030 - CMSIS Pack Vendor :STMicroelectronics FP-SNS-MOTENVWB1 1.5.0
2026-03-26 16:55:10,935 [INFO] ThirdParty:1030 - CMSIS Pack Vendor :STMicroelectronics X-CUBE-NFC10 1.0.0
2026-03-26 16:55:10,935 [INFO] ThirdParty:1030 - CMSIS Pack Vendor :STMicroelectronics X-CUBE-BLEMGR 4.0.0
2026-03-26 16:55:10,935 [INFO] ThirdParty:1030 - CMSIS Pack Vendor :STMicroelectronics X-CUBE-FREERTOS 1.3.1
2026-03-26 16:55:10,935 [INFO] ThirdParty:1030 - CMSIS Pack Vendor :STMicroelectronics HAL Drivers 0.0.0
2026-03-26 16:55:10,935 [INFO] ThirdParty:1030 - CMSIS Pack Vendor :STMicroelectronics X-CUBE-ST60 1.1.0
2026-03-26 16:55:10,935 [INFO] ThirdParty:1030 - CMSIS Pack Vendor :emotas I-CUBE-CANOPEN 1.3.0
2026-03-26 16:55:10,935 [INFO] ThirdParty:1030 - CMSIS Pack Vendor :STMicroelectronics MBEDTLS 2.14.1
2026-03-26 16:55:10,935 [INFO] ThirdParty:1030 - CMSIS Pack Vendor :STMicroelectronics X-CUBE-GNSS1 7.1.0
2026-03-26 16:55:10,935 [INFO] ThirdParty:1030 - CMSIS Pack Vendor :STMicroelectronics X-CUBE-TOUCHGFX 4.26.0
2026-03-26 16:55:10,935 [INFO] ThirdParty:1030 - CMSIS Pack Vendor :quantropi X-CUBE-qispace-sdk-base 2.0.0
2026-03-26 16:55:10,935 [INFO] ThirdParty:1030 - CMSIS Pack Vendor :STMicroelectronics FP-SNS-STBOX1 2.1.0
2026-03-26 16:55:10,936 [INFO] ThirdParty:1030 - CMSIS Pack Vendor :STMicroelectronics FP-SNS-STAIOTCFT 1.0.0
2026-03-26 16:55:10,936 [INFO] ThirdParty:1030 - CMSIS Pack Vendor :STMicroelectronics FP-SNS-SMARTAG2 1.2.0
2026-03-26 16:55:10,936 [INFO] ThirdParty:1030 - CMSIS Pack Vendor :STMicroelectronics FP-SNS-FLIGHT1 5.1.0
2026-03-26 16:55:10,936 [INFO] ThirdParty:1030 - CMSIS Pack Vendor :STMicroelectronics X-CUBE-AZRTOS-WL 2.0.0
2026-03-26 16:55:10,936 [INFO] ThirdParty:1030 - CMSIS Pack Vendor :STMicroelectronics X-CUBE-DPower 1.3.0
2026-03-26 16:55:10,936 [INFO] ThirdParty:1030 - CMSIS Pack Vendor :STMicroelectronics FP-SNS-MOTENV1 5.0.0
2026-03-26 16:55:10,936 [INFO] ThirdParty:1030 - CMSIS Pack Vendor :STMicroelectronics USB_DEVICE 1.0.0
2026-03-26 16:55:10,936 [INFO] ThirdParty:1030 - CMSIS Pack Vendor :STMicroelectronics X-CUBE-AZRTOS-H7RS 1.2.0
2026-03-26 16:55:10,936 [INFO] ThirdParty:1030 - CMSIS Pack Vendor :STMicroelectronics X-CUBE-AZRTOS-L4 2.0.0
2026-03-26 16:55:10,936 [INFO] ThirdParty:1030 - CMSIS Pack Vendor :STMicroelectronics ThreadX 0.0.2
2026-03-26 16:55:10,936 [INFO] ThirdParty:1030 - CMSIS Pack Vendor :WES I-CUBE-Cesium 1.3.0
2026-03-26 16:55:10,936 [INFO] ThirdParty:1030 - CMSIS Pack Vendor :STMicroelectronics lwIP 2.1.2
2026-03-26 16:55:10,936 [INFO] ThirdParty:1030 - CMSIS Pack Vendor :STMicroelectronics X-CUBE-SFXS2LP1 4.0.0
2026-03-26 16:55:10,936 [INFO] ThirdParty:1030 - CMSIS Pack Vendor :STMicroelectronics X-CUBE-BLE2 3.3.0
2026-03-26 16:55:10,936 [INFO] ThirdParty:1030 - CMSIS Pack Vendor :Avnet-IOTCONNECT X-CUBE-iotc-st67-sdk 1.0.0
2026-03-26 16:55:10,936 [INFO] ThirdParty:1030 - CMSIS Pack Vendor :STMicroelectronics PDM2PCM 3.2.0
2026-03-26 16:55:10,937 [INFO] ThirdParty:1030 - CMSIS Pack Vendor :STMicroelectronics X-CUBE-ST67W61 1.2.0
2026-03-26 16:55:10,937 [INFO] ThirdParty:1030 - CMSIS Pack Vendor :STMicroelectronics X-CUBE-NFC9 1.0.0
2026-03-26 16:55:10,937 [INFO] ThirdParty:1030 - CMSIS Pack Vendor :wolfSSL I-CUBE-wolfSSL 5.8.0
2026-03-26 16:55:10,937 [INFO] ThirdParty:1030 - CMSIS Pack Vendor :STMicroelectronics X-CUBE-BLE1 7.1.0
2026-03-26 16:55:10,937 [INFO] ThirdParty:1030 - CMSIS Pack Vendor :wolfSSL I-CUBE-wolfMQTT 1.19.2
2026-03-26 16:55:10,937 [INFO] ThirdParty:1030 - CMSIS Pack Vendor :STMicroelectronics USB_DEVICE 3.0.0
2026-03-26 16:55:10,937 [INFO] ThirdParty:1030 - CMSIS Pack Vendor :STMicroelectronics X-CUBE-FREERTOS 1.4.0
2026-03-26 16:55:10,937 [INFO] ThirdParty:1030 - CMSIS Pack Vendor :STMicroelectronics X-CUBE-EEPRMA1 5.2.0
2026-03-26 16:55:10,937 [INFO] ThirdParty:1030 - CMSIS Pack Vendor :STMicroelectronics X-CUBE-BLEMGR 4.1.0
2026-03-26 16:55:10,937 [INFO] ThirdParty:1030 - CMSIS Pack Vendor :STMicroelectronics X-CUBE-AZRTOS-WB 2.0.0
2026-03-26 16:55:10,937 [INFO] ThirdParty:1030 - CMSIS Pack Vendor :STMicroelectronics X-CUBE-GNSS1 7.0.1
2026-03-26 16:55:10,937 [INFO] ThirdParty:1030 - CMSIS Pack Vendor :STMicroelectronics X-CUBE-TOUCHGFX 4.25.0
2026-03-26 16:55:10,937 [INFO] ThirdParty:1030 - CMSIS Pack Vendor :STMicroelectronics X-CUBE-ST67W61 1.1.0
2026-03-26 16:55:10,938 [INFO] ThirdParty:1030 - CMSIS Pack Vendor :STMicroelectronics X-CUBE-AI 10.1.0
2026-03-26 16:55:10,938 [INFO] ThirdParty:1030 - CMSIS Pack Vendor :STMicroelectronics FP-SNS-STBOX1 2.0.0
2026-03-26 16:55:10,938 [INFO] ThirdParty:1030 - CMSIS Pack Vendor :STMicroelectronics X-CUBE-MEMS1 12.0.0
2026-03-26 16:55:10,938 [INFO] ThirdParty:1030 - CMSIS Pack Vendor :STMicroelectronics X-CUBE-STSE01 2.0.0
2026-03-26 16:55:10,938 [INFO] ThirdParty:1030 - CMSIS Pack Vendor :STMicroelectronics X-CUBE-AZRTOS-G0 1.1.0
2026-03-26 16:55:10,938 [INFO] ThirdParty:1030 - CMSIS Pack Vendor :STMicroelectronics X-CUBE-SAFEA1 1.2.2
2026-03-26 16:55:10,938 [INFO] ThirdParty:1030 - CMSIS Pack Vendor :STMicroelectronics X-CUBE-NFC4 3.0.0
2026-03-26 16:55:10,938 [INFO] ThirdParty:1030 - CMSIS Pack Vendor :STMicroelectronics X-CUBE-SUBG2 5.0.0
2026-03-26 16:55:10,938 [INFO] ThirdParty:1030 - CMSIS Pack Vendor :STMicroelectronics X-CUBE-AZRTOS-H7RS 1.1.0
2026-03-26 16:55:10,938 [INFO] ThirdParty:1030 - CMSIS Pack Vendor :STMicroelectronics STM32_WPAN 1.0.0
2026-03-26 16:55:10,938 [INFO] ThirdParty:1030 - CMSIS Pack Vendor :EmbeddedOffice I-CUBE-FS-RTOS 1.0.1
2026-03-26 16:55:10,938 [INFO] ThirdParty:1030 - CMSIS Pack Vendor :STMicroelectronics lwIP 2.0.3
2026-03-26 16:55:10,938 [INFO] ThirdParty:1030 - CMSIS Pack Vendor :Cesanta I-CUBE-Mongoose 7.13.0
2026-03-26 16:55:10,938 [INFO] ThirdParty:1030 - CMSIS Pack Vendor :STMicroelectronics USB_HOST 1.0.0
2026-03-26 16:55:10,938 [INFO] ThirdParty:1030 - CMSIS Pack Vendor :STMicroelectronics X-CUBE-AZRTOS-G4 2.0.0
2026-03-26 16:55:10,938 [INFO] ThirdParty:1030 - CMSIS Pack Vendor :STMicroelectronics X-CUBE-WB05N 2.0.0
2026-03-26 16:55:10,938 [INFO] ThirdParty:1030 - CMSIS Pack Vendor :STMicroelectronics PDM2PCM 3.1.0
2026-03-26 16:55:10,938 [INFO] ThirdParty:1030 - CMSIS Pack Vendor :wolfSSL I-CUBE-wolfTPM 3.8.0
2026-03-26 16:55:10,938 [INFO] ThirdParty:1030 - CMSIS Pack Vendor :wolfSSL I-CUBE-wolfSSH 1.4.20
2026-03-26 16:55:10,938 [INFO] ThirdParty:1030 - CMSIS Pack Vendor :STMicroelectronics X-CUBE-NFC7 2.0.0
2026-03-26 16:55:10,938 [INFO] ThirdParty:1030 - CMSIS Pack Vendor :STMicroelectronics X-CUBE-TCPP 4.2.0
2026-03-26 16:55:10,938 [INFO] ThirdParty:1030 - CMSIS Pack Vendor :RealThread X-CUBE-RT-Thread_Nano 4.1.1
2026-03-26 16:55:10,939 [INFO] ThirdParty:1030 - CMSIS Pack Vendor :STMicroelectronics FP-ATR-SIGFOX1 3.2.0
2026-03-26 16:55:10,939 [INFO] ThirdParty:1030 - CMSIS Pack Vendor :STMicroelectronics X-CUBE-EEPRMA1 5.1.0
2026-03-26 16:55:10,939 [INFO] ThirdParty:1030 - CMSIS Pack Vendor :STMicroelectronics MBEDTLS 2.16.2
2026-03-26 16:55:10,939 [INFO] ThirdParty:1030 - CMSIS Pack Vendor :STMicroelectronics X-CUBE-IPS 3.1.0
2026-03-26 16:55:10,939 [INFO] ThirdParty:1030 - CMSIS Pack Vendor :STMicroelectronics X-CUBE-ALS 1.0.2
2026-03-26 16:55:10,939 [INFO] ThirdParty:1030 - CMSIS Pack Vendor :ITTIA_DB I-CUBE-ITTIADB 8.9.0
2026-03-26 16:55:10,939 [INFO] ThirdParty:1030 - CMSIS Pack Vendor :STMicroelectronics X-CUBE-STSE01 1.0.0
2026-03-26 16:55:10,939 [INFO] ThirdParty:1030 - CMSIS Pack Vendor :portGmbH I-Cube-SoM-uGOAL 1.1.0
2026-03-26 16:55:10,939 [INFO] ThirdParty:1030 - CMSIS Pack Vendor :STMicroelectronics X-CUBE-NFC6 3.2.0
2026-03-26 16:55:10,939 [INFO] ThirdParty:1030 - CMSIS Pack Vendor :STMicroelectronics X-CUBE-ST67W61 1.0.0
2026-03-26 16:55:10,939 [INFO] ThirdParty:1030 - CMSIS Pack Vendor :STMicroelectronics X-CUBE-AI 10.2.0
2026-03-26 16:55:10,939 [INFO] ThirdParty:1030 - CMSIS Pack Vendor :STMicroelectronics ThreadX 1.0.0
2026-03-26 16:55:10,939 [INFO] ThirdParty:1030 - CMSIS Pack Vendor :SEGGER I-CUBE-embOS 1.3.1
2026-03-26 16:55:10,939 [INFO] ThirdParty:1030 - CMSIS Pack Vendor :STMicroelectronics X-CUBE-ALGOBUILD 1.4.0
2026-03-26 16:55:10,939 [INFO] ThirdParty:1030 - CMSIS Pack Vendor :STMicroelectronics X-CUBE-MEMS1 11.3.0
2026-03-26 16:55:10,939 [INFO] ThirdParty:1030 - CMSIS Pack Vendor :STMicroelectronics X-CUBE-TOF1 3.4.3
2026-03-26 16:55:10,939 [INFO] ThirdParty:841 - exiting critical section [change project]
2026-03-26 16:55:11,369 [INFO] PinOutPanel:1589 - setPackage(No Configuration,No Configuration)
2026-03-26 16:55:11,370 [INFO] PinOutPanel:1589 - setPackage(STM32F407VGTx,LQFP100)
2026-03-26 16:55:11,691 [INFO] UtilMem:75 - Before build in PCC Used Memory: 432194648 Bytes (1069547520)
2026-03-26 16:55:11,981 [INFO] UtilMem:75 - After build in PCC Used Memory: 481519072 Bytes (1069547520)
2026-03-26 16:55:12,015 [INFO] IPUIPlugin:80 - create IPUIPlugin
2026-03-26 16:55:12,015 [INFO] IPUIPlugin:80 - create IPUIPlugin
2026-03-26 16:55:12,016 [INFO] IPUIPlugin:80 - create IPUIPlugin
2026-03-26 16:55:12,016 [INFO] IPUIPlugin:80 - create IPUIPlugin
2026-03-26 16:55:12,016 [INFO] IPUIPlugin:80 - create IPUIPlugin
2026-03-26 16:55:12,016 [INFO] IPUIPlugin:80 - create IPUIPlugin
2026-03-26 16:55:12,016 [INFO] IPUIPlugin:80 - create IPUIPlugin
2026-03-26 16:55:12,016 [INFO] IPUIPlugin:80 - create IPUIPlugin
2026-03-26 16:55:12,016 [INFO] IPUIPlugin:80 - create IPUIPlugin
2026-03-26 16:55:12,017 [INFO] IPUIPlugin:80 - create IPUIPlugin
2026-03-26 16:55:12,017 [INFO] IPUIPlugin:80 - create IPUIPlugin
2026-03-26 16:55:12,017 [INFO] IPUIPlugin:80 - create IPUIPlugin
2026-03-26 16:55:12,017 [INFO] IPUIPlugin:80 - create IPUIPlugin
2026-03-26 16:55:12,017 [INFO] IPUIPlugin:80 - create IPUIPlugin
2026-03-26 16:55:12,017 [INFO] IPUIPlugin:80 - create IPUIPlugin
2026-03-26 16:55:12,017 [INFO] IPUIPlugin:80 - create IPUIPlugin
2026-03-26 16:55:12,017 [INFO] IPUIPlugin:80 - create IPUIPlugin
2026-03-26 16:55:12,017 [INFO] IPUIPlugin:80 - create IPUIPlugin
2026-03-26 16:55:12,018 [INFO] IPUIPlugin:80 - create IPUIPlugin
2026-03-26 16:55:12,018 [INFO] IPUIPlugin:80 - create IPUIPlugin
2026-03-26 16:55:12,018 [INFO] IPUIPlugin:80 - create IPUIPlugin
2026-03-26 16:55:12,018 [INFO] IPUIPlugin:80 - create IPUIPlugin
2026-03-26 16:55:12,018 [INFO] IPUIPlugin:80 - create IPUIPlugin
2026-03-26 16:55:12,018 [INFO] IPUIPlugin:80 - create IPUIPlugin
2026-03-26 16:55:12,019 [INFO] IPUIPlugin:80 - create IPUIPlugin
2026-03-26 16:55:12,019 [INFO] IPUIPlugin:80 - create IPUIPlugin
2026-03-26 16:55:12,019 [INFO] IPUIPlugin:80 - create IPUIPlugin
2026-03-26 16:55:12,019 [INFO] IPUIPlugin:80 - create IPUIPlugin
2026-03-26 16:55:12,019 [INFO] IPUIPlugin:80 - create IPUIPlugin
2026-03-26 16:55:12,019 [INFO] IPUIPlugin:80 - create IPUIPlugin
2026-03-26 16:55:12,020 [INFO] IPUIPlugin:80 - create IPUIPlugin
2026-03-26 16:55:12,020 [INFO] IPUIPlugin:80 - create IPUIPlugin
2026-03-26 16:55:12,020 [INFO] IPUIPlugin:80 - create IPUIPlugin
2026-03-26 16:55:12,020 [INFO] IPUIPlugin:80 - create IPUIPlugin
2026-03-26 16:55:12,020 [INFO] IPUIPlugin:80 - create IPUIPlugin
2026-03-26 16:55:12,020 [INFO] IPUIPlugin:80 - create IPUIPlugin
2026-03-26 16:55:12,021 [INFO] IPUIPlugin:80 - create IPUIPlugin
2026-03-26 16:55:12,021 [INFO] IPUIPlugin:80 - create IPUIPlugin
2026-03-26 16:55:12,021 [INFO] IPUIPlugin:80 - create IPUIPlugin
2026-03-26 16:55:12,021 [INFO] IPUIPlugin:80 - create IPUIPlugin
2026-03-26 16:55:12,021 [INFO] IPUIPlugin:80 - create IPUIPlugin
2026-03-26 16:55:12,022 [INFO] IPUIPlugin:80 - create IPUIPlugin
2026-03-26 16:55:12,022 [INFO] IPUIPlugin:80 - create IPUIPlugin
2026-03-26 16:55:12,022 [INFO] IPUIPlugin:80 - create IPUIPlugin
2026-03-26 16:55:12,023 [INFO] IPUIPlugin:80 - create IPUIPlugin
2026-03-26 16:55:12,023 [INFO] IPUIPlugin:80 - create IPUIPlugin
2026-03-26 16:55:12,023 [INFO] IPUIPlugin:80 - create IPUIPlugin
2026-03-26 16:55:12,023 [INFO] IPUIPlugin:80 - create IPUIPlugin
2026-03-26 16:55:12,023 [INFO] IPUIPlugin:80 - create IPUIPlugin
2026-03-26 16:55:12,024 [INFO] IPUIPlugin:80 - create IPUIPlugin
2026-03-26 16:55:12,024 [INFO] IPUIPlugin:80 - create IPUIPlugin
2026-03-26 16:55:12,024 [INFO] IPUIPlugin:80 - create IPUIPlugin
2026-03-26 16:55:12,024 [INFO] IPUIPlugin:80 - create IPUIPlugin
2026-03-26 16:55:12,024 [INFO] IPUIPlugin:80 - create IPUIPlugin
2026-03-26 16:55:12,025 [INFO] IPUIPlugin:80 - create IPUIPlugin
2026-03-26 16:55:12,025 [INFO] IPUIPlugin:80 - create IPUIPlugin
2026-03-26 16:55:12,026 [INFO] IPUIPlugin:80 - create IPUIPlugin
2026-03-26 16:55:12,026 [INFO] IPUIPlugin:80 - create IPUIPlugin
2026-03-26 16:55:12,028 [INFO] ApiDbMcu:532 - Load IP Config File for PDM2PCM
2026-03-26 16:55:12,052 [INFO] CADModel:165 - CPN selected for project levelSTM32F407VGT6
2026-03-26 16:55:12,052 [INFO] CADModel:114 - Register for checkConnection events
2026-03-26 16:55:12,100 [INFO] OpenFileManager:386 - Restore cursor
2026-03-26 16:55:21,110 [INFO] UtilMem:75 - End SaveConfig() Used Memory: 519086392 Bytes (1069547520)
2026-03-26 16:55:44,351 [INFO] UtilMem:75 - End SaveConfig() Used Memory: 463420144 Bytes (1069547520)
2026-03-26 16:55:45,846 [INFO] UtilMem:75 - End SaveConfig() Used Memory: 487537392 Bytes (1069547520)
2026-03-26 16:55:46,900 [INFO] UtilMem:75 - End SaveConfig() Used Memory: 612317936 Bytes (1069547520)
2026-03-26 16:55:47,199 [INFO] BlockDiagram:2775 - set Specific Code input for plugin: SYS
2026-03-26 16:55:47,200 [INFO] BlockDiagram:2775 - set Specific Code input for plugin: RCC
2026-03-26 16:55:47,200 [INFO] BlockDiagram:2775 - set Specific Code input for plugin: NVIC
2026-03-26 16:55:47,201 [INFO] BlockDiagram:2775 - set Specific Code input for plugin: GPIO
2026-03-26 16:55:47,201 [INFO] CodeGenerator:892 - code generatio: config db path: /opt/st/stm32cubeide_1.19.0/plugins/com.st.stm32cube.common.mx_6.15.0.202507011659//db/
2026-03-26 16:55:47,346 [INFO] CodeEngine:265 - oldGeneratedFile, /home/sunbeam/Desktop/workspace/RTOS_workspace/003LED_Block_Tasks/MXTmpFiles/license.tmp_save
2026-03-26 16:55:47,614 [INFO] CodeEngine:289 - Generated code: /home/sunbeam/Desktop/workspace/RTOS_workspace/003LED_Block_Tasks/MXTmpFiles/license.tmp
2026-03-26 16:55:47,664 [INFO] CodeEngine:265 - oldGeneratedFile, /home/sunbeam/Desktop/workspace/RTOS_workspace/003LED_Block_Tasks/MXTmpFiles/gpio.tmp_save
2026-03-26 16:55:47,810 [INFO] CodeEngine:289 - Generated code: /home/sunbeam/Desktop/workspace/RTOS_workspace/003LED_Block_Tasks/MXTmpFiles/gpio.tmp
2026-03-26 16:55:47,858 [INFO] CodeEngine:265 - oldGeneratedFile, /home/sunbeam/Desktop/workspace/RTOS_workspace/003LED_Block_Tasks/Core/Src/stm32f4xx_it.c_save
2026-03-26 16:55:48,109 [INFO] CodeEngine:289 - Generated code: /home/sunbeam/Desktop/workspace/RTOS_workspace/003LED_Block_Tasks/Core/Src/stm32f4xx_it.c
2026-03-26 16:55:48,110 [INFO] CodeEngine:265 - oldGeneratedFile, /home/sunbeam/Desktop/workspace/RTOS_workspace/003LED_Block_Tasks/Core/Inc/stm32f4xx_it.h_save
2026-03-26 16:55:48,179 [INFO] CodeEngine:289 - Generated code: /home/sunbeam/Desktop/workspace/RTOS_workspace/003LED_Block_Tasks/Core/Inc/stm32f4xx_it.h
2026-03-26 16:55:48,185 [INFO] CodeEngine:265 - oldGeneratedFile, /home/sunbeam/Desktop/workspace/RTOS_workspace/003LED_Block_Tasks/Core/Src/stm32f4xx_hal_msp.c_save
2026-03-26 16:55:48,295 [INFO] CodeEngine:289 - Generated code: /home/sunbeam/Desktop/workspace/RTOS_workspace/003LED_Block_Tasks/Core/Src/stm32f4xx_hal_msp.c
2026-03-26 16:55:48,296 [INFO] CodeEngine:265 - oldGeneratedFile, /home/sunbeam/Desktop/workspace/RTOS_workspace/003LED_Block_Tasks/MXTmpFiles/system.tmp_save
2026-03-26 16:55:48,357 [INFO] CodeEngine:289 - Generated code: /home/sunbeam/Desktop/workspace/RTOS_workspace/003LED_Block_Tasks/MXTmpFiles/system.tmp
2026-03-26 16:55:48,360 [INFO] CodeEngine:265 - oldGeneratedFile, /home/sunbeam/Desktop/workspace/RTOS_workspace/003LED_Block_Tasks/Core/Src/stm32f4xx_hal_timebase_tim.c_save
2026-03-26 16:55:48,423 [INFO] CodeEngine:289 - Generated code: /home/sunbeam/Desktop/workspace/RTOS_workspace/003LED_Block_Tasks/Core/Src/stm32f4xx_hal_timebase_tim.c
2026-03-26 16:55:48,427 [INFO] CodeEngine:321 - oldGeneratedFile, /home/sunbeam/Desktop/workspace/RTOS_workspace/003LED_Block_Tasks/Core/Inc/stm32f4xx_hal_conf.h_save
2026-03-26 16:55:48,494 [INFO] CodeEngine:345 - Generated code: /home/sunbeam/Desktop/workspace/RTOS_workspace/003LED_Block_Tasks/Core/Inc/stm32f4xx_hal_conf.h
2026-03-26 16:55:48,527 [INFO] ApiDbMcu:532 - Load IP Config File for RCC
2026-03-26 16:55:48,531 [INFO] CodeEngine:265 - oldGeneratedFile, /home/sunbeam/Desktop/workspace/RTOS_workspace/003LED_Block_Tasks/Core/Inc/main.h_save
2026-03-26 16:55:48,629 [INFO] CodeEngine:289 - Generated code: /home/sunbeam/Desktop/workspace/RTOS_workspace/003LED_Block_Tasks/Core/Inc/main.h
2026-03-26 16:55:48,631 [INFO] CodeEngine:265 - oldGeneratedFile, /home/sunbeam/Desktop/workspace/RTOS_workspace/003LED_Block_Tasks/Core/Src/main.c_save
2026-03-26 16:55:48,732 [INFO] CodeEngine:289 - Generated code: /home/sunbeam/Desktop/workspace/RTOS_workspace/003LED_Block_Tasks/Core/Src/main.c
2026-03-26 16:55:48,961 [INFO] ProjectBuilder:3606 - Time for Copy HAL[1] : 29mS.
2026-03-26 16:55:48,962 [INFO] ProjectBuilder:5216 - Project Generator version: 4.7.0-B52
2026-03-26 16:55:49,048 [INFO] ConfigFileManager:1595 - The Die is : DIE413
2026-03-26 16:55:49,055 [INFO] ApiDbMcu:532 - Load IP Config File for FATFS
2026-03-26 16:55:49,075 [INFO] ApiDbMcu:532 - Load IP Config File for FREERTOS
2026-03-26 16:55:49,079 [INFO] ApiDbMcu:532 - Load IP Config File for LIBJPEG
2026-03-26 16:55:49,127 [INFO] ApiDbMcu:532 - Load IP Config File for LWIP
2026-03-26 16:55:49,159 [INFO] ApiDbMcu:532 - Load IP Config File for MBEDTLS
2026-03-26 16:55:49,193 [INFO] ApiDbMcu:532 - Load IP Config File for USB_DEVICE
2026-03-26 16:55:49,200 [INFO] ApiDbMcu:532 - Load IP Config File for USB_HOST
2026-03-26 16:55:49,990 [INFO] ProjectBuilder:5496 - Time for Generating toolchain IDE Files: 1028mS.
2026-03-26 16:55:49,990 [INFO] ProjectBuilder:3463 - Time for Copy CMSIS : 0mS.
2026-03-26 16:55:49,991 [INFO] ProjectBuilder:3463 - Time for Copy CMSIS : 0mS.
2026-03-26 17:00:13,715 [INFO] UtilMem:75 - End SaveConfig() Used Memory: 794548248 Bytes (1069547520)
2026-03-26 17:00:16,871 [INFO] UtilMem:75 - End SaveConfig() Used Memory: 819714072 Bytes (1069547520)
2026-03-26 17:00:18,504 [INFO] UtilMem:75 - End SaveConfig() Used Memory: 880531480 Bytes (1069547520)
2026-03-26 17:00:18,656 [INFO] BlockDiagram:2775 - set Specific Code input for plugin: SYS
2026-03-26 17:00:18,656 [INFO] BlockDiagram:2775 - set Specific Code input for plugin: RCC
2026-03-26 17:00:18,656 [INFO] BlockDiagram:2775 - set Specific Code input for plugin: NVIC
2026-03-26 17:00:18,657 [INFO] BlockDiagram:2775 - set Specific Code input for plugin: GPIO
2026-03-26 17:00:18,657 [INFO] CodeGenerator:892 - code generatio: config db path: /opt/st/stm32cubeide_1.19.0/plugins/com.st.stm32cube.common.mx_6.15.0.202507011659//db/
2026-03-26 17:00:18,762 [INFO] CodeEngine:265 - oldGeneratedFile, /home/sunbeam/Desktop/workspace/RTOS_workspace/003LED_Block_Tasks/MXTmpFiles/license.tmp_save
2026-03-26 17:00:18,906 [INFO] CodeEngine:289 - Generated code: /home/sunbeam/Desktop/workspace/RTOS_workspace/003LED_Block_Tasks/MXTmpFiles/license.tmp
2026-03-26 17:00:18,972 [INFO] CodeEngine:265 - oldGeneratedFile, /home/sunbeam/Desktop/workspace/RTOS_workspace/003LED_Block_Tasks/MXTmpFiles/gpio.tmp_save
2026-03-26 17:00:19,050 [INFO] CodeEngine:289 - Generated code: /home/sunbeam/Desktop/workspace/RTOS_workspace/003LED_Block_Tasks/MXTmpFiles/gpio.tmp
2026-03-26 17:00:19,080 [INFO] CodeEngine:265 - oldGeneratedFile, /home/sunbeam/Desktop/workspace/RTOS_workspace/003LED_Block_Tasks/Core/Src/stm32f4xx_it.c_save
2026-03-26 17:00:19,164 [INFO] CodeEngine:289 - Generated code: /home/sunbeam/Desktop/workspace/RTOS_workspace/003LED_Block_Tasks/Core/Src/stm32f4xx_it.c
2026-03-26 17:00:19,165 [INFO] CodeEngine:265 - oldGeneratedFile, /home/sunbeam/Desktop/workspace/RTOS_workspace/003LED_Block_Tasks/Core/Inc/stm32f4xx_it.h_save
2026-03-26 17:00:19,225 [INFO] CodeEngine:289 - Generated code: /home/sunbeam/Desktop/workspace/RTOS_workspace/003LED_Block_Tasks/Core/Inc/stm32f4xx_it.h
2026-03-26 17:00:19,229 [INFO] CodeEngine:265 - oldGeneratedFile, /home/sunbeam/Desktop/workspace/RTOS_workspace/003LED_Block_Tasks/Core/Src/stm32f4xx_hal_msp.c_save
2026-03-26 17:00:19,317 [INFO] CodeEngine:289 - Generated code: /home/sunbeam/Desktop/workspace/RTOS_workspace/003LED_Block_Tasks/Core/Src/stm32f4xx_hal_msp.c
2026-03-26 17:00:19,318 [INFO] CodeEngine:265 - oldGeneratedFile, /home/sunbeam/Desktop/workspace/RTOS_workspace/003LED_Block_Tasks/MXTmpFiles/system.tmp_save
2026-03-26 17:00:19,381 [INFO] CodeEngine:289 - Generated code: /home/sunbeam/Desktop/workspace/RTOS_workspace/003LED_Block_Tasks/MXTmpFiles/system.tmp
2026-03-26 17:00:19,382 [INFO] CodeEngine:265 - oldGeneratedFile, /home/sunbeam/Desktop/workspace/RTOS_workspace/003LED_Block_Tasks/Core/Src/stm32f4xx_hal_timebase_tim.c_save
2026-03-26 17:00:19,445 [INFO] CodeEngine:289 - Generated code: /home/sunbeam/Desktop/workspace/RTOS_workspace/003LED_Block_Tasks/Core/Src/stm32f4xx_hal_timebase_tim.c
2026-03-26 17:00:19,449 [INFO] CodeEngine:321 - oldGeneratedFile, /home/sunbeam/Desktop/workspace/RTOS_workspace/003LED_Block_Tasks/Core/Inc/stm32f4xx_hal_conf.h_save
2026-03-26 17:00:19,511 [INFO] CodeEngine:345 - Generated code: /home/sunbeam/Desktop/workspace/RTOS_workspace/003LED_Block_Tasks/Core/Inc/stm32f4xx_hal_conf.h
2026-03-26 17:00:19,532 [INFO] CodeEngine:265 - oldGeneratedFile, /home/sunbeam/Desktop/workspace/RTOS_workspace/003LED_Block_Tasks/Core/Inc/main.h_save
2026-03-26 17:00:19,593 [INFO] CodeEngine:289 - Generated code: /home/sunbeam/Desktop/workspace/RTOS_workspace/003LED_Block_Tasks/Core/Inc/main.h
2026-03-26 17:00:19,594 [INFO] CodeEngine:265 - oldGeneratedFile, /home/sunbeam/Desktop/workspace/RTOS_workspace/003LED_Block_Tasks/Core/Src/main.c_save
2026-03-26 17:00:19,694 [INFO] CodeEngine:289 - Generated code: /home/sunbeam/Desktop/workspace/RTOS_workspace/003LED_Block_Tasks/Core/Src/main.c
2026-03-26 17:00:19,875 [INFO] ProjectBuilder:3606 - Time for Copy HAL[1] : 19mS.
2026-03-26 17:00:19,876 [INFO] ProjectBuilder:5216 - Project Generator version: 4.7.0-B52
2026-03-26 17:00:19,949 [INFO] ConfigFileManager:1595 - The Die is : DIE413
2026-03-26 17:00:20,572 [INFO] ProjectBuilder:5496 - Time for Generating toolchain IDE Files: 696mS.
2026-03-26 17:00:20,572 [INFO] ProjectBuilder:3463 - Time for Copy CMSIS : 0mS.
2026-03-26 17:00:20,573 [INFO] ProjectBuilder:3463 - Time for Copy CMSIS : 0mS.
2026-03-26 17:36:27,023 [ERROR] LogOutputStream:75 - [STDERR_REDIRECT] 
