2026-03-31 13:17:01,431 [INFO] Activator:176 - 


2026-03-31 13:17:01,436 [INFO] Activator:177 - !SESSION log4j initialized
2026-03-31 13:17:11,362 [INFO] LogOutputStream:77 - [STDOUT_REDIRECT] 
2026-03-31 13:17:13,719 [INFO] ApplicationProperties:184 - Using Application install path: /opt/st/stm32cubeide_1.19.0/plugins/com.st.stm32cube.common.mx_6.15.0.202507011659
2026-03-31 13:17:13,737 [INFO] DbMcusXml:78 - Set database path to: /opt/st/stm32cubeide_1.19.0/plugins/com.st.stm32cube.common.mx_6.15.0.202507011659//db//mcu/
2026-03-31 13:17:13,738 [INFO] ApiDb:274 - Set plugin database path to: /opt/st/stm32cubeide_1.19.0/plugins/com.st.stm32cube.common.mx_6.15.0.202507011659//db//plugins/boardmanager/
2026-03-31 13:17:13,738 [WARN] ApiDb:259 - Overriding images path with different value:  => /opt/st/stm32cubeide_1.19.0/plugins/com.st.stm32cube.common.mx_6.15.0.202507011659//db//plugins/mcufinder/images/
2026-03-31 13:17:13,747 [INFO] ApiDb:250 - Set database path to: /home/sunbeam/.stmcufinder/plugins/mcufinder//mcu/
2026-03-31 13:17:13,749 [INFO] DbMcusAds:125 - Set database path to: /home/sunbeam/.stmcufinder/plugins/mcufinder//mcu/
2026-03-31 13:17:13,902 [INFO] CrossReferenceDbSqlite:203 - Set database path to: /home/sunbeam/.stmcufinder/plugins/mcufinder//mcu/cs/
2026-03-31 13:17:14,017 [INFO] RulesReader:64 - Compatibility file has been processed (317 Rules)
2026-03-31 13:17:14,083 [INFO] DbMcusXml:78 - Set database path to: /opt/st/stm32cubeide_1.19.0/plugins/com.st.stm32cube.common.mx_6.15.0.202507011659//db//mcu/
2026-03-31 13:17:14,084 [INFO] ApiDb:274 - Set plugin database path to: /opt/st/stm32cubeide_1.19.0/plugins/com.st.stm32cube.common.mx_6.15.0.202507011659//db//plugins/boardmanager/
2026-03-31 13:17:14,084 [INFO] ApiDb:261 - Set plugin images path to: /opt/st/stm32cubeide_1.19.0/plugins/com.st.stm32cube.common.mx_6.15.0.202507011659//db//plugins/mcufinder/images/
2026-03-31 13:17:14,084 [WARN] DbFile:41 - Overriding database path with different value: /home/sunbeam/.stmcufinder/plugins/mcufinder/ => /home/sunbeam/.stmcufinder/plugins/mcufinder
2026-03-31 13:17:14,084 [INFO] ApiDb:250 - Set database path to: /home/sunbeam/.stmcufinder/plugins/mcufinder//mcu/
2026-03-31 13:17:14,084 [WARN] DbFile:41 - Overriding database path with different value: /home/sunbeam/.stmcufinder/plugins/mcufinder/ => /home/sunbeam/.stmcufinder/plugins/mcufinder
2026-03-31 13:17:14,084 [INFO] DbMcusAds:125 - Set database path to: /home/sunbeam/.stmcufinder/plugins/mcufinder//mcu/
2026-03-31 13:17:14,084 [WARN] DbFile:41 - Overriding database path with different value: /home/sunbeam/.stmcufinder/plugins/mcufinder/ => /home/sunbeam/.stmcufinder/plugins/mcufinder
2026-03-31 13:17:14,084 [WARN] DbFile:41 - Overriding database path with different value: /home/sunbeam/.stmcufinder/plugins/mcufinder/ => /home/sunbeam/.stmcufinder/plugins/mcufinder
2026-03-31 13:17:14,262 [INFO] CrossReferenceDbSqlite:203 - Set database path to: /home/sunbeam/.stmcufinder/plugins/mcufinder//mcu/cs/
2026-03-31 13:17:14,341 [INFO] MainPanel:274 - HeapMemory: 268435456
2026-03-31 13:17:14,480 [INFO] DbMcusXml:78 - Set database path to: /opt/st/stm32cubeide_1.19.0/plugins/com.st.stm32cube.common.mx_6.15.0.202507011659//db//mcu/
2026-03-31 13:17:14,480 [INFO] ApiDb:274 - Set plugin database path to: /opt/st/stm32cubeide_1.19.0/plugins/com.st.stm32cube.common.mx_6.15.0.202507011659//db//plugins/boardmanager/
2026-03-31 13:17:14,480 [INFO] ApiDb:261 - Set plugin images path to: /opt/st/stm32cubeide_1.19.0/plugins/com.st.stm32cube.common.mx_6.15.0.202507011659//db//plugins/mcufinder/images/
2026-03-31 13:17:14,481 [WARN] DbFile:41 - Overriding database path with different value: /home/sunbeam/.stmcufinder/plugins/mcufinder/ => /home/sunbeam/.stmcufinder/plugins/mcufinder
2026-03-31 13:17:14,481 [INFO] ApiDb:250 - Set database path to: /home/sunbeam/.stmcufinder/plugins/mcufinder//mcu/
2026-03-31 13:17:14,481 [WARN] DbFile:41 - Overriding database path with different value: /home/sunbeam/.stmcufinder/plugins/mcufinder/ => /home/sunbeam/.stmcufinder/plugins/mcufinder
2026-03-31 13:17:14,482 [INFO] DbMcusAds:125 - Set database path to: /home/sunbeam/.stmcufinder/plugins/mcufinder//mcu/
2026-03-31 13:17:14,482 [WARN] DbFile:41 - Overriding database path with different value: /home/sunbeam/.stmcufinder/plugins/mcufinder/ => /home/sunbeam/.stmcufinder/plugins/mcufinder
2026-03-31 13:17:14,482 [WARN] DbFile:41 - Overriding database path with different value: /home/sunbeam/.stmcufinder/plugins/mcufinder/ => /home/sunbeam/.stmcufinder/plugins/mcufinder
2026-03-31 13:17:14,570 [INFO] CrossReferenceDbSqlite:203 - Set database path to: /home/sunbeam/.stmcufinder/plugins/mcufinder//mcu/cs/
2026-03-31 13:17:14,594 [INFO] ApplicationProperties:184 - Using Application install path: /opt/st/stm32cubeide_1.19.0/plugins/com.st.stm32cube.common.mx_6.15.0.202507011659
2026-03-31 13:17:14,596 [INFO] PluginManage:196 - Search for loadable plugins [exclusion list=, ]
2026-03-31 13:17:14,597 [INFO] PluginManage:310 - Check plugin analytics
2026-03-31 13:17:15,188 [INFO] AnalyticsPlugin:253 - Accepted Software Licenses: 
2026-03-31 13:17:15,200 [INFO] AnalyticsPlugin:255 - Accepted CMSIS Pack Licenses: 
2026-03-31 13:17:15,200 [INFO] AnalyticsPlugin:257 - Accepted Firmware Licenses: FW.F4.1.28.0
2026-03-31 13:17:15,203 [INFO] PluginManage:359 - Loaded plugin analytics (category:tool,tabindex:-1)
2026-03-31 13:17:15,206 [INFO] PluginManage:310 - Check plugin cadmodel
2026-03-31 13:17:15,215 [INFO] CADModel:105 - Init CAD model plugin
2026-03-31 13:17:15,216 [INFO] PluginManage:359 - Loaded plugin cadmodel (category:power,tabindex:5)
2026-03-31 13:17:15,216 [INFO] PluginManage:310 - Check plugin clock
2026-03-31 13:17:15,230 [INFO] PluginManage:359 - Loaded plugin clock (category:base,tabindex:2)
2026-03-31 13:17:15,230 [INFO] PluginManage:310 - Check plugin ddr
2026-03-31 13:17:15,233 [INFO] PluginManage:359 - Loaded plugin ddr (category:tool,tabindex:6)
2026-03-31 13:17:15,233 [INFO] PluginManage:310 - Check plugin filemanager
2026-03-31 13:17:15,418 [INFO] PluginManage:359 - Loaded plugin filemanager (category:base,tabindex:10)
2026-03-31 13:17:15,418 [INFO] PluginManage:310 - Check plugin ipmanager
2026-03-31 13:17:15,425 [INFO] PluginManage:359 - Loaded plugin ipmanager (category:base,tabindex:5)
2026-03-31 13:17:15,425 [INFO] PluginManage:310 - Check plugin lpbam
2026-03-31 13:17:15,437 [INFO] PluginManage:359 - Loaded plugin lpbam (category:base,tabindex:0)
2026-03-31 13:17:15,438 [INFO] PluginManage:310 - Check plugin memorymap
2026-03-31 13:17:15,458 [INFO] PluginManage:359 - Loaded plugin memorymap (category:base,tabindex:4)
2026-03-31 13:17:15,459 [INFO] PluginManage:310 - Check plugin pinoutandconfiguration
2026-03-31 13:17:15,478 [INFO] PluginManage:359 - Loaded plugin pinoutandconfiguration (category:base,tabindex:1)
2026-03-31 13:17:15,478 [INFO] PluginManage:310 - Check plugin pinoutconfig
2026-03-31 13:17:15,636 [WARN] SupportedApi:132 - Cannot load RTOS API schema: s4s-elt-must-match.1: The content of 'definitions' must match (annotation?, (simpleType | complexType)?, (unique | key | keyref)*)). A problem was found starting at: attribute.
2026-03-31 13:17:15,775 [INFO] PluginManage:359 - Loaded plugin pinoutconfig (category:base,tabindex:0)
2026-03-31 13:17:15,775 [INFO] PluginManage:310 - Check plugin power
2026-03-31 13:17:15,784 [INFO] PluginManage:359 - Loaded plugin power (category:power,tabindex:4)
2026-03-31 13:17:15,784 [INFO] PluginManage:310 - Check plugin projectmanager
2026-03-31 13:17:15,802 [INFO] PluginManage:359 - Loaded plugin projectmanager (category:projectmanager,tabindex:4)
2026-03-31 13:17:15,802 [INFO] PluginManage:310 - Check plugin rif
2026-03-31 13:17:15,812 [INFO] PluginManage:359 - Loaded plugin rif (category:base,tabindex:3)
2026-03-31 13:17:15,812 [INFO] PluginManage:310 - Check plugin thirdparty
2026-03-31 13:17:15,928 [INFO] PluginManage:359 - Loaded plugin thirdparty (category:base,tabindex:-1)
2026-03-31 13:17:15,928 [WARN] IntegrityCheckThread:84 - waiting for thirdparty lock release [integrity check]
2026-03-31 13:17:15,928 [INFO] PluginManage:310 - Check plugin tools
2026-03-31 13:17:15,928 [INFO] IntegrityCheckThread:86 - entering critical section [integrity check]
2026-03-31 13:17:15,928 [INFO] ThirdPartyUpdaterWithRetryManager:70 - Updater plugin not ready yet. [1/15]
2026-03-31 13:17:15,932 [INFO] PluginManage:359 - Loaded plugin tools (category:base,tabindex:7)
2026-03-31 13:17:15,932 [INFO] PluginManage:310 - Check plugin tutovideos
2026-03-31 13:17:16,126 [INFO] PluginManage:359 - Loaded plugin tutovideos (category:base,tabindex:-1)
2026-03-31 13:17:16,126 [INFO] PluginManage:310 - Check plugin updater
2026-03-31 13:17:16,148 [INFO] PluginManage:359 - Loaded plugin updater (category:base,tabindex:12)
2026-03-31 13:17:16,148 [INFO] PluginManage:310 - Check plugin userauth
2026-03-31 13:17:16,151 [INFO] UserAuth:118 - Init User Auth plugin
2026-03-31 13:17:16,152 [INFO] PluginManage:359 - Loaded plugin userauth (category:base,tabindex:14)
2026-03-31 13:17:16,153 [INFO] PluginManage:283 - PluginManage : Loaded plugins [18]
2026-03-31 13:17:16,352 [INFO] PinOutPanel:1589 - setPackage(No Configuration,No Configuration)
2026-03-31 13:17:16,417 [INFO] CADModel:165 - CPN selected for project level
2026-03-31 13:17:16,417 [INFO] CADModel:114 - Register for checkConnection events
2026-03-31 13:17:16,430 [INFO] IPUIPlugin:80 - create IPUIPlugin
2026-03-31 13:17:16,431 [INFO] PluginManager:220 - loadIPPluginJar : add dfsdm
2026-03-31 13:17:16,435 [INFO] IPUIPlugin:80 - create IPUIPlugin
2026-03-31 13:17:16,435 [INFO] PluginManager:220 - loadIPPluginJar : add gfxmmu
2026-03-31 13:17:16,438 [INFO] IPUIPlugin:80 - create IPUIPlugin
2026-03-31 13:17:16,438 [INFO] PluginManager:220 - loadIPPluginJar : add i3c
2026-03-31 13:17:16,441 [INFO] IPUIPlugin:80 - create IPUIPlugin
2026-03-31 13:17:16,442 [INFO] PluginManager:220 - loadIPPluginJar : add sai
2026-03-31 13:17:16,448 [INFO] IPUIPlugin:80 - create IPUIPlugin
2026-03-31 13:17:16,449 [INFO] PluginManager:220 - loadIPPluginJar : add dma
2026-03-31 13:17:16,450 [INFO] IPUIPlugin:80 - create IPUIPlugin
2026-03-31 13:17:16,450 [INFO] PluginManager:220 - loadIPPluginJar : add quadspi
2026-03-31 13:17:16,453 [INFO] IPUIPlugin:80 - create IPUIPlugin
2026-03-31 13:17:16,453 [INFO] PluginManager:220 - loadIPPluginJar : add opamp
2026-03-31 13:17:16,454 [INFO] IPUIPlugin:80 - create IPUIPlugin
2026-03-31 13:17:16,454 [INFO] PluginManager:220 - loadIPPluginJar : add comp
2026-03-31 13:17:16,460 [INFO] IPUIPlugin:80 - create IPUIPlugin
2026-03-31 13:17:16,463 [INFO] PluginManager:220 - loadIPPluginJar : add plateformsettings
2026-03-31 13:17:16,465 [INFO] IPUIPlugin:80 - create IPUIPlugin
2026-03-31 13:17:16,465 [INFO] PluginManager:220 - loadIPPluginJar : add ltdc
2026-03-31 13:17:16,468 [INFO] IPUIPlugin:80 - create IPUIPlugin
2026-03-31 13:17:16,468 [INFO] PluginManager:220 - loadIPPluginJar : add nvic
2026-03-31 13:17:16,469 [INFO] IPUIPlugin:80 - create IPUIPlugin
2026-03-31 13:17:16,469 [INFO] PluginManager:220 - loadIPPluginJar : add fatfs
2026-03-31 13:17:16,474 [INFO] IPUIPlugin:80 - create IPUIPlugin
2026-03-31 13:17:16,474 [INFO] PluginManager:220 - loadIPPluginJar : add gpio
2026-03-31 13:17:16,477 [INFO] IPUIPlugin:80 - create IPUIPlugin
2026-03-31 13:17:16,477 [INFO] PluginManager:220 - loadIPPluginJar : add aes
2026-03-31 13:17:16,483 [INFO] IPUIPlugin:80 - create IPUIPlugin
2026-03-31 13:17:16,483 [INFO] PluginManager:220 - loadIPPluginJar : add mdma
2026-03-31 13:17:16,485 [INFO] IPUIPlugin:80 - create IPUIPlugin
2026-03-31 13:17:16,485 [INFO] PluginManager:220 - loadIPPluginJar : add pdm2pcm
2026-03-31 13:17:16,490 [INFO] IPUIPlugin:80 - create IPUIPlugin
2026-03-31 13:17:16,490 [INFO] PluginManager:220 - loadIPPluginJar : add linkedlist
2026-03-31 13:17:16,492 [INFO] IPUIPlugin:80 - create IPUIPlugin
2026-03-31 13:17:16,492 [INFO] PluginManager:220 - loadIPPluginJar : add usart
2026-03-31 13:17:16,494 [INFO] IPUIPlugin:80 - create IPUIPlugin
2026-03-31 13:17:16,494 [INFO] PluginManager:220 - loadIPPluginJar : add i2c
2026-03-31 13:17:16,495 [INFO] IPUIPlugin:80 - create IPUIPlugin
2026-03-31 13:17:16,495 [INFO] PluginManager:220 - loadIPPluginJar : add lorawan
2026-03-31 13:17:16,497 [INFO] IPUIPlugin:80 - create IPUIPlugin
2026-03-31 13:17:16,497 [INFO] PluginManager:220 - loadIPPluginJar : add usbx
2026-03-31 13:17:16,500 [INFO] IPUIPlugin:80 - create IPUIPlugin
2026-03-31 13:17:16,501 [INFO] PluginManager:220 - loadIPPluginJar : add fmc
2026-03-31 13:17:16,502 [INFO] IPUIPlugin:80 - create IPUIPlugin
2026-03-31 13:17:16,502 [INFO] PluginManager:220 - loadIPPluginJar : add extmemmanager
2026-03-31 13:17:16,508 [INFO] IPUIPlugin:80 - create IPUIPlugin
2026-03-31 13:17:16,508 [INFO] PluginManager:220 - loadIPPluginJar : add freertos
2026-03-31 13:17:16,512 [INFO] IPUIPlugin:80 - create IPUIPlugin
2026-03-31 13:17:16,512 [INFO] PluginManager:220 - loadIPPluginJar : add can
2026-03-31 13:17:16,515 [INFO] IPUIPlugin:80 - create IPUIPlugin
2026-03-31 13:17:16,515 [INFO] PluginManager:220 - loadIPPluginJar : add touchsensing
2026-03-31 13:17:16,516 [INFO] IPUIPlugin:80 - create IPUIPlugin
2026-03-31 13:17:16,516 [INFO] PluginManager:220 - loadIPPluginJar : add tracer_emb
2026-03-31 13:17:16,517 [INFO] IPUIPlugin:80 - create IPUIPlugin
2026-03-31 13:17:16,518 [INFO] PluginManager:220 - loadIPPluginJar : add ucpd
2026-03-31 13:17:16,519 [INFO] IPUIPlugin:80 - create IPUIPlugin
2026-03-31 13:17:16,519 [INFO] PluginManager:220 - loadIPPluginJar : add ts
2026-03-31 13:17:16,521 [INFO] IPUIPlugin:80 - create IPUIPlugin
2026-03-31 13:17:16,521 [INFO] PluginManager:220 - loadIPPluginJar : add tsc
2026-03-31 13:17:16,526 [INFO] IPUIPlugin:80 - create IPUIPlugin
2026-03-31 13:17:16,526 [INFO] PluginManager:220 - loadIPPluginJar : add resmgrutility
2026-03-31 13:17:16,529 [INFO] IPUIPlugin:80 - create IPUIPlugin
2026-03-31 13:17:16,529 [INFO] PluginManager:220 - loadIPPluginJar : add cryp
2026-03-31 13:17:16,533 [INFO] IPUIPlugin:80 - create IPUIPlugin
2026-03-31 13:17:16,533 [INFO] PluginManager:220 - loadIPPluginJar : add openamp
2026-03-31 13:17:16,541 [INFO] IPUIPlugin:80 - create IPUIPlugin
2026-03-31 13:17:16,541 [INFO] PluginManager:220 - loadIPPluginJar : add adc
2026-03-31 13:17:16,544 [INFO] IPUIPlugin:80 - create IPUIPlugin
2026-03-31 13:17:16,544 [INFO] PluginManager:220 - loadIPPluginJar : add spi
2026-03-31 13:17:16,549 [INFO] IPUIPlugin:80 - create IPUIPlugin
2026-03-31 13:17:16,549 [INFO] PluginManager:220 - loadIPPluginJar : add ipddr
2026-03-31 13:17:16,556 [INFO] IPUIPlugin:80 - create IPUIPlugin
2026-03-31 13:17:16,556 [INFO] PluginManager:220 - loadIPPluginJar : add stm32_wpan
2026-03-31 13:17:16,562 [INFO] IPUIPlugin:80 - create IPUIPlugin
2026-03-31 13:17:16,562 [INFO] PluginManager:220 - loadIPPluginJar : add gic
2026-03-31 13:17:16,565 [INFO] IPUIPlugin:80 - create IPUIPlugin
2026-03-31 13:17:16,565 [INFO] PluginManager:220 - loadIPPluginJar : add ddr_ctrl_phy
2026-03-31 13:17:16,566 [INFO] IPUIPlugin:80 - create IPUIPlugin
2026-03-31 13:17:16,566 [INFO] PluginManager:220 - loadIPPluginJar : add genericplugin
2026-03-31 13:17:16,568 [INFO] IPUIPlugin:80 - create IPUIPlugin
2026-03-31 13:17:16,568 [INFO] PluginManager:220 - loadIPPluginJar : add hash
2026-03-31 13:17:16,570 [INFO] IPUIPlugin:80 - create IPUIPlugin
2026-03-31 13:17:16,570 [INFO] PluginManager:220 - loadIPPluginJar : add tim
2026-03-31 13:17:16,571 [INFO] IPUIPlugin:80 - create IPUIPlugin
2026-03-31 13:17:16,572 [INFO] PluginManager:220 - loadIPPluginJar : add radio
2026-03-31 13:17:16,575 [INFO] IPUIPlugin:80 - create IPUIPlugin
2026-03-31 13:17:16,575 [INFO] PluginManager:220 - loadIPPluginJar : add gtzc
2026-03-31 13:17:16,578 [INFO] IPUIPlugin:80 - create IPUIPlugin
2026-03-31 13:17:16,578 [INFO] PluginManager:220 - loadIPPluginJar : add i2s
2026-03-31 13:17:16,581 [INFO] IPUIPlugin:80 - create IPUIPlugin
2026-03-31 13:17:16,581 [INFO] PluginManager:220 - loadIPPluginJar : add dma3
2026-03-31 13:17:16,685 [FATAL] Updater:351 - Updater called before beeing initialized
2026-03-31 13:17:16,714 [INFO] RulesReader:64 - Compatibility file has been processed (317 Rules)
2026-03-31 13:17:16,727 [INFO] RulesReader:64 - Compatibility file has been processed (317 Rules)
2026-03-31 13:17:16,734 [INFO] CADModel:165 - CPN selected for project level
2026-03-31 13:17:16,734 [INFO] CADModel:114 - Register for checkConnection events
2026-03-31 13:17:16,734 [FATAL] Updater:351 - Updater called before beeing initialized
2026-03-31 13:17:16,734 [ERROR] CADModel:125 - Updater not yet initialized, retry later 
2026-03-31 13:17:16,868 [FATAL] Updater:351 - Updater called before beeing initialized
2026-03-31 13:17:16,869 [INFO] CADModel:165 - CPN selected for project level
2026-03-31 13:17:16,870 [INFO] CADModel:114 - Register for checkConnection events
2026-03-31 13:17:16,870 [FATAL] Updater:351 - Updater called before beeing initialized
2026-03-31 13:17:16,870 [ERROR] CADModel:125 - Updater not yet initialized, retry later 
2026-03-31 13:17:16,877 [FATAL] Updater:351 - Updater called before beeing initialized
2026-03-31 13:17:16,971 [FATAL] Updater:351 - Updater called before beeing initialized
2026-03-31 13:17:16,977 [INFO] DbMcusAds:53 - JSON generation date=Thu Mar 05 20:02:52 IST 2026 (1772721172890)
2026-03-31 13:17:16,977 [FATAL] Updater:351 - Updater called before beeing initialized
2026-03-31 13:17:17,009 [WARN] DetailPanel:346 - Failed to get advertising image, set to default
2026-03-31 13:17:17,075 [FATAL] Updater:351 - Updater called before beeing initialized
2026-03-31 13:17:17,076 [FATAL] Updater:351 - Updater called before beeing initialized
2026-03-31 13:17:17,077 [FATAL] Updater:351 - Updater called before beeing initialized
2026-03-31 13:17:17,077 [WARN] DetailPanel:346 - Failed to get advertising image, set to default
2026-03-31 13:17:17,078 [FATAL] Updater:351 - Updater called before beeing initialized
2026-03-31 13:17:17,112 [ERROR] Updater:1198 - MainUpdater not yet initialized. External WinMGr cannot be set.
2026-03-31 13:17:17,115 [INFO] Updater:1134 - Updater Version found : 6.15.0
2026-03-31 13:17:17,135 [INFO] ApplicationProperties:184 - Using Application install path: /opt/st/stm32cubeide_1.19.0/plugins/com.st.stm32cube.common.mx_6.15.0.202507011659
2026-03-31 13:17:17,464 [INFO] MainUpdater:2872 - connection check result : 10
2026-03-31 13:17:17,465 [INFO] MainUpdater:289 - Updater Check For Update Now.
2026-03-31 13:17:17,479 [INFO] MicroXplorer:498 - Change Database Version : DB.6.0.150
2026-03-31 13:17:17,486 [INFO] McuFinderGlobals:63 - Set McuFinder mode to 2 (CubeIDE integrated)
2026-03-31 13:17:17,487 [INFO] UserAuth:171 - activating auth plugin
2026-03-31 13:17:17,489 [INFO] UserAuth:487 - Internet connection configuration mode: 1
2026-03-31 13:17:17,517 [INFO] JxBrowserEngine:152 - Initiate JxBrowser Engine with user profile folder
2026-03-31 13:17:17,674 [INFO] CheckServerUpdateThread:120 - End of CheckServer Thread
2026-03-31 13:17:18,454 [INFO] WebApp:169 - Instantiating new browser for Auth
2026-03-31 13:17:19,086 [WARN] PackLoader:240 - Cannot read IP mode file for STMicroelectronics.FP-SNS-MOTENVWB1.1.4.0
2026-03-31 13:17:19,094 [WARN] PackLoader:240 - Cannot read IP mode file for STMicroelectronics.FP-ATR-ASTRA1.2.0.2
2026-03-31 13:17:19,099 [WARN] PackLoader:240 - Cannot read IP mode file for STMicroelectronics.X-CUBE-SMBUS.2.1.0
2026-03-31 13:17:19,103 [WARN] PackLoader:240 - Cannot read IP mode file for STMicroelectronics.X-CUBE-ST60.1.0.0
2026-03-31 13:17:19,157 [WARN] PackLoader:240 - Cannot read IP mode file for STMicroelectronics.X-CUBE-AZRTOS-F7.1.1.0
2026-03-31 13:17:19,169 [WARN] PackLoader:240 - Cannot read IP mode file for STMicroelectronics.FP-SNS-MOTENV1.5.1.0
2026-03-31 13:17:19,197 [WARN] PackLoader:240 - Cannot read IP mode file for Infineon.AIROC-Wi-Fi-Bluetooth-STM32.1.7.1
2026-03-31 13:17:19,305 [WARN] PackLoader:240 - Cannot read IP mode file for STMicroelectronics.X-CUBE-AZRTOS-H7.3.4.0
2026-03-31 13:17:19,330 [INFO] WebApp:463 - Apply proxy settings
2026-03-31 13:17:19,330 [INFO] WebApp:548 - Chromium requires no authentication
2026-03-31 13:17:19,343 [WARN] PackLoader:240 - Cannot read IP mode file for STMicroelectronics.X-CUBE-DISPLAY.3.0.0
2026-03-31 13:17:19,360 [INFO] WebApp:491 - Direct internet connection detected
2026-03-31 13:17:19,363 [WARN] PackLoader:240 - Cannot read IP mode file for STMicroelectronics.FP-SNS-MOTENVWB1.1.5.0
2026-03-31 13:17:19,378 [WARN] PackLoader:240 - Cannot read IP mode file for STMicroelectronics.X-CUBE-NFC10.1.0.0
2026-03-31 13:17:19,392 [WARN] PackLoader:240 - Cannot read IP mode file for STMicroelectronics.X-CUBE-BLEMGR.4.0.0
2026-03-31 13:17:19,401 [INFO] WebApp:900 - Register for checkConnection events
2026-03-31 13:17:19,402 [INFO] WebApp:463 - Apply proxy settings
2026-03-31 13:17:19,402 [INFO] WebApp:548 - Chromium requires no authentication
2026-03-31 13:17:19,405 [INFO] WebApp:491 - Direct internet connection detected
2026-03-31 13:17:19,406 [WARN] PackLoader:240 - Cannot read IP mode file for STMicroelectronics.X-CUBE-ST60.1.1.0
2026-03-31 13:17:19,413 [WARN] PackLoader:240 - Cannot read IP mode file for emotas.I-CUBE-CANOPEN.1.3.0
2026-03-31 13:17:19,419 [WARN] PackLoader:240 - Cannot read IP mode file for STMicroelectronics.X-CUBE-GNSS1.7.1.0
2026-03-31 13:17:19,428 [WARN] ConditionMgr:438 - getConditionDescription Invalid condition id : Cortex-A Device cause : null
2026-03-31 13:17:19,470 [WARN] ConditionMgr:1044 - genDependencies : Invalid condition id : Cortex-A Device cause : null
2026-03-31 13:17:19,471 [WARN] ConditionMgr:1044 - genDependencies : Invalid condition id : Cortex-A Device cause : null
2026-03-31 13:17:19,471 [WARN] ConditionMgr:1044 - genDependencies : Invalid condition id : Cortex-A Device cause : null
2026-03-31 13:17:19,490 [WARN] PackLoader:240 - Cannot read IP mode file for STMicroelectronics.FP-SNS-STBOX1.2.1.0
2026-03-31 13:17:19,500 [WARN] PackLoader:240 - Cannot read IP mode file for STMicroelectronics.FP-SNS-SMARTAG2.1.2.0
2026-03-31 13:17:19,506 [WARN] PackLoader:240 - Cannot read IP mode file for STMicroelectronics.FP-SNS-FLIGHT1.5.1.0
2026-03-31 13:17:19,526 [INFO] LogOutputStream:77 - [STDOUT_REDIRECT] 1 : Invalid condition id : UX_CORESTACK_Condition cause : null
2026-03-31 13:17:19,531 [INFO] LogOutputStream:77 - [STDOUT_REDIRECT] 1 : Invalid condition id : UX_CORESTACK_Condition cause : null
2026-03-31 13:17:19,532 [INFO] LogOutputStream:77 - [STDOUT_REDIRECT] 1 : Invalid condition id : UX_CORESTACK_Condition cause : null
2026-03-31 13:17:19,533 [INFO] LogOutputStream:77 - [STDOUT_REDIRECT] 1 : Invalid condition id : UX_CORESTACK_Condition cause : null
2026-03-31 13:17:19,533 [INFO] LogOutputStream:77 - [STDOUT_REDIRECT] 1 : Invalid condition id : UX_CORESTACK_Condition cause : null
2026-03-31 13:17:19,537 [WARN] PackLoader:240 - Cannot read IP mode file for STMicroelectronics.X-CUBE-AZRTOS-WL.2.0.0
2026-03-31 13:17:19,545 [WARN] PackLoader:240 - Cannot read IP mode file for STMicroelectronics.FP-SNS-MOTENV1.5.0.0
2026-03-31 13:17:19,572 [WARN] PackLoader:240 - Cannot read IP mode file for STMicroelectronics.X-CUBE-AZRTOS-H7RS.1.2.0
2026-03-31 13:17:19,585 [WARN] PackLoader:240 - Cannot read IP mode file for WES.I-CUBE-Cesium.1.3.0
2026-03-31 13:17:19,592 [WARN] PackLoader:240 - Cannot read IP mode file for STMicroelectronics.X-CUBE-BLE2.3.3.0
2026-03-31 13:17:19,612 [WARN] PackLoader:240 - Cannot read IP mode file for STMicroelectronics.X-CUBE-NFC9.1.0.0
2026-03-31 13:17:19,617 [WARN] PackLoader:240 - Cannot read IP mode file for wolfSSL.I-CUBE-wolfSSL.5.8.0
2026-03-31 13:17:19,624 [WARN] PackLoader:240 - Cannot read IP mode file for STMicroelectronics.X-CUBE-BLE1.7.1.0
2026-03-31 13:17:19,629 [WARN] PackLoader:240 - Cannot read IP mode file for wolfSSL.I-CUBE-wolfMQTT.1.19.2
2026-03-31 13:17:19,635 [WARN] PackLoader:240 - Cannot read IP mode file for STMicroelectronics.X-CUBE-FREERTOS.1.4.0
2026-03-31 13:17:19,643 [WARN] PackLoader:240 - Cannot read IP mode file for STMicroelectronics.X-CUBE-EEPRMA1.5.2.0
2026-03-31 13:17:19,650 [WARN] PackLoader:240 - Cannot read IP mode file for STMicroelectronics.X-CUBE-ST67W61.1.1.0
2026-03-31 13:17:19,653 [WARN] PackLoader:240 - Cannot read IP mode file for STMicroelectronics.X-CUBE-AI.10.1.0
2026-03-31 13:17:19,705 [INFO] WebApp:225 - Starting web application
2026-03-31 13:17:19,705 [INFO] WebApp:593 - Web application path used /opt/st/stm32cubeide_1.19.0/plugins/com.st.stm32cube.common.mx_6.15.0.202507011659/db/plugins/mcufinder/reactClient1/index.html
2026-03-31 13:17:19,709 [WARN] PackLoader:240 - Cannot read IP mode file for STMicroelectronics.X-CUBE-MEMS1.12.0.0
2026-03-31 13:17:19,822 [WARN] PackLoader:240 - Cannot read IP mode file for STMicroelectronics.X-CUBE-AZRTOS-G0.1.1.0
2026-03-31 13:17:19,830 [WARN] PackLoader:240 - Cannot read IP mode file for STMicroelectronics.X-CUBE-SAFEA1.1.2.2
2026-03-31 13:17:19,837 [WARN] PackLoader:240 - Cannot read IP mode file for STMicroelectronics.X-CUBE-NFC4.3.0.0
2026-03-31 13:17:19,849 [WARN] PackLoader:240 - Cannot read IP mode file for EmbeddedOffice.I-CUBE-FS-RTOS.1.0.1
2026-03-31 13:17:19,854 [WARN] PackLoader:240 - Cannot read IP mode file for STMicroelectronics.X-CUBE-WB05N.2.0.0
2026-03-31 13:17:19,862 [WARN] PackLoader:240 - Cannot read IP mode file for wolfSSL.I-CUBE-wolfTPM.3.8.0
2026-03-31 13:17:19,868 [WARN] PackLoader:240 - Cannot read IP mode file for STMicroelectronics.X-CUBE-TCPP.4.2.0
2026-03-31 13:17:19,873 [WARN] PackLoader:240 - Cannot read IP mode file for RealThread.X-CUBE-RT-Thread_Nano.4.1.1
2026-03-31 13:17:19,879 [WARN] PackLoader:240 - Cannot read IP mode file for STMicroelectronics.FP-ATR-SIGFOX1.3.2.0
2026-03-31 13:17:19,883 [WARN] PackLoader:240 - Cannot read IP mode file for STMicroelectronics.X-CUBE-EEPRMA1.5.1.0
2026-03-31 13:17:19,888 [WARN] PackLoader:240 - Cannot read IP mode file for ITTIA_DB.I-CUBE-ITTIADB.8.9.0
2026-03-31 13:17:19,899 [WARN] PackLoader:240 - Cannot read IP mode file for STMicroelectronics.X-CUBE-NFC6.3.2.0
2026-03-31 13:17:19,909 [WARN] PackLoader:240 - Cannot read IP mode file for STMicroelectronics.X-CUBE-ST67W61.1.0.0
2026-03-31 13:17:19,916 [WARN] PackLoader:240 - Cannot read IP mode file for STMicroelectronics.X-CUBE-AI.10.2.0
2026-03-31 13:17:19,944 [WARN] PackLoader:240 - Cannot read IP mode file for SEGGER.I-CUBE-embOS.1.3.1
2026-03-31 13:17:20,015 [WARN] PackLoader:240 - Cannot read IP mode file for STMicroelectronics.X-CUBE-ALGOBUILD.1.4.0
2026-03-31 13:17:20,070 [WARN] PackLoader:240 - Cannot read IP mode file for STMicroelectronics.X-CUBE-MEMS1.11.3.0
2026-03-31 13:17:20,237 [WARN] PackLoader:240 - Cannot read IP mode file for STMicroelectronics.X-CUBE-PM33A1.1.0.0
2026-03-31 13:17:20,236 [INFO] WebApp:191 - Connection restablished
2026-03-31 13:17:20,260 [WARN] PackLoader:240 - Cannot read IP mode file for STMicroelectronics.X-CUBE-AZRTOS-F4.1.1.0
2026-03-31 13:17:20,264 [WARN] PackLoader:240 - Cannot read IP mode file for Avnet-IotConnect.X-CUBE-IoTC-DA16k-PMOD.1.0.0
2026-03-31 13:17:20,267 [WARN] PackLoader:240 - Cannot read IP mode file for STMicroelectronics.X-CUBE-ISPU.2.1.0
2026-03-31 13:17:20,305 [WARN] PackLoader:240 - Cannot read IP mode file for STMicroelectronics.X-CUBE-IPS.3.2.0
2026-03-31 13:17:20,332 [WARN] PackLoader:240 - Cannot read IP mode file for STMicroelectronics.X-CUBE-NFC12.1.0.0
2026-03-31 13:17:20,353 [WARN] PackLoader:240 - Cannot read IP mode file for STMicroelectronics.X-CUBE-AZRTOS-L5.2.0.0
2026-03-31 13:17:20,374 [WARN] PackLoader:240 - Cannot read IP mode file for STMicroelectronics.X-CUBE-NFC6.3.1.0
2026-03-31 13:17:20,382 [WARN] PackLoader:240 - Cannot read IP mode file for STMicroelectronics.X-CUBE-FREERTOS.1.3.1
2026-03-31 13:17:20,388 [WARN] PackLoader:240 - Cannot read IP mode file for STMicroelectronics.X-CUBE-TOUCHGFX.4.26.0
2026-03-31 13:17:20,397 [WARN] PackLoader:240 - Cannot read IP mode file for STMicroelectronics.FP-SNS-STAIOTCFT.1.0.0
2026-03-31 13:17:20,401 [WARN] PackLoader:240 - Cannot read IP mode file for STMicroelectronics.X-CUBE-DPower.1.3.0
2026-03-31 13:17:20,430 [WARN] ConditionMgr:438 - getConditionDescription Invalid condition id : LAN8742 Phy interface Condition cause : null
2026-03-31 13:17:20,431 [WARN] PackLoader:240 - Cannot read IP mode file for STMicroelectronics.X-CUBE-AZRTOS-L4.2.0.0
2026-03-31 13:17:20,433 [WARN] ConditionMgr:1044 - genDependencies : Invalid condition id : LAN8742 Phy interface Condition cause : null
2026-03-31 13:17:20,434 [WARN] ConditionMgr:1044 - genDependencies : Invalid condition id : LAN8742 Phy interface Condition cause : null
2026-03-31 13:17:20,434 [WARN] ConditionMgr:1044 - genDependencies : Invalid condition id : LAN8742 Phy interface Condition cause : null
2026-03-31 13:17:20,448 [WARN] PackLoader:240 - Cannot read IP mode file for STMicroelectronics.X-CUBE-SFXS2LP1.4.0.0
2026-03-31 13:17:20,465 [WARN] PackLoader:240 - Cannot read IP mode file for STMicroelectronics.X-CUBE-ST67W61.1.2.0
2026-03-31 13:17:20,509 [WARN] PackLoader:240 - Cannot read IP mode file for STMicroelectronics.X-CUBE-BLEMGR.4.1.0
2026-03-31 13:17:20,537 [WARN] ConditionMgr:438 - getConditionDescription Invalid condition id : UX DEVICE CLASS RTOS Condition cause : null
2026-03-31 13:17:20,537 [WARN] ConditionMgr:438 - getConditionDescription Invalid condition id : UX DEVICE CLASS RTOS Condition cause : null
2026-03-31 13:17:20,540 [WARN] PackLoader:240 - Cannot read IP mode file for STMicroelectronics.X-CUBE-AZRTOS-WB.2.0.0
2026-03-31 13:17:20,542 [WARN] ConditionMgr:1044 - genDependencies : Invalid condition id : UX DEVICE CLASS RTOS Condition cause : null
2026-03-31 13:17:20,542 [WARN] ConditionMgr:1044 - genDependencies : Invalid condition id : UX DEVICE CLASS RTOS Condition cause : null
2026-03-31 13:17:20,543 [WARN] ConditionMgr:1044 - genDependencies : Invalid condition id : UX DEVICE CLASS RTOS Condition cause : null
2026-03-31 13:17:20,544 [WARN] ConditionMgr:1044 - genDependencies : Invalid condition id : UX DEVICE CLASS RTOS Condition cause : null
2026-03-31 13:17:20,544 [WARN] ConditionMgr:1044 - genDependencies : Invalid condition id : UX DEVICE CLASS RTOS Condition cause : null
2026-03-31 13:17:20,557 [WARN] PackLoader:240 - Cannot read IP mode file for STMicroelectronics.X-CUBE-GNSS1.7.0.1
2026-03-31 13:17:20,562 [WARN] PackLoader:240 - Cannot read IP mode file for STMicroelectronics.X-CUBE-TOUCHGFX.4.25.0
2026-03-31 13:17:20,570 [WARN] PackLoader:240 - Cannot read IP mode file for STMicroelectronics.FP-SNS-STBOX1.2.0.0
2026-03-31 13:17:20,588 [WARN] PackLoader:240 - Cannot read IP mode file for STMicroelectronics.X-CUBE-STSE01.2.0.0
2026-03-31 13:17:20,606 [WARN] PackLoader:240 - Cannot read IP mode file for STMicroelectronics.X-CUBE-SUBG2.5.0.0
2026-03-31 13:17:20,634 [WARN] PackLoader:240 - Cannot read IP mode file for STMicroelectronics.X-CUBE-AZRTOS-H7RS.1.1.0
2026-03-31 13:17:20,642 [WARN] PackLoader:240 - Cannot read IP mode file for Cesanta.I-CUBE-Mongoose.7.13.0
2026-03-31 13:17:20,656 [WARN] PackLoader:240 - Cannot read IP mode file for STMicroelectronics.X-CUBE-AZRTOS-G4.2.0.0
2026-03-31 13:17:20,663 [WARN] PackLoader:240 - Cannot read IP mode file for wolfSSL.I-CUBE-wolfSSH.1.4.20
2026-03-31 13:17:20,668 [WARN] PackLoader:240 - Cannot read IP mode file for STMicroelectronics.X-CUBE-NFC7.2.0.0
2026-03-31 13:17:20,686 [WARN] PackLoader:240 - Cannot read IP mode file for STMicroelectronics.X-CUBE-IPS.3.1.0
2026-03-31 13:17:20,697 [WARN] PackLoader:240 - Cannot read IP mode file for STMicroelectronics.X-CUBE-ALS.1.0.2
2026-03-31 13:17:20,706 [WARN] PackLoader:240 - Cannot read IP mode file for STMicroelectronics.X-CUBE-STSE01.1.0.0
2026-03-31 13:17:20,714 [WARN] PackLoader:240 - Cannot read IP mode file for portGmbH.I-Cube-SoM-uGOAL.1.1.0
2026-03-31 13:17:20,728 [WARN] PackLoader:240 - Cannot read IP mode file for STMicroelectronics.X-CUBE-TOF1.3.4.3
2026-03-31 13:17:20,739 [INFO] ThirdParty:978 - Integrity check success = true
2026-03-31 13:17:20,740 [INFO] IntegrityCheckThread:100 - exiting critical section [integrity check]
2026-03-31 13:17:20,740 [INFO] IntegrityCheckThread:103 - End integrity checks thread
2026-03-31 13:24:31,177 [INFO] McuFinderGlobals:63 - Set McuFinder mode to 2 (CubeIDE integrated)
2026-03-31 13:24:31,179 [INFO] MainUpdater:2872 - connection check result : 10
2026-03-31 13:24:31,181 [INFO] McuFinderGlobals:76 - Set McuFinderConnectedMode to true
2026-03-31 13:24:32,330 [INFO] ServerAccessManage:452 - Complete download http(s) 200
2026-03-31 13:24:32,333 [INFO] ServerAccessManage:509 - Download File mcusAds.json._tmp_
2026-03-31 13:24:32,444 [INFO] LoadUrlFilesThread:156 - End of LoadUrlFiles Thread
2026-03-31 13:24:33,864 [INFO] ServerAccessManage:452 - Complete download http(s) 200
2026-03-31 13:24:33,866 [INFO] ServerAccessManage:509 - Download File cube-finder-db.zip
2026-03-31 13:24:33,871 [ERROR] ServerAccessManage:740 - User Cancel Download : cube-finder-db.zip.
2026-03-31 13:24:33,972 [INFO] LoadUrlFilesThread:156 - End of LoadUrlFiles Thread
2026-03-31 13:24:34,548 [INFO] DbMcusAds:53 - JSON generation date=Thu Mar 05 20:02:52 IST 2026 (1772721172890)
2026-03-31 13:24:34,574 [ERROR] TargetSelectorAdapter:267 - Unable to refresh data
2026-03-31 13:24:34,851 [INFO] ApiDb:581 - Connected to CubeFinder SQLite database (/home/sunbeam/.stmcufinder/plugins/mcufinder/mcu/cube-finder-db.db)
2026-03-31 13:24:34,931 [INFO] ApiDb:668 - CubeFinder database Data Model version=2.1
2026-03-31 13:24:34,931 [INFO] ApiDb:669 - CubeFinder database Configuration version=3.0.42
2026-03-31 13:24:34,932 [INFO] ApiDb:670 - CubeFinder database generation date=2026-03-11 (1773229989)
2026-03-31 13:24:34,932 [INFO] ApiDb:671 - CubeFinder database FW Pack versions=[FP-ATR-ASTRA1_V2.0.0, FP-SNS-FLIGHT1_V5.1.0, FP-SNS-MOTENV1_V5.1.0, FP-SNS-MOTENVWB1_V1.5.0, FP-SNS-SMARTAG2_V1.2.0, FP-SNS-STBOX1_V2.1.0, STM32Cube_FW_C0_V1.4.0, STM32Cube_FW_F4_V1.28.3, STM32Cube_FW_F7_V1.17.4, STM32Cube_FW_G0_V1.6.3, STM32Cube_FW_G4_V1.6.2, STM32Cube_FW_H5_V1.6.0, STM32Cube_FW_H7RS_V1.3.0, STM32Cube_FW_H7_V1.13.0, STM32Cube_FW_L0_V1.12.2, STM32Cube_FW_L4_V1.18.2, STM32Cube_FW_L5_V1.6.0, STM32Cube_FW_N6_V1.3.0, STM32Cube_FW_U0_V1.3.0, STM32Cube_FW_U3_V1.3.0, STM32Cube_FW_U5_V1.8.0, STM32Cube_FW_WB0_V1.4.0, STM32Cube_FW_WBA_V1.9.0, STM32Cube_FW_WB_V1.24.0, STM32Cube_FW_WL3_V1.4.0, STM32Cube_FW_WL_V1.5.0, X-CUBE-ALGOBUILD_V1.4.0, X-CUBE-ALS_V1.0.2, X-CUBE-AZRTOS-F4_V1.1.0, X-CUBE-AZRTOS-F7_V1.1.0, X-CUBE-AZRTOS-G0_V1.1.0, X-CUBE-AZRTOS-G4_V2.0.0, X-CUBE-AZRTOS-H7RS_V1.1.0, X-CUBE-AZRTOS-H7_V3.4.0, X-CUBE-AZRTOS-L4_V2.0.0, X-CUBE-AZRTOS-L5_V2.0.0, X-CUBE-AZRTOS-WB_V2.0.0, X-CUBE-AZRTOS-WL_V2.0.0, X-CUBE-BLE1_V7.1.0, X-CUBE-BLE2_V3.3.0, X-CUBE-BLEMGR_V4.1.0, X-CUBE-EEPRMA1_V5.2.0, X-CUBE-FREERTOS_V1.5.0, X-CUBE-GNSS1_V6.0.0, X-CUBE-MEMS1_V12.0.0, X-CUBE-NFC4_V3.0.0, X-CUBE-NFC7_V2.0.0, X-CUBE-SFXS2LP1_V4.0.0, X-CUBE-ST67W61_V1.2.0, X-CUBE-SUBG2_V5.0.0, X-CUBE-TOF1_V3.4.3]
2026-03-31 13:24:37,273 [INFO] ApiDb:240 - Found 880 in-development CPN: [B-G473E-ZEST1S, B-WB1M-WPAN1, B-WBA5M-WPAN, B-WL5M-SUBG1, NUCLEO-C031C6, NUCLEO-C051C8, NUCLEO-C071RB, NUCLEO-C092RC, NUCLEO-H503RB, NUCLEO-H533RE, NUCLEO-H563ZI, NUCLEO-H7S3L8, NUCLEO-N657X0-Q, NUCLEO-U031R8, NUCLEO-U083RC, NUCLEO-U385RG-Q, NUCLEO-U545RE-Q, NUCLEO-U5A5ZJ-Q, NUCLEO-WB05KZ, NUCLEO-WB07CC, NUCLEO-WB09KE, NUCLEO-WBA52CG, NUCLEO-WBA55CG, NUCLEO-WL33CC1, NUCLEO-WL33CC2, STEVAL-PROTEUS1, STEVAL-SMARTAG2, STEVAL-STWINBX1, STM320518-EVAL, STM32C0116-DK, STM32C011D6Y3TR, STM32C011D6Y6TR, STM32C011F4P3, STM32C011F4P6, STM32C011F4U3, STM32C011F4U6TR, STM32C011F6P3, STM32C011F6P6, STM32C011F6U3, STM32C011F6U6TR, STM32C011J4M3, STM32C011J4M6, STM32C011J6M3, STM32C011J6M6, STM32C0316-DK, STM32C031C4T3, STM32C031C4T6, STM32C031C4U3, STM32C031C4U6, STM32C031C6T3, STM32C031C6T6, STM32C031C6U3, STM32C031C6U6, STM32C031F4P3, STM32C031F4P6, STM32C031F6P3, STM32C031F6P6, STM32C031G4U3, STM32C031G4U6, STM32C031G6U3, STM32C031G6U6, STM32C031K4T3, STM32C031K4T6, STM32C031K4U3, STM32C031K4U6, STM32C031K6T3, STM32C031K6T6, STM32C031K6U3, STM32C031K6U6, STM32C051C6T6, STM32C051C6U6, STM32C051C8T6, STM32C051C8U6, STM32C051D8Y6TR, STM32C051F6P6, STM32C051F8P6, STM32C051G6U6, STM32C051G8U6, STM32C051K6T6, STM32C051K6U6, STM32C051K8T6, STM32C071C8T6, STM32C071C8T6N, STM32C071C8U6, STM32C071C8U6N, STM32C071CBT6, STM32C071CBT6N, STM32C071CBU6, STM32C071CBU6N, STM32C071F8P6, STM32C071F8P6N, STM32C071FBP6, STM32C071FBP6N, STM32C071FBY6TR, STM32C071G8U6, STM32C071G8U6N, STM32C071GBU6, STM32C071GBU6N, STM32C071K8T6, STM32C071K8T6N, STM32C071K8U6, STM32C071K8U6N, STM32C071KBT6, STM32C071KBT6N, STM32C071KBU6, STM32C071KBU6N, STM32C071R8T6, STM32C071R8T6N, STM32C071RBI6N, STM32C071RBT6, STM32C071RBT6N, STM32C091CBT6, STM32C091CBU6, STM32C091CCT6, STM32C091CCU6, STM32C091ECY6TR, STM32C091FBP6, STM32C091FCP6, STM32C091GBU6, STM32C091GCU6, STM32C091KBT6, STM32C091KBU6, STM32C091KCT6, STM32C091KCU6, STM32C091RBT6, STM32C091RCI6, STM32C091RCT6, STM32C092CBT6, STM32C092CBU6, STM32C092CCT6, STM32C092CCU6, STM32C092ECY6TR, STM32C092FBP6, STM32C092FCP6, STM32C092GBU6, STM32C092GCU6, STM32C092KBT6, STM32C092KBU6, STM32C092KCT6, STM32C092KCU6, STM32C092RBT6, STM32C092RCI6, STM32C092RCT6, STM32G071K8TXN, STM32G071K8UXN, STM32G081GBU6N, STM32G081KBT6N, STM32G081KBUXN, STM32G0B1CCT6N, STM32G0B1KCT6, STM32G0B1NEY6TR, STM32G0B1RCT6N, STM32G0C1CCT6, STM32G0C1CCT6N, STM32G0C1CCU6N, STM32G0C1CET6N, STM32G0C1CEU6N, STM32G0C1KCT6, STM32G0C1NEY6TR, STM32G0C1RCI6N, STM32G0C1RCT6N, STM32G0C1REI6N, STM32G0C1RET6N, STM32G0C1VCI6, STM32G0C1VEI6, STM32G411C6T3, STM32G411C6T6, STM32G411C6U3, STM32G411C6U6, STM32G411C8T3, STM32G411C8T6, STM32G411C8U3, STM32G411C8U6, STM32G411CBT3, STM32G411CBT6, STM32G411CBU3, STM32G411CBU6, STM32G411K6T3, STM32G411K6T6, STM32G411K6U3, STM32G411K6U6, STM32G411K8T3, STM32G411K8T6, STM32G411K8U3, STM32G411K8U6, STM32G411KBT3, STM32G411KBT6, STM32G411KBU3, STM32G411KBU6, STM32G411M6T3, STM32G411M6T6, STM32G411M8T3, STM32G411M8T6, STM32G411MBT3, STM32G411MBT6, STM32G411R6T3, STM32G411R6T6, STM32G411R8T3, STM32G411R8T6, STM32G411RBT3, STM32G411RBT6, STM32G414CBT3, STM32G414CBT6, STM32G414CBU3, STM32G414CBU6, STM32G414CCT3, STM32G414CCT6, STM32G414CCU3, STM32G414CCU6, STM32G414MBT3, STM32G414MBT6, STM32G414MCT3, STM32G414MCT6, STM32G414RBT3, STM32G414RBT6, STM32G414RCT3, STM32G414RCT6, STM32G414VBT3, STM32G414VBT6, STM32G414VCT3, STM32G414VCT6, STM32G431CBT3Z, STM32G431RBT3Z, STM32G471CCT6, STM32G471CCU6, STM32G471CET3, STM32G471CET6, STM32G471CEU3, STM32G471CEU6, STM32G471MCT6, STM32G471MET3, STM32G471MET6, STM32G471MEY6TR, STM32G471QCT6, STM32G471QET3, STM32G471RCT6, STM32G471RET3, STM32G471RET6, STM32G471VCH6, STM32G471VCI6, STM32G471VCT6, STM32G471VEH3, STM32G471VEH6, STM32G471VEI3, STM32G471VEI6, STM32G471VET3, STM32G471VET6, STM32G473QET3Z, STM32G473RET3Z, STM32G474CCT6, STM32G491RET3Z, STM32H503CBT6, STM32H503CBU6, STM32H503EBY6TR, STM32H503KBU6, STM32H503RBT6, STM32H523CCT6, STM32H523CCU6, STM32H523CET6, STM32H523CEU6, STM32H523HEY6TR, STM32H523RCT6, STM32H523RET6, STM32H523VCI6, STM32H523VCT6, STM32H523VEI6, STM32H523VET6, STM32H523ZCJ6, STM32H523ZCT6, STM32H523ZEJ6, STM32H523ZET6, STM32H533CET6, STM32H533CEU6, STM32H533HEY6TR, STM32H533RET6, STM32H533VEI6, STM32H533VET6, STM32H533ZEJ6, STM32H533ZET6, STM32H562AGI6, STM32H562AII6, STM32H562IGK6, STM32H562IGT6, STM32H562IIK6, STM32H562IIT6, STM32H562RGT6, STM32H562RGV6, STM32H562RIT6, STM32H562RIV6, STM32H562VGT6, STM32H562VIT6, STM32H562ZGT6, STM32H562ZIT6, STM32H563AGI6, STM32H563AII3Q, STM32H563AII6, STM32H563IGK6, STM32H563IGT6, STM32H563IIK3Q, STM32H563IIK6, STM32H563IIT3Q, STM32H563IIT6, STM32H563MIY3QTR, STM32H563RGT6, STM32H563RGV6, STM32H563RIT6, STM32H563RIV6, STM32H563VGT6, STM32H563VIT3Q, STM32H563VIT6, STM32H563ZGT6, STM32H563ZIT3Q, STM32H563ZIT6, STM32H573AII3Q, STM32H573AII6, STM32H573I-DK, STM32H573IIK3Q, STM32H573IIK6, STM32H573IIT3Q, STM32H573IIT6, STM32H573MIY3QTR, STM32H573RIT6, STM32H573RIV6, STM32H573VIT3Q, STM32H573VIT6, STM32H573ZIT3Q, STM32H573ZIT6, STM32H7R3A8I6, STM32H7R3I8K6, STM32H7R3I8T6, STM32H7R3L8H6, STM32H7R3L8H6H, STM32H7R3R8V6, STM32H7R3V8H6, STM32H7R3V8T6, STM32H7R3V8Y6TR, STM32H7R3Z8J6, STM32H7R3Z8T6, STM32H7R7A8I6, STM32H7R7I8K6, STM32H7R7I8T6, STM32H7R7L8H6, STM32H7R7L8H6H, STM32H7R7Z8J6, STM32H7S3A8I6, STM32H7S3I8K6, STM32H7S3I8T6, STM32H7S3L8H6, STM32H7S3L8H6H, STM32H7S3R8V6, STM32H7S3V8H6, STM32H7S3V8T6, STM32H7S3V8Y6TR, STM32H7S3Z8J6, STM32H7S3Z8T6, STM32H7S78-DK, STM32H7S7A8I6, STM32H7S7I8K6, STM32H7S7I8T6, STM32H7S7L8H6, STM32H7S7L8H6H, STM32H7S7Z8J6, STM32L4R5QGI6STR, STM32MP131AAE3, STM32MP131AAF3, STM32MP131AAG3, STM32MP131CAE3, STM32MP131CAF3, STM32MP131CAG3, STM32MP131DAE7, STM32MP131DAF7, STM32MP131DAG7, STM32MP131FAE7, STM32MP131FAF7, STM32MP131FAG7, STM32MP133AAE3, STM32MP133AAF3, STM32MP133AAG3, STM32MP133CAE3, STM32MP133CAF3, STM32MP133CAG3, STM32MP133DAE7, STM32MP133DAF7, STM32MP133DAG7, STM32MP133FAE7, STM32MP133FAF7, STM32MP133FAG7, STM32MP135AAE3, STM32MP135AAF3, STM32MP135AAG3, STM32MP135CAE3, STM32MP135CAF3, STM32MP135CAG3, STM32MP135DAE7, STM32MP135DAF7, STM32MP135DAG7, STM32MP135F-DK, STM32MP135FAE7, STM32MP135FAF7, STM32MP135FAF7T, STM32MP135FAF7U, STM32MP135FAG7, STM32MP211AAL3, STM32MP211AAM3, STM32MP211AAN3, STM32MP211AAO3, STM32MP211CAL3, STM32MP211CAM3, STM32MP211CAN3, STM32MP211CAO3, STM32MP211DAL3, STM32MP211DAM3, STM32MP211DAN3, STM32MP211DAO3, STM32MP211FAL3, STM32MP211FAM3, STM32MP211FAN3, STM32MP211FAO3, STM32MP213AAL3, STM32MP213AAM3, STM32MP213AAN3, STM32MP213AAO3, STM32MP213CAL3, STM32MP213CAM3, STM32MP213CAN3, STM32MP213CAO3, STM32MP213DAL3, STM32MP213DAM3, STM32MP213DAN3, STM32MP213DAO3, STM32MP213FAL3, STM32MP213FAM3, STM32MP213FAN3, STM32MP213FAO3, STM32MP215AAL3, STM32MP215AAM3, STM32MP215AAN3, STM32MP215AAO3, STM32MP215CAL3, STM32MP215CAM3, STM32MP215CAN3, STM32MP215CAO3, STM32MP215DAL3, STM32MP215DAM3, STM32MP215DAN3, STM32MP215DAO3, STM32MP215F-DK, STM32MP215FAL3, STM32MP215FAM3, STM32MP215FAN3, STM32MP215FAO3, STM32MP231AAJ3, STM32MP231AAK3, STM32MP231AAL3, STM32MP231CAJ3, STM32MP231CAK3, STM32MP231CAL3, STM32MP231DAJ3, STM32MP231DAK3, STM32MP231DAL3, STM32MP231FAJ3, STM32MP231FAK3, STM32MP231FAL3, STM32MP233AAJ3, STM32MP233AAK3, STM32MP233AAL3, STM32MP233CAJ3, STM32MP233CAK3, STM32MP233CAL3, STM32MP233DAJ3, STM32MP233DAK3, STM32MP233DAL3, STM32MP233FAJ3, STM32MP233FAK3, STM32MP233FAL3, STM32MP235AAJ3, STM32MP235AAK3, STM32MP235AAL3, STM32MP235CAJ3, STM32MP235CAK3, STM32MP235CAL3, STM32MP235DAJ3, STM32MP235DAK3, STM32MP235DAL3, STM32MP235FAJ3, STM32MP235FAK3, STM32MP235FAL3, STM32MP251AAI3, STM32MP251AAK3, STM32MP251AAL3, STM32MP251CAI3, STM32MP251CAK3, STM32MP251CAL3, STM32MP251DAI3, STM32MP251DAK3, STM32MP251DAL3, STM32MP251FAI3, STM32MP251FAK3, STM32MP251FAL3, STM32MP253AAI3, STM32MP253AAK3, STM32MP253AAL3, STM32MP253CAI3, STM32MP253CAK3, STM32MP253CAL3, STM32MP253DAI3, STM32MP253DAK3, STM32MP253DAL3, STM32MP253FAI3, STM32MP253FAK3, STM32MP253FAL3, STM32MP255AAI3, STM32MP255AAK3, STM32MP255AAL3, STM32MP255CAI3, STM32MP255CAK3, STM32MP255CAL3, STM32MP255DAI3, STM32MP255DAK3, STM32MP255DAL3, STM32MP255FAI3, STM32MP255FAK3, STM32MP255FAL3, STM32MP257AAI3, STM32MP257AAK3, STM32MP257AAL3, STM32MP257CAI3, STM32MP257CAK3, STM32MP257CAL3, STM32MP257DAI3, STM32MP257DAK3, STM32MP257DAL3, STM32MP257F-DK, STM32MP257F-EV1, STM32MP257FAI3, STM32MP257FAK3, STM32MP257FAL3, STM32N645A0H3Q, STM32N645B0H3Q, STM32N645I0H3Q, STM32N645L0H3Q, STM32N645X0H3Q, STM32N645Z0H3Q, STM32N647A0H3Q, STM32N647B0H3Q, STM32N647I0H3Q, STM32N647L0H3Q, STM32N647X0H3Q, STM32N647Z0H3Q, STM32N655A0H3Q, STM32N655B0H3Q, STM32N655I0H3Q, STM32N655L0H3Q, STM32N655X0H3Q, STM32N655Z0H3Q, STM32N6570-DK, STM32N657A0H3Q, STM32N657B0H3Q, STM32N657I0H3Q, STM32N657L0H3Q, STM32N657X0H3Q, STM32N657Z0H3Q, STM32U031C6T6, STM32U031C6U6, STM32U031C8T6, STM32U031C8U6, STM32U031F4P6, STM32U031F6P6, STM32U031F8P6, STM32U031G6Y6TR, STM32U031G8Y6TR, STM32U031K4U6, STM32U031K6U6, STM32U031K8U6, STM32U031R6I6, STM32U031R6T6, STM32U031R8I6, STM32U031R8T6, STM32U073C8T6, STM32U073C8U6, STM32U073CBT6, STM32U073CBU6, STM32U073CCT6, STM32U073CCU6, STM32U073H8Y6TR, STM32U073HBY6TR, STM32U073HCY6TR, STM32U073K8U6, STM32U073KBU6, STM32U073KCU6, STM32U073M8I6, STM32U073M8T6, STM32U073MBI6, STM32U073MBT6, STM32U073MCI6, STM32U073MCT6, STM32U073R8I6, STM32U073R8T6, STM32U073RBI6, STM32U073RBT6, STM32U073RCI6, STM32U073RCT6, STM32U083C-DK, STM32U083CCT6, STM32U083CCU6, STM32U083HCY6TR, STM32U083KCU6, STM32U083MCI6, STM32U083MCT6, STM32U083RCI6, STM32U083RCT6, STM32U375CET6, STM32U375CET6Q, STM32U375CEU6, STM32U375CEU6Q, STM32U375CEY6QTR, STM32U375CGT6, STM32U375CGT6Q, STM32U375CGU6, STM32U375CGU6Q, STM32U375CGY6QTR, STM32U375KEU6, STM32U375KGU6, STM32U375REI6, STM32U375REI6Q, STM32U375RET6, STM32U375RET6Q, STM32U375REY6GTR, STM32U375REY6QTR, STM32U375RGI6, STM32U375RGI6Q, STM32U375RGT6, STM32U375RGT6Q, STM32U375RGY6GTR, STM32U375RGY6QTR, STM32U375VEI6, STM32U375VEI6Q, STM32U375VET6, STM32U375VET6Q, STM32U375VGI6, STM32U375VGI6Q, STM32U375VGT6, STM32U375VGT6Q, STM32U385CGT6, STM32U385CGT6Q, STM32U385CGU6, STM32U385CGU6Q, STM32U385CGY6QTR, STM32U385KGU6, STM32U385RGI6, STM32U385RGI6Q, STM32U385RGT6, STM32U385RGT6Q, STM32U385RGY6GTR, STM32U385RGY6QTR, STM32U385VGI6, STM32U385VGI6Q, STM32U385VGT6, STM32U385VGT6Q, STM32U535CBT6, STM32U535CBT6Q, STM32U535CBU6, STM32U535CBU6Q, STM32U535CCT6, STM32U535CCT6Q, STM32U535CCU6, STM32U535CCU6Q, STM32U535CET6, STM32U535CET6Q, STM32U535CEU6, STM32U535CEU6Q, STM32U535JEY6QTR, STM32U535NCY6QTR, STM32U535NEY6QTR, STM32U535RBI6, STM32U535RBI6Q, STM32U535RBT6, STM32U535RBT6Q, STM32U535RCI6, STM32U535RCI6Q, STM32U535RCT6, STM32U535RCT6Q, STM32U535REI6, STM32U535REI6Q, STM32U535RET6, STM32U535RET6Q, STM32U535VCI6, STM32U535VCI6Q, STM32U535VCT6, STM32U535VCT6Q, STM32U535VEI6, STM32U535VEI6Q, STM32U535VET6, STM32U535VET6Q, STM32U545CET6, STM32U545CET6Q, STM32U545CEU6, STM32U545CEU6Q, STM32U545JEY6QTR, STM32U545NEY6QTR, STM32U545REI6, STM32U545REI6Q, STM32U545RET6, STM32U545RET6Q, STM32U545VEI6, STM32U545VEI6Q, STM32U545VET6, STM32U545VET6Q, STM32U595AIH6, STM32U595AIH6Q, STM32U595AJH6, STM32U595AJH6Q, STM32U595QII6, STM32U595QII6Q, STM32U595QJI6, STM32U595QJI6Q, STM32U595RIT6, STM32U595RIT6Q, STM32U595RJT6, STM32U595RJT6Q, STM32U595VIT6, STM32U595VIT6Q, STM32U595VJT6, STM32U595VJT6Q, STM32U595ZIT6, STM32U595ZIT6Q, STM32U595ZIY6QTR, STM32U595ZJT6, STM32U595ZJT6Q, STM32U595ZJY6QTR, STM32U599BJY6QTR, STM32U599NIH6Q, STM32U599NJH6Q, STM32U599VIT6Q, STM32U599VJT6, STM32U599VJT6Q, STM32U599ZIT6Q, STM32U599ZIY6QTR, STM32U599ZJT6Q, STM32U599ZJY6QTR, STM32U5A5AJH6, STM32U5A5AJH6Q, STM32U5A5QII3Q , STM32U5A5QJI6, STM32U5A5QJI6Q, STM32U5A5RJT6, STM32U5A5RJT6Q, STM32U5A5VJT6, STM32U5A5VJT6Q, STM32U5A5ZJT6, STM32U5A5ZJT6Q, STM32U5A5ZJY6QTR, STM32U5A9BJY6QTR, STM32U5A9J-DK, STM32U5A9NJH6Q, STM32U5A9VJT6Q, STM32U5A9ZJT6Q, STM32U5A9ZJY6QTR, STM32U5F7VIT6, STM32U5F7VIT6Q, STM32U5F7VJT6, STM32U5F7VJT6Q, STM32U5F9BJY6QTR, STM32U5F9NJH6Q, STM32U5F9VIT6Q, STM32U5F9VJT6Q, STM32U5F9ZIJ6QTR, STM32U5F9ZIT6Q, STM32U5F9ZJJ6QTR, STM32U5F9ZJT6Q, STM32U5G7VJT6, STM32U5G7VJT6Q, STM32U5G9BJY6QTR, STM32U5G9J-DK1, STM32U5G9J-DK2, STM32U5G9NJH6Q, STM32U5G9VJT6Q, STM32U5G9ZJJ6QTR, STM32U5G9ZJT6Q, STM32WB05KZV6TR, STM32WB05KZV7TR, STM32WB05TZF6TR, STM32WB05TZF7TR, STM32WB06CCF6TR, STM32WB06CCF7TR, STM32WB06CCV6TR, STM32WB06CCV7TR, STM32WB06KCV6TR, STM32WB06KCV7TR, STM32WB07CCF6TR, STM32WB07CCF7TR, STM32WB07CCV6TR, STM32WB07CCV7TR, STM32WB07KCV6TR, STM32WB07KCV7TR, STM32WB09KEV6TR, STM32WB09KEV7TR, STM32WB09TEF6TR, STM32WB09TEF7TR, STM32WB1MMCH6, STM32WBA50KGU6, STM32WBA50KGU6TR, STM32WBA52CEU6, STM32WBA52CEU6TR, STM32WBA52CEU7, STM32WBA52CEU7TR, STM32WBA52CGU6, STM32WBA52CGU6TR, STM32WBA52CGU6U, STM32WBA52CGU7, STM32WBA52CGU7TR, STM32WBA52KEU6, STM32WBA52KEU6TR, STM32WBA52KGU6, STM32WBA52KGU6TR, STM32WBA54CEU6, STM32WBA54CEU6TR, STM32WBA54CEU7, STM32WBA54CEU7TR, STM32WBA54CGU6, STM32WBA54CGU6TR, STM32WBA54CGU7, STM32WBA54CGU7TR, STM32WBA54KEU6, STM32WBA54KEU6TR, STM32WBA54KEU7, STM32WBA54KEU7TR, STM32WBA54KGU6, STM32WBA54KGU6TR, STM32WBA54KGU7, STM32WBA54KGU7TR, STM32WBA55CEU6, STM32WBA55CEU6TR, STM32WBA55CEU7, STM32WBA55CEU7TR, STM32WBA55CGU6, STM32WBA55CGU6TR, STM32WBA55CGU6U, STM32WBA55CGU7, STM32WBA55CGU7TR, STM32WBA55G-DK1, STM32WBA55HEF6, STM32WBA55HEF7, STM32WBA55HGF6, STM32WBA55HGF7, STM32WBA55UEI6, STM32WBA55UEI6TR, STM32WBA55UEI7, STM32WBA55UEI7TR, STM32WBA55UGI6, STM32WBA55UGI6TR, STM32WBA55UGI7, STM32WBA55UGI7TR, STM32WBA5MMGH6TR, STM32WBA62MGF6, STM32WBA62MIF6, STM32WBA65MGF7, STM32WBA65MIF6, STM32WBA65MIF7, STM32WL30K8V6, STM32WL30KBV6, STM32WL31C8V6, STM32WL31CBV6, STM32WL31K8V6, STM32WL31KBV6, STM32WL33C8V6, STM32WL33C8V6X, STM32WL33CBV6, STM32WL33CBV6X, STM32WL33CCV6, STM32WL33CCV6A, STM32WL33CCV6X, STM32WL33K8V7, STM32WL33K8V7X, STM32WL33KBV7 , STM32WL33KBV7X, STM32WL33KCV7, STM32WL33KCV7X, STM32WL5MOCH6, STM32WL5MOCH6TR]
2026-03-31 13:24:37,278 [INFO] DbMcus:218 - Found 5055 MCUs, 4968 are supported
2026-03-31 13:24:37,279 [INFO] ApiDb:423 - Load user favorites file /home/sunbeam/.stm32cubeide/favorites.mcus.txt: 0 item(s)
2026-03-31 13:24:37,279 [INFO] ApiDb:427 - User favorites MCUs=[]
2026-03-31 13:24:37,279 [INFO] DbMcus:224 - Set 0 / 0 favorites MCUs
2026-03-31 13:24:37,747 [INFO] ApiDb:668 - CubeFinder database Data Model version=2.1
2026-03-31 13:24:37,747 [INFO] ApiDb:669 - CubeFinder database Configuration version=3.0.42
2026-03-31 13:24:37,747 [INFO] ApiDb:670 - CubeFinder database generation date=2026-03-11 (1773229989)
2026-03-31 13:24:37,748 [INFO] ApiDb:671 - CubeFinder database FW Pack versions=[FP-ATR-ASTRA1_V2.0.0, FP-SNS-FLIGHT1_V5.1.0, FP-SNS-MOTENV1_V5.1.0, FP-SNS-MOTENVWB1_V1.5.0, FP-SNS-SMARTAG2_V1.2.0, FP-SNS-STBOX1_V2.1.0, STM32Cube_FW_C0_V1.4.0, STM32Cube_FW_F4_V1.28.3, STM32Cube_FW_F7_V1.17.4, STM32Cube_FW_G0_V1.6.3, STM32Cube_FW_G4_V1.6.2, STM32Cube_FW_H5_V1.6.0, STM32Cube_FW_H7RS_V1.3.0, STM32Cube_FW_H7_V1.13.0, STM32Cube_FW_L0_V1.12.2, STM32Cube_FW_L4_V1.18.2, STM32Cube_FW_L5_V1.6.0, STM32Cube_FW_N6_V1.3.0, STM32Cube_FW_U0_V1.3.0, STM32Cube_FW_U3_V1.3.0, STM32Cube_FW_U5_V1.8.0, STM32Cube_FW_WB0_V1.4.0, STM32Cube_FW_WBA_V1.9.0, STM32Cube_FW_WB_V1.24.0, STM32Cube_FW_WL3_V1.4.0, STM32Cube_FW_WL_V1.5.0, X-CUBE-ALGOBUILD_V1.4.0, X-CUBE-ALS_V1.0.2, X-CUBE-AZRTOS-F4_V1.1.0, X-CUBE-AZRTOS-F7_V1.1.0, X-CUBE-AZRTOS-G0_V1.1.0, X-CUBE-AZRTOS-G4_V2.0.0, X-CUBE-AZRTOS-H7RS_V1.1.0, X-CUBE-AZRTOS-H7_V3.4.0, X-CUBE-AZRTOS-L4_V2.0.0, X-CUBE-AZRTOS-L5_V2.0.0, X-CUBE-AZRTOS-WB_V2.0.0, X-CUBE-AZRTOS-WL_V2.0.0, X-CUBE-BLE1_V7.1.0, X-CUBE-BLE2_V3.3.0, X-CUBE-BLEMGR_V4.1.0, X-CUBE-EEPRMA1_V5.2.0, X-CUBE-FREERTOS_V1.5.0, X-CUBE-GNSS1_V6.0.0, X-CUBE-MEMS1_V12.0.0, X-CUBE-NFC4_V3.0.0, X-CUBE-NFC7_V2.0.0, X-CUBE-SFXS2LP1_V4.0.0, X-CUBE-ST67W61_V1.2.0, X-CUBE-SUBG2_V5.0.0, X-CUBE-TOF1_V3.4.3]
2026-03-31 13:24:37,795 [INFO] DbBoardsSqlite:226 - include board P-NUCLEO-WB55-NUCLEO as a kit item of type 'Nucleo-64'
2026-03-31 13:24:37,795 [INFO] DbBoardsSqlite:226 - include board P-NUCLEO-WB55-USBDONGLE as a kit item of type 'Nucleo USB Dongle'
2026-03-31 13:24:37,795 [INFO] DbBoardsSqlite:226 - include board STEVAL-IDP005V1 as a kit item of type 'Evaluation Board'
2026-03-31 13:24:37,796 [INFO] DbBoardsSqlite:226 - include board STEVAL-IDP005V2 as a kit item of type 'Evaluation Board'
2026-03-31 13:24:37,834 [INFO] ApiDb:240 - Found 880 in-development CPN: [B-G473E-ZEST1S, B-WB1M-WPAN1, B-WBA5M-WPAN, B-WL5M-SUBG1, NUCLEO-C031C6, NUCLEO-C051C8, NUCLEO-C071RB, NUCLEO-C092RC, NUCLEO-H503RB, NUCLEO-H533RE, NUCLEO-H563ZI, NUCLEO-H7S3L8, NUCLEO-N657X0-Q, NUCLEO-U031R8, NUCLEO-U083RC, NUCLEO-U385RG-Q, NUCLEO-U545RE-Q, NUCLEO-U5A5ZJ-Q, NUCLEO-WB05KZ, NUCLEO-WB07CC, NUCLEO-WB09KE, NUCLEO-WBA52CG, NUCLEO-WBA55CG, NUCLEO-WL33CC1, NUCLEO-WL33CC2, STEVAL-PROTEUS1, STEVAL-SMARTAG2, STEVAL-STWINBX1, STM320518-EVAL, STM32C0116-DK, STM32C011D6Y3TR, STM32C011D6Y6TR, STM32C011F4P3, STM32C011F4P6, STM32C011F4U3, STM32C011F4U6TR, STM32C011F6P3, STM32C011F6P6, STM32C011F6U3, STM32C011F6U6TR, STM32C011J4M3, STM32C011J4M6, STM32C011J6M3, STM32C011J6M6, STM32C0316-DK, STM32C031C4T3, STM32C031C4T6, STM32C031C4U3, STM32C031C4U6, STM32C031C6T3, STM32C031C6T6, STM32C031C6U3, STM32C031C6U6, STM32C031F4P3, STM32C031F4P6, STM32C031F6P3, STM32C031F6P6, STM32C031G4U3, STM32C031G4U6, STM32C031G6U3, STM32C031G6U6, STM32C031K4T3, STM32C031K4T6, STM32C031K4U3, STM32C031K4U6, STM32C031K6T3, STM32C031K6T6, STM32C031K6U3, STM32C031K6U6, STM32C051C6T6, STM32C051C6U6, STM32C051C8T6, STM32C051C8U6, STM32C051D8Y6TR, STM32C051F6P6, STM32C051F8P6, STM32C051G6U6, STM32C051G8U6, STM32C051K6T6, STM32C051K6U6, STM32C051K8T6, STM32C071C8T6, STM32C071C8T6N, STM32C071C8U6, STM32C071C8U6N, STM32C071CBT6, STM32C071CBT6N, STM32C071CBU6, STM32C071CBU6N, STM32C071F8P6, STM32C071F8P6N, STM32C071FBP6, STM32C071FBP6N, STM32C071FBY6TR, STM32C071G8U6, STM32C071G8U6N, STM32C071GBU6, STM32C071GBU6N, STM32C071K8T6, STM32C071K8T6N, STM32C071K8U6, STM32C071K8U6N, STM32C071KBT6, STM32C071KBT6N, STM32C071KBU6, STM32C071KBU6N, STM32C071R8T6, STM32C071R8T6N, STM32C071RBI6N, STM32C071RBT6, STM32C071RBT6N, STM32C091CBT6, STM32C091CBU6, STM32C091CCT6, STM32C091CCU6, STM32C091ECY6TR, STM32C091FBP6, STM32C091FCP6, STM32C091GBU6, STM32C091GCU6, STM32C091KBT6, STM32C091KBU6, STM32C091KCT6, STM32C091KCU6, STM32C091RBT6, STM32C091RCI6, STM32C091RCT6, STM32C092CBT6, STM32C092CBU6, STM32C092CCT6, STM32C092CCU6, STM32C092ECY6TR, STM32C092FBP6, STM32C092FCP6, STM32C092GBU6, STM32C092GCU6, STM32C092KBT6, STM32C092KBU6, STM32C092KCT6, STM32C092KCU6, STM32C092RBT6, STM32C092RCI6, STM32C092RCT6, STM32G071K8TXN, STM32G071K8UXN, STM32G081GBU6N, STM32G081KBT6N, STM32G081KBUXN, STM32G0B1CCT6N, STM32G0B1KCT6, STM32G0B1NEY6TR, STM32G0B1RCT6N, STM32G0C1CCT6, STM32G0C1CCT6N, STM32G0C1CCU6N, STM32G0C1CET6N, STM32G0C1CEU6N, STM32G0C1KCT6, STM32G0C1NEY6TR, STM32G0C1RCI6N, STM32G0C1RCT6N, STM32G0C1REI6N, STM32G0C1RET6N, STM32G0C1VCI6, STM32G0C1VEI6, STM32G411C6T3, STM32G411C6T6, STM32G411C6U3, STM32G411C6U6, STM32G411C8T3, STM32G411C8T6, STM32G411C8U3, STM32G411C8U6, STM32G411CBT3, STM32G411CBT6, STM32G411CBU3, STM32G411CBU6, STM32G411K6T3, STM32G411K6T6, STM32G411K6U3, STM32G411K6U6, STM32G411K8T3, STM32G411K8T6, STM32G411K8U3, STM32G411K8U6, STM32G411KBT3, STM32G411KBT6, STM32G411KBU3, STM32G411KBU6, STM32G411M6T3, STM32G411M6T6, STM32G411M8T3, STM32G411M8T6, STM32G411MBT3, STM32G411MBT6, STM32G411R6T3, STM32G411R6T6, STM32G411R8T3, STM32G411R8T6, STM32G411RBT3, STM32G411RBT6, STM32G414CBT3, STM32G414CBT6, STM32G414CBU3, STM32G414CBU6, STM32G414CCT3, STM32G414CCT6, STM32G414CCU3, STM32G414CCU6, STM32G414MBT3, STM32G414MBT6, STM32G414MCT3, STM32G414MCT6, STM32G414RBT3, STM32G414RBT6, STM32G414RCT3, STM32G414RCT6, STM32G414VBT3, STM32G414VBT6, STM32G414VCT3, STM32G414VCT6, STM32G431CBT3Z, STM32G431RBT3Z, STM32G471CCT6, STM32G471CCU6, STM32G471CET3, STM32G471CET6, STM32G471CEU3, STM32G471CEU6, STM32G471MCT6, STM32G471MET3, STM32G471MET6, STM32G471MEY6TR, STM32G471QCT6, STM32G471QET3, STM32G471RCT6, STM32G471RET3, STM32G471RET6, STM32G471VCH6, STM32G471VCI6, STM32G471VCT6, STM32G471VEH3, STM32G471VEH6, STM32G471VEI3, STM32G471VEI6, STM32G471VET3, STM32G471VET6, STM32G473QET3Z, STM32G473RET3Z, STM32G474CCT6, STM32G491RET3Z, STM32H503CBT6, STM32H503CBU6, STM32H503EBY6TR, STM32H503KBU6, STM32H503RBT6, STM32H523CCT6, STM32H523CCU6, STM32H523CET6, STM32H523CEU6, STM32H523HEY6TR, STM32H523RCT6, STM32H523RET6, STM32H523VCI6, STM32H523VCT6, STM32H523VEI6, STM32H523VET6, STM32H523ZCJ6, STM32H523ZCT6, STM32H523ZEJ6, STM32H523ZET6, STM32H533CET6, STM32H533CEU6, STM32H533HEY6TR, STM32H533RET6, STM32H533VEI6, STM32H533VET6, STM32H533ZEJ6, STM32H533ZET6, STM32H562AGI6, STM32H562AII6, STM32H562IGK6, STM32H562IGT6, STM32H562IIK6, STM32H562IIT6, STM32H562RGT6, STM32H562RGV6, STM32H562RIT6, STM32H562RIV6, STM32H562VGT6, STM32H562VIT6, STM32H562ZGT6, STM32H562ZIT6, STM32H563AGI6, STM32H563AII3Q, STM32H563AII6, STM32H563IGK6, STM32H563IGT6, STM32H563IIK3Q, STM32H563IIK6, STM32H563IIT3Q, STM32H563IIT6, STM32H563MIY3QTR, STM32H563RGT6, STM32H563RGV6, STM32H563RIT6, STM32H563RIV6, STM32H563VGT6, STM32H563VIT3Q, STM32H563VIT6, STM32H563ZGT6, STM32H563ZIT3Q, STM32H563ZIT6, STM32H573AII3Q, STM32H573AII6, STM32H573I-DK, STM32H573IIK3Q, STM32H573IIK6, STM32H573IIT3Q, STM32H573IIT6, STM32H573MIY3QTR, STM32H573RIT6, STM32H573RIV6, STM32H573VIT3Q, STM32H573VIT6, STM32H573ZIT3Q, STM32H573ZIT6, STM32H7R3A8I6, STM32H7R3I8K6, STM32H7R3I8T6, STM32H7R3L8H6, STM32H7R3L8H6H, STM32H7R3R8V6, STM32H7R3V8H6, STM32H7R3V8T6, STM32H7R3V8Y6TR, STM32H7R3Z8J6, STM32H7R3Z8T6, STM32H7R7A8I6, STM32H7R7I8K6, STM32H7R7I8T6, STM32H7R7L8H6, STM32H7R7L8H6H, STM32H7R7Z8J6, STM32H7S3A8I6, STM32H7S3I8K6, STM32H7S3I8T6, STM32H7S3L8H6, STM32H7S3L8H6H, STM32H7S3R8V6, STM32H7S3V8H6, STM32H7S3V8T6, STM32H7S3V8Y6TR, STM32H7S3Z8J6, STM32H7S3Z8T6, STM32H7S78-DK, STM32H7S7A8I6, STM32H7S7I8K6, STM32H7S7I8T6, STM32H7S7L8H6, STM32H7S7L8H6H, STM32H7S7Z8J6, STM32L4R5QGI6STR, STM32MP131AAE3, STM32MP131AAF3, STM32MP131AAG3, STM32MP131CAE3, STM32MP131CAF3, STM32MP131CAG3, STM32MP131DAE7, STM32MP131DAF7, STM32MP131DAG7, STM32MP131FAE7, STM32MP131FAF7, STM32MP131FAG7, STM32MP133AAE3, STM32MP133AAF3, STM32MP133AAG3, STM32MP133CAE3, STM32MP133CAF3, STM32MP133CAG3, STM32MP133DAE7, STM32MP133DAF7, STM32MP133DAG7, STM32MP133FAE7, STM32MP133FAF7, STM32MP133FAG7, STM32MP135AAE3, STM32MP135AAF3, STM32MP135AAG3, STM32MP135CAE3, STM32MP135CAF3, STM32MP135CAG3, STM32MP135DAE7, STM32MP135DAF7, STM32MP135DAG7, STM32MP135F-DK, STM32MP135FAE7, STM32MP135FAF7, STM32MP135FAF7T, STM32MP135FAF7U, STM32MP135FAG7, STM32MP211AAL3, STM32MP211AAM3, STM32MP211AAN3, STM32MP211AAO3, STM32MP211CAL3, STM32MP211CAM3, STM32MP211CAN3, STM32MP211CAO3, STM32MP211DAL3, STM32MP211DAM3, STM32MP211DAN3, STM32MP211DAO3, STM32MP211FAL3, STM32MP211FAM3, STM32MP211FAN3, STM32MP211FAO3, STM32MP213AAL3, STM32MP213AAM3, STM32MP213AAN3, STM32MP213AAO3, STM32MP213CAL3, STM32MP213CAM3, STM32MP213CAN3, STM32MP213CAO3, STM32MP213DAL3, STM32MP213DAM3, STM32MP213DAN3, STM32MP213DAO3, STM32MP213FAL3, STM32MP213FAM3, STM32MP213FAN3, STM32MP213FAO3, STM32MP215AAL3, STM32MP215AAM3, STM32MP215AAN3, STM32MP215AAO3, STM32MP215CAL3, STM32MP215CAM3, STM32MP215CAN3, STM32MP215CAO3, STM32MP215DAL3, STM32MP215DAM3, STM32MP215DAN3, STM32MP215DAO3, STM32MP215F-DK, STM32MP215FAL3, STM32MP215FAM3, STM32MP215FAN3, STM32MP215FAO3, STM32MP231AAJ3, STM32MP231AAK3, STM32MP231AAL3, STM32MP231CAJ3, STM32MP231CAK3, STM32MP231CAL3, STM32MP231DAJ3, STM32MP231DAK3, STM32MP231DAL3, STM32MP231FAJ3, STM32MP231FAK3, STM32MP231FAL3, STM32MP233AAJ3, STM32MP233AAK3, STM32MP233AAL3, STM32MP233CAJ3, STM32MP233CAK3, STM32MP233CAL3, STM32MP233DAJ3, STM32MP233DAK3, STM32MP233DAL3, STM32MP233FAJ3, STM32MP233FAK3, STM32MP233FAL3, STM32MP235AAJ3, STM32MP235AAK3, STM32MP235AAL3, STM32MP235CAJ3, STM32MP235CAK3, STM32MP235CAL3, STM32MP235DAJ3, STM32MP235DAK3, STM32MP235DAL3, STM32MP235FAJ3, STM32MP235FAK3, STM32MP235FAL3, STM32MP251AAI3, STM32MP251AAK3, STM32MP251AAL3, STM32MP251CAI3, STM32MP251CAK3, STM32MP251CAL3, STM32MP251DAI3, STM32MP251DAK3, STM32MP251DAL3, STM32MP251FAI3, STM32MP251FAK3, STM32MP251FAL3, STM32MP253AAI3, STM32MP253AAK3, STM32MP253AAL3, STM32MP253CAI3, STM32MP253CAK3, STM32MP253CAL3, STM32MP253DAI3, STM32MP253DAK3, STM32MP253DAL3, STM32MP253FAI3, STM32MP253FAK3, STM32MP253FAL3, STM32MP255AAI3, STM32MP255AAK3, STM32MP255AAL3, STM32MP255CAI3, STM32MP255CAK3, STM32MP255CAL3, STM32MP255DAI3, STM32MP255DAK3, STM32MP255DAL3, STM32MP255FAI3, STM32MP255FAK3, STM32MP255FAL3, STM32MP257AAI3, STM32MP257AAK3, STM32MP257AAL3, STM32MP257CAI3, STM32MP257CAK3, STM32MP257CAL3, STM32MP257DAI3, STM32MP257DAK3, STM32MP257DAL3, STM32MP257F-DK, STM32MP257F-EV1, STM32MP257FAI3, STM32MP257FAK3, STM32MP257FAL3, STM32N645A0H3Q, STM32N645B0H3Q, STM32N645I0H3Q, STM32N645L0H3Q, STM32N645X0H3Q, STM32N645Z0H3Q, STM32N647A0H3Q, STM32N647B0H3Q, STM32N647I0H3Q, STM32N647L0H3Q, STM32N647X0H3Q, STM32N647Z0H3Q, STM32N655A0H3Q, STM32N655B0H3Q, STM32N655I0H3Q, STM32N655L0H3Q, STM32N655X0H3Q, STM32N655Z0H3Q, STM32N6570-DK, STM32N657A0H3Q, STM32N657B0H3Q, STM32N657I0H3Q, STM32N657L0H3Q, STM32N657X0H3Q, STM32N657Z0H3Q, STM32U031C6T6, STM32U031C6U6, STM32U031C8T6, STM32U031C8U6, STM32U031F4P6, STM32U031F6P6, STM32U031F8P6, STM32U031G6Y6TR, STM32U031G8Y6TR, STM32U031K4U6, STM32U031K6U6, STM32U031K8U6, STM32U031R6I6, STM32U031R6T6, STM32U031R8I6, STM32U031R8T6, STM32U073C8T6, STM32U073C8U6, STM32U073CBT6, STM32U073CBU6, STM32U073CCT6, STM32U073CCU6, STM32U073H8Y6TR, STM32U073HBY6TR, STM32U073HCY6TR, STM32U073K8U6, STM32U073KBU6, STM32U073KCU6, STM32U073M8I6, STM32U073M8T6, STM32U073MBI6, STM32U073MBT6, STM32U073MCI6, STM32U073MCT6, STM32U073R8I6, STM32U073R8T6, STM32U073RBI6, STM32U073RBT6, STM32U073RCI6, STM32U073RCT6, STM32U083C-DK, STM32U083CCT6, STM32U083CCU6, STM32U083HCY6TR, STM32U083KCU6, STM32U083MCI6, STM32U083MCT6, STM32U083RCI6, STM32U083RCT6, STM32U375CET6, STM32U375CET6Q, STM32U375CEU6, STM32U375CEU6Q, STM32U375CEY6QTR, STM32U375CGT6, STM32U375CGT6Q, STM32U375CGU6, STM32U375CGU6Q, STM32U375CGY6QTR, STM32U375KEU6, STM32U375KGU6, STM32U375REI6, STM32U375REI6Q, STM32U375RET6, STM32U375RET6Q, STM32U375REY6GTR, STM32U375REY6QTR, STM32U375RGI6, STM32U375RGI6Q, STM32U375RGT6, STM32U375RGT6Q, STM32U375RGY6GTR, STM32U375RGY6QTR, STM32U375VEI6, STM32U375VEI6Q, STM32U375VET6, STM32U375VET6Q, STM32U375VGI6, STM32U375VGI6Q, STM32U375VGT6, STM32U375VGT6Q, STM32U385CGT6, STM32U385CGT6Q, STM32U385CGU6, STM32U385CGU6Q, STM32U385CGY6QTR, STM32U385KGU6, STM32U385RGI6, STM32U385RGI6Q, STM32U385RGT6, STM32U385RGT6Q, STM32U385RGY6GTR, STM32U385RGY6QTR, STM32U385VGI6, STM32U385VGI6Q, STM32U385VGT6, STM32U385VGT6Q, STM32U535CBT6, STM32U535CBT6Q, STM32U535CBU6, STM32U535CBU6Q, STM32U535CCT6, STM32U535CCT6Q, STM32U535CCU6, STM32U535CCU6Q, STM32U535CET6, STM32U535CET6Q, STM32U535CEU6, STM32U535CEU6Q, STM32U535JEY6QTR, STM32U535NCY6QTR, STM32U535NEY6QTR, STM32U535RBI6, STM32U535RBI6Q, STM32U535RBT6, STM32U535RBT6Q, STM32U535RCI6, STM32U535RCI6Q, STM32U535RCT6, STM32U535RCT6Q, STM32U535REI6, STM32U535REI6Q, STM32U535RET6, STM32U535RET6Q, STM32U535VCI6, STM32U535VCI6Q, STM32U535VCT6, STM32U535VCT6Q, STM32U535VEI6, STM32U535VEI6Q, STM32U535VET6, STM32U535VET6Q, STM32U545CET6, STM32U545CET6Q, STM32U545CEU6, STM32U545CEU6Q, STM32U545JEY6QTR, STM32U545NEY6QTR, STM32U545REI6, STM32U545REI6Q, STM32U545RET6, STM32U545RET6Q, STM32U545VEI6, STM32U545VEI6Q, STM32U545VET6, STM32U545VET6Q, STM32U595AIH6, STM32U595AIH6Q, STM32U595AJH6, STM32U595AJH6Q, STM32U595QII6, STM32U595QII6Q, STM32U595QJI6, STM32U595QJI6Q, STM32U595RIT6, STM32U595RIT6Q, STM32U595RJT6, STM32U595RJT6Q, STM32U595VIT6, STM32U595VIT6Q, STM32U595VJT6, STM32U595VJT6Q, STM32U595ZIT6, STM32U595ZIT6Q, STM32U595ZIY6QTR, STM32U595ZJT6, STM32U595ZJT6Q, STM32U595ZJY6QTR, STM32U599BJY6QTR, STM32U599NIH6Q, STM32U599NJH6Q, STM32U599VIT6Q, STM32U599VJT6, STM32U599VJT6Q, STM32U599ZIT6Q, STM32U599ZIY6QTR, STM32U599ZJT6Q, STM32U599ZJY6QTR, STM32U5A5AJH6, STM32U5A5AJH6Q, STM32U5A5QII3Q , STM32U5A5QJI6, STM32U5A5QJI6Q, STM32U5A5RJT6, STM32U5A5RJT6Q, STM32U5A5VJT6, STM32U5A5VJT6Q, STM32U5A5ZJT6, STM32U5A5ZJT6Q, STM32U5A5ZJY6QTR, STM32U5A9BJY6QTR, STM32U5A9J-DK, STM32U5A9NJH6Q, STM32U5A9VJT6Q, STM32U5A9ZJT6Q, STM32U5A9ZJY6QTR, STM32U5F7VIT6, STM32U5F7VIT6Q, STM32U5F7VJT6, STM32U5F7VJT6Q, STM32U5F9BJY6QTR, STM32U5F9NJH6Q, STM32U5F9VIT6Q, STM32U5F9VJT6Q, STM32U5F9ZIJ6QTR, STM32U5F9ZIT6Q, STM32U5F9ZJJ6QTR, STM32U5F9ZJT6Q, STM32U5G7VJT6, STM32U5G7VJT6Q, STM32U5G9BJY6QTR, STM32U5G9J-DK1, STM32U5G9J-DK2, STM32U5G9NJH6Q, STM32U5G9VJT6Q, STM32U5G9ZJJ6QTR, STM32U5G9ZJT6Q, STM32WB05KZV6TR, STM32WB05KZV7TR, STM32WB05TZF6TR, STM32WB05TZF7TR, STM32WB06CCF6TR, STM32WB06CCF7TR, STM32WB06CCV6TR, STM32WB06CCV7TR, STM32WB06KCV6TR, STM32WB06KCV7TR, STM32WB07CCF6TR, STM32WB07CCF7TR, STM32WB07CCV6TR, STM32WB07CCV7TR, STM32WB07KCV6TR, STM32WB07KCV7TR, STM32WB09KEV6TR, STM32WB09KEV7TR, STM32WB09TEF6TR, STM32WB09TEF7TR, STM32WB1MMCH6, STM32WBA50KGU6, STM32WBA50KGU6TR, STM32WBA52CEU6, STM32WBA52CEU6TR, STM32WBA52CEU7, STM32WBA52CEU7TR, STM32WBA52CGU6, STM32WBA52CGU6TR, STM32WBA52CGU6U, STM32WBA52CGU7, STM32WBA52CGU7TR, STM32WBA52KEU6, STM32WBA52KEU6TR, STM32WBA52KGU6, STM32WBA52KGU6TR, STM32WBA54CEU6, STM32WBA54CEU6TR, STM32WBA54CEU7, STM32WBA54CEU7TR, STM32WBA54CGU6, STM32WBA54CGU6TR, STM32WBA54CGU7, STM32WBA54CGU7TR, STM32WBA54KEU6, STM32WBA54KEU6TR, STM32WBA54KEU7, STM32WBA54KEU7TR, STM32WBA54KGU6, STM32WBA54KGU6TR, STM32WBA54KGU7, STM32WBA54KGU7TR, STM32WBA55CEU6, STM32WBA55CEU6TR, STM32WBA55CEU7, STM32WBA55CEU7TR, STM32WBA55CGU6, STM32WBA55CGU6TR, STM32WBA55CGU6U, STM32WBA55CGU7, STM32WBA55CGU7TR, STM32WBA55G-DK1, STM32WBA55HEF6, STM32WBA55HEF7, STM32WBA55HGF6, STM32WBA55HGF7, STM32WBA55UEI6, STM32WBA55UEI6TR, STM32WBA55UEI7, STM32WBA55UEI7TR, STM32WBA55UGI6, STM32WBA55UGI6TR, STM32WBA55UGI7, STM32WBA55UGI7TR, STM32WBA5MMGH6TR, STM32WBA62MGF6, STM32WBA62MIF6, STM32WBA65MGF7, STM32WBA65MIF6, STM32WBA65MIF7, STM32WL30K8V6, STM32WL30KBV6, STM32WL31C8V6, STM32WL31CBV6, STM32WL31K8V6, STM32WL31KBV6, STM32WL33C8V6, STM32WL33C8V6X, STM32WL33CBV6, STM32WL33CBV6X, STM32WL33CCV6, STM32WL33CCV6A, STM32WL33CCV6X, STM32WL33K8V7, STM32WL33K8V7X, STM32WL33KBV7 , STM32WL33KBV7X, STM32WL33KCV7, STM32WL33KCV7X, STM32WL5MOCH6, STM32WL5MOCH6TR]
2026-03-31 13:24:37,921 [INFO] BoardInfo:889 - No configuration file found for board NUCLEO-H5E5ZJ
2026-03-31 13:24:37,922 [INFO] DbBoards:161 - Board is not supported: NUCLEO-H5E5ZJ
2026-03-31 13:24:37,968 [INFO] BoardInfo:889 - No configuration file found for board NUCLEO-U3C5ZI-Q
2026-03-31 13:24:37,968 [INFO] DbBoards:161 - Board is not supported: NUCLEO-U3C5ZI-Q
2026-03-31 13:24:37,981 [INFO] BoardInfo:889 - No configuration file found for board NUCLEO-WBA25CE1
2026-03-31 13:24:37,982 [INFO] DbBoards:161 - Board is not supported: NUCLEO-WBA25CE1
2026-03-31 13:24:37,987 [INFO] BoardInfo:889 - No configuration file found for board NUCLEO-WL3RKB1
2026-03-31 13:24:37,988 [INFO] DbBoards:161 - Board is not supported: NUCLEO-WL3RKB1
2026-03-31 13:24:37,989 [INFO] BoardInfo:889 - No configuration file found for board NUCLEO-WL3RKB2
2026-03-31 13:24:37,989 [INFO] DbBoards:161 - Board is not supported: NUCLEO-WL3RKB2
2026-03-31 13:24:37,993 [INFO] BoardInfo:889 - No configuration file found for board P-NUCLEO-WB55
2026-03-31 13:24:37,993 [INFO] DbBoards:161 - Kit is not supported: P-NUCLEO-WB55
2026-03-31 13:24:37,997 [INFO] BoardInfo:889 - No configuration file found for board STEVAL-BFA001V1B
2026-03-31 13:24:37,997 [INFO] DbBoards:161 - Kit is not supported: STEVAL-BFA001V1B
2026-03-31 13:24:37,998 [INFO] BoardInfo:889 - No configuration file found for board STEVAL-BFA001V2B
2026-03-31 13:24:37,998 [INFO] DbBoards:161 - Kit is not supported: STEVAL-BFA001V2B
2026-03-31 13:24:38,047 [INFO] BoardInfo:889 - No configuration file found for board STM32H5F5J-DK
2026-03-31 13:24:38,047 [INFO] DbBoards:161 - Board is not supported: STM32H5F5J-DK
2026-03-31 13:24:38,085 [INFO] DbBoards:168 - Found 218 boards, 209 are supported
2026-03-31 13:24:38,085 [INFO] DbBoards:169 - Found 218 boards, 43 of them is supported for  Bsp
2026-03-31 13:24:38,094 [INFO] ApiDb:423 - Load user favorites file /home/sunbeam/.stm32cubeide/favorites.boards.txt: 1 item(s)
2026-03-31 13:24:38,094 [INFO] ApiDb:427 - User favorites Boards=[STM32F407G-DISC1]
2026-03-31 13:24:38,094 [INFO] DbBoards:198 - Set 1 / 1 favorites Boards
2026-03-31 13:24:38,095 [INFO] McuFinderGlobals:76 - Set McuFinderConnectedMode to true
2026-03-31 13:24:38,102 [INFO] MultiScanPanel:200 - Auto-refresh data requested => check proxy status ongoing
2026-03-31 13:24:38,104 [INFO] FinderPluginLoader:96 - Searching for filters in installed packs
2026-03-31 13:24:39,448 [INFO] LoadUrlFilesThread:185 - End of LoadServerUrlFiles without Thread
2026-03-31 13:24:39,460 [INFO] DetailPanel:341 - Set advertising image to /home/sunbeam/STM32Cube/Repository//en.prom-stm32c5-0326.jpg
2026-03-31 13:24:42,271 [INFO] MultiScanPanel:200 - Auto-refresh data requested => check proxy status ongoing
2026-03-31 13:24:42,393 [INFO] LoadUrlFilesThread:185 - End of LoadServerUrlFiles without Thread
2026-03-31 13:24:42,394 [INFO] DetailPanel:341 - Set advertising image to /home/sunbeam/STM32Cube/Repository//en.prom-stm32c5-0326.jpg
2026-03-31 13:24:42,405 [INFO] DbBoards:642 - Loading board mini-images...
2026-03-31 13:24:44,547 [INFO] DbBoards:665 - Loaded 218 board mini-images
2026-03-31 13:26:28,047 [INFO] MainUpdater:2872 - connection check result : 10
2026-03-31 13:26:28,047 [INFO] MainUpdater:2872 - connection check result : 10
2026-03-31 13:26:28,061 [INFO] MicroXplorer:468 - Change Database Path : 
2026-03-31 13:26:28,062 [INFO] MicroXplorer:498 - Change Database Version : DB.6.0.150
2026-03-31 13:26:28,067 [WARN] ThirdParty:871 - waiting for thirdparty lock release [close project]
2026-03-31 13:26:28,067 [INFO] ThirdParty:873 - entering critical section [close project]
2026-03-31 13:26:28,069 [INFO] ThirdParty:883 - exiting critical section [close project]
2026-03-31 13:26:28,073 [INFO] PinOutPanel:1589 - setPackage(No Configuration,No Configuration)
2026-03-31 13:26:28,074 [INFO] UtilMem:75 - Begin LoadConfig() Used Memory: 328621112 Bytes (706740224)
2026-03-31 13:26:28,080 [INFO] OpenFileManager:355 - Change cursor
2026-03-31 13:26:28,134 [INFO] ProjectFactory:514 - No CPN specified for board STM32F407G-DISC1 => set CPN to STM32F407VGT6
2026-03-31 13:26:28,135 [INFO] Mcu:2029 - Initializing MCU STM32F407V(E-G)Tx STM32F407VGTx STM32F407VGT6
2026-03-31 13:26:29,387 [INFO] Context:786 - Trying to add GPIOservice into a context  which must be forbidden
2026-03-31 13:26:29,950 [INFO] Rule:233 - rule 117617 - U5Cobra4M][GTZC] default value MPCBB3 and MPCBB5 - Not Secured memory - MPCBB1 is applicable
2026-03-31 13:26:29,950 [INFO] Rule:233 - rule 117617 - U5Cobra4M][GTZC] default value MPCBB3 and MPCBB5 - Not Secured memory - MPCBB1 is applicable
2026-03-31 13:26:29,950 [INFO] Rule:233 - rule 117617 - U5Cobra4M][GTZC] default value MPCBB3 and MPCBB5 - Not Secured memory - MPCBB2 is applicable
2026-03-31 13:26:29,950 [INFO] Rule:233 - rule 117617 - U5Cobra4M][GTZC] default value MPCBB3 and MPCBB5 - Not Secured memory - MPCBB2 is applicable
2026-03-31 13:26:29,950 [INFO] Rule:233 - rule 117617 - U5Cobra4M][GTZC] default value MPCBB3 and MPCBB5 - Not Secured memory - MPCBB3 is applicable
2026-03-31 13:26:29,950 [INFO] Rule:233 - rule 117617 - U5Cobra4M][GTZC] default value MPCBB3 and MPCBB5 - Not Secured memory - MPCBB3 is applicable
2026-03-31 13:26:29,950 [INFO] Rule:233 - rule 117617 - U5Cobra4M][GTZC] default value MPCBB3 and MPCBB5 - Not Secured memory - MPCBB4 is applicable
2026-03-31 13:26:29,950 [INFO] Rule:233 - rule 117617 - U5Cobra4M][GTZC] default value MPCBB3 and MPCBB5 - Not Secured memory - MPCBB4 is applicable
2026-03-31 13:26:29,951 [INFO] Rule:233 - rule 117617 - U5Cobra4M][GTZC] default value MPCBB3 and MPCBB5 - Secured memory - MPCBB1 is applicable
2026-03-31 13:26:29,951 [INFO] Rule:233 - rule 117617 - U5Cobra4M][GTZC] default value MPCBB3 and MPCBB5 - Secured memory - MPCBB2 is applicable
2026-03-31 13:26:29,951 [INFO] Rule:233 - rule 117617 - U5Cobra4M][GTZC] default value MPCBB3 and MPCBB5 - Secured memory - MPCBB3 is applicable
2026-03-31 13:26:29,951 [INFO] Rule:233 - rule 117617 - U5Cobra4M][GTZC] default value MPCBB3 and MPCBB5 - Secured memory - MPCBB4 is applicable
2026-03-31 13:26:29,951 [INFO] Rule:233 - rule 117617 - U5Cobra4M][GTZC] default value MPCBB3 and MPCBB5 - Privileged memory - MPCBB1 is applicable
2026-03-31 13:26:29,951 [INFO] Rule:233 - rule 117617 - U5Cobra4M][GTZC] default value MPCBB3 and MPCBB5 - Privileged memory - MPCBB2 is applicable
2026-03-31 13:26:29,951 [INFO] Rule:233 - rule 117617 - U5Cobra4M][GTZC] default value MPCBB3 and MPCBB5 - Privileged memory - MPCBB3 is applicable
2026-03-31 13:26:29,951 [INFO] Rule:233 - rule 117617 - U5Cobra4M][GTZC] default value MPCBB3 and MPCBB5 - Privileged memory - MPCBB4 is applicable
2026-03-31 13:26:29,951 [INFO] Rule:233 - rule 117617 - U5Cobra4M][GTZC] default value MPCBB3 and MPCBB5 - Not Privileged memory - MPCBB1 is applicable
2026-03-31 13:26:29,951 [INFO] Rule:233 - rule 117617 - U5Cobra4M][GTZC] default value MPCBB3 and MPCBB5 - Not Privileged memory - MPCBB2 is applicable
2026-03-31 13:26:29,951 [INFO] Rule:233 - rule 117617 - U5Cobra4M][GTZC] default value MPCBB3 and MPCBB5 - Not Privileged memory - MPCBB3 is applicable
2026-03-31 13:26:29,951 [INFO] Rule:233 - rule 117617 - U5Cobra4M][GTZC] default value MPCBB3 and MPCBB5 - Not Privileged memory - MPCBB4 is applicable
2026-03-31 13:26:29,951 [INFO] Rule:233 - rule 117617 - U5Cobra4M][GTZC] default value MPCBB3 and MPCBB5 - Privileged memory - MPCBB1 is applicable
2026-03-31 13:26:29,951 [INFO] Rule:233 - rule 117617 - U5Cobra4M][GTZC] default value MPCBB3 and MPCBB5 - Privileged memory - MPCBB2 is applicable
2026-03-31 13:26:29,951 [INFO] Rule:233 - rule 117617 - U5Cobra4M][GTZC] default value MPCBB3 and MPCBB5 - Privileged memory - MPCBB3 is applicable
2026-03-31 13:26:29,951 [INFO] Rule:233 - rule 117617 - U5Cobra4M][GTZC] default value MPCBB3 and MPCBB5 - Privileged memory - MPCBB4 is applicable
2026-03-31 13:26:29,951 [INFO] Rule:233 - rule 117617 - U5Cobra4M][GTZC] default value MPCBB3 and MPCBB5 - Privileged memory - MPCBB1 is applicable
2026-03-31 13:26:29,951 [INFO] Rule:233 - rule 117617 - U5Cobra4M][GTZC] default value MPCBB3 and MPCBB5 - Privileged memory - MPCBB2 is applicable
2026-03-31 13:26:29,951 [INFO] Rule:233 - rule 117617 - U5Cobra4M][GTZC] default value MPCBB3 and MPCBB5 - Privileged memory - MPCBB3 is applicable
2026-03-31 13:26:29,951 [INFO] Rule:233 - rule 117617 - U5Cobra4M][GTZC] default value MPCBB3 and MPCBB5 - Privileged memory - MPCBB4 is applicable
2026-03-31 13:26:29,952 [INFO] Rule:233 - rule 117617 - U5Cobra4M][GTZC] default value MPCBB3 and MPCBB5 - Not Privileged memory - MPCBB1 is applicable
2026-03-31 13:26:29,952 [INFO] Rule:233 - rule 117617 - U5Cobra4M][GTZC] default value MPCBB3 and MPCBB5 - Not Privileged memory - MPCBB2 is applicable
2026-03-31 13:26:29,952 [INFO] Rule:233 - rule 117617 - U5Cobra4M][GTZC] default value MPCBB3 and MPCBB5 - Not Privileged memory - MPCBB3 is applicable
2026-03-31 13:26:29,952 [INFO] Rule:233 - rule 117617 - U5Cobra4M][GTZC] default value MPCBB3 and MPCBB5 - Not Privileged memory - MPCBB4 is applicable
2026-03-31 13:26:29,952 [INFO] Rule:233 - rule 117617 - U5Cobra4M][GTZC] default value MPCBB3 and MPCBB5 - Privileged memory - MPCBB1 is applicable
2026-03-31 13:26:29,952 [INFO] Rule:233 - rule 117617 - U5Cobra4M][GTZC] default value MPCBB3 and MPCBB5 - Privileged memory - MPCBB2 is applicable
2026-03-31 13:26:29,952 [INFO] Rule:233 - rule 117617 - U5Cobra4M][GTZC] default value MPCBB3 and MPCBB5 - Privileged memory - MPCBB3 is applicable
2026-03-31 13:26:29,952 [INFO] Rule:233 - rule 117617 - U5Cobra4M][GTZC] default value MPCBB3 and MPCBB5 - Privileged memory - MPCBB4 is applicable
2026-03-31 13:26:29,952 [INFO] Rule:233 - rule Rename SubGHz_Phy SUBGHZ_APPLICATION SUBGHZ_PINGPONG to SUBGHZ_ADV_APPLICATION is applicable
2026-03-31 13:26:29,952 [INFO] Rule:233 - rule Rename Enabled to IBEACON is applicable
2026-03-31 13:26:29,952 [INFO] Rule:233 - rule GTZC_S instance for project manager is applicable
2026-03-31 13:26:29,952 [INFO] Rule:233 - rule GTZC_S instance for context M33S is applicable
2026-03-31 13:26:29,952 [INFO] Rule:233 - rule GTZC_S instance value for IP GTZC is applicable
2026-03-31 13:26:29,952 [INFO] Rule:233 - rule GTZC_S instance for mcu.IP is applicable
2026-03-31 13:26:29,952 [INFO] Rule:233 - rule GTZC_S instance for VP is applicable
2026-03-31 13:26:29,952 [INFO] Rule:233 - rule GTZC_S instance for signal is applicable
2026-03-31 13:26:29,952 [INFO] Rule:233 - rule GTZC_S instance for mcu.Pin is applicable
2026-03-31 13:26:29,952 [INFO] Rule:233 - rule GTZC_S instance for VP is applicable
2026-03-31 13:26:29,953 [INFO] Rule:233 - rule GTZC_S instance for signal is applicable
2026-03-31 13:26:29,953 [INFO] Rule:233 - rule GTZC_S instance for mcu is applicable
2026-03-31 13:26:29,953 [INFO] Rule:233 - rule GTZC_S instance for mcu.Pin is applicable
2026-03-31 13:26:29,953 [INFO] Rule:233 - rule GTZC_S instance value for IP GTZC is applicable
2026-03-31 13:26:29,953 [INFO] Rule:233 - rule GTZC_S instance for project manager is applicable
2026-03-31 13:26:29,953 [INFO] Rule:233 - rule GTZC_S instance for context M33S is applicable
2026-03-31 13:26:29,953 [INFO] Rule:233 - rule GTZC_S instance for VP is applicable
2026-03-31 13:26:29,953 [INFO] Rule:233 - rule GTZC_S instance for signal is applicable
2026-03-31 13:26:29,953 [INFO] Rule:233 - rule SPDIFRX instance for mcu is applicable
2026-03-31 13:26:29,953 [INFO] Rule:233 - rule Rename Tracer Mode is applicable
2026-03-31 13:26:29,953 [INFO] Rule:233 - rule SPDIFRX instance value for IP SPDIFRX is applicable
2026-03-31 13:26:29,953 [INFO] Rule:233 - rule SPDIFRX instance for signal is applicable
2026-03-31 13:26:29,953 [INFO] Rule:233 - rule SPDIFRX instance for project manager is applicable
2026-03-31 13:26:29,953 [INFO] Rule:233 - rule SPDIFRX instance for project manager is applicable
2026-03-31 13:26:29,953 [INFO] Rule:233 - rule ADC Scan  fix with FW F7 is applicable
2026-03-31 13:26:29,954 [INFO] Rule:233 - rule ADC Scan  fix with FW F7 is applicable
2026-03-31 13:26:29,954 [INFO] Rule:233 - rule WakeUp0 Mode is applicable
2026-03-31 13:26:29,954 [INFO] Rule:233 - rule WakeUp0 SIGNAL is applicable
2026-03-31 13:26:29,954 [INFO] Rule:233 - rule WakeUp1 Mode is applicable
2026-03-31 13:26:29,954 [INFO] Rule:233 - rule WakeUp1 SIGNAL is applicable
2026-03-31 13:26:29,954 [INFO] Rule:233 - rule WakeUp2 Mode is applicable
2026-03-31 13:26:29,954 [INFO] Rule:233 - rule WakeUp2 SIGNAL is applicable
2026-03-31 13:26:29,954 [INFO] Rule:233 - rule WakeUp4 Mode is applicable
2026-03-31 13:26:29,954 [INFO] Rule:233 - rule WakeUp4 SIGNAL is applicable
2026-03-31 13:26:29,954 [INFO] Rule:233 - rule WakeUp5 Mode is applicable
2026-03-31 13:26:29,954 [INFO] Rule:233 - rule WakeUp5 SIGNAL is applicable
2026-03-31 13:26:29,954 [INFO] Rule:233 - rule UART/USART WORD LENGTH 7 is applicable
2026-03-31 13:26:29,954 [INFO] Rule:233 - rule UART/USART WORD LENGTH 8 is applicable
2026-03-31 13:26:29,954 [INFO] Rule:233 - rule UART/USART WORD LENGTH 9 is applicable
2026-03-31 13:26:29,955 [INFO] Rule:233 - rule Change Default Value for LSE Drive Capability for WB family is applicable
2026-03-31 13:26:29,955 [INFO] Rule:233 - rule Change Default Value for ADC Clock Prescaler G0 family is applicable
2026-03-31 13:26:29,955 [INFO] Rule:233 - rule ADC SamplingTime fix with FW L0  is applicable
2026-03-31 13:26:29,955 [INFO] Rule:233 - rule ADC SamplingTime fix with FW L0  is applicable
2026-03-31 13:26:29,955 [INFO] Rule:233 - rule ADC SamplingTime fix with FW L0 is applicable
2026-03-31 13:26:29,955 [INFO] Rule:233 - rule ADC SamplingTime fix with FW L0 is applicable
2026-03-31 13:26:29,955 [INFO] Rule:233 - rule ADC SamplingTime fix with FW L0  is applicable
2026-03-31 13:26:29,955 [INFO] Rule:233 - rule ADC SamplingTime fix with FW L0 is applicable
2026-03-31 13:26:29,955 [INFO] Rule:233 - rule Rename USB_OE Signal is applicable
2026-03-31 13:26:29,955 [INFO] Rule:233 - rule Rename Activate_OE Mode is applicable
2026-03-31 13:26:29,955 [INFO] Rule:233 - rule Rename DIE462/DIE415 pin PC14/OSC32_IN -> PC14-OSC32_IN (PC14) is applicable
2026-03-31 13:26:29,955 [INFO] Rule:233 - rule Rename DIE462/DIE415 pin PC15/OSC32_OUT -> PC15-OSC32_OUT (PC15) is applicable
2026-03-31 13:26:29,955 [INFO] Rule:233 - rule Rename DIE462/DIE415 pin PH0/OSC_IN -> PH0-OSC_IN (PH0) is applicable
2026-03-31 13:26:29,956 [INFO] Rule:233 - rule Rename DIE462/DIE415 pin PH1/OSC_OUT -> PH1-OSC_OUT (PH1) is applicable
2026-03-31 13:26:29,956 [INFO] Rule:233 - rule Rename DIE462 pin PA13 -> PA13 (JTMS/SWDIO) is applicable
2026-03-31 13:26:29,956 [INFO] Rule:233 - rule Rename DIE415 pin PA13 -> PA13 (JTMS/SWDIO) is applicable
2026-03-31 13:26:29,956 [INFO] Rule:233 - rule Rename DIE462 pin PA14 -> PA14 (JTCK/SWCLK) is applicable
2026-03-31 13:26:29,956 [INFO] Rule:233 - rule Rename DIE415 pin PA14 -> PA14 (JTCK/SWCLK) is applicable
2026-03-31 13:26:29,956 [INFO] Rule:233 - rule Rename DIE462/DIE415 pin PA15 -> PA15 (JTDI) is applicable
2026-03-31 13:26:29,956 [INFO] Rule:233 - rule Rename DIE462 pin PB3 -> PB3 (JTD0/TRACESWO) is applicable
2026-03-31 13:26:29,956 [INFO] Rule:233 - rule Rename DIE415 pin PB3 -> PB3 (JTD0-TRACESWO) is applicable
2026-03-31 13:26:29,956 [INFO] Rule:233 - rule Rename DIE462/DIE415 pin PB4 -> PB4 (NJTRST) is applicable
2026-03-31 13:26:29,956 [INFO] Rule:233 - rule Rename DIE462 pin PH3/BOOT0 -> PH3-BOOT0 (BOOT0) is applicable
2026-03-31 13:26:29,956 [INFO] Rule:233 - rule Rename CRYP DataEncryptionTypesList to Algorithm is applicable
2026-03-31 13:26:29,956 [INFO] Rule:233 - rule Rename AES DataEncryptionTypesList to Algorithm is applicable
2026-03-31 13:26:29,956 [INFO] Rule:233 - rule Rename TDESECB to CRYP_TDES_ECB is applicable
2026-03-31 13:26:29,956 [INFO] Rule:233 - rule Rename TDESCBC to CRYP_TDES_CBC is applicable
2026-03-31 13:26:29,956 [INFO] Rule:233 - rule Rename DESECB to CRYP_DES_ECB is applicable
2026-03-31 13:26:29,956 [INFO] Rule:233 - rule Rename DESCBC to CRYP_DES_CBC is applicable
2026-03-31 13:26:29,956 [INFO] Rule:233 - rule Rename AESECB to CRYP_AES_ECB is applicable
2026-03-31 13:26:29,956 [INFO] Rule:233 - rule Rename AESCBC to CRYP_AES_CBC is applicable
2026-03-31 13:26:29,956 [INFO] Rule:233 - rule Rename AESCTR to CRYP_AES_CTR is applicable
2026-03-31 13:26:29,956 [INFO] Rule:233 - rule Rename AESGCM to CRYP_AES_GCM is applicable
2026-03-31 13:26:29,956 [INFO] Rule:233 - rule Rename AESCCM to CRYP_AES_CCM is applicable
2026-03-31 13:26:29,957 [INFO] Rule:233 - rule Rename CAN TimeSeg1 to BS1 is applicable
2026-03-31 13:26:29,957 [INFO] Rule:233 - rule Rename CAN TimeSeg2 to BS2 is applicable
2026-03-31 13:26:29,957 [INFO] Rule:233 - rule Rename CAN SyncJumpWidth to SJW is applicable
2026-03-31 13:26:29,957 [INFO] Rule:233 - rule TimeTriggeredMode to TTCM is applicable
2026-03-31 13:26:29,957 [INFO] Rule:233 - rule Rename CAN AutoBusOff to ABOM is applicable
2026-03-31 13:26:29,957 [INFO] Rule:233 - rule Rename CAN AutoWakeUp to AWUM is applicable
2026-03-31 13:26:29,957 [INFO] Rule:233 - rule Rename CAN AutoRetransmission to NART is applicable
2026-03-31 13:26:29,957 [INFO] Rule:233 - rule Rename CAN ReceiveFifoLocked to RFLM is applicable
2026-03-31 13:26:29,957 [INFO] Rule:233 - rule Rename CAN TransmitFifoPriority to TXFP is applicable
2026-03-31 13:26:29,957 [INFO] Rule:233 - rule Rename HRTIMER HRTIM_OUTPUTFAULTLEVEL_HIGH in HRTIMER HRTIM_OUTPUTFAULTLEVEL_HIGHZ is applicable
2026-03-31 13:26:29,957 [INFO] Rule:233 - rule Rename TIMER TIM_CLEARINPUTSOURCE_OCREFCLR in  TIMER TIM_CLEARINPUTSOURCE_NONE for F7 family is applicable
2026-03-31 13:26:29,957 [INFO] Rule:233 - rule FDCAN_R1 - Rename FDCAN mode Master into Classic is applicable
2026-03-31 13:26:29,957 [INFO] Rule:233 - rule FDCAN_R2 - Rename FDCAN mode Slave into Classic is applicable
2026-03-31 13:26:29,957 [INFO] Rule:233 - rule FDCAN1_R3 - if PA10.Mode=FullDuplex, add Pin PA12 is applicable
2026-03-31 13:26:29,958 [INFO] Rule:233 - rule FDCAN1_R3 - if PA9.Mode=FullDuplex, add Pin PA11 is applicable
2026-03-31 13:26:29,958 [INFO] Rule:233 - rule FDCAN1_R3 - Alternatepin_1 - if PE1.Mode=FullDuplex, add Pin PB9 is applicable
2026-03-31 13:26:29,958 [INFO] Rule:233 - rule FDCAN1_R3 - Alternatepin_1 - if PE0.Mode=FullDuplex, add Pin PB8 is applicable
2026-03-31 13:26:29,958 [INFO] Rule:233 - rule FDCAN1_R3 - Alternatepin_2 - if PD5.Mode=FullDuplex, add Pin PD1 is applicable
2026-03-31 13:26:29,958 [INFO] Rule:233 - rule FDCAN1_R3 - Alternatepin_2 - if PD4.Mode=FullDuplex, add Pin PD0 is applicable
2026-03-31 13:26:29,958 [INFO] Rule:233 - rule FDCAN1_R4 - Rename Mode FullDuplex into Enable FDCAN_TXFD for pin PA10 is applicable
2026-03-31 13:26:29,958 [INFO] Rule:233 - rule FDCAN1_R4 - Rename Mode FullDuplex into Enable FDCAN_TXFD for pin PA9 is applicable
2026-03-31 13:26:29,958 [INFO] Rule:233 - rule FDCAN1_R4 - Alternatepin_1 - Rename Mode FullDuplex into Enable FDCAN_TXFD for pin PE1 is applicable
2026-03-31 13:26:29,958 [INFO] Rule:233 - rule FDCAN1_R4 - Alternatepin_1 - Rename Mode FullDuplex into Enable FDCAN_TXFD for pin PE0 is applicable
2026-03-31 13:26:29,958 [INFO] Rule:233 - rule FDCAN1_R4 - Alternatepin_2 - Rename Mode FullDuplex into Enable FDCAN_TXFD for pin PD5 is applicable
2026-03-31 13:26:29,958 [INFO] Rule:233 - rule FDCAN1_R4 - Alternatepin_2 - Rename Mode FullDuplex into Enable FDCAN_TXFD for pin PD4 is applicable
2026-03-31 13:26:29,958 [INFO] Rule:233 - rule FDCAN2_R3 - if PD10.Mode=FullDuplex, add Pin PB13 is applicable
2026-03-31 13:26:29,958 [INFO] Rule:233 - rule FDCAN2_R3 - if PD9.Mode=FullDuplex, add Pin PB12 is applicable
2026-03-31 13:26:29,958 [INFO] Rule:233 - rule FDCAN2_R3 - Alternatepin_1 - if PB7.Mode=FullDuplex, add Pin PB6 is applicable
2026-03-31 13:26:29,958 [INFO] Rule:233 - rule FDCAN2_R3 - Alternatepin_1 - if PD9.Mode=FullDuplex, add Pin PB12 is applicable
2026-03-31 13:26:29,958 [INFO] Rule:233 - rule FDCAN2_R4 - Rename Mode FullDuplex into Enable FDCAN_TXFD for pin PD10 is applicable
2026-03-31 13:26:29,959 [INFO] Rule:233 - rule FDCAN2_R4 - Rename Mode FullDuplex into Enable FDCAN_TXFD for pin PD9 is applicable
2026-03-31 13:26:29,959 [INFO] Rule:233 - rule FDCAN2_R4 - Alternatepin_1 - Rename Mode FullDuplex into Enable FDCAN_TXFD for pin PB7 is applicable
2026-03-31 13:26:29,959 [INFO] Rule:233 - rule FDCAN2_R4 - Alternatepin_1 - Rename Mode FullDuplex into Enable FDCAN_TXFD for pin PD6 is applicable
2026-03-31 13:26:29,959 [INFO] Rule:233 - rule USART TxPinLevelInvertParam Mode is applicable
2026-03-31 13:26:29,959 [INFO] Rule:233 - rule USART RxPinLevelInvertParam Mode is applicable
2026-03-31 13:26:29,959 [INFO] Rule:233 - rule USART DataInvertParam Mode is applicable
2026-03-31 13:26:29,959 [INFO] Rule:233 - rule USART SwapParam Mode is applicable
2026-03-31 13:26:29,959 [INFO] Rule:233 - rule USART OverrunDisableParam Mode is applicable
2026-03-31 13:26:29,959 [INFO] Rule:233 - rule USART DMADisableonRxErrorParam Mode is applicable
2026-03-31 13:26:29,959 [INFO] Rule:233 - rule USART MSBFirstParam Mode is applicable
2026-03-31 13:26:29,959 [INFO] Rule:233 - rule Update MwName for USB_DEVICE is applicable
2026-03-31 13:26:29,959 [INFO] Rule:233 - rule Change PWR_Regulator_Voltage_Scale Default Value for RCC  H7 family is applicable
2026-03-31 13:26:29,959 [INFO] Rule:233 - rule UART/USART IPParameter rename Prescaler parameter to ClockPrescaler is applicable
2026-03-31 13:26:29,959 [INFO] Rule:233 - rule UART/USART Prescaler rename Prescaler parameter to ClockPrescaler is applicable
2026-03-31 13:26:29,959 [INFO] Rule:233 - rule TIM1CLockSelection is applicable
2026-03-31 13:26:29,959 [INFO] Rule:233 - rule TIM15CLockSelection is applicable
2026-03-31 13:26:29,959 [INFO] Rule:233 - rule align RCC SDMMC3CLockSelection default value on MP1 is applicable
2026-03-31 13:26:29,959 [INFO] Rule:233 - rule align RCC SDMMC12CLockSelection default value on MP1 is applicable
2026-03-31 13:26:29,959 [INFO] Rule:233 - rule align RCC QSPICLockSelection default value on MP1 is applicable
2026-03-31 13:26:29,959 [INFO] Rule:233 - rule align RCC QSPICLockSelection default value on MP1 is applicable
2026-03-31 13:26:29,959 [INFO] Rule:233 - rule align RCC SPI6CLockSelection default value on MP1 is applicable
2026-03-31 13:26:29,960 [INFO] Rule:233 - rule align RCC LPTIM23CLockSelection default value on MP1 is applicable
2026-03-31 13:26:29,960 [INFO] Rule:233 - rule align RCC LPTIM1CLockSelection default value on MP1 is applicable
2026-03-31 13:26:29,960 [INFO] Rule:233 - rule align RCC USART1CLockSelection default value on MP1 is applicable
2026-03-31 13:26:29,960 [INFO] Rule:233 - rule align RCC USART24CLockSelection default value on MP1 is applicable
2026-03-31 13:26:29,960 [INFO] Rule:233 - rule align RCC USART6CLockSelection default value on MP1 is applicable
2026-03-31 13:26:29,960 [INFO] Rule:233 - rule align RCC UART78CLockSelection default value on MP1 is applicable
2026-03-31 13:26:29,960 [INFO] Rule:233 - rule align RCC USART35CLockSelection default value on MP1 is applicable
2026-03-31 13:26:29,960 [INFO] Rule:233 - rule align RCC SPI45CLockSelection default value on MP1 is applicable
2026-03-31 13:26:29,960 [INFO] Rule:233 - rule align RCC I2C46CLockSelection BCLK value on MP1 is applicable
2026-03-31 13:26:29,960 [INFO] Rule:233 - rule align RCC SPI45CLockSelection default value on MP1 is applicable
2026-03-31 13:26:29,960 [INFO] Rule:233 - rule align RCC I2C12CLockSelection default value on MP1 is applicable
2026-03-31 13:26:29,960 [INFO] Rule:233 - rule align RCC I2C35CLockSelection default value on MP1 is applicable
2026-03-31 13:26:29,960 [INFO] Rule:233 - rule align RCC LPTIM45CLockSelection default value on MP1 is applicable
2026-03-31 13:26:29,960 [INFO] Rule:233 - rule Rename DCMI PIXCK signal is applicable
2026-03-31 13:26:29,960 [INFO] Rule:233 - rule Change Default Value for I2C46CLockSelection MP1 family is applicable
2026-03-31 13:26:29,960 [INFO] Rule:233 - rule Change Default Value for UART for G4, G0 and WB families is applicable
2026-03-31 13:26:29,960 [INFO] Rule:233 - rule Change Default Value for USART for G4, G0 and WB families is applicable
2026-03-31 13:26:29,960 [INFO] Rule:233 - rule Change Default Value for USART for G4 family is applicable
2026-03-31 13:26:29,960 [INFO] Rule:233 - rule Change USART1CLockSelection refparam name for MP1 is applicable
2026-03-31 13:26:29,960 [INFO] Rule:233 - rule Change USART2CLockSelection refparam name for MP1 is applicable
2026-03-31 13:26:29,960 [INFO] Rule:233 - rule Change USART3CLockSelection refparam name for MP1 is applicable
2026-03-31 13:26:29,960 [INFO] Rule:233 - rule Change UART4CLockSelection refparam name for MP1 is applicable
2026-03-31 13:26:29,960 [INFO] Rule:233 - rule Change UART5CLockSelection refparam name for MP1 is applicable
2026-03-31 13:26:29,961 [INFO] Rule:233 - rule Change LPUART1CLockSelection refparam name for MP1 is applicable
2026-03-31 13:26:29,961 [INFO] Rule:233 - rule Change LPTIM1CLockSelection refparam name for MP1 is applicable
2026-03-31 13:26:29,961 [INFO] Rule:233 - rule Change LPTIM2CLockSelection refparam name for MP1 is applicable
2026-03-31 13:26:29,961 [INFO] Rule:233 - rule Change RCC_MCO1Source refparam name for MP1 is applicable
2026-03-31 13:26:29,961 [INFO] Rule:233 - rule Change LSCOSource1 refparam name for MP1 is applicable
2026-03-31 13:26:29,961 [INFO] Rule:233 - rule Change SMPSCLockSelection refparam name for MP1 is applicable
2026-03-31 13:26:29,961 [INFO] Rule:233 - rule Change LPTIM3CLockSelection refparam name for MP1 is applicable
2026-03-31 13:26:29,961 [INFO] Rule:233 - rule Change MPCBB* Default Template Mode to Parameters is applicable
2026-03-31 13:26:29,961 [INFO] Rule:233 - rule Change MPCWM* or MPCBB* Secure Mode to Parameters is applicable
2026-03-31 13:26:29,961 [INFO] Rule:233 - rule Change MPCWM* or MPCBB* No Secure Mode to Parameters is applicable
2026-03-31 13:26:29,961 [INFO] Rule:233 - rule Change TZSC IP Secure Mode to Parameters is applicable
2026-03-31 13:26:29,961 [INFO] Rule:233 - rule Change TZSC IP No Secure Mode to Parameters is applicable
2026-03-31 13:26:29,961 [INFO] Rule:233 - rule Change TZSC IP Privilege Mode to Parameters is applicable
2026-03-31 13:26:29,961 [INFO] Rule:233 - rule Change TZSC IP No Privilege Mode to Parameters is applicable
2026-03-31 13:26:29,961 [INFO] Rule:233 - rule Change TZIC IT Secure Mode to Parameters is applicable
2026-03-31 13:26:29,961 [INFO] Rule:233 - rule Change TZIC IT No Secure Mode to Parameters is applicable
2026-03-31 13:26:29,961 [INFO] Rule:233 - rule Add MPCBB1_NonSecureArea_Start_Address value with referenced to MPCBB1_NonSecureArea_Start value is applicable
2026-03-31 13:26:29,961 [INFO] Rule:233 - rule Add MPCBB2_NonSecureArea_Start_Address value with referenced to MPCBB2_NonSecureArea_Start value is applicable
2026-03-31 13:26:29,961 [INFO] Rule:233 - rule Add MPCWM1_NonSecureArea*_Start_Address value with referenced to MPCWM1_NonSecureArea*_Start value is applicable
2026-03-31 13:26:29,961 [INFO] Rule:233 - rule Add MPCWM2_NonSecureArea*_Start_Address value with referenced to MPCWM2_NonSecureArea*_Start value is applicable
2026-03-31 13:26:29,961 [INFO] Rule:233 - rule Add MPCWM3_NonSecureArea_Start_Address value with referenced to MPCWM3_NonSecureArea_Start value is applicable
2026-03-31 13:26:29,961 [INFO] Rule:233 - rule Change Default Value for PLL1UserDefinedConfig is applicable
2026-03-31 13:26:29,961 [INFO] Rule:233 - rule Change GPIO_PuPd Default Value for USART in async mode is applicable
2026-03-31 13:26:29,962 [INFO] Rule:233 - rule Change SMPSDivider Default Value is applicable
2026-03-31 13:26:29,962 [INFO] Rule:233 - rule OPAMP is applicable
2026-03-31 13:26:29,962 [INFO] Rule:233 - rule LPUART IPParameter rename Prescaler parameter to ClockPrescaler for STM32H7 is applicable
2026-03-31 13:26:29,962 [INFO] Rule:233 - rule LPUART IPParameter rename Prescaler parameter to ClockPrescaler for STM32H7 is applicable
2026-03-31 13:26:29,962 [INFO] Rule:233 - rule LPUART IPParameter rename Prescaler parameter to ClockPrescaler for STM32WB is applicable
2026-03-31 13:26:29,962 [INFO] Rule:233 - rule LPUART IPParameter rename Prescaler parameter to ClockPrescaler for STM32WB is applicable
2026-03-31 13:26:29,962 [INFO] Rule:233 - rule LPUART IPParameter rename Prescaler parameter to ClockPrescaler for STM32G4 is applicable
2026-03-31 13:26:29,962 [INFO] Rule:233 - rule LPUART IPParameter rename Prescaler parameter to ClockPrescaler for STM32G4 is applicable
2026-03-31 13:26:29,962 [INFO] Rule:233 - rule LPUART IPParameter rename Prescaler parameter to ClockPrescaler for STM32L5 is applicable
2026-03-31 13:26:29,962 [INFO] Rule:233 - rule LPUART IPParameter rename Prescaler parameter to ClockPrescaler for STM32L5 is applicable
2026-03-31 13:26:29,962 [INFO] Rule:233 - rule LPUART IPParameter rename Prescaler parameter to ClockPrescaler for STM32G4 is applicable
2026-03-31 13:26:29,962 [INFO] Rule:233 - rule LPUART IPParameter rename Prescaler parameter to ClockPrescaler for STM32G4 is applicable
2026-03-31 13:26:29,962 [INFO] Rule:233 - rule USB device lib V2.5.3 for L0 rename USBD_SUPPORT_USER_STRING parameter to USBD_SUPPORT_USER_STRING_DESC4 is applicable
2026-03-31 13:26:29,962 [INFO] Rule:233 - rule I2SCLockSelection clock entry align is applicable
2026-03-31 13:26:29,962 [INFO] Rule:233 - rule Assign TIMx context if used as SYS timebase is applicable
2026-03-31 13:26:29,962 [INFO] Rule:233 - rule Change GPIO_Pu Default Value for I2C is applicable
2026-03-31 13:26:29,962 [INFO] Rule:233 - rule Change GPIO_Pu Default Value for SMBus is applicable
2026-03-31 13:26:29,962 [INFO] Rule:233 - rule change FDCAN default value is applicable
2026-03-31 13:26:29,962 [INFO] Rule:233 - rule Change mode sai is applicable
2026-03-31 13:26:29,962 [INFO] Rule:233 - rule **Change sai mode is applicable
2026-03-31 13:26:29,962 [INFO] Rule:233 - rule Rename STM32WPAN CFG_BLE_IRK to CFG_BLE_IR is applicable
2026-03-31 13:26:29,963 [INFO] Rule:233 - rule Rename STM32WPAN CFG_BLE_ERK to CFG_BLE_ER is applicable
2026-03-31 13:26:29,963 [INFO] Rule:233 - rule Rename STM32WPAN CFG_BLE_IRK_HEX to CFG_BLE_IR_HEX is applicable
2026-03-31 13:26:29,963 [INFO] Rule:233 - rule Rename STM32WPAN CFG_BLE_ERK_HEX to CFG_BLE_ER_HEX is applicable
2026-03-31 13:26:29,963 [INFO] Rule:233 - rule Adapt Old IOC before rework replace old CORTEX_M33/CORTEX_M55 attributes by the new one. is applicable
2026-03-31 13:26:29,963 [INFO] Rule:233 - rule Rename parametre of RCC RCC_APBDBG_DIV2 to RCC_TIMPRES_DIV2 is applicable
2026-03-31 13:26:29,963 [INFO] Rule:233 - rule Rename DIE493 pin PA10 [PA12] -> PA10 is applicable
2026-03-31 13:26:29,963 [INFO] Rule:233 - rule Rename DIE493 pin PA9 [PA11] -> PA9 is applicable
2026-03-31 13:26:29,963 [INFO] Rule:233 - rule Rename DIE492 PartNumber CPN STM32WBA5MJGHx -> STM32WBA5MMGHx is applicable
2026-03-31 13:26:29,963 [INFO] Rule:233 - rule Rename DIE492 PartNumber  Name STM32WBA5MJGHx -> STM32WBA5MMGHx is applicable
2026-03-31 13:26:29,963 [INFO] Rule:233 - rule Rename DIE492 PartNumber UserName STM32WBA5MJGHx -> STM32WBA5MMGHx is applicable
2026-03-31 13:26:29,963 [INFO] Rule:233 - rule Rename DIE492 PartNumber DeviceId STM32WBA5MJGHx -> STM32WBA5MMGHx is applicable
2026-03-31 13:26:29,963 [INFO] Rule:233 - rule Adapt Old IOC CSI. is applicable
2026-03-31 13:26:29,963 [INFO] Rule:233 - rule Adapt Old IOC DCMIPP. is applicable
2026-03-31 13:26:29,963 [INFO] Rule:233 - rule Adapt Old IOC DCMIPP Mode Parallel. is applicable
2026-03-31 13:26:29,963 [INFO] Rule:233 - rule Adapt Old IOC LTDC. is applicable
2026-03-31 13:26:29,963 [INFO] Rule:233 - rule Rename STM32MP2 RIF Peripheral LTDC RIF.RISUP.LTDC_L0L1.Privilege -> RIF.RISUP.LTDC_L1L2.Privilege is applicable
2026-03-31 13:26:29,963 [INFO] Rule:233 - rule Rename STM32MP2 RIF Peripheral LTDC RIF.RISUP.LTDC_L0L1.Privilege -> RIF.RISUP.LTDC_L1L2.Privilege is applicable
2026-03-31 13:26:29,963 [INFO] Rule:233 - rule Rename STM32MP2 RIF Peripheral LTDC RIF.RISUP.LTDC_L0L1.Lock -> RIF.RISUP.LTDC_L1L2.Lock is applicable
2026-03-31 13:26:29,963 [INFO] Rule:233 - rule Rename STM32MP2 RIF Peripheral LTDC RIF.RISUP.LTDC_L2.Lock -> RIF.RISUP.LTDC_L3.Lock is applicable
2026-03-31 13:26:29,963 [INFO] Rule:233 - rule Adapt the old IOC example for updating the SYS when it is misconfigured. is applicable
2026-03-31 13:26:29,963 [INFO] Rule:233 - rule Rename STM32C09 Mcu.Package LQFP64 -> LQFP48 is applicable
2026-03-31 13:26:29,963 [INFO] Rule:233 - rule Adapt the old IOC example for updating the SYS when it is misconfigured. is applicable
2026-03-31 13:26:29,964 [INFO] Rule:233 - rule Adapt the old IOC example for updating the SYS when it is misconfigured. is applicable
2026-03-31 13:26:29,989 [INFO] DbConfProperties:307 - Apply Compatibility (38/250 Rules)
2026-03-31 13:26:30,015 [INFO] ImportTextPane:234 - (OptionalMessage_ERROR) Unable to find key (Mcu.ThirdPartyNb) in loaded IOC file
2026-03-31 13:26:30,020 [INFO] ImportTextPane:234 - (OptionalMessage_ERROR) Pin34 (VP_RIF_VS_RIF1) cannot be retrieved for this MCU
2026-03-31 13:26:30,097 [INFO] RtosManager:558 - Registered RTOS mode: class=CMSIS, group=RTOS, mode=CMSIS_V1, owner=FREERTOS
2026-03-31 13:26:30,097 [INFO] RtosManager:558 - Registered RTOS mode: class=CMSIS, group=RTOS2, mode=CMSIS_V2, owner=FREERTOS
2026-03-31 13:26:30,097 [INFO] RtosManager:558 - Registered RTOS mode: class=RTOS, group=Core, mode=CMSIS_V1, owner=FREERTOS
2026-03-31 13:26:30,097 [INFO] RtosManager:558 - Registered RTOS mode: class=RTOS, group=Core, mode=CMSIS_V2, owner=FREERTOS
2026-03-31 13:26:30,097 [WARN] ModelIntegratedComponent:184 - Missing modes for component STMicroelectronics:FreeRTOS:0.0.1:STMicroelectronics:RTOS:FreeRTOS:Core:::10.2.0:
2026-03-31 13:26:30,104 [WARN] ModelIntegratedComponent:63 - No mode defined for component null
2026-03-31 13:26:30,104 [WARN] ModelIntegratedComponent:63 - No mode defined for component null
2026-03-31 13:26:30,104 [WARN] ModelIntegratedComponent:63 - No mode defined for component null
2026-03-31 13:26:30,104 [WARN] ModelIntegratedComponent:63 - No mode defined for component null
2026-03-31 13:26:30,105 [WARN] ModelIntegratedComponent:63 - No mode defined for component null
2026-03-31 13:26:30,105 [WARN] ModelIntegratedComponent:63 - No mode defined for component null
2026-03-31 13:26:30,105 [WARN] ModelIntegratedComponent:63 - No mode defined for component null
2026-03-31 13:26:30,105 [WARN] ModelIntegratedComponent:63 - No mode defined for component null
2026-03-31 13:26:30,105 [WARN] ModelIntegratedComponent:63 - No mode defined for component null
2026-03-31 13:26:30,105 [WARN] ModelIntegratedComponent:63 - No mode defined for component null
2026-03-31 13:26:30,105 [WARN] ModelIntegratedComponent:63 - No mode defined for component null
2026-03-31 13:26:30,105 [WARN] ModelIntegratedComponent:63 - No mode defined for component null
2026-03-31 13:26:30,105 [WARN] ModelIntegratedComponent:63 - No mode defined for component null
2026-03-31 13:26:30,105 [WARN] ModelIntegratedComponent:63 - No mode defined for component null
2026-03-31 13:26:30,105 [WARN] ModelIntegratedComponent:63 - No mode defined for component null
2026-03-31 13:26:30,105 [WARN] ModelIntegratedComponent:63 - No mode defined for component null
2026-03-31 13:26:30,105 [WARN] ModelIntegratedComponent:63 - No mode defined for component null
2026-03-31 13:26:30,105 [WARN] ModelIntegratedComponent:63 - No mode defined for component null
2026-03-31 13:26:30,105 [WARN] ModelIntegratedComponent:63 - No mode defined for component null
2026-03-31 13:26:30,105 [WARN] ModelIntegratedComponent:63 - No mode defined for component null
2026-03-31 13:26:30,105 [WARN] ModelIntegratedComponent:63 - No mode defined for component null
2026-03-31 13:26:30,105 [WARN] ModelIntegratedComponent:63 - No mode defined for component null
2026-03-31 13:26:30,105 [WARN] ModelIntegratedComponent:63 - No mode defined for component null
2026-03-31 13:26:30,105 [WARN] ModelIntegratedComponent:63 - No mode defined for component null
2026-03-31 13:26:30,105 [WARN] ModelIntegratedComponent:63 - No mode defined for component null
2026-03-31 13:26:30,105 [WARN] ModelIntegratedComponent:63 - No mode defined for component null
2026-03-31 13:26:30,105 [WARN] ModelIntegratedComponent:63 - No mode defined for component null
2026-03-31 13:26:30,105 [WARN] ModelIntegratedComponent:63 - No mode defined for component null
2026-03-31 13:26:30,105 [WARN] ModelIntegratedComponent:63 - No mode defined for component null
2026-03-31 13:26:30,105 [WARN] ModelIntegratedComponent:63 - No mode defined for component null
2026-03-31 13:26:30,105 [WARN] ModelIntegratedComponent:63 - No mode defined for component null
2026-03-31 13:26:30,105 [WARN] ModelIntegratedComponent:63 - No mode defined for component null
2026-03-31 13:26:30,105 [WARN] ModelIntegratedComponent:63 - No mode defined for component null
2026-03-31 13:26:30,106 [WARN] ModelIntegratedComponent:63 - No mode defined for component null
2026-03-31 13:26:30,106 [WARN] ModelIntegratedComponent:63 - No mode defined for component null
2026-03-31 13:26:30,106 [WARN] ModelPack:524 - Component already loaded: STMicroelectronics:HAL Drivers:0.0.0:STMicroelectronics:Device:STMicro_Driver:XSPI:HAL::0.0.1:HAL_XSPI
2026-03-31 13:26:30,307 [INFO] ThirdPartyModel:298 - Start build external matchings
2026-03-31 13:26:31,195 [INFO] ThirdPartyModel:316 - End build external matchings
2026-03-31 13:26:31,404 [INFO] UtilMem:75 - End LoadConfig() Used Memory: 455513264 Bytes (706740224)
2026-03-31 13:26:31,533 [WARN] ThirdParty:833 - waiting for thirdparty lock release [change project]
2026-03-31 13:26:31,534 [INFO] ThirdParty:835 - entering critical section [change project]
2026-03-31 13:26:31,534 [INFO] ThirdParty:1030 - CMSIS Pack Vendor :STMicroelectronics X-CUBE-PM33A1 1.0.0
2026-03-31 13:26:31,534 [INFO] ThirdParty:1030 - CMSIS Pack Vendor :STMicroelectronics USBPD 4.1
2026-03-31 13:26:31,534 [INFO] ThirdParty:1030 - CMSIS Pack Vendor :STMicroelectronics USB_HOST 2.0.0
2026-03-31 13:26:31,534 [INFO] ThirdParty:1030 - CMSIS Pack Vendor :STMicroelectronics FP-SNS-MOTENVWB1 1.4.0
2026-03-31 13:26:31,534 [INFO] ThirdParty:1030 - CMSIS Pack Vendor :STMicroelectronics X-CUBE-AZRTOS-F4 1.1.0
2026-03-31 13:26:31,534 [INFO] ThirdParty:1030 - CMSIS Pack Vendor :STMicroelectronics LIBJPEG 8.0.0
2026-03-31 13:26:31,534 [INFO] ThirdParty:1030 - CMSIS Pack Vendor :STMicroelectronics FP-ATR-ASTRA1 2.0.2
2026-03-31 13:26:31,534 [INFO] ThirdParty:1030 - CMSIS Pack Vendor :Avnet-IotConnect X-CUBE-IoTC-DA16k-PMOD 1.0.0
2026-03-31 13:26:31,534 [INFO] ThirdParty:1030 - CMSIS Pack Vendor :STMicroelectronics X-CUBE-SMBUS 2.1.0
2026-03-31 13:26:31,534 [INFO] ThirdParty:1030 - CMSIS Pack Vendor :STMicroelectronics X-CUBE-ISPU 2.1.0
2026-03-31 13:26:31,534 [INFO] ThirdParty:1030 - CMSIS Pack Vendor :STMicroelectronics X-CUBE-IPS 3.2.0
2026-03-31 13:26:31,534 [INFO] ThirdParty:1030 - CMSIS Pack Vendor :STMicroelectronics X-CUBE-ST60 1.0.0
2026-03-31 13:26:31,534 [INFO] ThirdParty:1030 - CMSIS Pack Vendor :STMicroelectronics X-CUBE-NFC12 1.0.0
2026-03-31 13:26:31,535 [INFO] ThirdParty:1030 - CMSIS Pack Vendor :STMicroelectronics X-CUBE-AZRTOS-F7 1.1.0
2026-03-31 13:26:31,535 [INFO] ThirdParty:1030 - CMSIS Pack Vendor :STMicroelectronics X-CUBE-AZRTOS-L5 2.0.0
2026-03-31 13:26:31,535 [INFO] ThirdParty:1030 - CMSIS Pack Vendor :STMicroelectronics USB_DEVICE 2.0.0
2026-03-31 13:26:31,535 [INFO] ThirdParty:1030 - CMSIS Pack Vendor :STMicroelectronics X-CUBE-NFC6 3.1.0
2026-03-31 13:26:31,535 [INFO] ThirdParty:1030 - CMSIS Pack Vendor :STMicroelectronics FP-SNS-MOTENV1 5.1.0
2026-03-31 13:26:31,535 [INFO] ThirdParty:1030 - CMSIS Pack Vendor :STMicroelectronics FreeRTOS 0.0.1
2026-03-31 13:26:31,535 [INFO] ThirdParty:1030 - CMSIS Pack Vendor :Infineon AIROC-Wi-Fi-Bluetooth-STM32 1.7.1
2026-03-31 13:26:31,535 [INFO] ThirdParty:1030 - CMSIS Pack Vendor :STMicroelectronics PDM2PCM 3.3.0
2026-03-31 13:26:31,535 [INFO] ThirdParty:1030 - CMSIS Pack Vendor :STMicroelectronics X-CUBE-AZRTOS-H7 3.4.0
2026-03-31 13:26:31,535 [INFO] ThirdParty:1030 - CMSIS Pack Vendor :STMicroelectronics X-CUBE-DISPLAY 3.0.0
2026-03-31 13:26:31,535 [INFO] ThirdParty:1030 - CMSIS Pack Vendor :STMicroelectronics FP-SNS-MOTENVWB1 1.5.0
2026-03-31 13:26:31,535 [INFO] ThirdParty:1030 - CMSIS Pack Vendor :STMicroelectronics X-CUBE-NFC10 1.0.0
2026-03-31 13:26:31,535 [INFO] ThirdParty:1030 - CMSIS Pack Vendor :STMicroelectronics X-CUBE-BLEMGR 4.0.0
2026-03-31 13:26:31,535 [INFO] ThirdParty:1030 - CMSIS Pack Vendor :STMicroelectronics X-CUBE-FREERTOS 1.3.1
2026-03-31 13:26:31,535 [INFO] ThirdParty:1030 - CMSIS Pack Vendor :STMicroelectronics HAL Drivers 0.0.0
2026-03-31 13:26:31,535 [INFO] ThirdParty:1030 - CMSIS Pack Vendor :STMicroelectronics X-CUBE-ST60 1.1.0
2026-03-31 13:26:31,535 [INFO] ThirdParty:1030 - CMSIS Pack Vendor :emotas I-CUBE-CANOPEN 1.3.0
2026-03-31 13:26:31,535 [INFO] ThirdParty:1030 - CMSIS Pack Vendor :STMicroelectronics MBEDTLS 2.14.1
2026-03-31 13:26:31,535 [INFO] ThirdParty:1030 - CMSIS Pack Vendor :STMicroelectronics X-CUBE-GNSS1 7.1.0
2026-03-31 13:26:31,535 [INFO] ThirdParty:1030 - CMSIS Pack Vendor :STMicroelectronics X-CUBE-TOUCHGFX 4.26.0
2026-03-31 13:26:31,535 [INFO] ThirdParty:1030 - CMSIS Pack Vendor :quantropi X-CUBE-qispace-sdk-base 2.0.0
2026-03-31 13:26:31,535 [INFO] ThirdParty:1030 - CMSIS Pack Vendor :STMicroelectronics FP-SNS-STBOX1 2.1.0
2026-03-31 13:26:31,535 [INFO] ThirdParty:1030 - CMSIS Pack Vendor :STMicroelectronics FP-SNS-STAIOTCFT 1.0.0
2026-03-31 13:26:31,535 [INFO] ThirdParty:1030 - CMSIS Pack Vendor :STMicroelectronics FP-SNS-SMARTAG2 1.2.0
2026-03-31 13:26:31,535 [INFO] ThirdParty:1030 - CMSIS Pack Vendor :STMicroelectronics FP-SNS-FLIGHT1 5.1.0
2026-03-31 13:26:31,535 [INFO] ThirdParty:1030 - CMSIS Pack Vendor :STMicroelectronics X-CUBE-AZRTOS-WL 2.0.0
2026-03-31 13:26:31,535 [INFO] ThirdParty:1030 - CMSIS Pack Vendor :STMicroelectronics X-CUBE-DPower 1.3.0
2026-03-31 13:26:31,535 [INFO] ThirdParty:1030 - CMSIS Pack Vendor :STMicroelectronics FP-SNS-MOTENV1 5.0.0
2026-03-31 13:26:31,535 [INFO] ThirdParty:1030 - CMSIS Pack Vendor :STMicroelectronics USB_DEVICE 1.0.0
2026-03-31 13:26:31,535 [INFO] ThirdParty:1030 - CMSIS Pack Vendor :STMicroelectronics X-CUBE-AZRTOS-H7RS 1.2.0
2026-03-31 13:26:31,535 [INFO] ThirdParty:1030 - CMSIS Pack Vendor :STMicroelectronics X-CUBE-AZRTOS-L4 2.0.0
2026-03-31 13:26:31,535 [INFO] ThirdParty:1030 - CMSIS Pack Vendor :STMicroelectronics ThreadX 0.0.2
2026-03-31 13:26:31,535 [INFO] ThirdParty:1030 - CMSIS Pack Vendor :WES I-CUBE-Cesium 1.3.0
2026-03-31 13:26:31,535 [INFO] ThirdParty:1030 - CMSIS Pack Vendor :STMicroelectronics lwIP 2.1.2
2026-03-31 13:26:31,535 [INFO] ThirdParty:1030 - CMSIS Pack Vendor :STMicroelectronics X-CUBE-SFXS2LP1 4.0.0
2026-03-31 13:26:31,535 [INFO] ThirdParty:1030 - CMSIS Pack Vendor :STMicroelectronics X-CUBE-BLE2 3.3.0
2026-03-31 13:26:31,535 [INFO] ThirdParty:1030 - CMSIS Pack Vendor :Avnet-IOTCONNECT X-CUBE-iotc-st67-sdk 1.0.0
2026-03-31 13:26:31,535 [INFO] ThirdParty:1030 - CMSIS Pack Vendor :STMicroelectronics PDM2PCM 3.2.0
2026-03-31 13:26:31,535 [INFO] ThirdParty:1030 - CMSIS Pack Vendor :STMicroelectronics X-CUBE-ST67W61 1.2.0
2026-03-31 13:26:31,535 [INFO] ThirdParty:1030 - CMSIS Pack Vendor :STMicroelectronics X-CUBE-NFC9 1.0.0
2026-03-31 13:26:31,536 [INFO] ThirdParty:1030 - CMSIS Pack Vendor :wolfSSL I-CUBE-wolfSSL 5.8.0
2026-03-31 13:26:31,536 [INFO] ThirdParty:1030 - CMSIS Pack Vendor :STMicroelectronics X-CUBE-BLE1 7.1.0
2026-03-31 13:26:31,536 [INFO] ThirdParty:1030 - CMSIS Pack Vendor :wolfSSL I-CUBE-wolfMQTT 1.19.2
2026-03-31 13:26:31,536 [INFO] ThirdParty:1030 - CMSIS Pack Vendor :STMicroelectronics USB_DEVICE 3.0.0
2026-03-31 13:26:31,536 [INFO] ThirdParty:1030 - CMSIS Pack Vendor :STMicroelectronics X-CUBE-FREERTOS 1.4.0
2026-03-31 13:26:31,536 [INFO] ThirdParty:1030 - CMSIS Pack Vendor :STMicroelectronics X-CUBE-EEPRMA1 5.2.0
2026-03-31 13:26:31,536 [INFO] ThirdParty:1030 - CMSIS Pack Vendor :STMicroelectronics X-CUBE-BLEMGR 4.1.0
2026-03-31 13:26:31,536 [INFO] ThirdParty:1030 - CMSIS Pack Vendor :STMicroelectronics X-CUBE-AZRTOS-WB 2.0.0
2026-03-31 13:26:31,536 [INFO] ThirdParty:1030 - CMSIS Pack Vendor :STMicroelectronics X-CUBE-GNSS1 7.0.1
2026-03-31 13:26:31,536 [INFO] ThirdParty:1030 - CMSIS Pack Vendor :STMicroelectronics X-CUBE-TOUCHGFX 4.25.0
2026-03-31 13:26:31,536 [INFO] ThirdParty:1030 - CMSIS Pack Vendor :STMicroelectronics X-CUBE-ST67W61 1.1.0
2026-03-31 13:26:31,536 [INFO] ThirdParty:1030 - CMSIS Pack Vendor :STMicroelectronics X-CUBE-AI 10.1.0
2026-03-31 13:26:31,536 [INFO] ThirdParty:1030 - CMSIS Pack Vendor :STMicroelectronics FP-SNS-STBOX1 2.0.0
2026-03-31 13:26:31,536 [INFO] ThirdParty:1030 - CMSIS Pack Vendor :STMicroelectronics X-CUBE-MEMS1 12.0.0
2026-03-31 13:26:31,536 [INFO] ThirdParty:1030 - CMSIS Pack Vendor :STMicroelectronics X-CUBE-STSE01 2.0.0
2026-03-31 13:26:31,536 [INFO] ThirdParty:1030 - CMSIS Pack Vendor :STMicroelectronics X-CUBE-AZRTOS-G0 1.1.0
2026-03-31 13:26:31,536 [INFO] ThirdParty:1030 - CMSIS Pack Vendor :STMicroelectronics X-CUBE-SAFEA1 1.2.2
2026-03-31 13:26:31,536 [INFO] ThirdParty:1030 - CMSIS Pack Vendor :STMicroelectronics X-CUBE-NFC4 3.0.0
2026-03-31 13:26:31,536 [INFO] ThirdParty:1030 - CMSIS Pack Vendor :STMicroelectronics X-CUBE-SUBG2 5.0.0
2026-03-31 13:26:31,536 [INFO] ThirdParty:1030 - CMSIS Pack Vendor :STMicroelectronics X-CUBE-AZRTOS-H7RS 1.1.0
2026-03-31 13:26:31,536 [INFO] ThirdParty:1030 - CMSIS Pack Vendor :STMicroelectronics STM32_WPAN 1.0.0
2026-03-31 13:26:31,536 [INFO] ThirdParty:1030 - CMSIS Pack Vendor :EmbeddedOffice I-CUBE-FS-RTOS 1.0.1
2026-03-31 13:26:31,536 [INFO] ThirdParty:1030 - CMSIS Pack Vendor :STMicroelectronics lwIP 2.0.3
2026-03-31 13:26:31,536 [INFO] ThirdParty:1030 - CMSIS Pack Vendor :Cesanta I-CUBE-Mongoose 7.13.0
2026-03-31 13:26:31,536 [INFO] ThirdParty:1030 - CMSIS Pack Vendor :STMicroelectronics USB_HOST 1.0.0
2026-03-31 13:26:31,536 [INFO] ThirdParty:1030 - CMSIS Pack Vendor :STMicroelectronics X-CUBE-AZRTOS-G4 2.0.0
2026-03-31 13:26:31,536 [INFO] ThirdParty:1030 - CMSIS Pack Vendor :STMicroelectronics X-CUBE-WB05N 2.0.0
2026-03-31 13:26:31,536 [INFO] ThirdParty:1030 - CMSIS Pack Vendor :STMicroelectronics PDM2PCM 3.1.0
2026-03-31 13:26:31,536 [INFO] ThirdParty:1030 - CMSIS Pack Vendor :wolfSSL I-CUBE-wolfTPM 3.8.0
2026-03-31 13:26:31,536 [INFO] ThirdParty:1030 - CMSIS Pack Vendor :wolfSSL I-CUBE-wolfSSH 1.4.20
2026-03-31 13:26:31,536 [INFO] ThirdParty:1030 - CMSIS Pack Vendor :STMicroelectronics X-CUBE-NFC7 2.0.0
2026-03-31 13:26:31,536 [INFO] ThirdParty:1030 - CMSIS Pack Vendor :STMicroelectronics X-CUBE-TCPP 4.2.0
2026-03-31 13:26:31,536 [INFO] ThirdParty:1030 - CMSIS Pack Vendor :RealThread X-CUBE-RT-Thread_Nano 4.1.1
2026-03-31 13:26:31,536 [INFO] ThirdParty:1030 - CMSIS Pack Vendor :STMicroelectronics FP-ATR-SIGFOX1 3.2.0
2026-03-31 13:26:31,536 [INFO] ThirdParty:1030 - CMSIS Pack Vendor :STMicroelectronics X-CUBE-EEPRMA1 5.1.0
2026-03-31 13:26:31,536 [INFO] ThirdParty:1030 - CMSIS Pack Vendor :STMicroelectronics MBEDTLS 2.16.2
2026-03-31 13:26:31,536 [INFO] ThirdParty:1030 - CMSIS Pack Vendor :STMicroelectronics X-CUBE-IPS 3.1.0
2026-03-31 13:26:31,536 [INFO] ThirdParty:1030 - CMSIS Pack Vendor :STMicroelectronics X-CUBE-ALS 1.0.2
2026-03-31 13:26:31,536 [INFO] ThirdParty:1030 - CMSIS Pack Vendor :ITTIA_DB I-CUBE-ITTIADB 8.9.0
2026-03-31 13:26:31,537 [INFO] ThirdParty:1030 - CMSIS Pack Vendor :STMicroelectronics X-CUBE-STSE01 1.0.0
2026-03-31 13:26:31,537 [INFO] ThirdParty:1030 - CMSIS Pack Vendor :portGmbH I-Cube-SoM-uGOAL 1.1.0
2026-03-31 13:26:31,537 [INFO] ThirdParty:1030 - CMSIS Pack Vendor :STMicroelectronics X-CUBE-NFC6 3.2.0
2026-03-31 13:26:31,537 [INFO] ThirdParty:1030 - CMSIS Pack Vendor :STMicroelectronics X-CUBE-ST67W61 1.0.0
2026-03-31 13:26:31,537 [INFO] ThirdParty:1030 - CMSIS Pack Vendor :STMicroelectronics X-CUBE-AI 10.2.0
2026-03-31 13:26:31,537 [INFO] ThirdParty:1030 - CMSIS Pack Vendor :STMicroelectronics ThreadX 1.0.0
2026-03-31 13:26:31,537 [INFO] ThirdParty:1030 - CMSIS Pack Vendor :SEGGER I-CUBE-embOS 1.3.1
2026-03-31 13:26:31,537 [INFO] ThirdParty:1030 - CMSIS Pack Vendor :STMicroelectronics X-CUBE-ALGOBUILD 1.4.0
2026-03-31 13:26:31,537 [INFO] ThirdParty:1030 - CMSIS Pack Vendor :STMicroelectronics X-CUBE-MEMS1 11.3.0
2026-03-31 13:26:31,537 [INFO] ThirdParty:1030 - CMSIS Pack Vendor :STMicroelectronics X-CUBE-TOF1 3.4.3
2026-03-31 13:26:31,537 [INFO] ThirdParty:841 - exiting critical section [change project]
2026-03-31 13:26:31,942 [INFO] PinOutPanel:1589 - setPackage(No Configuration,No Configuration)
2026-03-31 13:26:31,944 [INFO] PinOutPanel:1589 - setPackage(STM32F407VGTx,LQFP100)
2026-03-31 13:26:32,359 [INFO] UtilMem:75 - Before build in PCC Used Memory: 297253168 Bytes (706740224)
2026-03-31 13:26:32,845 [INFO] UtilMem:75 - After build in PCC Used Memory: 405289592 Bytes (706740224)
2026-03-31 13:26:32,879 [INFO] IPUIPlugin:80 - create IPUIPlugin
2026-03-31 13:26:32,879 [INFO] IPUIPlugin:80 - create IPUIPlugin
2026-03-31 13:26:32,879 [INFO] IPUIPlugin:80 - create IPUIPlugin
2026-03-31 13:26:32,879 [INFO] IPUIPlugin:80 - create IPUIPlugin
2026-03-31 13:26:32,879 [INFO] IPUIPlugin:80 - create IPUIPlugin
2026-03-31 13:26:32,880 [INFO] IPUIPlugin:80 - create IPUIPlugin
2026-03-31 13:26:32,880 [INFO] IPUIPlugin:80 - create IPUIPlugin
2026-03-31 13:26:32,880 [INFO] IPUIPlugin:80 - create IPUIPlugin
2026-03-31 13:26:32,880 [INFO] IPUIPlugin:80 - create IPUIPlugin
2026-03-31 13:26:32,880 [INFO] IPUIPlugin:80 - create IPUIPlugin
2026-03-31 13:26:32,880 [INFO] IPUIPlugin:80 - create IPUIPlugin
2026-03-31 13:26:32,880 [INFO] IPUIPlugin:80 - create IPUIPlugin
2026-03-31 13:26:32,880 [INFO] IPUIPlugin:80 - create IPUIPlugin
2026-03-31 13:26:32,881 [INFO] IPUIPlugin:80 - create IPUIPlugin
2026-03-31 13:26:32,881 [INFO] IPUIPlugin:80 - create IPUIPlugin
2026-03-31 13:26:32,881 [INFO] IPUIPlugin:80 - create IPUIPlugin
2026-03-31 13:26:32,881 [INFO] IPUIPlugin:80 - create IPUIPlugin
2026-03-31 13:26:32,881 [INFO] IPUIPlugin:80 - create IPUIPlugin
2026-03-31 13:26:32,881 [INFO] IPUIPlugin:80 - create IPUIPlugin
2026-03-31 13:26:32,882 [INFO] IPUIPlugin:80 - create IPUIPlugin
2026-03-31 13:26:32,882 [INFO] IPUIPlugin:80 - create IPUIPlugin
2026-03-31 13:26:32,882 [INFO] IPUIPlugin:80 - create IPUIPlugin
2026-03-31 13:26:32,882 [INFO] IPUIPlugin:80 - create IPUIPlugin
2026-03-31 13:26:32,882 [INFO] IPUIPlugin:80 - create IPUIPlugin
2026-03-31 13:26:32,882 [INFO] IPUIPlugin:80 - create IPUIPlugin
2026-03-31 13:26:32,882 [INFO] IPUIPlugin:80 - create IPUIPlugin
2026-03-31 13:26:32,882 [INFO] IPUIPlugin:80 - create IPUIPlugin
2026-03-31 13:26:32,883 [INFO] IPUIPlugin:80 - create IPUIPlugin
2026-03-31 13:26:32,883 [INFO] IPUIPlugin:80 - create IPUIPlugin
2026-03-31 13:26:32,883 [INFO] IPUIPlugin:80 - create IPUIPlugin
2026-03-31 13:26:32,883 [INFO] IPUIPlugin:80 - create IPUIPlugin
2026-03-31 13:26:32,883 [INFO] IPUIPlugin:80 - create IPUIPlugin
2026-03-31 13:26:32,883 [INFO] IPUIPlugin:80 - create IPUIPlugin
2026-03-31 13:26:32,883 [INFO] IPUIPlugin:80 - create IPUIPlugin
2026-03-31 13:26:32,884 [INFO] IPUIPlugin:80 - create IPUIPlugin
2026-03-31 13:26:32,884 [INFO] IPUIPlugin:80 - create IPUIPlugin
2026-03-31 13:26:32,884 [INFO] IPUIPlugin:80 - create IPUIPlugin
2026-03-31 13:26:32,884 [INFO] IPUIPlugin:80 - create IPUIPlugin
2026-03-31 13:26:32,885 [INFO] IPUIPlugin:80 - create IPUIPlugin
2026-03-31 13:26:32,885 [INFO] IPUIPlugin:80 - create IPUIPlugin
2026-03-31 13:26:32,885 [INFO] IPUIPlugin:80 - create IPUIPlugin
2026-03-31 13:26:32,885 [INFO] IPUIPlugin:80 - create IPUIPlugin
2026-03-31 13:26:32,885 [INFO] IPUIPlugin:80 - create IPUIPlugin
2026-03-31 13:26:32,885 [INFO] IPUIPlugin:80 - create IPUIPlugin
2026-03-31 13:26:32,886 [INFO] IPUIPlugin:80 - create IPUIPlugin
2026-03-31 13:26:32,886 [INFO] IPUIPlugin:80 - create IPUIPlugin
2026-03-31 13:26:32,886 [INFO] IPUIPlugin:80 - create IPUIPlugin
2026-03-31 13:26:32,886 [INFO] IPUIPlugin:80 - create IPUIPlugin
2026-03-31 13:26:32,886 [INFO] IPUIPlugin:80 - create IPUIPlugin
2026-03-31 13:26:32,886 [INFO] IPUIPlugin:80 - create IPUIPlugin
2026-03-31 13:26:32,886 [INFO] IPUIPlugin:80 - create IPUIPlugin
2026-03-31 13:26:32,886 [INFO] IPUIPlugin:80 - create IPUIPlugin
2026-03-31 13:26:32,887 [INFO] IPUIPlugin:80 - create IPUIPlugin
2026-03-31 13:26:32,887 [INFO] IPUIPlugin:80 - create IPUIPlugin
2026-03-31 13:26:32,887 [INFO] IPUIPlugin:80 - create IPUIPlugin
2026-03-31 13:26:32,887 [INFO] IPUIPlugin:80 - create IPUIPlugin
2026-03-31 13:26:32,887 [INFO] IPUIPlugin:80 - create IPUIPlugin
2026-03-31 13:26:32,888 [INFO] IPUIPlugin:80 - create IPUIPlugin
2026-03-31 13:26:32,916 [INFO] ApiDbMcu:532 - Load IP Config File for PDM2PCM
2026-03-31 13:26:33,035 [INFO] CADModel:165 - CPN selected for project levelSTM32F407VGT6
2026-03-31 13:26:33,035 [INFO] CADModel:114 - Register for checkConnection events
2026-03-31 13:26:33,073 [INFO] OpenFileManager:386 - Restore cursor
2026-03-31 13:26:33,505 [INFO] UtilMem:75 - End SaveConfig() Used Memory: 531969112 Bytes (706740224)
2026-03-31 13:26:33,565 [INFO] UtilMem:75 - End SaveConfig() Used Memory: 551892048 Bytes (706740224)
2026-03-31 13:26:34,024 [INFO] BlockDiagram:2775 - set Specific Code input for plugin: SYS
2026-03-31 13:26:34,024 [INFO] BlockDiagram:2775 - set Specific Code input for plugin: RCC
2026-03-31 13:26:34,024 [INFO] BlockDiagram:2775 - set Specific Code input for plugin: NVIC
2026-03-31 13:26:34,024 [INFO] BlockDiagram:2775 - set Specific Code input for plugin: GPIO
2026-03-31 13:26:34,025 [INFO] CodeGenerator:892 - code generatio: config db path: /opt/st/stm32cubeide_1.19.0/plugins/com.st.stm32cube.common.mx_6.15.0.202507011659//db/
2026-03-31 13:26:34,235 [INFO] CodeEngine:265 - oldGeneratedFile, /home/sunbeam/Desktop/workspace/RTOS_workspace/008Queues_n_timers/MXTmpFiles/license.tmp_save
2026-03-31 13:26:34,597 [INFO] CodeEngine:289 - Generated code: /home/sunbeam/Desktop/workspace/RTOS_workspace/008Queues_n_timers/MXTmpFiles/license.tmp
2026-03-31 13:26:34,685 [INFO] CodeEngine:265 - oldGeneratedFile, /home/sunbeam/Desktop/workspace/RTOS_workspace/008Queues_n_timers/MXTmpFiles/gpio.tmp_save
2026-03-31 13:26:34,840 [INFO] CodeEngine:289 - Generated code: /home/sunbeam/Desktop/workspace/RTOS_workspace/008Queues_n_timers/MXTmpFiles/gpio.tmp
2026-03-31 13:26:34,893 [INFO] CodeEngine:265 - oldGeneratedFile, /home/sunbeam/Desktop/workspace/RTOS_workspace/008Queues_n_timers/Core/Src/stm32f4xx_it.c_save
2026-03-31 13:26:35,028 [INFO] CodeEngine:289 - Generated code: /home/sunbeam/Desktop/workspace/RTOS_workspace/008Queues_n_timers/Core/Src/stm32f4xx_it.c
2026-03-31 13:26:35,031 [INFO] CodeEngine:265 - oldGeneratedFile, /home/sunbeam/Desktop/workspace/RTOS_workspace/008Queues_n_timers/Core/Inc/stm32f4xx_it.h_save
2026-03-31 13:26:35,119 [INFO] CodeEngine:289 - Generated code: /home/sunbeam/Desktop/workspace/RTOS_workspace/008Queues_n_timers/Core/Inc/stm32f4xx_it.h
2026-03-31 13:26:35,128 [INFO] CodeEngine:265 - oldGeneratedFile, /home/sunbeam/Desktop/workspace/RTOS_workspace/008Queues_n_timers/Core/Src/stm32f4xx_hal_msp.c_save
2026-03-31 13:26:35,250 [INFO] CodeEngine:289 - Generated code: /home/sunbeam/Desktop/workspace/RTOS_workspace/008Queues_n_timers/Core/Src/stm32f4xx_hal_msp.c
2026-03-31 13:26:35,252 [INFO] CodeEngine:265 - oldGeneratedFile, /home/sunbeam/Desktop/workspace/RTOS_workspace/008Queues_n_timers/MXTmpFiles/system.tmp_save
2026-03-31 13:26:35,319 [INFO] CodeEngine:289 - Generated code: /home/sunbeam/Desktop/workspace/RTOS_workspace/008Queues_n_timers/MXTmpFiles/system.tmp
2026-03-31 13:26:35,325 [INFO] CodeEngine:321 - oldGeneratedFile, /home/sunbeam/Desktop/workspace/RTOS_workspace/008Queues_n_timers/Core/Inc/stm32f4xx_hal_conf.h_save
2026-03-31 13:26:35,414 [INFO] CodeEngine:345 - Generated code: /home/sunbeam/Desktop/workspace/RTOS_workspace/008Queues_n_timers/Core/Inc/stm32f4xx_hal_conf.h
2026-03-31 13:26:35,479 [INFO] ApiDbMcu:532 - Load IP Config File for RCC
2026-03-31 13:26:35,486 [INFO] CodeEngine:265 - oldGeneratedFile, /home/sunbeam/Desktop/workspace/RTOS_workspace/008Queues_n_timers/Core/Inc/main.h_save
2026-03-31 13:26:35,616 [INFO] CodeEngine:289 - Generated code: /home/sunbeam/Desktop/workspace/RTOS_workspace/008Queues_n_timers/Core/Inc/main.h
2026-03-31 13:26:35,619 [INFO] CodeEngine:265 - oldGeneratedFile, /home/sunbeam/Desktop/workspace/RTOS_workspace/008Queues_n_timers/Core/Src/main.c_save
2026-03-31 13:26:35,750 [INFO] CodeEngine:289 - Generated code: /home/sunbeam/Desktop/workspace/RTOS_workspace/008Queues_n_timers/Core/Src/main.c
2026-03-31 13:26:36,028 [INFO] ProjectBuilder:3606 - Time for Copy HAL[1] : 43mS.
2026-03-31 13:26:36,032 [INFO] ProjectBuilder:5216 - Project Generator version: 4.7.0-B52
2026-03-31 13:26:36,110 [INFO] ConfigFileManager:1595 - The Die is : DIE413
2026-03-31 13:26:36,117 [INFO] ApiDbMcu:532 - Load IP Config File for FATFS
2026-03-31 13:26:36,124 [INFO] ApiDbMcu:532 - Load IP Config File for FREERTOS
2026-03-31 13:26:36,128 [INFO] ApiDbMcu:532 - Load IP Config File for LIBJPEG
2026-03-31 13:26:36,136 [INFO] ApiDbMcu:532 - Load IP Config File for LWIP
2026-03-31 13:26:36,144 [INFO] ApiDbMcu:532 - Load IP Config File for MBEDTLS
2026-03-31 13:26:36,152 [INFO] ApiDbMcu:532 - Load IP Config File for USB_DEVICE
2026-03-31 13:26:36,156 [INFO] ApiDbMcu:532 - Load IP Config File for USB_HOST
2026-03-31 13:26:36,757 [INFO] LogOutputStream:77 - [STDOUT_REDIRECT] 
2026-03-31 13:26:38,090 [INFO] ProjectBuilder:5496 - Time for Generating toolchain IDE Files: 2057mS.
2026-03-31 13:26:38,091 [INFO] ProjectBuilder:3463 - Time for Copy CMSIS : 0mS.
2026-03-31 13:26:38,092 [INFO] ProjectBuilder:3463 - Time for Copy CMSIS : 0mS.
2026-03-31 13:26:39,002 [INFO] McuFinderGlobals:76 - Set McuFinderConnectedMode to true
2026-03-31 13:26:39,006 [INFO] ApiDb:448 - Save user favorites file /home/sunbeam/.stm32cubeide/favorites.mcus.txt: 0 item(s)
2026-03-31 13:26:39,006 [INFO] ApiDb:452 - User favorites MCUs=[]
2026-03-31 13:26:39,007 [INFO] ApiDb:448 - Save user favorites file /home/sunbeam/.stm32cubeide/favorites.boards.txt: 1 item(s)
2026-03-31 13:26:39,008 [INFO] ApiDb:452 - User favorites Boards=[STM32F407G-DISC1]
2026-03-31 13:26:49,510 [INFO] Gpio:278 - dependency for GPIO []
2026-03-31 13:26:55,689 [INFO] Gpio:278 - dependency for GPIO []
2026-03-31 13:27:19,609 [INFO] UtilMem:75 - End SaveConfig() Used Memory: 689491384 Bytes (802160640)
2026-03-31 13:27:22,173 [INFO] UtilMem:75 - End SaveConfig() Used Memory: 716754360 Bytes (802160640)
2026-03-31 13:27:24,168 [INFO] UtilMem:75 - End SaveConfig() Used Memory: 746114488 Bytes (802160640)
2026-03-31 13:27:24,571 [INFO] BlockDiagram:2775 - set Specific Code input for plugin: SYS
2026-03-31 13:27:24,571 [INFO] BlockDiagram:2775 - set Specific Code input for plugin: RCC
2026-03-31 13:27:24,571 [INFO] BlockDiagram:2775 - set Specific Code input for plugin: NVIC
2026-03-31 13:27:24,572 [INFO] BlockDiagram:2775 - set Specific Code input for plugin: GPIO
2026-03-31 13:27:24,573 [INFO] CodeGenerator:892 - code generatio: config db path: /opt/st/stm32cubeide_1.19.0/plugins/com.st.stm32cube.common.mx_6.15.0.202507011659//db/
2026-03-31 13:27:24,645 [INFO] CodeEngine:265 - oldGeneratedFile, /home/sunbeam/Desktop/workspace/RTOS_workspace/008Queues_n_timers/MXTmpFiles/license.tmp_save
2026-03-31 13:27:24,806 [INFO] CodeEngine:289 - Generated code: /home/sunbeam/Desktop/workspace/RTOS_workspace/008Queues_n_timers/MXTmpFiles/license.tmp
2026-03-31 13:27:24,860 [INFO] CodeEngine:265 - oldGeneratedFile, /home/sunbeam/Desktop/workspace/RTOS_workspace/008Queues_n_timers/MXTmpFiles/gpio.tmp_save
2026-03-31 13:27:24,975 [INFO] CodeEngine:289 - Generated code: /home/sunbeam/Desktop/workspace/RTOS_workspace/008Queues_n_timers/MXTmpFiles/gpio.tmp
2026-03-31 13:27:25,015 [INFO] CodeEngine:265 - oldGeneratedFile, /home/sunbeam/Desktop/workspace/RTOS_workspace/008Queues_n_timers/Core/Src/stm32f4xx_it.c_save
2026-03-31 13:27:25,155 [INFO] CodeEngine:289 - Generated code: /home/sunbeam/Desktop/workspace/RTOS_workspace/008Queues_n_timers/Core/Src/stm32f4xx_it.c
2026-03-31 13:27:25,157 [INFO] CodeEngine:265 - oldGeneratedFile, /home/sunbeam/Desktop/workspace/RTOS_workspace/008Queues_n_timers/Core/Inc/stm32f4xx_it.h_save
2026-03-31 13:27:25,253 [INFO] CodeEngine:289 - Generated code: /home/sunbeam/Desktop/workspace/RTOS_workspace/008Queues_n_timers/Core/Inc/stm32f4xx_it.h
2026-03-31 13:27:25,260 [INFO] CodeEngine:265 - oldGeneratedFile, /home/sunbeam/Desktop/workspace/RTOS_workspace/008Queues_n_timers/Core/Src/stm32f4xx_hal_msp.c_save
2026-03-31 13:27:25,388 [INFO] CodeEngine:289 - Generated code: /home/sunbeam/Desktop/workspace/RTOS_workspace/008Queues_n_timers/Core/Src/stm32f4xx_hal_msp.c
2026-03-31 13:27:25,389 [INFO] CodeEngine:265 - oldGeneratedFile, /home/sunbeam/Desktop/workspace/RTOS_workspace/008Queues_n_timers/MXTmpFiles/system.tmp_save
2026-03-31 13:27:25,465 [INFO] CodeEngine:289 - Generated code: /home/sunbeam/Desktop/workspace/RTOS_workspace/008Queues_n_timers/MXTmpFiles/system.tmp
2026-03-31 13:27:25,467 [INFO] CodeEngine:265 - oldGeneratedFile, /home/sunbeam/Desktop/workspace/RTOS_workspace/008Queues_n_timers/Core/Src/stm32f4xx_hal_timebase_tim.c_save
2026-03-31 13:27:25,549 [INFO] CodeEngine:289 - Generated code: /home/sunbeam/Desktop/workspace/RTOS_workspace/008Queues_n_timers/Core/Src/stm32f4xx_hal_timebase_tim.c
2026-03-31 13:27:25,554 [INFO] CodeEngine:321 - oldGeneratedFile, /home/sunbeam/Desktop/workspace/RTOS_workspace/008Queues_n_timers/Core/Inc/stm32f4xx_hal_conf.h_save
2026-03-31 13:27:25,645 [INFO] CodeEngine:345 - Generated code: /home/sunbeam/Desktop/workspace/RTOS_workspace/008Queues_n_timers/Core/Inc/stm32f4xx_hal_conf.h
2026-03-31 13:27:25,678 [INFO] CodeEngine:265 - oldGeneratedFile, /home/sunbeam/Desktop/workspace/RTOS_workspace/008Queues_n_timers/Core/Inc/main.h_save
2026-03-31 13:27:25,762 [INFO] CodeEngine:289 - Generated code: /home/sunbeam/Desktop/workspace/RTOS_workspace/008Queues_n_timers/Core/Inc/main.h
2026-03-31 13:27:25,764 [INFO] CodeEngine:265 - oldGeneratedFile, /home/sunbeam/Desktop/workspace/RTOS_workspace/008Queues_n_timers/Core/Src/main.c_save
2026-03-31 13:27:25,886 [INFO] CodeEngine:289 - Generated code: /home/sunbeam/Desktop/workspace/RTOS_workspace/008Queues_n_timers/Core/Src/main.c
2026-03-31 13:27:26,089 [INFO] ProjectBuilder:3606 - Time for Copy HAL[1] : 27mS.
2026-03-31 13:27:26,091 [INFO] ProjectBuilder:5216 - Project Generator version: 4.7.0-B52
2026-03-31 13:27:26,171 [INFO] ConfigFileManager:1595 - The Die is : DIE413
2026-03-31 13:27:26,937 [INFO] ProjectBuilder:5496 - Time for Generating toolchain IDE Files: 845mS.
2026-03-31 13:27:26,937 [INFO] ProjectBuilder:3463 - Time for Copy CMSIS : 0mS.
2026-03-31 13:27:26,937 [INFO] ProjectBuilder:3463 - Time for Copy CMSIS : 0mS.
2026-03-31 13:28:28,909 [ERROR] LogOutputStream:75 - [STDERR_REDIRECT] 
2026-03-31 13:28:33,673 [INFO] Activator:176 - 


2026-03-31 13:28:33,675 [INFO] Activator:177 - !SESSION log4j initialized
2026-03-31 13:28:43,318 [INFO] LogOutputStream:77 - [STDOUT_REDIRECT] 
2026-03-31 13:28:45,228 [INFO] ApplicationProperties:184 - Using Application install path: /opt/st/stm32cubeide_1.19.0/plugins/com.st.stm32cube.common.mx_6.15.0.202507011659
2026-03-31 13:28:45,243 [INFO] DbMcusXml:78 - Set database path to: /opt/st/stm32cubeide_1.19.0/plugins/com.st.stm32cube.common.mx_6.15.0.202507011659//db//mcu/
2026-03-31 13:28:45,243 [INFO] ApiDb:274 - Set plugin database path to: /opt/st/stm32cubeide_1.19.0/plugins/com.st.stm32cube.common.mx_6.15.0.202507011659//db//plugins/boardmanager/
2026-03-31 13:28:45,244 [WARN] ApiDb:259 - Overriding images path with different value:  => /opt/st/stm32cubeide_1.19.0/plugins/com.st.stm32cube.common.mx_6.15.0.202507011659//db//plugins/mcufinder/images/
2026-03-31 13:28:45,246 [INFO] ApiDb:250 - Set database path to: /home/sunbeam/.stmcufinder/plugins/mcufinder//mcu/
2026-03-31 13:28:45,248 [INFO] DbMcusAds:125 - Set database path to: /home/sunbeam/.stmcufinder/plugins/mcufinder//mcu/
2026-03-31 13:28:45,359 [INFO] CrossReferenceDbSqlite:203 - Set database path to: /home/sunbeam/.stmcufinder/plugins/mcufinder//mcu/cs/
2026-03-31 13:28:45,472 [INFO] RulesReader:64 - Compatibility file has been processed (317 Rules)
2026-03-31 13:28:45,513 [INFO] DbMcusXml:78 - Set database path to: /opt/st/stm32cubeide_1.19.0/plugins/com.st.stm32cube.common.mx_6.15.0.202507011659//db//mcu/
2026-03-31 13:28:45,514 [INFO] ApiDb:274 - Set plugin database path to: /opt/st/stm32cubeide_1.19.0/plugins/com.st.stm32cube.common.mx_6.15.0.202507011659//db//plugins/boardmanager/
2026-03-31 13:28:45,514 [INFO] ApiDb:261 - Set plugin images path to: /opt/st/stm32cubeide_1.19.0/plugins/com.st.stm32cube.common.mx_6.15.0.202507011659//db//plugins/mcufinder/images/
2026-03-31 13:28:45,514 [WARN] DbFile:41 - Overriding database path with different value: /home/sunbeam/.stmcufinder/plugins/mcufinder/ => /home/sunbeam/.stmcufinder/plugins/mcufinder
2026-03-31 13:28:45,514 [INFO] ApiDb:250 - Set database path to: /home/sunbeam/.stmcufinder/plugins/mcufinder//mcu/
2026-03-31 13:28:45,514 [WARN] DbFile:41 - Overriding database path with different value: /home/sunbeam/.stmcufinder/plugins/mcufinder/ => /home/sunbeam/.stmcufinder/plugins/mcufinder
2026-03-31 13:28:45,514 [INFO] DbMcusAds:125 - Set database path to: /home/sunbeam/.stmcufinder/plugins/mcufinder//mcu/
2026-03-31 13:28:45,514 [WARN] DbFile:41 - Overriding database path with different value: /home/sunbeam/.stmcufinder/plugins/mcufinder/ => /home/sunbeam/.stmcufinder/plugins/mcufinder
2026-03-31 13:28:45,514 [WARN] DbFile:41 - Overriding database path with different value: /home/sunbeam/.stmcufinder/plugins/mcufinder/ => /home/sunbeam/.stmcufinder/plugins/mcufinder
2026-03-31 13:28:45,876 [INFO] CrossReferenceDbSqlite:203 - Set database path to: /home/sunbeam/.stmcufinder/plugins/mcufinder//mcu/cs/
2026-03-31 13:28:45,925 [INFO] MainPanel:274 - HeapMemory: 268435456
2026-03-31 13:28:46,008 [INFO] DbMcusXml:78 - Set database path to: /opt/st/stm32cubeide_1.19.0/plugins/com.st.stm32cube.common.mx_6.15.0.202507011659//db//mcu/
2026-03-31 13:28:46,008 [INFO] ApiDb:274 - Set plugin database path to: /opt/st/stm32cubeide_1.19.0/plugins/com.st.stm32cube.common.mx_6.15.0.202507011659//db//plugins/boardmanager/
2026-03-31 13:28:46,008 [INFO] ApiDb:261 - Set plugin images path to: /opt/st/stm32cubeide_1.19.0/plugins/com.st.stm32cube.common.mx_6.15.0.202507011659//db//plugins/mcufinder/images/
2026-03-31 13:28:46,008 [WARN] DbFile:41 - Overriding database path with different value: /home/sunbeam/.stmcufinder/plugins/mcufinder/ => /home/sunbeam/.stmcufinder/plugins/mcufinder
2026-03-31 13:28:46,008 [INFO] ApiDb:250 - Set database path to: /home/sunbeam/.stmcufinder/plugins/mcufinder//mcu/
2026-03-31 13:28:46,008 [WARN] DbFile:41 - Overriding database path with different value: /home/sunbeam/.stmcufinder/plugins/mcufinder/ => /home/sunbeam/.stmcufinder/plugins/mcufinder
2026-03-31 13:28:46,008 [INFO] DbMcusAds:125 - Set database path to: /home/sunbeam/.stmcufinder/plugins/mcufinder//mcu/
2026-03-31 13:28:46,009 [WARN] DbFile:41 - Overriding database path with different value: /home/sunbeam/.stmcufinder/plugins/mcufinder/ => /home/sunbeam/.stmcufinder/plugins/mcufinder
2026-03-31 13:28:46,009 [WARN] DbFile:41 - Overriding database path with different value: /home/sunbeam/.stmcufinder/plugins/mcufinder/ => /home/sunbeam/.stmcufinder/plugins/mcufinder
2026-03-31 13:28:46,080 [INFO] CrossReferenceDbSqlite:203 - Set database path to: /home/sunbeam/.stmcufinder/plugins/mcufinder//mcu/cs/
2026-03-31 13:28:46,099 [INFO] ApplicationProperties:184 - Using Application install path: /opt/st/stm32cubeide_1.19.0/plugins/com.st.stm32cube.common.mx_6.15.0.202507011659
2026-03-31 13:28:46,101 [INFO] PluginManage:196 - Search for loadable plugins [exclusion list=, ]
2026-03-31 13:28:46,101 [INFO] PluginManage:310 - Check plugin analytics
2026-03-31 13:28:46,345 [INFO] AnalyticsPlugin:253 - Accepted Software Licenses: 
2026-03-31 13:28:46,345 [INFO] AnalyticsPlugin:255 - Accepted CMSIS Pack Licenses: 
2026-03-31 13:28:46,345 [INFO] AnalyticsPlugin:257 - Accepted Firmware Licenses: FW.F4.1.28.0
2026-03-31 13:28:46,348 [INFO] PluginManage:359 - Loaded plugin analytics (category:tool,tabindex:-1)
2026-03-31 13:28:46,348 [INFO] PluginManage:310 - Check plugin cadmodel
2026-03-31 13:28:46,351 [INFO] CADModel:105 - Init CAD model plugin
2026-03-31 13:28:46,352 [INFO] PluginManage:359 - Loaded plugin cadmodel (category:power,tabindex:5)
2026-03-31 13:28:46,352 [INFO] PluginManage:310 - Check plugin clock
2026-03-31 13:28:46,358 [INFO] PluginManage:359 - Loaded plugin clock (category:base,tabindex:2)
2026-03-31 13:28:46,358 [INFO] PluginManage:310 - Check plugin ddr
2026-03-31 13:28:46,359 [INFO] PluginManage:359 - Loaded plugin ddr (category:tool,tabindex:6)
2026-03-31 13:28:46,359 [INFO] PluginManage:310 - Check plugin filemanager
2026-03-31 13:28:46,466 [INFO] PluginManage:359 - Loaded plugin filemanager (category:base,tabindex:10)
2026-03-31 13:28:46,466 [INFO] PluginManage:310 - Check plugin ipmanager
2026-03-31 13:28:46,470 [INFO] PluginManage:359 - Loaded plugin ipmanager (category:base,tabindex:5)
2026-03-31 13:28:46,470 [INFO] PluginManage:310 - Check plugin lpbam
2026-03-31 13:28:46,478 [INFO] PluginManage:359 - Loaded plugin lpbam (category:base,tabindex:0)
2026-03-31 13:28:46,478 [INFO] PluginManage:310 - Check plugin memorymap
2026-03-31 13:28:46,486 [INFO] PluginManage:359 - Loaded plugin memorymap (category:base,tabindex:4)
2026-03-31 13:28:46,487 [INFO] PluginManage:310 - Check plugin pinoutandconfiguration
2026-03-31 13:28:46,492 [INFO] PluginManage:359 - Loaded plugin pinoutandconfiguration (category:base,tabindex:1)
2026-03-31 13:28:46,492 [INFO] PluginManage:310 - Check plugin pinoutconfig
2026-03-31 13:28:46,554 [WARN] SupportedApi:132 - Cannot load RTOS API schema: s4s-elt-must-match.1: The content of 'definitions' must match (annotation?, (simpleType | complexType)?, (unique | key | keyref)*)). A problem was found starting at: attribute.
2026-03-31 13:28:46,664 [INFO] PluginManage:359 - Loaded plugin pinoutconfig (category:base,tabindex:0)
2026-03-31 13:28:46,664 [INFO] PluginManage:310 - Check plugin power
2026-03-31 13:28:46,670 [INFO] PluginManage:359 - Loaded plugin power (category:power,tabindex:4)
2026-03-31 13:28:46,670 [INFO] PluginManage:310 - Check plugin projectmanager
2026-03-31 13:28:46,685 [INFO] PluginManage:359 - Loaded plugin projectmanager (category:projectmanager,tabindex:4)
2026-03-31 13:28:46,685 [INFO] PluginManage:310 - Check plugin rif
2026-03-31 13:28:46,695 [INFO] PluginManage:359 - Loaded plugin rif (category:base,tabindex:3)
2026-03-31 13:28:46,695 [INFO] PluginManage:310 - Check plugin thirdparty
2026-03-31 13:28:46,788 [WARN] IntegrityCheckThread:84 - waiting for thirdparty lock release [integrity check]
2026-03-31 13:28:46,788 [INFO] IntegrityCheckThread:86 - entering critical section [integrity check]
2026-03-31 13:28:46,788 [INFO] PluginManage:359 - Loaded plugin thirdparty (category:base,tabindex:-1)
2026-03-31 13:28:46,788 [INFO] ThirdPartyUpdaterWithRetryManager:70 - Updater plugin not ready yet. [1/15]
2026-03-31 13:28:46,788 [INFO] PluginManage:310 - Check plugin tools
2026-03-31 13:28:46,790 [INFO] PluginManage:359 - Loaded plugin tools (category:base,tabindex:7)
2026-03-31 13:28:46,790 [INFO] PluginManage:310 - Check plugin tutovideos
2026-03-31 13:28:46,939 [INFO] PluginManage:359 - Loaded plugin tutovideos (category:base,tabindex:-1)
2026-03-31 13:28:46,939 [INFO] PluginManage:310 - Check plugin updater
2026-03-31 13:28:46,958 [INFO] PluginManage:359 - Loaded plugin updater (category:base,tabindex:12)
2026-03-31 13:28:46,958 [INFO] PluginManage:310 - Check plugin userauth
2026-03-31 13:28:46,961 [INFO] UserAuth:118 - Init User Auth plugin
2026-03-31 13:28:46,962 [INFO] PluginManage:359 - Loaded plugin userauth (category:base,tabindex:14)
2026-03-31 13:28:46,962 [INFO] PluginManage:283 - PluginManage : Loaded plugins [18]
2026-03-31 13:28:47,096 [INFO] PinOutPanel:1589 - setPackage(No Configuration,No Configuration)
2026-03-31 13:28:47,147 [INFO] CADModel:165 - CPN selected for project level
2026-03-31 13:28:47,147 [INFO] CADModel:114 - Register for checkConnection events
2026-03-31 13:28:47,154 [INFO] IPUIPlugin:80 - create IPUIPlugin
2026-03-31 13:28:47,154 [INFO] PluginManager:220 - loadIPPluginJar : add dfsdm
2026-03-31 13:28:47,156 [INFO] IPUIPlugin:80 - create IPUIPlugin
2026-03-31 13:28:47,157 [INFO] PluginManager:220 - loadIPPluginJar : add gfxmmu
2026-03-31 13:28:47,158 [INFO] IPUIPlugin:80 - create IPUIPlugin
2026-03-31 13:28:47,158 [INFO] PluginManager:220 - loadIPPluginJar : add i3c
2026-03-31 13:28:47,160 [INFO] IPUIPlugin:80 - create IPUIPlugin
2026-03-31 13:28:47,160 [INFO] PluginManager:220 - loadIPPluginJar : add sai
2026-03-31 13:28:47,165 [INFO] IPUIPlugin:80 - create IPUIPlugin
2026-03-31 13:28:47,165 [INFO] PluginManager:220 - loadIPPluginJar : add dma
2026-03-31 13:28:47,166 [INFO] IPUIPlugin:80 - create IPUIPlugin
2026-03-31 13:28:47,166 [INFO] PluginManager:220 - loadIPPluginJar : add quadspi
2026-03-31 13:28:47,169 [INFO] IPUIPlugin:80 - create IPUIPlugin
2026-03-31 13:28:47,169 [INFO] PluginManager:220 - loadIPPluginJar : add opamp
2026-03-31 13:28:47,170 [INFO] IPUIPlugin:80 - create IPUIPlugin
2026-03-31 13:28:47,170 [INFO] PluginManager:220 - loadIPPluginJar : add comp
2026-03-31 13:28:47,173 [INFO] IPUIPlugin:80 - create IPUIPlugin
2026-03-31 13:28:47,175 [INFO] PluginManager:220 - loadIPPluginJar : add plateformsettings
2026-03-31 13:28:47,176 [INFO] IPUIPlugin:80 - create IPUIPlugin
2026-03-31 13:28:47,176 [INFO] PluginManager:220 - loadIPPluginJar : add ltdc
2026-03-31 13:28:47,178 [INFO] IPUIPlugin:80 - create IPUIPlugin
2026-03-31 13:28:47,178 [INFO] PluginManager:220 - loadIPPluginJar : add nvic
2026-03-31 13:28:47,179 [INFO] IPUIPlugin:80 - create IPUIPlugin
2026-03-31 13:28:47,179 [INFO] PluginManager:220 - loadIPPluginJar : add fatfs
2026-03-31 13:28:47,182 [INFO] IPUIPlugin:80 - create IPUIPlugin
2026-03-31 13:28:47,182 [INFO] PluginManager:220 - loadIPPluginJar : add gpio
2026-03-31 13:28:47,183 [INFO] IPUIPlugin:80 - create IPUIPlugin
2026-03-31 13:28:47,183 [INFO] PluginManager:220 - loadIPPluginJar : add aes
2026-03-31 13:28:47,187 [INFO] IPUIPlugin:80 - create IPUIPlugin
2026-03-31 13:28:47,187 [INFO] PluginManager:220 - loadIPPluginJar : add mdma
2026-03-31 13:28:47,189 [INFO] IPUIPlugin:80 - create IPUIPlugin
2026-03-31 13:28:47,189 [INFO] PluginManager:220 - loadIPPluginJar : add pdm2pcm
2026-03-31 13:28:47,194 [INFO] IPUIPlugin:80 - create IPUIPlugin
2026-03-31 13:28:47,194 [INFO] PluginManager:220 - loadIPPluginJar : add linkedlist
2026-03-31 13:28:47,195 [INFO] IPUIPlugin:80 - create IPUIPlugin
2026-03-31 13:28:47,196 [INFO] PluginManager:220 - loadIPPluginJar : add usart
2026-03-31 13:28:47,197 [INFO] IPUIPlugin:80 - create IPUIPlugin
2026-03-31 13:28:47,197 [INFO] PluginManager:220 - loadIPPluginJar : add i2c
2026-03-31 13:28:47,198 [INFO] IPUIPlugin:80 - create IPUIPlugin
2026-03-31 13:28:47,199 [INFO] PluginManager:220 - loadIPPluginJar : add lorawan
2026-03-31 13:28:47,200 [INFO] IPUIPlugin:80 - create IPUIPlugin
2026-03-31 13:28:47,200 [INFO] PluginManager:220 - loadIPPluginJar : add usbx
2026-03-31 13:28:47,203 [INFO] IPUIPlugin:80 - create IPUIPlugin
2026-03-31 13:28:47,203 [INFO] PluginManager:220 - loadIPPluginJar : add fmc
2026-03-31 13:28:47,205 [INFO] IPUIPlugin:80 - create IPUIPlugin
2026-03-31 13:28:47,205 [INFO] PluginManager:220 - loadIPPluginJar : add extmemmanager
2026-03-31 13:28:47,209 [INFO] IPUIPlugin:80 - create IPUIPlugin
2026-03-31 13:28:47,209 [INFO] PluginManager:220 - loadIPPluginJar : add freertos
2026-03-31 13:28:47,211 [INFO] IPUIPlugin:80 - create IPUIPlugin
2026-03-31 13:28:47,212 [INFO] PluginManager:220 - loadIPPluginJar : add can
2026-03-31 13:28:47,214 [INFO] IPUIPlugin:80 - create IPUIPlugin
2026-03-31 13:28:47,214 [INFO] PluginManager:220 - loadIPPluginJar : add touchsensing
2026-03-31 13:28:47,215 [INFO] IPUIPlugin:80 - create IPUIPlugin
2026-03-31 13:28:47,215 [INFO] PluginManager:220 - loadIPPluginJar : add tracer_emb
2026-03-31 13:28:47,217 [INFO] IPUIPlugin:80 - create IPUIPlugin
2026-03-31 13:28:47,217 [INFO] PluginManager:220 - loadIPPluginJar : add ucpd
2026-03-31 13:28:47,218 [INFO] IPUIPlugin:80 - create IPUIPlugin
2026-03-31 13:28:47,218 [INFO] PluginManager:220 - loadIPPluginJar : add ts
2026-03-31 13:28:47,218 [INFO] IPUIPlugin:80 - create IPUIPlugin
2026-03-31 13:28:47,219 [INFO] PluginManager:220 - loadIPPluginJar : add tsc
2026-03-31 13:28:47,220 [INFO] IPUIPlugin:80 - create IPUIPlugin
2026-03-31 13:28:47,220 [INFO] PluginManager:220 - loadIPPluginJar : add resmgrutility
2026-03-31 13:28:47,222 [INFO] IPUIPlugin:80 - create IPUIPlugin
2026-03-31 13:28:47,222 [INFO] PluginManager:220 - loadIPPluginJar : add cryp
2026-03-31 13:28:47,223 [INFO] IPUIPlugin:80 - create IPUIPlugin
2026-03-31 13:28:47,223 [INFO] PluginManager:220 - loadIPPluginJar : add openamp
2026-03-31 13:28:47,227 [INFO] IPUIPlugin:80 - create IPUIPlugin
2026-03-31 13:28:47,227 [INFO] PluginManager:220 - loadIPPluginJar : add adc
2026-03-31 13:28:47,228 [INFO] IPUIPlugin:80 - create IPUIPlugin
2026-03-31 13:28:47,229 [INFO] PluginManager:220 - loadIPPluginJar : add spi
2026-03-31 13:28:47,231 [INFO] IPUIPlugin:80 - create IPUIPlugin
2026-03-31 13:28:47,231 [INFO] PluginManager:220 - loadIPPluginJar : add ipddr
2026-03-31 13:28:47,235 [INFO] IPUIPlugin:80 - create IPUIPlugin
2026-03-31 13:28:47,235 [INFO] PluginManager:220 - loadIPPluginJar : add stm32_wpan
2026-03-31 13:28:47,239 [INFO] IPUIPlugin:80 - create IPUIPlugin
2026-03-31 13:28:47,239 [INFO] PluginManager:220 - loadIPPluginJar : add gic
2026-03-31 13:28:47,241 [INFO] IPUIPlugin:80 - create IPUIPlugin
2026-03-31 13:28:47,241 [INFO] PluginManager:220 - loadIPPluginJar : add ddr_ctrl_phy
2026-03-31 13:28:47,242 [INFO] IPUIPlugin:80 - create IPUIPlugin
2026-03-31 13:28:47,242 [INFO] PluginManager:220 - loadIPPluginJar : add genericplugin
2026-03-31 13:28:47,244 [INFO] IPUIPlugin:80 - create IPUIPlugin
2026-03-31 13:28:47,244 [INFO] PluginManager:220 - loadIPPluginJar : add hash
2026-03-31 13:28:47,245 [INFO] IPUIPlugin:80 - create IPUIPlugin
2026-03-31 13:28:47,245 [INFO] PluginManager:220 - loadIPPluginJar : add tim
2026-03-31 13:28:47,246 [INFO] IPUIPlugin:80 - create IPUIPlugin
2026-03-31 13:28:47,246 [INFO] PluginManager:220 - loadIPPluginJar : add radio
2026-03-31 13:28:47,248 [INFO] IPUIPlugin:80 - create IPUIPlugin
2026-03-31 13:28:47,248 [INFO] PluginManager:220 - loadIPPluginJar : add gtzc
2026-03-31 13:28:47,249 [INFO] IPUIPlugin:80 - create IPUIPlugin
2026-03-31 13:28:47,249 [INFO] PluginManager:220 - loadIPPluginJar : add i2s
2026-03-31 13:28:47,250 [INFO] IPUIPlugin:80 - create IPUIPlugin
2026-03-31 13:28:47,251 [INFO] PluginManager:220 - loadIPPluginJar : add dma3
2026-03-31 13:28:47,350 [FATAL] Updater:351 - Updater called before beeing initialized
2026-03-31 13:28:47,382 [INFO] RulesReader:64 - Compatibility file has been processed (317 Rules)
2026-03-31 13:28:47,391 [INFO] RulesReader:64 - Compatibility file has been processed (317 Rules)
2026-03-31 13:28:47,396 [INFO] CADModel:165 - CPN selected for project level
2026-03-31 13:28:47,397 [INFO] CADModel:114 - Register for checkConnection events
2026-03-31 13:28:47,397 [FATAL] Updater:351 - Updater called before beeing initialized
2026-03-31 13:28:47,397 [ERROR] CADModel:125 - Updater not yet initialized, retry later 
2026-03-31 13:28:47,497 [FATAL] Updater:351 - Updater called before beeing initialized
2026-03-31 13:28:47,498 [INFO] CADModel:165 - CPN selected for project level
2026-03-31 13:28:47,498 [INFO] CADModel:114 - Register for checkConnection events
2026-03-31 13:28:47,498 [FATAL] Updater:351 - Updater called before beeing initialized
2026-03-31 13:28:47,498 [ERROR] CADModel:125 - Updater not yet initialized, retry later 
2026-03-31 13:28:47,501 [FATAL] Updater:351 - Updater called before beeing initialized
2026-03-31 13:28:47,562 [FATAL] Updater:351 - Updater called before beeing initialized
2026-03-31 13:28:47,565 [INFO] DbMcusAds:53 - JSON generation date=Thu Mar 05 20:02:52 IST 2026 (1772721172890)
2026-03-31 13:28:47,565 [FATAL] Updater:351 - Updater called before beeing initialized
2026-03-31 13:28:47,592 [WARN] DetailPanel:346 - Failed to get advertising image, set to default
2026-03-31 13:28:47,651 [FATAL] Updater:351 - Updater called before beeing initialized
2026-03-31 13:28:47,653 [FATAL] Updater:351 - Updater called before beeing initialized
2026-03-31 13:28:47,653 [FATAL] Updater:351 - Updater called before beeing initialized
2026-03-31 13:28:47,653 [WARN] DetailPanel:346 - Failed to get advertising image, set to default
2026-03-31 13:28:47,654 [FATAL] Updater:351 - Updater called before beeing initialized
2026-03-31 13:28:47,678 [ERROR] Updater:1198 - MainUpdater not yet initialized. External WinMGr cannot be set.
2026-03-31 13:28:47,680 [INFO] Updater:1134 - Updater Version found : 6.15.0
2026-03-31 13:28:47,695 [INFO] ApplicationProperties:184 - Using Application install path: /opt/st/stm32cubeide_1.19.0/plugins/com.st.stm32cube.common.mx_6.15.0.202507011659
2026-03-31 13:28:48,069 [INFO] MainUpdater:2872 - connection check result : 10
2026-03-31 13:28:48,069 [INFO] MainUpdater:289 - Updater Check For Update Now.
2026-03-31 13:28:48,069 [INFO] MicroXplorer:498 - Change Database Version : DB.6.0.150
2026-03-31 13:28:48,073 [INFO] McuFinderGlobals:63 - Set McuFinder mode to 2 (CubeIDE integrated)
2026-03-31 13:28:48,073 [INFO] UserAuth:171 - activating auth plugin
2026-03-31 13:28:48,076 [INFO] UserAuth:487 - Internet connection configuration mode: 1
2026-03-31 13:28:48,092 [INFO] JxBrowserEngine:152 - Initiate JxBrowser Engine with user profile folder
2026-03-31 13:28:48,226 [INFO] CheckServerUpdateThread:120 - End of CheckServer Thread
2026-03-31 13:28:48,583 [INFO] WebApp:169 - Instantiating new browser for Auth
2026-03-31 13:28:49,074 [INFO] WebApp:463 - Apply proxy settings
2026-03-31 13:28:49,075 [INFO] WebApp:548 - Chromium requires no authentication
2026-03-31 13:28:49,082 [INFO] WebApp:491 - Direct internet connection detected
2026-03-31 13:28:49,096 [INFO] WebApp:900 - Register for checkConnection events
2026-03-31 13:28:49,096 [INFO] WebApp:463 - Apply proxy settings
2026-03-31 13:28:49,096 [INFO] WebApp:548 - Chromium requires no authentication
2026-03-31 13:28:49,097 [INFO] WebApp:491 - Direct internet connection detected
2026-03-31 13:28:49,202 [INFO] WebApp:225 - Starting web application
2026-03-31 13:28:49,202 [INFO] WebApp:593 - Web application path used /opt/st/stm32cubeide_1.19.0/plugins/com.st.stm32cube.common.mx_6.15.0.202507011659/db/plugins/mcufinder/reactClient1/index.html
2026-03-31 13:28:49,879 [WARN] PackLoader:240 - Cannot read IP mode file for STMicroelectronics.FP-SNS-MOTENVWB1.1.4.0
2026-03-31 13:28:49,885 [WARN] PackLoader:240 - Cannot read IP mode file for STMicroelectronics.FP-ATR-ASTRA1.2.0.2
2026-03-31 13:28:49,889 [WARN] PackLoader:240 - Cannot read IP mode file for STMicroelectronics.X-CUBE-SMBUS.2.1.0
2026-03-31 13:28:49,893 [WARN] PackLoader:240 - Cannot read IP mode file for STMicroelectronics.X-CUBE-ST60.1.0.0
2026-03-31 13:28:49,920 [WARN] PackLoader:240 - Cannot read IP mode file for STMicroelectronics.X-CUBE-AZRTOS-F7.1.1.0
2026-03-31 13:28:49,929 [WARN] PackLoader:240 - Cannot read IP mode file for STMicroelectronics.FP-SNS-MOTENV1.5.1.0
2026-03-31 13:28:49,953 [WARN] PackLoader:240 - Cannot read IP mode file for Infineon.AIROC-Wi-Fi-Bluetooth-STM32.1.7.1
2026-03-31 13:28:49,981 [WARN] PackLoader:240 - Cannot read IP mode file for STMicroelectronics.X-CUBE-AZRTOS-H7.3.4.0
2026-03-31 13:28:50,013 [WARN] PackLoader:240 - Cannot read IP mode file for STMicroelectronics.X-CUBE-DISPLAY.3.0.0
2026-03-31 13:28:50,022 [WARN] PackLoader:240 - Cannot read IP mode file for STMicroelectronics.FP-SNS-MOTENVWB1.1.5.0
2026-03-31 13:28:50,030 [WARN] PackLoader:240 - Cannot read IP mode file for STMicroelectronics.X-CUBE-NFC10.1.0.0
2026-03-31 13:28:50,041 [WARN] PackLoader:240 - Cannot read IP mode file for STMicroelectronics.X-CUBE-BLEMGR.4.0.0
2026-03-31 13:28:50,049 [WARN] PackLoader:240 - Cannot read IP mode file for STMicroelectronics.X-CUBE-ST60.1.1.0
2026-03-31 13:28:50,054 [WARN] PackLoader:240 - Cannot read IP mode file for emotas.I-CUBE-CANOPEN.1.3.0
2026-03-31 13:28:50,059 [WARN] PackLoader:240 - Cannot read IP mode file for STMicroelectronics.X-CUBE-GNSS1.7.1.0
2026-03-31 13:28:50,064 [WARN] ConditionMgr:438 - getConditionDescription Invalid condition id : Cortex-A Device cause : null
2026-03-31 13:28:50,077 [WARN] ConditionMgr:1044 - genDependencies : Invalid condition id : Cortex-A Device cause : null
2026-03-31 13:28:50,077 [WARN] ConditionMgr:1044 - genDependencies : Invalid condition id : Cortex-A Device cause : null
2026-03-31 13:28:50,077 [WARN] ConditionMgr:1044 - genDependencies : Invalid condition id : Cortex-A Device cause : null
2026-03-31 13:28:50,085 [WARN] PackLoader:240 - Cannot read IP mode file for STMicroelectronics.FP-SNS-STBOX1.2.1.0
2026-03-31 13:28:50,091 [WARN] PackLoader:240 - Cannot read IP mode file for STMicroelectronics.FP-SNS-SMARTAG2.1.2.0
2026-03-31 13:28:50,095 [WARN] PackLoader:240 - Cannot read IP mode file for STMicroelectronics.FP-SNS-FLIGHT1.5.1.0
2026-03-31 13:28:50,102 [INFO] WebApp:191 - Connection restablished
2026-03-31 13:28:50,105 [INFO] LogOutputStream:77 - [STDOUT_REDIRECT] 1 : Invalid condition id : UX_CORESTACK_Condition cause : null
2026-03-31 13:28:50,106 [INFO] LogOutputStream:77 - [STDOUT_REDIRECT] 1 : Invalid condition id : UX_CORESTACK_Condition cause : null
2026-03-31 13:28:50,106 [INFO] LogOutputStream:77 - [STDOUT_REDIRECT] 1 : Invalid condition id : UX_CORESTACK_Condition cause : null
2026-03-31 13:28:50,106 [INFO] LogOutputStream:77 - [STDOUT_REDIRECT] 1 : Invalid condition id : UX_CORESTACK_Condition cause : null
2026-03-31 13:28:50,107 [INFO] LogOutputStream:77 - [STDOUT_REDIRECT] 1 : Invalid condition id : UX_CORESTACK_Condition cause : null
2026-03-31 13:28:50,110 [WARN] PackLoader:240 - Cannot read IP mode file for STMicroelectronics.X-CUBE-AZRTOS-WL.2.0.0
2026-03-31 13:28:50,116 [WARN] PackLoader:240 - Cannot read IP mode file for STMicroelectronics.FP-SNS-MOTENV1.5.0.0
2026-03-31 13:28:50,160 [WARN] PackLoader:240 - Cannot read IP mode file for STMicroelectronics.X-CUBE-AZRTOS-H7RS.1.2.0
2026-03-31 13:28:50,172 [WARN] PackLoader:240 - Cannot read IP mode file for WES.I-CUBE-Cesium.1.3.0
2026-03-31 13:28:50,178 [WARN] PackLoader:240 - Cannot read IP mode file for STMicroelectronics.X-CUBE-BLE2.3.3.0
2026-03-31 13:28:50,196 [WARN] PackLoader:240 - Cannot read IP mode file for STMicroelectronics.X-CUBE-NFC9.1.0.0
2026-03-31 13:28:50,204 [WARN] PackLoader:240 - Cannot read IP mode file for wolfSSL.I-CUBE-wolfSSL.5.8.0
2026-03-31 13:28:50,208 [WARN] PackLoader:240 - Cannot read IP mode file for STMicroelectronics.X-CUBE-BLE1.7.1.0
2026-03-31 13:28:50,212 [WARN] PackLoader:240 - Cannot read IP mode file for wolfSSL.I-CUBE-wolfMQTT.1.19.2
2026-03-31 13:28:50,217 [WARN] PackLoader:240 - Cannot read IP mode file for STMicroelectronics.X-CUBE-FREERTOS.1.4.0
2026-03-31 13:28:50,222 [WARN] PackLoader:240 - Cannot read IP mode file for STMicroelectronics.X-CUBE-EEPRMA1.5.2.0
2026-03-31 13:28:50,229 [WARN] PackLoader:240 - Cannot read IP mode file for STMicroelectronics.X-CUBE-ST67W61.1.1.0
2026-03-31 13:28:50,232 [WARN] PackLoader:240 - Cannot read IP mode file for STMicroelectronics.X-CUBE-AI.10.1.0
2026-03-31 13:28:50,274 [WARN] PackLoader:240 - Cannot read IP mode file for STMicroelectronics.X-CUBE-MEMS1.12.0.0
2026-03-31 13:28:50,393 [WARN] PackLoader:240 - Cannot read IP mode file for STMicroelectronics.X-CUBE-AZRTOS-G0.1.1.0
2026-03-31 13:28:50,400 [WARN] PackLoader:240 - Cannot read IP mode file for STMicroelectronics.X-CUBE-SAFEA1.1.2.2
2026-03-31 13:28:50,405 [WARN] PackLoader:240 - Cannot read IP mode file for STMicroelectronics.X-CUBE-NFC4.3.0.0
2026-03-31 13:28:50,413 [WARN] PackLoader:240 - Cannot read IP mode file for EmbeddedOffice.I-CUBE-FS-RTOS.1.0.1
2026-03-31 13:28:50,420 [WARN] PackLoader:240 - Cannot read IP mode file for STMicroelectronics.X-CUBE-WB05N.2.0.0
2026-03-31 13:28:50,425 [WARN] PackLoader:240 - Cannot read IP mode file for wolfSSL.I-CUBE-wolfTPM.3.8.0
2026-03-31 13:28:50,429 [WARN] PackLoader:240 - Cannot read IP mode file for STMicroelectronics.X-CUBE-TCPP.4.2.0
2026-03-31 13:28:50,434 [WARN] PackLoader:240 - Cannot read IP mode file for RealThread.X-CUBE-RT-Thread_Nano.4.1.1
2026-03-31 13:28:50,437 [WARN] PackLoader:240 - Cannot read IP mode file for STMicroelectronics.FP-ATR-SIGFOX1.3.2.0
2026-03-31 13:28:50,442 [WARN] PackLoader:240 - Cannot read IP mode file for STMicroelectronics.X-CUBE-EEPRMA1.5.1.0
2026-03-31 13:28:50,448 [WARN] PackLoader:240 - Cannot read IP mode file for ITTIA_DB.I-CUBE-ITTIADB.8.9.0
2026-03-31 13:28:50,454 [WARN] PackLoader:240 - Cannot read IP mode file for STMicroelectronics.X-CUBE-NFC6.3.2.0
2026-03-31 13:28:50,462 [WARN] PackLoader:240 - Cannot read IP mode file for STMicroelectronics.X-CUBE-ST67W61.1.0.0
2026-03-31 13:28:50,465 [WARN] PackLoader:240 - Cannot read IP mode file for STMicroelectronics.X-CUBE-AI.10.2.0
2026-03-31 13:28:50,490 [WARN] PackLoader:240 - Cannot read IP mode file for SEGGER.I-CUBE-embOS.1.3.1
2026-03-31 13:28:50,541 [WARN] PackLoader:240 - Cannot read IP mode file for STMicroelectronics.X-CUBE-ALGOBUILD.1.4.0
2026-03-31 13:28:50,590 [WARN] PackLoader:240 - Cannot read IP mode file for STMicroelectronics.X-CUBE-MEMS1.11.3.0
2026-03-31 13:28:50,674 [WARN] PackLoader:240 - Cannot read IP mode file for STMicroelectronics.X-CUBE-PM33A1.1.0.0
2026-03-31 13:28:50,689 [WARN] PackLoader:240 - Cannot read IP mode file for STMicroelectronics.X-CUBE-AZRTOS-F4.1.1.0
2026-03-31 13:28:50,694 [WARN] PackLoader:240 - Cannot read IP mode file for Avnet-IotConnect.X-CUBE-IoTC-DA16k-PMOD.1.0.0
2026-03-31 13:28:50,697 [WARN] PackLoader:240 - Cannot read IP mode file for STMicroelectronics.X-CUBE-ISPU.2.1.0
2026-03-31 13:28:50,708 [WARN] PackLoader:240 - Cannot read IP mode file for STMicroelectronics.X-CUBE-IPS.3.2.0
2026-03-31 13:28:50,719 [WARN] PackLoader:240 - Cannot read IP mode file for STMicroelectronics.X-CUBE-NFC12.1.0.0
2026-03-31 13:28:50,736 [WARN] PackLoader:240 - Cannot read IP mode file for STMicroelectronics.X-CUBE-AZRTOS-L5.2.0.0
2026-03-31 13:28:50,762 [WARN] PackLoader:240 - Cannot read IP mode file for STMicroelectronics.X-CUBE-NFC6.3.1.0
2026-03-31 13:28:50,771 [WARN] PackLoader:240 - Cannot read IP mode file for STMicroelectronics.X-CUBE-FREERTOS.1.3.1
2026-03-31 13:28:50,775 [WARN] PackLoader:240 - Cannot read IP mode file for STMicroelectronics.X-CUBE-TOUCHGFX.4.26.0
2026-03-31 13:28:50,779 [WARN] PackLoader:240 - Cannot read IP mode file for STMicroelectronics.FP-SNS-STAIOTCFT.1.0.0
2026-03-31 13:28:50,782 [WARN] PackLoader:240 - Cannot read IP mode file for STMicroelectronics.X-CUBE-DPower.1.3.0
2026-03-31 13:28:50,796 [WARN] ConditionMgr:438 - getConditionDescription Invalid condition id : LAN8742 Phy interface Condition cause : null
2026-03-31 13:28:50,797 [WARN] PackLoader:240 - Cannot read IP mode file for STMicroelectronics.X-CUBE-AZRTOS-L4.2.0.0
2026-03-31 13:28:50,799 [WARN] ConditionMgr:1044 - genDependencies : Invalid condition id : LAN8742 Phy interface Condition cause : null
2026-03-31 13:28:50,799 [WARN] ConditionMgr:1044 - genDependencies : Invalid condition id : LAN8742 Phy interface Condition cause : null
2026-03-31 13:28:50,799 [WARN] ConditionMgr:1044 - genDependencies : Invalid condition id : LAN8742 Phy interface Condition cause : null
2026-03-31 13:28:50,805 [WARN] PackLoader:240 - Cannot read IP mode file for STMicroelectronics.X-CUBE-SFXS2LP1.4.0.0
2026-03-31 13:28:50,810 [WARN] PackLoader:240 - Cannot read IP mode file for STMicroelectronics.X-CUBE-ST67W61.1.2.0
2026-03-31 13:28:50,821 [WARN] PackLoader:240 - Cannot read IP mode file for STMicroelectronics.X-CUBE-BLEMGR.4.1.0
2026-03-31 13:28:50,835 [WARN] ConditionMgr:438 - getConditionDescription Invalid condition id : UX DEVICE CLASS RTOS Condition cause : null
2026-03-31 13:28:50,836 [WARN] ConditionMgr:438 - getConditionDescription Invalid condition id : UX DEVICE CLASS RTOS Condition cause : null
2026-03-31 13:28:50,838 [WARN] PackLoader:240 - Cannot read IP mode file for STMicroelectronics.X-CUBE-AZRTOS-WB.2.0.0
2026-03-31 13:28:50,839 [WARN] ConditionMgr:1044 - genDependencies : Invalid condition id : UX DEVICE CLASS RTOS Condition cause : null
2026-03-31 13:28:50,839 [WARN] ConditionMgr:1044 - genDependencies : Invalid condition id : UX DEVICE CLASS RTOS Condition cause : null
2026-03-31 13:28:50,839 [WARN] ConditionMgr:1044 - genDependencies : Invalid condition id : UX DEVICE CLASS RTOS Condition cause : null
2026-03-31 13:28:50,840 [WARN] ConditionMgr:1044 - genDependencies : Invalid condition id : UX DEVICE CLASS RTOS Condition cause : null
2026-03-31 13:28:50,840 [WARN] ConditionMgr:1044 - genDependencies : Invalid condition id : UX DEVICE CLASS RTOS Condition cause : null
2026-03-31 13:28:50,845 [WARN] PackLoader:240 - Cannot read IP mode file for STMicroelectronics.X-CUBE-GNSS1.7.0.1
2026-03-31 13:28:50,849 [WARN] PackLoader:240 - Cannot read IP mode file for STMicroelectronics.X-CUBE-TOUCHGFX.4.25.0
2026-03-31 13:28:50,853 [WARN] PackLoader:240 - Cannot read IP mode file for STMicroelectronics.FP-SNS-STBOX1.2.0.0
2026-03-31 13:28:50,861 [WARN] PackLoader:240 - Cannot read IP mode file for STMicroelectronics.X-CUBE-STSE01.2.0.0
2026-03-31 13:28:50,895 [WARN] PackLoader:240 - Cannot read IP mode file for STMicroelectronics.X-CUBE-SUBG2.5.0.0
2026-03-31 13:28:50,923 [WARN] PackLoader:240 - Cannot read IP mode file for STMicroelectronics.X-CUBE-AZRTOS-H7RS.1.1.0
2026-03-31 13:28:50,929 [WARN] PackLoader:240 - Cannot read IP mode file for Cesanta.I-CUBE-Mongoose.7.13.0
2026-03-31 13:28:50,944 [WARN] PackLoader:240 - Cannot read IP mode file for STMicroelectronics.X-CUBE-AZRTOS-G4.2.0.0
2026-03-31 13:28:50,949 [WARN] PackLoader:240 - Cannot read IP mode file for wolfSSL.I-CUBE-wolfSSH.1.4.20
2026-03-31 13:28:50,953 [WARN] PackLoader:240 - Cannot read IP mode file for STMicroelectronics.X-CUBE-NFC7.2.0.0
2026-03-31 13:28:50,966 [WARN] PackLoader:240 - Cannot read IP mode file for STMicroelectronics.X-CUBE-IPS.3.1.0
2026-03-31 13:28:50,977 [WARN] PackLoader:240 - Cannot read IP mode file for STMicroelectronics.X-CUBE-ALS.1.0.2
2026-03-31 13:28:50,982 [WARN] PackLoader:240 - Cannot read IP mode file for STMicroelectronics.X-CUBE-STSE01.1.0.0
2026-03-31 13:28:50,987 [WARN] PackLoader:240 - Cannot read IP mode file for portGmbH.I-Cube-SoM-uGOAL.1.1.0
2026-03-31 13:28:50,996 [WARN] PackLoader:240 - Cannot read IP mode file for STMicroelectronics.X-CUBE-TOF1.3.4.3
2026-03-31 13:28:51,006 [INFO] ThirdParty:978 - Integrity check success = true
2026-03-31 13:28:51,006 [INFO] IntegrityCheckThread:100 - exiting critical section [integrity check]
2026-03-31 13:28:51,006 [INFO] IntegrityCheckThread:103 - End integrity checks thread
2026-03-31 13:29:12,947 [INFO] McuFinderGlobals:63 - Set McuFinder mode to 2 (CubeIDE integrated)
2026-03-31 13:29:12,948 [INFO] MainUpdater:2872 - connection check result : 10
2026-03-31 13:29:12,949 [INFO] McuFinderGlobals:76 - Set McuFinderConnectedMode to true
2026-03-31 13:29:13,929 [INFO] ServerAccessManage:452 - Complete download http(s) 200
2026-03-31 13:29:13,931 [INFO] ServerAccessManage:509 - Download File mcusAds.json._tmp_
2026-03-31 13:29:14,035 [INFO] LoadUrlFilesThread:156 - End of LoadUrlFiles Thread
2026-03-31 13:29:14,648 [INFO] ProgressBarDialog:492 - /home/sunbeam/.stmcufinder/plugins/mcufinder/mcu/cube-finder-db.zip.tmp : file deleted.
2026-03-31 13:29:14,651 [INFO] ServerAccessManage:452 - Partial download http(s) 206
2026-03-31 13:29:14,653 [INFO] ServerAccessManage:509 - Download File cube-finder-db.zip
2026-03-31 13:29:14,656 [ERROR] ServerAccessManage:740 - User Cancel Download : cube-finder-db.zip.
2026-03-31 13:29:14,756 [INFO] LoadUrlFilesThread:156 - End of LoadUrlFiles Thread
2026-03-31 13:29:15,577 [INFO] DbMcusAds:53 - JSON generation date=Thu Mar 05 20:02:52 IST 2026 (1772721172890)
2026-03-31 13:29:15,595 [ERROR] TargetSelectorAdapter:267 - Unable to refresh data
2026-03-31 13:29:15,820 [INFO] ApiDb:581 - Connected to CubeFinder SQLite database (/home/sunbeam/.stmcufinder/plugins/mcufinder/mcu/cube-finder-db.db)
2026-03-31 13:29:15,865 [INFO] ApiDb:668 - CubeFinder database Data Model version=2.1
2026-03-31 13:29:15,865 [INFO] ApiDb:669 - CubeFinder database Configuration version=3.0.42
2026-03-31 13:29:15,866 [INFO] ApiDb:670 - CubeFinder database generation date=2026-03-11 (1773229989)
2026-03-31 13:29:15,866 [INFO] ApiDb:671 - CubeFinder database FW Pack versions=[FP-ATR-ASTRA1_V2.0.0, FP-SNS-FLIGHT1_V5.1.0, FP-SNS-MOTENV1_V5.1.0, FP-SNS-MOTENVWB1_V1.5.0, FP-SNS-SMARTAG2_V1.2.0, FP-SNS-STBOX1_V2.1.0, STM32Cube_FW_C0_V1.4.0, STM32Cube_FW_F4_V1.28.3, STM32Cube_FW_F7_V1.17.4, STM32Cube_FW_G0_V1.6.3, STM32Cube_FW_G4_V1.6.2, STM32Cube_FW_H5_V1.6.0, STM32Cube_FW_H7RS_V1.3.0, STM32Cube_FW_H7_V1.13.0, STM32Cube_FW_L0_V1.12.2, STM32Cube_FW_L4_V1.18.2, STM32Cube_FW_L5_V1.6.0, STM32Cube_FW_N6_V1.3.0, STM32Cube_FW_U0_V1.3.0, STM32Cube_FW_U3_V1.3.0, STM32Cube_FW_U5_V1.8.0, STM32Cube_FW_WB0_V1.4.0, STM32Cube_FW_WBA_V1.9.0, STM32Cube_FW_WB_V1.24.0, STM32Cube_FW_WL3_V1.4.0, STM32Cube_FW_WL_V1.5.0, X-CUBE-ALGOBUILD_V1.4.0, X-CUBE-ALS_V1.0.2, X-CUBE-AZRTOS-F4_V1.1.0, X-CUBE-AZRTOS-F7_V1.1.0, X-CUBE-AZRTOS-G0_V1.1.0, X-CUBE-AZRTOS-G4_V2.0.0, X-CUBE-AZRTOS-H7RS_V1.1.0, X-CUBE-AZRTOS-H7_V3.4.0, X-CUBE-AZRTOS-L4_V2.0.0, X-CUBE-AZRTOS-L5_V2.0.0, X-CUBE-AZRTOS-WB_V2.0.0, X-CUBE-AZRTOS-WL_V2.0.0, X-CUBE-BLE1_V7.1.0, X-CUBE-BLE2_V3.3.0, X-CUBE-BLEMGR_V4.1.0, X-CUBE-EEPRMA1_V5.2.0, X-CUBE-FREERTOS_V1.5.0, X-CUBE-GNSS1_V6.0.0, X-CUBE-MEMS1_V12.0.0, X-CUBE-NFC4_V3.0.0, X-CUBE-NFC7_V2.0.0, X-CUBE-SFXS2LP1_V4.0.0, X-CUBE-ST67W61_V1.2.0, X-CUBE-SUBG2_V5.0.0, X-CUBE-TOF1_V3.4.3]
2026-03-31 13:29:18,140 [INFO] ApiDb:240 - Found 880 in-development CPN: [B-G473E-ZEST1S, B-WB1M-WPAN1, B-WBA5M-WPAN, B-WL5M-SUBG1, NUCLEO-C031C6, NUCLEO-C051C8, NUCLEO-C071RB, NUCLEO-C092RC, NUCLEO-H503RB, NUCLEO-H533RE, NUCLEO-H563ZI, NUCLEO-H7S3L8, NUCLEO-N657X0-Q, NUCLEO-U031R8, NUCLEO-U083RC, NUCLEO-U385RG-Q, NUCLEO-U545RE-Q, NUCLEO-U5A5ZJ-Q, NUCLEO-WB05KZ, NUCLEO-WB07CC, NUCLEO-WB09KE, NUCLEO-WBA52CG, NUCLEO-WBA55CG, NUCLEO-WL33CC1, NUCLEO-WL33CC2, STEVAL-PROTEUS1, STEVAL-SMARTAG2, STEVAL-STWINBX1, STM320518-EVAL, STM32C0116-DK, STM32C011D6Y3TR, STM32C011D6Y6TR, STM32C011F4P3, STM32C011F4P6, STM32C011F4U3, STM32C011F4U6TR, STM32C011F6P3, STM32C011F6P6, STM32C011F6U3, STM32C011F6U6TR, STM32C011J4M3, STM32C011J4M6, STM32C011J6M3, STM32C011J6M6, STM32C0316-DK, STM32C031C4T3, STM32C031C4T6, STM32C031C4U3, STM32C031C4U6, STM32C031C6T3, STM32C031C6T6, STM32C031C6U3, STM32C031C6U6, STM32C031F4P3, STM32C031F4P6, STM32C031F6P3, STM32C031F6P6, STM32C031G4U3, STM32C031G4U6, STM32C031G6U3, STM32C031G6U6, STM32C031K4T3, STM32C031K4T6, STM32C031K4U3, STM32C031K4U6, STM32C031K6T3, STM32C031K6T6, STM32C031K6U3, STM32C031K6U6, STM32C051C6T6, STM32C051C6U6, STM32C051C8T6, STM32C051C8U6, STM32C051D8Y6TR, STM32C051F6P6, STM32C051F8P6, STM32C051G6U6, STM32C051G8U6, STM32C051K6T6, STM32C051K6U6, STM32C051K8T6, STM32C071C8T6, STM32C071C8T6N, STM32C071C8U6, STM32C071C8U6N, STM32C071CBT6, STM32C071CBT6N, STM32C071CBU6, STM32C071CBU6N, STM32C071F8P6, STM32C071F8P6N, STM32C071FBP6, STM32C071FBP6N, STM32C071FBY6TR, STM32C071G8U6, STM32C071G8U6N, STM32C071GBU6, STM32C071GBU6N, STM32C071K8T6, STM32C071K8T6N, STM32C071K8U6, STM32C071K8U6N, STM32C071KBT6, STM32C071KBT6N, STM32C071KBU6, STM32C071KBU6N, STM32C071R8T6, STM32C071R8T6N, STM32C071RBI6N, STM32C071RBT6, STM32C071RBT6N, STM32C091CBT6, STM32C091CBU6, STM32C091CCT6, STM32C091CCU6, STM32C091ECY6TR, STM32C091FBP6, STM32C091FCP6, STM32C091GBU6, STM32C091GCU6, STM32C091KBT6, STM32C091KBU6, STM32C091KCT6, STM32C091KCU6, STM32C091RBT6, STM32C091RCI6, STM32C091RCT6, STM32C092CBT6, STM32C092CBU6, STM32C092CCT6, STM32C092CCU6, STM32C092ECY6TR, STM32C092FBP6, STM32C092FCP6, STM32C092GBU6, STM32C092GCU6, STM32C092KBT6, STM32C092KBU6, STM32C092KCT6, STM32C092KCU6, STM32C092RBT6, STM32C092RCI6, STM32C092RCT6, STM32G071K8TXN, STM32G071K8UXN, STM32G081GBU6N, STM32G081KBT6N, STM32G081KBUXN, STM32G0B1CCT6N, STM32G0B1KCT6, STM32G0B1NEY6TR, STM32G0B1RCT6N, STM32G0C1CCT6, STM32G0C1CCT6N, STM32G0C1CCU6N, STM32G0C1CET6N, STM32G0C1CEU6N, STM32G0C1KCT6, STM32G0C1NEY6TR, STM32G0C1RCI6N, STM32G0C1RCT6N, STM32G0C1REI6N, STM32G0C1RET6N, STM32G0C1VCI6, STM32G0C1VEI6, STM32G411C6T3, STM32G411C6T6, STM32G411C6U3, STM32G411C6U6, STM32G411C8T3, STM32G411C8T6, STM32G411C8U3, STM32G411C8U6, STM32G411CBT3, STM32G411CBT6, STM32G411CBU3, STM32G411CBU6, STM32G411K6T3, STM32G411K6T6, STM32G411K6U3, STM32G411K6U6, STM32G411K8T3, STM32G411K8T6, STM32G411K8U3, STM32G411K8U6, STM32G411KBT3, STM32G411KBT6, STM32G411KBU3, STM32G411KBU6, STM32G411M6T3, STM32G411M6T6, STM32G411M8T3, STM32G411M8T6, STM32G411MBT3, STM32G411MBT6, STM32G411R6T3, STM32G411R6T6, STM32G411R8T3, STM32G411R8T6, STM32G411RBT3, STM32G411RBT6, STM32G414CBT3, STM32G414CBT6, STM32G414CBU3, STM32G414CBU6, STM32G414CCT3, STM32G414CCT6, STM32G414CCU3, STM32G414CCU6, STM32G414MBT3, STM32G414MBT6, STM32G414MCT3, STM32G414MCT6, STM32G414RBT3, STM32G414RBT6, STM32G414RCT3, STM32G414RCT6, STM32G414VBT3, STM32G414VBT6, STM32G414VCT3, STM32G414VCT6, STM32G431CBT3Z, STM32G431RBT3Z, STM32G471CCT6, STM32G471CCU6, STM32G471CET3, STM32G471CET6, STM32G471CEU3, STM32G471CEU6, STM32G471MCT6, STM32G471MET3, STM32G471MET6, STM32G471MEY6TR, STM32G471QCT6, STM32G471QET3, STM32G471RCT6, STM32G471RET3, STM32G471RET6, STM32G471VCH6, STM32G471VCI6, STM32G471VCT6, STM32G471VEH3, STM32G471VEH6, STM32G471VEI3, STM32G471VEI6, STM32G471VET3, STM32G471VET6, STM32G473QET3Z, STM32G473RET3Z, STM32G474CCT6, STM32G491RET3Z, STM32H503CBT6, STM32H503CBU6, STM32H503EBY6TR, STM32H503KBU6, STM32H503RBT6, STM32H523CCT6, STM32H523CCU6, STM32H523CET6, STM32H523CEU6, STM32H523HEY6TR, STM32H523RCT6, STM32H523RET6, STM32H523VCI6, STM32H523VCT6, STM32H523VEI6, STM32H523VET6, STM32H523ZCJ6, STM32H523ZCT6, STM32H523ZEJ6, STM32H523ZET6, STM32H533CET6, STM32H533CEU6, STM32H533HEY6TR, STM32H533RET6, STM32H533VEI6, STM32H533VET6, STM32H533ZEJ6, STM32H533ZET6, STM32H562AGI6, STM32H562AII6, STM32H562IGK6, STM32H562IGT6, STM32H562IIK6, STM32H562IIT6, STM32H562RGT6, STM32H562RGV6, STM32H562RIT6, STM32H562RIV6, STM32H562VGT6, STM32H562VIT6, STM32H562ZGT6, STM32H562ZIT6, STM32H563AGI6, STM32H563AII3Q, STM32H563AII6, STM32H563IGK6, STM32H563IGT6, STM32H563IIK3Q, STM32H563IIK6, STM32H563IIT3Q, STM32H563IIT6, STM32H563MIY3QTR, STM32H563RGT6, STM32H563RGV6, STM32H563RIT6, STM32H563RIV6, STM32H563VGT6, STM32H563VIT3Q, STM32H563VIT6, STM32H563ZGT6, STM32H563ZIT3Q, STM32H563ZIT6, STM32H573AII3Q, STM32H573AII6, STM32H573I-DK, STM32H573IIK3Q, STM32H573IIK6, STM32H573IIT3Q, STM32H573IIT6, STM32H573MIY3QTR, STM32H573RIT6, STM32H573RIV6, STM32H573VIT3Q, STM32H573VIT6, STM32H573ZIT3Q, STM32H573ZIT6, STM32H7R3A8I6, STM32H7R3I8K6, STM32H7R3I8T6, STM32H7R3L8H6, STM32H7R3L8H6H, STM32H7R3R8V6, STM32H7R3V8H6, STM32H7R3V8T6, STM32H7R3V8Y6TR, STM32H7R3Z8J6, STM32H7R3Z8T6, STM32H7R7A8I6, STM32H7R7I8K6, STM32H7R7I8T6, STM32H7R7L8H6, STM32H7R7L8H6H, STM32H7R7Z8J6, STM32H7S3A8I6, STM32H7S3I8K6, STM32H7S3I8T6, STM32H7S3L8H6, STM32H7S3L8H6H, STM32H7S3R8V6, STM32H7S3V8H6, STM32H7S3V8T6, STM32H7S3V8Y6TR, STM32H7S3Z8J6, STM32H7S3Z8T6, STM32H7S78-DK, STM32H7S7A8I6, STM32H7S7I8K6, STM32H7S7I8T6, STM32H7S7L8H6, STM32H7S7L8H6H, STM32H7S7Z8J6, STM32L4R5QGI6STR, STM32MP131AAE3, STM32MP131AAF3, STM32MP131AAG3, STM32MP131CAE3, STM32MP131CAF3, STM32MP131CAG3, STM32MP131DAE7, STM32MP131DAF7, STM32MP131DAG7, STM32MP131FAE7, STM32MP131FAF7, STM32MP131FAG7, STM32MP133AAE3, STM32MP133AAF3, STM32MP133AAG3, STM32MP133CAE3, STM32MP133CAF3, STM32MP133CAG3, STM32MP133DAE7, STM32MP133DAF7, STM32MP133DAG7, STM32MP133FAE7, STM32MP133FAF7, STM32MP133FAG7, STM32MP135AAE3, STM32MP135AAF3, STM32MP135AAG3, STM32MP135CAE3, STM32MP135CAF3, STM32MP135CAG3, STM32MP135DAE7, STM32MP135DAF7, STM32MP135DAG7, STM32MP135F-DK, STM32MP135FAE7, STM32MP135FAF7, STM32MP135FAF7T, STM32MP135FAF7U, STM32MP135FAG7, STM32MP211AAL3, STM32MP211AAM3, STM32MP211AAN3, STM32MP211AAO3, STM32MP211CAL3, STM32MP211CAM3, STM32MP211CAN3, STM32MP211CAO3, STM32MP211DAL3, STM32MP211DAM3, STM32MP211DAN3, STM32MP211DAO3, STM32MP211FAL3, STM32MP211FAM3, STM32MP211FAN3, STM32MP211FAO3, STM32MP213AAL3, STM32MP213AAM3, STM32MP213AAN3, STM32MP213AAO3, STM32MP213CAL3, STM32MP213CAM3, STM32MP213CAN3, STM32MP213CAO3, STM32MP213DAL3, STM32MP213DAM3, STM32MP213DAN3, STM32MP213DAO3, STM32MP213FAL3, STM32MP213FAM3, STM32MP213FAN3, STM32MP213FAO3, STM32MP215AAL3, STM32MP215AAM3, STM32MP215AAN3, STM32MP215AAO3, STM32MP215CAL3, STM32MP215CAM3, STM32MP215CAN3, STM32MP215CAO3, STM32MP215DAL3, STM32MP215DAM3, STM32MP215DAN3, STM32MP215DAO3, STM32MP215F-DK, STM32MP215FAL3, STM32MP215FAM3, STM32MP215FAN3, STM32MP215FAO3, STM32MP231AAJ3, STM32MP231AAK3, STM32MP231AAL3, STM32MP231CAJ3, STM32MP231CAK3, STM32MP231CAL3, STM32MP231DAJ3, STM32MP231DAK3, STM32MP231DAL3, STM32MP231FAJ3, STM32MP231FAK3, STM32MP231FAL3, STM32MP233AAJ3, STM32MP233AAK3, STM32MP233AAL3, STM32MP233CAJ3, STM32MP233CAK3, STM32MP233CAL3, STM32MP233DAJ3, STM32MP233DAK3, STM32MP233DAL3, STM32MP233FAJ3, STM32MP233FAK3, STM32MP233FAL3, STM32MP235AAJ3, STM32MP235AAK3, STM32MP235AAL3, STM32MP235CAJ3, STM32MP235CAK3, STM32MP235CAL3, STM32MP235DAJ3, STM32MP235DAK3, STM32MP235DAL3, STM32MP235FAJ3, STM32MP235FAK3, STM32MP235FAL3, STM32MP251AAI3, STM32MP251AAK3, STM32MP251AAL3, STM32MP251CAI3, STM32MP251CAK3, STM32MP251CAL3, STM32MP251DAI3, STM32MP251DAK3, STM32MP251DAL3, STM32MP251FAI3, STM32MP251FAK3, STM32MP251FAL3, STM32MP253AAI3, STM32MP253AAK3, STM32MP253AAL3, STM32MP253CAI3, STM32MP253CAK3, STM32MP253CAL3, STM32MP253DAI3, STM32MP253DAK3, STM32MP253DAL3, STM32MP253FAI3, STM32MP253FAK3, STM32MP253FAL3, STM32MP255AAI3, STM32MP255AAK3, STM32MP255AAL3, STM32MP255CAI3, STM32MP255CAK3, STM32MP255CAL3, STM32MP255DAI3, STM32MP255DAK3, STM32MP255DAL3, STM32MP255FAI3, STM32MP255FAK3, STM32MP255FAL3, STM32MP257AAI3, STM32MP257AAK3, STM32MP257AAL3, STM32MP257CAI3, STM32MP257CAK3, STM32MP257CAL3, STM32MP257DAI3, STM32MP257DAK3, STM32MP257DAL3, STM32MP257F-DK, STM32MP257F-EV1, STM32MP257FAI3, STM32MP257FAK3, STM32MP257FAL3, STM32N645A0H3Q, STM32N645B0H3Q, STM32N645I0H3Q, STM32N645L0H3Q, STM32N645X0H3Q, STM32N645Z0H3Q, STM32N647A0H3Q, STM32N647B0H3Q, STM32N647I0H3Q, STM32N647L0H3Q, STM32N647X0H3Q, STM32N647Z0H3Q, STM32N655A0H3Q, STM32N655B0H3Q, STM32N655I0H3Q, STM32N655L0H3Q, STM32N655X0H3Q, STM32N655Z0H3Q, STM32N6570-DK, STM32N657A0H3Q, STM32N657B0H3Q, STM32N657I0H3Q, STM32N657L0H3Q, STM32N657X0H3Q, STM32N657Z0H3Q, STM32U031C6T6, STM32U031C6U6, STM32U031C8T6, STM32U031C8U6, STM32U031F4P6, STM32U031F6P6, STM32U031F8P6, STM32U031G6Y6TR, STM32U031G8Y6TR, STM32U031K4U6, STM32U031K6U6, STM32U031K8U6, STM32U031R6I6, STM32U031R6T6, STM32U031R8I6, STM32U031R8T6, STM32U073C8T6, STM32U073C8U6, STM32U073CBT6, STM32U073CBU6, STM32U073CCT6, STM32U073CCU6, STM32U073H8Y6TR, STM32U073HBY6TR, STM32U073HCY6TR, STM32U073K8U6, STM32U073KBU6, STM32U073KCU6, STM32U073M8I6, STM32U073M8T6, STM32U073MBI6, STM32U073MBT6, STM32U073MCI6, STM32U073MCT6, STM32U073R8I6, STM32U073R8T6, STM32U073RBI6, STM32U073RBT6, STM32U073RCI6, STM32U073RCT6, STM32U083C-DK, STM32U083CCT6, STM32U083CCU6, STM32U083HCY6TR, STM32U083KCU6, STM32U083MCI6, STM32U083MCT6, STM32U083RCI6, STM32U083RCT6, STM32U375CET6, STM32U375CET6Q, STM32U375CEU6, STM32U375CEU6Q, STM32U375CEY6QTR, STM32U375CGT6, STM32U375CGT6Q, STM32U375CGU6, STM32U375CGU6Q, STM32U375CGY6QTR, STM32U375KEU6, STM32U375KGU6, STM32U375REI6, STM32U375REI6Q, STM32U375RET6, STM32U375RET6Q, STM32U375REY6GTR, STM32U375REY6QTR, STM32U375RGI6, STM32U375RGI6Q, STM32U375RGT6, STM32U375RGT6Q, STM32U375RGY6GTR, STM32U375RGY6QTR, STM32U375VEI6, STM32U375VEI6Q, STM32U375VET6, STM32U375VET6Q, STM32U375VGI6, STM32U375VGI6Q, STM32U375VGT6, STM32U375VGT6Q, STM32U385CGT6, STM32U385CGT6Q, STM32U385CGU6, STM32U385CGU6Q, STM32U385CGY6QTR, STM32U385KGU6, STM32U385RGI6, STM32U385RGI6Q, STM32U385RGT6, STM32U385RGT6Q, STM32U385RGY6GTR, STM32U385RGY6QTR, STM32U385VGI6, STM32U385VGI6Q, STM32U385VGT6, STM32U385VGT6Q, STM32U535CBT6, STM32U535CBT6Q, STM32U535CBU6, STM32U535CBU6Q, STM32U535CCT6, STM32U535CCT6Q, STM32U535CCU6, STM32U535CCU6Q, STM32U535CET6, STM32U535CET6Q, STM32U535CEU6, STM32U535CEU6Q, STM32U535JEY6QTR, STM32U535NCY6QTR, STM32U535NEY6QTR, STM32U535RBI6, STM32U535RBI6Q, STM32U535RBT6, STM32U535RBT6Q, STM32U535RCI6, STM32U535RCI6Q, STM32U535RCT6, STM32U535RCT6Q, STM32U535REI6, STM32U535REI6Q, STM32U535RET6, STM32U535RET6Q, STM32U535VCI6, STM32U535VCI6Q, STM32U535VCT6, STM32U535VCT6Q, STM32U535VEI6, STM32U535VEI6Q, STM32U535VET6, STM32U535VET6Q, STM32U545CET6, STM32U545CET6Q, STM32U545CEU6, STM32U545CEU6Q, STM32U545JEY6QTR, STM32U545NEY6QTR, STM32U545REI6, STM32U545REI6Q, STM32U545RET6, STM32U545RET6Q, STM32U545VEI6, STM32U545VEI6Q, STM32U545VET6, STM32U545VET6Q, STM32U595AIH6, STM32U595AIH6Q, STM32U595AJH6, STM32U595AJH6Q, STM32U595QII6, STM32U595QII6Q, STM32U595QJI6, STM32U595QJI6Q, STM32U595RIT6, STM32U595RIT6Q, STM32U595RJT6, STM32U595RJT6Q, STM32U595VIT6, STM32U595VIT6Q, STM32U595VJT6, STM32U595VJT6Q, STM32U595ZIT6, STM32U595ZIT6Q, STM32U595ZIY6QTR, STM32U595ZJT6, STM32U595ZJT6Q, STM32U595ZJY6QTR, STM32U599BJY6QTR, STM32U599NIH6Q, STM32U599NJH6Q, STM32U599VIT6Q, STM32U599VJT6, STM32U599VJT6Q, STM32U599ZIT6Q, STM32U599ZIY6QTR, STM32U599ZJT6Q, STM32U599ZJY6QTR, STM32U5A5AJH6, STM32U5A5AJH6Q, STM32U5A5QII3Q , STM32U5A5QJI6, STM32U5A5QJI6Q, STM32U5A5RJT6, STM32U5A5RJT6Q, STM32U5A5VJT6, STM32U5A5VJT6Q, STM32U5A5ZJT6, STM32U5A5ZJT6Q, STM32U5A5ZJY6QTR, STM32U5A9BJY6QTR, STM32U5A9J-DK, STM32U5A9NJH6Q, STM32U5A9VJT6Q, STM32U5A9ZJT6Q, STM32U5A9ZJY6QTR, STM32U5F7VIT6, STM32U5F7VIT6Q, STM32U5F7VJT6, STM32U5F7VJT6Q, STM32U5F9BJY6QTR, STM32U5F9NJH6Q, STM32U5F9VIT6Q, STM32U5F9VJT6Q, STM32U5F9ZIJ6QTR, STM32U5F9ZIT6Q, STM32U5F9ZJJ6QTR, STM32U5F9ZJT6Q, STM32U5G7VJT6, STM32U5G7VJT6Q, STM32U5G9BJY6QTR, STM32U5G9J-DK1, STM32U5G9J-DK2, STM32U5G9NJH6Q, STM32U5G9VJT6Q, STM32U5G9ZJJ6QTR, STM32U5G9ZJT6Q, STM32WB05KZV6TR, STM32WB05KZV7TR, STM32WB05TZF6TR, STM32WB05TZF7TR, STM32WB06CCF6TR, STM32WB06CCF7TR, STM32WB06CCV6TR, STM32WB06CCV7TR, STM32WB06KCV6TR, STM32WB06KCV7TR, STM32WB07CCF6TR, STM32WB07CCF7TR, STM32WB07CCV6TR, STM32WB07CCV7TR, STM32WB07KCV6TR, STM32WB07KCV7TR, STM32WB09KEV6TR, STM32WB09KEV7TR, STM32WB09TEF6TR, STM32WB09TEF7TR, STM32WB1MMCH6, STM32WBA50KGU6, STM32WBA50KGU6TR, STM32WBA52CEU6, STM32WBA52CEU6TR, STM32WBA52CEU7, STM32WBA52CEU7TR, STM32WBA52CGU6, STM32WBA52CGU6TR, STM32WBA52CGU6U, STM32WBA52CGU7, STM32WBA52CGU7TR, STM32WBA52KEU6, STM32WBA52KEU6TR, STM32WBA52KGU6, STM32WBA52KGU6TR, STM32WBA54CEU6, STM32WBA54CEU6TR, STM32WBA54CEU7, STM32WBA54CEU7TR, STM32WBA54CGU6, STM32WBA54CGU6TR, STM32WBA54CGU7, STM32WBA54CGU7TR, STM32WBA54KEU6, STM32WBA54KEU6TR, STM32WBA54KEU7, STM32WBA54KEU7TR, STM32WBA54KGU6, STM32WBA54KGU6TR, STM32WBA54KGU7, STM32WBA54KGU7TR, STM32WBA55CEU6, STM32WBA55CEU6TR, STM32WBA55CEU7, STM32WBA55CEU7TR, STM32WBA55CGU6, STM32WBA55CGU6TR, STM32WBA55CGU6U, STM32WBA55CGU7, STM32WBA55CGU7TR, STM32WBA55G-DK1, STM32WBA55HEF6, STM32WBA55HEF7, STM32WBA55HGF6, STM32WBA55HGF7, STM32WBA55UEI6, STM32WBA55UEI6TR, STM32WBA55UEI7, STM32WBA55UEI7TR, STM32WBA55UGI6, STM32WBA55UGI6TR, STM32WBA55UGI7, STM32WBA55UGI7TR, STM32WBA5MMGH6TR, STM32WBA62MGF6, STM32WBA62MIF6, STM32WBA65MGF7, STM32WBA65MIF6, STM32WBA65MIF7, STM32WL30K8V6, STM32WL30KBV6, STM32WL31C8V6, STM32WL31CBV6, STM32WL31K8V6, STM32WL31KBV6, STM32WL33C8V6, STM32WL33C8V6X, STM32WL33CBV6, STM32WL33CBV6X, STM32WL33CCV6, STM32WL33CCV6A, STM32WL33CCV6X, STM32WL33K8V7, STM32WL33K8V7X, STM32WL33KBV7 , STM32WL33KBV7X, STM32WL33KCV7, STM32WL33KCV7X, STM32WL5MOCH6, STM32WL5MOCH6TR]
2026-03-31 13:29:18,147 [INFO] DbMcus:218 - Found 5055 MCUs, 4968 are supported
2026-03-31 13:29:18,147 [INFO] ApiDb:423 - Load user favorites file /home/sunbeam/.stm32cubeide/favorites.mcus.txt: 0 item(s)
2026-03-31 13:29:18,148 [INFO] ApiDb:427 - User favorites MCUs=[]
2026-03-31 13:29:18,148 [INFO] DbMcus:224 - Set 0 / 0 favorites MCUs
2026-03-31 13:29:18,733 [INFO] ApiDb:668 - CubeFinder database Data Model version=2.1
2026-03-31 13:29:18,733 [INFO] ApiDb:669 - CubeFinder database Configuration version=3.0.42
2026-03-31 13:29:18,733 [INFO] ApiDb:670 - CubeFinder database generation date=2026-03-11 (1773229989)
2026-03-31 13:29:18,734 [INFO] ApiDb:671 - CubeFinder database FW Pack versions=[FP-ATR-ASTRA1_V2.0.0, FP-SNS-FLIGHT1_V5.1.0, FP-SNS-MOTENV1_V5.1.0, FP-SNS-MOTENVWB1_V1.5.0, FP-SNS-SMARTAG2_V1.2.0, FP-SNS-STBOX1_V2.1.0, STM32Cube_FW_C0_V1.4.0, STM32Cube_FW_F4_V1.28.3, STM32Cube_FW_F7_V1.17.4, STM32Cube_FW_G0_V1.6.3, STM32Cube_FW_G4_V1.6.2, STM32Cube_FW_H5_V1.6.0, STM32Cube_FW_H7RS_V1.3.0, STM32Cube_FW_H7_V1.13.0, STM32Cube_FW_L0_V1.12.2, STM32Cube_FW_L4_V1.18.2, STM32Cube_FW_L5_V1.6.0, STM32Cube_FW_N6_V1.3.0, STM32Cube_FW_U0_V1.3.0, STM32Cube_FW_U3_V1.3.0, STM32Cube_FW_U5_V1.8.0, STM32Cube_FW_WB0_V1.4.0, STM32Cube_FW_WBA_V1.9.0, STM32Cube_FW_WB_V1.24.0, STM32Cube_FW_WL3_V1.4.0, STM32Cube_FW_WL_V1.5.0, X-CUBE-ALGOBUILD_V1.4.0, X-CUBE-ALS_V1.0.2, X-CUBE-AZRTOS-F4_V1.1.0, X-CUBE-AZRTOS-F7_V1.1.0, X-CUBE-AZRTOS-G0_V1.1.0, X-CUBE-AZRTOS-G4_V2.0.0, X-CUBE-AZRTOS-H7RS_V1.1.0, X-CUBE-AZRTOS-H7_V3.4.0, X-CUBE-AZRTOS-L4_V2.0.0, X-CUBE-AZRTOS-L5_V2.0.0, X-CUBE-AZRTOS-WB_V2.0.0, X-CUBE-AZRTOS-WL_V2.0.0, X-CUBE-BLE1_V7.1.0, X-CUBE-BLE2_V3.3.0, X-CUBE-BLEMGR_V4.1.0, X-CUBE-EEPRMA1_V5.2.0, X-CUBE-FREERTOS_V1.5.0, X-CUBE-GNSS1_V6.0.0, X-CUBE-MEMS1_V12.0.0, X-CUBE-NFC4_V3.0.0, X-CUBE-NFC7_V2.0.0, X-CUBE-SFXS2LP1_V4.0.0, X-CUBE-ST67W61_V1.2.0, X-CUBE-SUBG2_V5.0.0, X-CUBE-TOF1_V3.4.3]
2026-03-31 13:29:18,772 [INFO] DbBoardsSqlite:226 - include board P-NUCLEO-WB55-NUCLEO as a kit item of type 'Nucleo-64'
2026-03-31 13:29:18,773 [INFO] DbBoardsSqlite:226 - include board P-NUCLEO-WB55-USBDONGLE as a kit item of type 'Nucleo USB Dongle'
2026-03-31 13:29:18,773 [INFO] DbBoardsSqlite:226 - include board STEVAL-IDP005V1 as a kit item of type 'Evaluation Board'
2026-03-31 13:29:18,773 [INFO] DbBoardsSqlite:226 - include board STEVAL-IDP005V2 as a kit item of type 'Evaluation Board'
2026-03-31 13:29:18,808 [INFO] ApiDb:240 - Found 880 in-development CPN: [B-G473E-ZEST1S, B-WB1M-WPAN1, B-WBA5M-WPAN, B-WL5M-SUBG1, NUCLEO-C031C6, NUCLEO-C051C8, NUCLEO-C071RB, NUCLEO-C092RC, NUCLEO-H503RB, NUCLEO-H533RE, NUCLEO-H563ZI, NUCLEO-H7S3L8, NUCLEO-N657X0-Q, NUCLEO-U031R8, NUCLEO-U083RC, NUCLEO-U385RG-Q, NUCLEO-U545RE-Q, NUCLEO-U5A5ZJ-Q, NUCLEO-WB05KZ, NUCLEO-WB07CC, NUCLEO-WB09KE, NUCLEO-WBA52CG, NUCLEO-WBA55CG, NUCLEO-WL33CC1, NUCLEO-WL33CC2, STEVAL-PROTEUS1, STEVAL-SMARTAG2, STEVAL-STWINBX1, STM320518-EVAL, STM32C0116-DK, STM32C011D6Y3TR, STM32C011D6Y6TR, STM32C011F4P3, STM32C011F4P6, STM32C011F4U3, STM32C011F4U6TR, STM32C011F6P3, STM32C011F6P6, STM32C011F6U3, STM32C011F6U6TR, STM32C011J4M3, STM32C011J4M6, STM32C011J6M3, STM32C011J6M6, STM32C0316-DK, STM32C031C4T3, STM32C031C4T6, STM32C031C4U3, STM32C031C4U6, STM32C031C6T3, STM32C031C6T6, STM32C031C6U3, STM32C031C6U6, STM32C031F4P3, STM32C031F4P6, STM32C031F6P3, STM32C031F6P6, STM32C031G4U3, STM32C031G4U6, STM32C031G6U3, STM32C031G6U6, STM32C031K4T3, STM32C031K4T6, STM32C031K4U3, STM32C031K4U6, STM32C031K6T3, STM32C031K6T6, STM32C031K6U3, STM32C031K6U6, STM32C051C6T6, STM32C051C6U6, STM32C051C8T6, STM32C051C8U6, STM32C051D8Y6TR, STM32C051F6P6, STM32C051F8P6, STM32C051G6U6, STM32C051G8U6, STM32C051K6T6, STM32C051K6U6, STM32C051K8T6, STM32C071C8T6, STM32C071C8T6N, STM32C071C8U6, STM32C071C8U6N, STM32C071CBT6, STM32C071CBT6N, STM32C071CBU6, STM32C071CBU6N, STM32C071F8P6, STM32C071F8P6N, STM32C071FBP6, STM32C071FBP6N, STM32C071FBY6TR, STM32C071G8U6, STM32C071G8U6N, STM32C071GBU6, STM32C071GBU6N, STM32C071K8T6, STM32C071K8T6N, STM32C071K8U6, STM32C071K8U6N, STM32C071KBT6, STM32C071KBT6N, STM32C071KBU6, STM32C071KBU6N, STM32C071R8T6, STM32C071R8T6N, STM32C071RBI6N, STM32C071RBT6, STM32C071RBT6N, STM32C091CBT6, STM32C091CBU6, STM32C091CCT6, STM32C091CCU6, STM32C091ECY6TR, STM32C091FBP6, STM32C091FCP6, STM32C091GBU6, STM32C091GCU6, STM32C091KBT6, STM32C091KBU6, STM32C091KCT6, STM32C091KCU6, STM32C091RBT6, STM32C091RCI6, STM32C091RCT6, STM32C092CBT6, STM32C092CBU6, STM32C092CCT6, STM32C092CCU6, STM32C092ECY6TR, STM32C092FBP6, STM32C092FCP6, STM32C092GBU6, STM32C092GCU6, STM32C092KBT6, STM32C092KBU6, STM32C092KCT6, STM32C092KCU6, STM32C092RBT6, STM32C092RCI6, STM32C092RCT6, STM32G071K8TXN, STM32G071K8UXN, STM32G081GBU6N, STM32G081KBT6N, STM32G081KBUXN, STM32G0B1CCT6N, STM32G0B1KCT6, STM32G0B1NEY6TR, STM32G0B1RCT6N, STM32G0C1CCT6, STM32G0C1CCT6N, STM32G0C1CCU6N, STM32G0C1CET6N, STM32G0C1CEU6N, STM32G0C1KCT6, STM32G0C1NEY6TR, STM32G0C1RCI6N, STM32G0C1RCT6N, STM32G0C1REI6N, STM32G0C1RET6N, STM32G0C1VCI6, STM32G0C1VEI6, STM32G411C6T3, STM32G411C6T6, STM32G411C6U3, STM32G411C6U6, STM32G411C8T3, STM32G411C8T6, STM32G411C8U3, STM32G411C8U6, STM32G411CBT3, STM32G411CBT6, STM32G411CBU3, STM32G411CBU6, STM32G411K6T3, STM32G411K6T6, STM32G411K6U3, STM32G411K6U6, STM32G411K8T3, STM32G411K8T6, STM32G411K8U3, STM32G411K8U6, STM32G411KBT3, STM32G411KBT6, STM32G411KBU3, STM32G411KBU6, STM32G411M6T3, STM32G411M6T6, STM32G411M8T3, STM32G411M8T6, STM32G411MBT3, STM32G411MBT6, STM32G411R6T3, STM32G411R6T6, STM32G411R8T3, STM32G411R8T6, STM32G411RBT3, STM32G411RBT6, STM32G414CBT3, STM32G414CBT6, STM32G414CBU3, STM32G414CBU6, STM32G414CCT3, STM32G414CCT6, STM32G414CCU3, STM32G414CCU6, STM32G414MBT3, STM32G414MBT6, STM32G414MCT3, STM32G414MCT6, STM32G414RBT3, STM32G414RBT6, STM32G414RCT3, STM32G414RCT6, STM32G414VBT3, STM32G414VBT6, STM32G414VCT3, STM32G414VCT6, STM32G431CBT3Z, STM32G431RBT3Z, STM32G471CCT6, STM32G471CCU6, STM32G471CET3, STM32G471CET6, STM32G471CEU3, STM32G471CEU6, STM32G471MCT6, STM32G471MET3, STM32G471MET6, STM32G471MEY6TR, STM32G471QCT6, STM32G471QET3, STM32G471RCT6, STM32G471RET3, STM32G471RET6, STM32G471VCH6, STM32G471VCI6, STM32G471VCT6, STM32G471VEH3, STM32G471VEH6, STM32G471VEI3, STM32G471VEI6, STM32G471VET3, STM32G471VET6, STM32G473QET3Z, STM32G473RET3Z, STM32G474CCT6, STM32G491RET3Z, STM32H503CBT6, STM32H503CBU6, STM32H503EBY6TR, STM32H503KBU6, STM32H503RBT6, STM32H523CCT6, STM32H523CCU6, STM32H523CET6, STM32H523CEU6, STM32H523HEY6TR, STM32H523RCT6, STM32H523RET6, STM32H523VCI6, STM32H523VCT6, STM32H523VEI6, STM32H523VET6, STM32H523ZCJ6, STM32H523ZCT6, STM32H523ZEJ6, STM32H523ZET6, STM32H533CET6, STM32H533CEU6, STM32H533HEY6TR, STM32H533RET6, STM32H533VEI6, STM32H533VET6, STM32H533ZEJ6, STM32H533ZET6, STM32H562AGI6, STM32H562AII6, STM32H562IGK6, STM32H562IGT6, STM32H562IIK6, STM32H562IIT6, STM32H562RGT6, STM32H562RGV6, STM32H562RIT6, STM32H562RIV6, STM32H562VGT6, STM32H562VIT6, STM32H562ZGT6, STM32H562ZIT6, STM32H563AGI6, STM32H563AII3Q, STM32H563AII6, STM32H563IGK6, STM32H563IGT6, STM32H563IIK3Q, STM32H563IIK6, STM32H563IIT3Q, STM32H563IIT6, STM32H563MIY3QTR, STM32H563RGT6, STM32H563RGV6, STM32H563RIT6, STM32H563RIV6, STM32H563VGT6, STM32H563VIT3Q, STM32H563VIT6, STM32H563ZGT6, STM32H563ZIT3Q, STM32H563ZIT6, STM32H573AII3Q, STM32H573AII6, STM32H573I-DK, STM32H573IIK3Q, STM32H573IIK6, STM32H573IIT3Q, STM32H573IIT6, STM32H573MIY3QTR, STM32H573RIT6, STM32H573RIV6, STM32H573VIT3Q, STM32H573VIT6, STM32H573ZIT3Q, STM32H573ZIT6, STM32H7R3A8I6, STM32H7R3I8K6, STM32H7R3I8T6, STM32H7R3L8H6, STM32H7R3L8H6H, STM32H7R3R8V6, STM32H7R3V8H6, STM32H7R3V8T6, STM32H7R3V8Y6TR, STM32H7R3Z8J6, STM32H7R3Z8T6, STM32H7R7A8I6, STM32H7R7I8K6, STM32H7R7I8T6, STM32H7R7L8H6, STM32H7R7L8H6H, STM32H7R7Z8J6, STM32H7S3A8I6, STM32H7S3I8K6, STM32H7S3I8T6, STM32H7S3L8H6, STM32H7S3L8H6H, STM32H7S3R8V6, STM32H7S3V8H6, STM32H7S3V8T6, STM32H7S3V8Y6TR, STM32H7S3Z8J6, STM32H7S3Z8T6, STM32H7S78-DK, STM32H7S7A8I6, STM32H7S7I8K6, STM32H7S7I8T6, STM32H7S7L8H6, STM32H7S7L8H6H, STM32H7S7Z8J6, STM32L4R5QGI6STR, STM32MP131AAE3, STM32MP131AAF3, STM32MP131AAG3, STM32MP131CAE3, STM32MP131CAF3, STM32MP131CAG3, STM32MP131DAE7, STM32MP131DAF7, STM32MP131DAG7, STM32MP131FAE7, STM32MP131FAF7, STM32MP131FAG7, STM32MP133AAE3, STM32MP133AAF3, STM32MP133AAG3, STM32MP133CAE3, STM32MP133CAF3, STM32MP133CAG3, STM32MP133DAE7, STM32MP133DAF7, STM32MP133DAG7, STM32MP133FAE7, STM32MP133FAF7, STM32MP133FAG7, STM32MP135AAE3, STM32MP135AAF3, STM32MP135AAG3, STM32MP135CAE3, STM32MP135CAF3, STM32MP135CAG3, STM32MP135DAE7, STM32MP135DAF7, STM32MP135DAG7, STM32MP135F-DK, STM32MP135FAE7, STM32MP135FAF7, STM32MP135FAF7T, STM32MP135FAF7U, STM32MP135FAG7, STM32MP211AAL3, STM32MP211AAM3, STM32MP211AAN3, STM32MP211AAO3, STM32MP211CAL3, STM32MP211CAM3, STM32MP211CAN3, STM32MP211CAO3, STM32MP211DAL3, STM32MP211DAM3, STM32MP211DAN3, STM32MP211DAO3, STM32MP211FAL3, STM32MP211FAM3, STM32MP211FAN3, STM32MP211FAO3, STM32MP213AAL3, STM32MP213AAM3, STM32MP213AAN3, STM32MP213AAO3, STM32MP213CAL3, STM32MP213CAM3, STM32MP213CAN3, STM32MP213CAO3, STM32MP213DAL3, STM32MP213DAM3, STM32MP213DAN3, STM32MP213DAO3, STM32MP213FAL3, STM32MP213FAM3, STM32MP213FAN3, STM32MP213FAO3, STM32MP215AAL3, STM32MP215AAM3, STM32MP215AAN3, STM32MP215AAO3, STM32MP215CAL3, STM32MP215CAM3, STM32MP215CAN3, STM32MP215CAO3, STM32MP215DAL3, STM32MP215DAM3, STM32MP215DAN3, STM32MP215DAO3, STM32MP215F-DK, STM32MP215FAL3, STM32MP215FAM3, STM32MP215FAN3, STM32MP215FAO3, STM32MP231AAJ3, STM32MP231AAK3, STM32MP231AAL3, STM32MP231CAJ3, STM32MP231CAK3, STM32MP231CAL3, STM32MP231DAJ3, STM32MP231DAK3, STM32MP231DAL3, STM32MP231FAJ3, STM32MP231FAK3, STM32MP231FAL3, STM32MP233AAJ3, STM32MP233AAK3, STM32MP233AAL3, STM32MP233CAJ3, STM32MP233CAK3, STM32MP233CAL3, STM32MP233DAJ3, STM32MP233DAK3, STM32MP233DAL3, STM32MP233FAJ3, STM32MP233FAK3, STM32MP233FAL3, STM32MP235AAJ3, STM32MP235AAK3, STM32MP235AAL3, STM32MP235CAJ3, STM32MP235CAK3, STM32MP235CAL3, STM32MP235DAJ3, STM32MP235DAK3, STM32MP235DAL3, STM32MP235FAJ3, STM32MP235FAK3, STM32MP235FAL3, STM32MP251AAI3, STM32MP251AAK3, STM32MP251AAL3, STM32MP251CAI3, STM32MP251CAK3, STM32MP251CAL3, STM32MP251DAI3, STM32MP251DAK3, STM32MP251DAL3, STM32MP251FAI3, STM32MP251FAK3, STM32MP251FAL3, STM32MP253AAI3, STM32MP253AAK3, STM32MP253AAL3, STM32MP253CAI3, STM32MP253CAK3, STM32MP253CAL3, STM32MP253DAI3, STM32MP253DAK3, STM32MP253DAL3, STM32MP253FAI3, STM32MP253FAK3, STM32MP253FAL3, STM32MP255AAI3, STM32MP255AAK3, STM32MP255AAL3, STM32MP255CAI3, STM32MP255CAK3, STM32MP255CAL3, STM32MP255DAI3, STM32MP255DAK3, STM32MP255DAL3, STM32MP255FAI3, STM32MP255FAK3, STM32MP255FAL3, STM32MP257AAI3, STM32MP257AAK3, STM32MP257AAL3, STM32MP257CAI3, STM32MP257CAK3, STM32MP257CAL3, STM32MP257DAI3, STM32MP257DAK3, STM32MP257DAL3, STM32MP257F-DK, STM32MP257F-EV1, STM32MP257FAI3, STM32MP257FAK3, STM32MP257FAL3, STM32N645A0H3Q, STM32N645B0H3Q, STM32N645I0H3Q, STM32N645L0H3Q, STM32N645X0H3Q, STM32N645Z0H3Q, STM32N647A0H3Q, STM32N647B0H3Q, STM32N647I0H3Q, STM32N647L0H3Q, STM32N647X0H3Q, STM32N647Z0H3Q, STM32N655A0H3Q, STM32N655B0H3Q, STM32N655I0H3Q, STM32N655L0H3Q, STM32N655X0H3Q, STM32N655Z0H3Q, STM32N6570-DK, STM32N657A0H3Q, STM32N657B0H3Q, STM32N657I0H3Q, STM32N657L0H3Q, STM32N657X0H3Q, STM32N657Z0H3Q, STM32U031C6T6, STM32U031C6U6, STM32U031C8T6, STM32U031C8U6, STM32U031F4P6, STM32U031F6P6, STM32U031F8P6, STM32U031G6Y6TR, STM32U031G8Y6TR, STM32U031K4U6, STM32U031K6U6, STM32U031K8U6, STM32U031R6I6, STM32U031R6T6, STM32U031R8I6, STM32U031R8T6, STM32U073C8T6, STM32U073C8U6, STM32U073CBT6, STM32U073CBU6, STM32U073CCT6, STM32U073CCU6, STM32U073H8Y6TR, STM32U073HBY6TR, STM32U073HCY6TR, STM32U073K8U6, STM32U073KBU6, STM32U073KCU6, STM32U073M8I6, STM32U073M8T6, STM32U073MBI6, STM32U073MBT6, STM32U073MCI6, STM32U073MCT6, STM32U073R8I6, STM32U073R8T6, STM32U073RBI6, STM32U073RBT6, STM32U073RCI6, STM32U073RCT6, STM32U083C-DK, STM32U083CCT6, STM32U083CCU6, STM32U083HCY6TR, STM32U083KCU6, STM32U083MCI6, STM32U083MCT6, STM32U083RCI6, STM32U083RCT6, STM32U375CET6, STM32U375CET6Q, STM32U375CEU6, STM32U375CEU6Q, STM32U375CEY6QTR, STM32U375CGT6, STM32U375CGT6Q, STM32U375CGU6, STM32U375CGU6Q, STM32U375CGY6QTR, STM32U375KEU6, STM32U375KGU6, STM32U375REI6, STM32U375REI6Q, STM32U375RET6, STM32U375RET6Q, STM32U375REY6GTR, STM32U375REY6QTR, STM32U375RGI6, STM32U375RGI6Q, STM32U375RGT6, STM32U375RGT6Q, STM32U375RGY6GTR, STM32U375RGY6QTR, STM32U375VEI6, STM32U375VEI6Q, STM32U375VET6, STM32U375VET6Q, STM32U375VGI6, STM32U375VGI6Q, STM32U375VGT6, STM32U375VGT6Q, STM32U385CGT6, STM32U385CGT6Q, STM32U385CGU6, STM32U385CGU6Q, STM32U385CGY6QTR, STM32U385KGU6, STM32U385RGI6, STM32U385RGI6Q, STM32U385RGT6, STM32U385RGT6Q, STM32U385RGY6GTR, STM32U385RGY6QTR, STM32U385VGI6, STM32U385VGI6Q, STM32U385VGT6, STM32U385VGT6Q, STM32U535CBT6, STM32U535CBT6Q, STM32U535CBU6, STM32U535CBU6Q, STM32U535CCT6, STM32U535CCT6Q, STM32U535CCU6, STM32U535CCU6Q, STM32U535CET6, STM32U535CET6Q, STM32U535CEU6, STM32U535CEU6Q, STM32U535JEY6QTR, STM32U535NCY6QTR, STM32U535NEY6QTR, STM32U535RBI6, STM32U535RBI6Q, STM32U535RBT6, STM32U535RBT6Q, STM32U535RCI6, STM32U535RCI6Q, STM32U535RCT6, STM32U535RCT6Q, STM32U535REI6, STM32U535REI6Q, STM32U535RET6, STM32U535RET6Q, STM32U535VCI6, STM32U535VCI6Q, STM32U535VCT6, STM32U535VCT6Q, STM32U535VEI6, STM32U535VEI6Q, STM32U535VET6, STM32U535VET6Q, STM32U545CET6, STM32U545CET6Q, STM32U545CEU6, STM32U545CEU6Q, STM32U545JEY6QTR, STM32U545NEY6QTR, STM32U545REI6, STM32U545REI6Q, STM32U545RET6, STM32U545RET6Q, STM32U545VEI6, STM32U545VEI6Q, STM32U545VET6, STM32U545VET6Q, STM32U595AIH6, STM32U595AIH6Q, STM32U595AJH6, STM32U595AJH6Q, STM32U595QII6, STM32U595QII6Q, STM32U595QJI6, STM32U595QJI6Q, STM32U595RIT6, STM32U595RIT6Q, STM32U595RJT6, STM32U595RJT6Q, STM32U595VIT6, STM32U595VIT6Q, STM32U595VJT6, STM32U595VJT6Q, STM32U595ZIT6, STM32U595ZIT6Q, STM32U595ZIY6QTR, STM32U595ZJT6, STM32U595ZJT6Q, STM32U595ZJY6QTR, STM32U599BJY6QTR, STM32U599NIH6Q, STM32U599NJH6Q, STM32U599VIT6Q, STM32U599VJT6, STM32U599VJT6Q, STM32U599ZIT6Q, STM32U599ZIY6QTR, STM32U599ZJT6Q, STM32U599ZJY6QTR, STM32U5A5AJH6, STM32U5A5AJH6Q, STM32U5A5QII3Q , STM32U5A5QJI6, STM32U5A5QJI6Q, STM32U5A5RJT6, STM32U5A5RJT6Q, STM32U5A5VJT6, STM32U5A5VJT6Q, STM32U5A5ZJT6, STM32U5A5ZJT6Q, STM32U5A5ZJY6QTR, STM32U5A9BJY6QTR, STM32U5A9J-DK, STM32U5A9NJH6Q, STM32U5A9VJT6Q, STM32U5A9ZJT6Q, STM32U5A9ZJY6QTR, STM32U5F7VIT6, STM32U5F7VIT6Q, STM32U5F7VJT6, STM32U5F7VJT6Q, STM32U5F9BJY6QTR, STM32U5F9NJH6Q, STM32U5F9VIT6Q, STM32U5F9VJT6Q, STM32U5F9ZIJ6QTR, STM32U5F9ZIT6Q, STM32U5F9ZJJ6QTR, STM32U5F9ZJT6Q, STM32U5G7VJT6, STM32U5G7VJT6Q, STM32U5G9BJY6QTR, STM32U5G9J-DK1, STM32U5G9J-DK2, STM32U5G9NJH6Q, STM32U5G9VJT6Q, STM32U5G9ZJJ6QTR, STM32U5G9ZJT6Q, STM32WB05KZV6TR, STM32WB05KZV7TR, STM32WB05TZF6TR, STM32WB05TZF7TR, STM32WB06CCF6TR, STM32WB06CCF7TR, STM32WB06CCV6TR, STM32WB06CCV7TR, STM32WB06KCV6TR, STM32WB06KCV7TR, STM32WB07CCF6TR, STM32WB07CCF7TR, STM32WB07CCV6TR, STM32WB07CCV7TR, STM32WB07KCV6TR, STM32WB07KCV7TR, STM32WB09KEV6TR, STM32WB09KEV7TR, STM32WB09TEF6TR, STM32WB09TEF7TR, STM32WB1MMCH6, STM32WBA50KGU6, STM32WBA50KGU6TR, STM32WBA52CEU6, STM32WBA52CEU6TR, STM32WBA52CEU7, STM32WBA52CEU7TR, STM32WBA52CGU6, STM32WBA52CGU6TR, STM32WBA52CGU6U, STM32WBA52CGU7, STM32WBA52CGU7TR, STM32WBA52KEU6, STM32WBA52KEU6TR, STM32WBA52KGU6, STM32WBA52KGU6TR, STM32WBA54CEU6, STM32WBA54CEU6TR, STM32WBA54CEU7, STM32WBA54CEU7TR, STM32WBA54CGU6, STM32WBA54CGU6TR, STM32WBA54CGU7, STM32WBA54CGU7TR, STM32WBA54KEU6, STM32WBA54KEU6TR, STM32WBA54KEU7, STM32WBA54KEU7TR, STM32WBA54KGU6, STM32WBA54KGU6TR, STM32WBA54KGU7, STM32WBA54KGU7TR, STM32WBA55CEU6, STM32WBA55CEU6TR, STM32WBA55CEU7, STM32WBA55CEU7TR, STM32WBA55CGU6, STM32WBA55CGU6TR, STM32WBA55CGU6U, STM32WBA55CGU7, STM32WBA55CGU7TR, STM32WBA55G-DK1, STM32WBA55HEF6, STM32WBA55HEF7, STM32WBA55HGF6, STM32WBA55HGF7, STM32WBA55UEI6, STM32WBA55UEI6TR, STM32WBA55UEI7, STM32WBA55UEI7TR, STM32WBA55UGI6, STM32WBA55UGI6TR, STM32WBA55UGI7, STM32WBA55UGI7TR, STM32WBA5MMGH6TR, STM32WBA62MGF6, STM32WBA62MIF6, STM32WBA65MGF7, STM32WBA65MIF6, STM32WBA65MIF7, STM32WL30K8V6, STM32WL30KBV6, STM32WL31C8V6, STM32WL31CBV6, STM32WL31K8V6, STM32WL31KBV6, STM32WL33C8V6, STM32WL33C8V6X, STM32WL33CBV6, STM32WL33CBV6X, STM32WL33CCV6, STM32WL33CCV6A, STM32WL33CCV6X, STM32WL33K8V7, STM32WL33K8V7X, STM32WL33KBV7 , STM32WL33KBV7X, STM32WL33KCV7, STM32WL33KCV7X, STM32WL5MOCH6, STM32WL5MOCH6TR]
2026-03-31 13:29:18,871 [INFO] BoardInfo:889 - No configuration file found for board NUCLEO-H5E5ZJ
2026-03-31 13:29:18,871 [INFO] DbBoards:161 - Board is not supported: NUCLEO-H5E5ZJ
2026-03-31 13:29:18,908 [INFO] BoardInfo:889 - No configuration file found for board NUCLEO-U3C5ZI-Q
2026-03-31 13:29:18,909 [INFO] DbBoards:161 - Board is not supported: NUCLEO-U3C5ZI-Q
2026-03-31 13:29:18,915 [INFO] BoardInfo:889 - No configuration file found for board NUCLEO-WBA25CE1
2026-03-31 13:29:18,916 [INFO] DbBoards:161 - Board is not supported: NUCLEO-WBA25CE1
2026-03-31 13:29:18,922 [INFO] BoardInfo:889 - No configuration file found for board NUCLEO-WL3RKB1
2026-03-31 13:29:18,923 [INFO] DbBoards:161 - Board is not supported: NUCLEO-WL3RKB1
2026-03-31 13:29:18,924 [INFO] BoardInfo:889 - No configuration file found for board NUCLEO-WL3RKB2
2026-03-31 13:29:18,924 [INFO] DbBoards:161 - Board is not supported: NUCLEO-WL3RKB2
2026-03-31 13:29:18,931 [INFO] BoardInfo:889 - No configuration file found for board P-NUCLEO-WB55
2026-03-31 13:29:18,932 [INFO] DbBoards:161 - Kit is not supported: P-NUCLEO-WB55
2026-03-31 13:29:18,937 [INFO] BoardInfo:889 - No configuration file found for board STEVAL-BFA001V1B
2026-03-31 13:29:18,937 [INFO] DbBoards:161 - Kit is not supported: STEVAL-BFA001V1B
2026-03-31 13:29:18,938 [INFO] BoardInfo:889 - No configuration file found for board STEVAL-BFA001V2B
2026-03-31 13:29:18,939 [INFO] DbBoards:161 - Kit is not supported: STEVAL-BFA001V2B
2026-03-31 13:29:18,989 [INFO] BoardInfo:889 - No configuration file found for board STM32H5F5J-DK
2026-03-31 13:29:18,990 [INFO] DbBoards:161 - Board is not supported: STM32H5F5J-DK
2026-03-31 13:29:19,033 [INFO] DbBoards:168 - Found 218 boards, 209 are supported
2026-03-31 13:29:19,033 [INFO] DbBoards:169 - Found 218 boards, 43 of them is supported for  Bsp
2026-03-31 13:29:19,038 [INFO] ApiDb:423 - Load user favorites file /home/sunbeam/.stm32cubeide/favorites.boards.txt: 1 item(s)
2026-03-31 13:29:19,038 [INFO] ApiDb:427 - User favorites Boards=[STM32F407G-DISC1]
2026-03-31 13:29:19,038 [INFO] DbBoards:198 - Set 1 / 1 favorites Boards
2026-03-31 13:29:19,039 [INFO] McuFinderGlobals:76 - Set McuFinderConnectedMode to true
2026-03-31 13:29:19,045 [INFO] MultiScanPanel:200 - Auto-refresh data requested => check proxy status ongoing
2026-03-31 13:29:19,046 [INFO] FinderPluginLoader:96 - Searching for filters in installed packs
2026-03-31 13:29:20,461 [INFO] LoadUrlFilesThread:185 - End of LoadServerUrlFiles without Thread
2026-03-31 13:29:20,469 [INFO] DetailPanel:341 - Set advertising image to /home/sunbeam/STM32Cube/Repository//en.prom-stm32c5-0326.jpg
2026-03-31 13:29:42,012 [INFO] MultiScanPanel:200 - Auto-refresh data requested => check proxy status ongoing
2026-03-31 13:29:42,101 [INFO] LoadUrlFilesThread:185 - End of LoadServerUrlFiles without Thread
2026-03-31 13:29:42,101 [INFO] DetailPanel:341 - Set advertising image to /home/sunbeam/STM32Cube/Repository//en.prom-stm32c5-0326.jpg
2026-03-31 13:29:42,110 [INFO] DbBoards:642 - Loading board mini-images...
2026-03-31 13:29:44,065 [INFO] DbBoards:665 - Loaded 218 board mini-images
2026-03-31 13:29:56,149 [INFO] MainUpdater:2872 - connection check result : 10
2026-03-31 13:29:56,149 [INFO] MainUpdater:2872 - connection check result : 10
2026-03-31 13:29:56,159 [INFO] MicroXplorer:468 - Change Database Path : 
2026-03-31 13:29:56,159 [INFO] MicroXplorer:498 - Change Database Version : DB.6.0.150
2026-03-31 13:29:56,163 [WARN] ThirdParty:871 - waiting for thirdparty lock release [close project]
2026-03-31 13:29:56,163 [INFO] ThirdParty:873 - entering critical section [close project]
2026-03-31 13:29:56,164 [INFO] ThirdParty:883 - exiting critical section [close project]
2026-03-31 13:29:56,166 [INFO] PinOutPanel:1589 - setPackage(No Configuration,No Configuration)
2026-03-31 13:29:56,167 [INFO] UtilMem:75 - Begin LoadConfig() Used Memory: 785135944 Bytes (1073741824)
2026-03-31 13:29:56,170 [INFO] OpenFileManager:355 - Change cursor
2026-03-31 13:29:56,213 [INFO] ProjectFactory:514 - No CPN specified for board STM32F407G-DISC1 => set CPN to STM32F407VGT6
2026-03-31 13:29:56,214 [INFO] Mcu:2029 - Initializing MCU STM32F407V(E-G)Tx STM32F407VGTx STM32F407VGT6
2026-03-31 13:29:57,414 [INFO] Context:786 - Trying to add GPIOservice into a context  which must be forbidden
2026-03-31 13:29:57,899 [INFO] Rule:233 - rule 117617 - U5Cobra4M][GTZC] default value MPCBB3 and MPCBB5 - Not Secured memory - MPCBB1 is applicable
2026-03-31 13:29:57,899 [INFO] Rule:233 - rule 117617 - U5Cobra4M][GTZC] default value MPCBB3 and MPCBB5 - Not Secured memory - MPCBB1 is applicable
2026-03-31 13:29:57,899 [INFO] Rule:233 - rule 117617 - U5Cobra4M][GTZC] default value MPCBB3 and MPCBB5 - Not Secured memory - MPCBB2 is applicable
2026-03-31 13:29:57,899 [INFO] Rule:233 - rule 117617 - U5Cobra4M][GTZC] default value MPCBB3 and MPCBB5 - Not Secured memory - MPCBB2 is applicable
2026-03-31 13:29:57,899 [INFO] Rule:233 - rule 117617 - U5Cobra4M][GTZC] default value MPCBB3 and MPCBB5 - Not Secured memory - MPCBB3 is applicable
2026-03-31 13:29:57,899 [INFO] Rule:233 - rule 117617 - U5Cobra4M][GTZC] default value MPCBB3 and MPCBB5 - Not Secured memory - MPCBB3 is applicable
2026-03-31 13:29:57,899 [INFO] Rule:233 - rule 117617 - U5Cobra4M][GTZC] default value MPCBB3 and MPCBB5 - Not Secured memory - MPCBB4 is applicable
2026-03-31 13:29:57,899 [INFO] Rule:233 - rule 117617 - U5Cobra4M][GTZC] default value MPCBB3 and MPCBB5 - Not Secured memory - MPCBB4 is applicable
2026-03-31 13:29:57,899 [INFO] Rule:233 - rule 117617 - U5Cobra4M][GTZC] default value MPCBB3 and MPCBB5 - Secured memory - MPCBB1 is applicable
2026-03-31 13:29:57,899 [INFO] Rule:233 - rule 117617 - U5Cobra4M][GTZC] default value MPCBB3 and MPCBB5 - Secured memory - MPCBB2 is applicable
2026-03-31 13:29:57,899 [INFO] Rule:233 - rule 117617 - U5Cobra4M][GTZC] default value MPCBB3 and MPCBB5 - Secured memory - MPCBB3 is applicable
2026-03-31 13:29:57,899 [INFO] Rule:233 - rule 117617 - U5Cobra4M][GTZC] default value MPCBB3 and MPCBB5 - Secured memory - MPCBB4 is applicable
2026-03-31 13:29:57,899 [INFO] Rule:233 - rule 117617 - U5Cobra4M][GTZC] default value MPCBB3 and MPCBB5 - Privileged memory - MPCBB1 is applicable
2026-03-31 13:29:57,899 [INFO] Rule:233 - rule 117617 - U5Cobra4M][GTZC] default value MPCBB3 and MPCBB5 - Privileged memory - MPCBB2 is applicable
2026-03-31 13:29:57,899 [INFO] Rule:233 - rule 117617 - U5Cobra4M][GTZC] default value MPCBB3 and MPCBB5 - Privileged memory - MPCBB3 is applicable
2026-03-31 13:29:57,899 [INFO] Rule:233 - rule 117617 - U5Cobra4M][GTZC] default value MPCBB3 and MPCBB5 - Privileged memory - MPCBB4 is applicable
2026-03-31 13:29:57,899 [INFO] Rule:233 - rule 117617 - U5Cobra4M][GTZC] default value MPCBB3 and MPCBB5 - Not Privileged memory - MPCBB1 is applicable
2026-03-31 13:29:57,899 [INFO] Rule:233 - rule 117617 - U5Cobra4M][GTZC] default value MPCBB3 and MPCBB5 - Not Privileged memory - MPCBB2 is applicable
2026-03-31 13:29:57,899 [INFO] Rule:233 - rule 117617 - U5Cobra4M][GTZC] default value MPCBB3 and MPCBB5 - Not Privileged memory - MPCBB3 is applicable
2026-03-31 13:29:57,899 [INFO] Rule:233 - rule 117617 - U5Cobra4M][GTZC] default value MPCBB3 and MPCBB5 - Not Privileged memory - MPCBB4 is applicable
2026-03-31 13:29:57,899 [INFO] Rule:233 - rule 117617 - U5Cobra4M][GTZC] default value MPCBB3 and MPCBB5 - Privileged memory - MPCBB1 is applicable
2026-03-31 13:29:57,900 [INFO] Rule:233 - rule 117617 - U5Cobra4M][GTZC] default value MPCBB3 and MPCBB5 - Privileged memory - MPCBB2 is applicable
2026-03-31 13:29:57,900 [INFO] Rule:233 - rule 117617 - U5Cobra4M][GTZC] default value MPCBB3 and MPCBB5 - Privileged memory - MPCBB3 is applicable
2026-03-31 13:29:57,900 [INFO] Rule:233 - rule 117617 - U5Cobra4M][GTZC] default value MPCBB3 and MPCBB5 - Privileged memory - MPCBB4 is applicable
2026-03-31 13:29:57,900 [INFO] Rule:233 - rule 117617 - U5Cobra4M][GTZC] default value MPCBB3 and MPCBB5 - Privileged memory - MPCBB1 is applicable
2026-03-31 13:29:57,900 [INFO] Rule:233 - rule 117617 - U5Cobra4M][GTZC] default value MPCBB3 and MPCBB5 - Privileged memory - MPCBB2 is applicable
2026-03-31 13:29:57,900 [INFO] Rule:233 - rule 117617 - U5Cobra4M][GTZC] default value MPCBB3 and MPCBB5 - Privileged memory - MPCBB3 is applicable
2026-03-31 13:29:57,900 [INFO] Rule:233 - rule 117617 - U5Cobra4M][GTZC] default value MPCBB3 and MPCBB5 - Privileged memory - MPCBB4 is applicable
2026-03-31 13:29:57,900 [INFO] Rule:233 - rule 117617 - U5Cobra4M][GTZC] default value MPCBB3 and MPCBB5 - Not Privileged memory - MPCBB1 is applicable
2026-03-31 13:29:57,900 [INFO] Rule:233 - rule 117617 - U5Cobra4M][GTZC] default value MPCBB3 and MPCBB5 - Not Privileged memory - MPCBB2 is applicable
2026-03-31 13:29:57,900 [INFO] Rule:233 - rule 117617 - U5Cobra4M][GTZC] default value MPCBB3 and MPCBB5 - Not Privileged memory - MPCBB3 is applicable
2026-03-31 13:29:57,900 [INFO] Rule:233 - rule 117617 - U5Cobra4M][GTZC] default value MPCBB3 and MPCBB5 - Not Privileged memory - MPCBB4 is applicable
2026-03-31 13:29:57,900 [INFO] Rule:233 - rule 117617 - U5Cobra4M][GTZC] default value MPCBB3 and MPCBB5 - Privileged memory - MPCBB1 is applicable
2026-03-31 13:29:57,900 [INFO] Rule:233 - rule 117617 - U5Cobra4M][GTZC] default value MPCBB3 and MPCBB5 - Privileged memory - MPCBB2 is applicable
2026-03-31 13:29:57,900 [INFO] Rule:233 - rule 117617 - U5Cobra4M][GTZC] default value MPCBB3 and MPCBB5 - Privileged memory - MPCBB3 is applicable
2026-03-31 13:29:57,900 [INFO] Rule:233 - rule 117617 - U5Cobra4M][GTZC] default value MPCBB3 and MPCBB5 - Privileged memory - MPCBB4 is applicable
2026-03-31 13:29:57,900 [INFO] Rule:233 - rule Rename SubGHz_Phy SUBGHZ_APPLICATION SUBGHZ_PINGPONG to SUBGHZ_ADV_APPLICATION is applicable
2026-03-31 13:29:57,900 [INFO] Rule:233 - rule Rename Enabled to IBEACON is applicable
2026-03-31 13:29:57,900 [INFO] Rule:233 - rule GTZC_S instance for project manager is applicable
2026-03-31 13:29:57,900 [INFO] Rule:233 - rule GTZC_S instance for context M33S is applicable
2026-03-31 13:29:57,900 [INFO] Rule:233 - rule GTZC_S instance value for IP GTZC is applicable
2026-03-31 13:29:57,900 [INFO] Rule:233 - rule GTZC_S instance for mcu.IP is applicable
2026-03-31 13:29:57,900 [INFO] Rule:233 - rule GTZC_S instance for VP is applicable
2026-03-31 13:29:57,900 [INFO] Rule:233 - rule GTZC_S instance for signal is applicable
2026-03-31 13:29:57,900 [INFO] Rule:233 - rule GTZC_S instance for mcu.Pin is applicable
2026-03-31 13:29:57,900 [INFO] Rule:233 - rule GTZC_S instance for VP is applicable
2026-03-31 13:29:57,900 [INFO] Rule:233 - rule GTZC_S instance for signal is applicable
2026-03-31 13:29:57,900 [INFO] Rule:233 - rule GTZC_S instance for mcu is applicable
2026-03-31 13:29:57,900 [INFO] Rule:233 - rule GTZC_S instance for mcu.Pin is applicable
2026-03-31 13:29:57,900 [INFO] Rule:233 - rule GTZC_S instance value for IP GTZC is applicable
2026-03-31 13:29:57,900 [INFO] Rule:233 - rule GTZC_S instance for project manager is applicable
2026-03-31 13:29:57,900 [INFO] Rule:233 - rule GTZC_S instance for context M33S is applicable
2026-03-31 13:29:57,900 [INFO] Rule:233 - rule GTZC_S instance for VP is applicable
2026-03-31 13:29:57,900 [INFO] Rule:233 - rule GTZC_S instance for signal is applicable
2026-03-31 13:29:57,901 [INFO] Rule:233 - rule SPDIFRX instance for mcu is applicable
2026-03-31 13:29:57,901 [INFO] Rule:233 - rule Rename Tracer Mode is applicable
2026-03-31 13:29:57,901 [INFO] Rule:233 - rule SPDIFRX instance value for IP SPDIFRX is applicable
2026-03-31 13:29:57,901 [INFO] Rule:233 - rule SPDIFRX instance for signal is applicable
2026-03-31 13:29:57,901 [INFO] Rule:233 - rule SPDIFRX instance for project manager is applicable
2026-03-31 13:29:57,901 [INFO] Rule:233 - rule SPDIFRX instance for project manager is applicable
2026-03-31 13:29:57,901 [INFO] Rule:233 - rule ADC Scan  fix with FW F7 is applicable
2026-03-31 13:29:57,901 [INFO] Rule:233 - rule ADC Scan  fix with FW F7 is applicable
2026-03-31 13:29:57,901 [INFO] Rule:233 - rule WakeUp0 Mode is applicable
2026-03-31 13:29:57,901 [INFO] Rule:233 - rule WakeUp0 SIGNAL is applicable
2026-03-31 13:29:57,901 [INFO] Rule:233 - rule WakeUp1 Mode is applicable
2026-03-31 13:29:57,901 [INFO] Rule:233 - rule WakeUp1 SIGNAL is applicable
2026-03-31 13:29:57,901 [INFO] Rule:233 - rule WakeUp2 Mode is applicable
2026-03-31 13:29:57,901 [INFO] Rule:233 - rule WakeUp2 SIGNAL is applicable
2026-03-31 13:29:57,901 [INFO] Rule:233 - rule WakeUp4 Mode is applicable
2026-03-31 13:29:57,901 [INFO] Rule:233 - rule WakeUp4 SIGNAL is applicable
2026-03-31 13:29:57,901 [INFO] Rule:233 - rule WakeUp5 Mode is applicable
2026-03-31 13:29:57,901 [INFO] Rule:233 - rule WakeUp5 SIGNAL is applicable
2026-03-31 13:29:57,901 [INFO] Rule:233 - rule UART/USART WORD LENGTH 7 is applicable
2026-03-31 13:29:57,901 [INFO] Rule:233 - rule UART/USART WORD LENGTH 8 is applicable
2026-03-31 13:29:57,901 [INFO] Rule:233 - rule UART/USART WORD LENGTH 9 is applicable
2026-03-31 13:29:57,901 [INFO] Rule:233 - rule Change Default Value for LSE Drive Capability for WB family is applicable
2026-03-31 13:29:57,901 [INFO] Rule:233 - rule Change Default Value for ADC Clock Prescaler G0 family is applicable
2026-03-31 13:29:57,902 [INFO] Rule:233 - rule ADC SamplingTime fix with FW L0  is applicable
2026-03-31 13:29:57,902 [INFO] Rule:233 - rule ADC SamplingTime fix with FW L0  is applicable
2026-03-31 13:29:57,902 [INFO] Rule:233 - rule ADC SamplingTime fix with FW L0 is applicable
2026-03-31 13:29:57,902 [INFO] Rule:233 - rule ADC SamplingTime fix with FW L0 is applicable
2026-03-31 13:29:57,902 [INFO] Rule:233 - rule ADC SamplingTime fix with FW L0  is applicable
2026-03-31 13:29:57,902 [INFO] Rule:233 - rule ADC SamplingTime fix with FW L0 is applicable
2026-03-31 13:29:57,902 [INFO] Rule:233 - rule Rename USB_OE Signal is applicable
2026-03-31 13:29:57,902 [INFO] Rule:233 - rule Rename Activate_OE Mode is applicable
2026-03-31 13:29:57,902 [INFO] Rule:233 - rule Rename DIE462/DIE415 pin PC14/OSC32_IN -> PC14-OSC32_IN (PC14) is applicable
2026-03-31 13:29:57,902 [INFO] Rule:233 - rule Rename DIE462/DIE415 pin PC15/OSC32_OUT -> PC15-OSC32_OUT (PC15) is applicable
2026-03-31 13:29:57,902 [INFO] Rule:233 - rule Rename DIE462/DIE415 pin PH0/OSC_IN -> PH0-OSC_IN (PH0) is applicable
2026-03-31 13:29:57,902 [INFO] Rule:233 - rule Rename DIE462/DIE415 pin PH1/OSC_OUT -> PH1-OSC_OUT (PH1) is applicable
2026-03-31 13:29:57,902 [INFO] Rule:233 - rule Rename DIE462 pin PA13 -> PA13 (JTMS/SWDIO) is applicable
2026-03-31 13:29:57,902 [INFO] Rule:233 - rule Rename DIE415 pin PA13 -> PA13 (JTMS/SWDIO) is applicable
2026-03-31 13:29:57,902 [INFO] Rule:233 - rule Rename DIE462 pin PA14 -> PA14 (JTCK/SWCLK) is applicable
2026-03-31 13:29:57,902 [INFO] Rule:233 - rule Rename DIE415 pin PA14 -> PA14 (JTCK/SWCLK) is applicable
2026-03-31 13:29:57,902 [INFO] Rule:233 - rule Rename DIE462/DIE415 pin PA15 -> PA15 (JTDI) is applicable
2026-03-31 13:29:57,902 [INFO] Rule:233 - rule Rename DIE462 pin PB3 -> PB3 (JTD0/TRACESWO) is applicable
2026-03-31 13:29:57,902 [INFO] Rule:233 - rule Rename DIE415 pin PB3 -> PB3 (JTD0-TRACESWO) is applicable
2026-03-31 13:29:57,902 [INFO] Rule:233 - rule Rename DIE462/DIE415 pin PB4 -> PB4 (NJTRST) is applicable
2026-03-31 13:29:57,902 [INFO] Rule:233 - rule Rename DIE462 pin PH3/BOOT0 -> PH3-BOOT0 (BOOT0) is applicable
2026-03-31 13:29:57,902 [INFO] Rule:233 - rule Rename CRYP DataEncryptionTypesList to Algorithm is applicable
2026-03-31 13:29:57,902 [INFO] Rule:233 - rule Rename AES DataEncryptionTypesList to Algorithm is applicable
2026-03-31 13:29:57,902 [INFO] Rule:233 - rule Rename TDESECB to CRYP_TDES_ECB is applicable
2026-03-31 13:29:57,902 [INFO] Rule:233 - rule Rename TDESCBC to CRYP_TDES_CBC is applicable
2026-03-31 13:29:57,902 [INFO] Rule:233 - rule Rename DESECB to CRYP_DES_ECB is applicable
2026-03-31 13:29:57,902 [INFO] Rule:233 - rule Rename DESCBC to CRYP_DES_CBC is applicable
2026-03-31 13:29:57,902 [INFO] Rule:233 - rule Rename AESECB to CRYP_AES_ECB is applicable
2026-03-31 13:29:57,902 [INFO] Rule:233 - rule Rename AESCBC to CRYP_AES_CBC is applicable
2026-03-31 13:29:57,902 [INFO] Rule:233 - rule Rename AESCTR to CRYP_AES_CTR is applicable
2026-03-31 13:29:57,902 [INFO] Rule:233 - rule Rename AESGCM to CRYP_AES_GCM is applicable
2026-03-31 13:29:57,902 [INFO] Rule:233 - rule Rename AESCCM to CRYP_AES_CCM is applicable
2026-03-31 13:29:57,902 [INFO] Rule:233 - rule Rename CAN TimeSeg1 to BS1 is applicable
2026-03-31 13:29:57,903 [INFO] Rule:233 - rule Rename CAN TimeSeg2 to BS2 is applicable
2026-03-31 13:29:57,903 [INFO] Rule:233 - rule Rename CAN SyncJumpWidth to SJW is applicable
2026-03-31 13:29:57,903 [INFO] Rule:233 - rule TimeTriggeredMode to TTCM is applicable
2026-03-31 13:29:57,903 [INFO] Rule:233 - rule Rename CAN AutoBusOff to ABOM is applicable
2026-03-31 13:29:57,903 [INFO] Rule:233 - rule Rename CAN AutoWakeUp to AWUM is applicable
2026-03-31 13:29:57,903 [INFO] Rule:233 - rule Rename CAN AutoRetransmission to NART is applicable
2026-03-31 13:29:57,903 [INFO] Rule:233 - rule Rename CAN ReceiveFifoLocked to RFLM is applicable
2026-03-31 13:29:57,903 [INFO] Rule:233 - rule Rename CAN TransmitFifoPriority to TXFP is applicable
2026-03-31 13:29:57,903 [INFO] Rule:233 - rule Rename HRTIMER HRTIM_OUTPUTFAULTLEVEL_HIGH in HRTIMER HRTIM_OUTPUTFAULTLEVEL_HIGHZ is applicable
2026-03-31 13:29:57,903 [INFO] Rule:233 - rule Rename TIMER TIM_CLEARINPUTSOURCE_OCREFCLR in  TIMER TIM_CLEARINPUTSOURCE_NONE for F7 family is applicable
2026-03-31 13:29:57,903 [INFO] Rule:233 - rule FDCAN_R1 - Rename FDCAN mode Master into Classic is applicable
2026-03-31 13:29:57,903 [INFO] Rule:233 - rule FDCAN_R2 - Rename FDCAN mode Slave into Classic is applicable
2026-03-31 13:29:57,903 [INFO] Rule:233 - rule FDCAN1_R3 - if PA10.Mode=FullDuplex, add Pin PA12 is applicable
2026-03-31 13:29:57,903 [INFO] Rule:233 - rule FDCAN1_R3 - if PA9.Mode=FullDuplex, add Pin PA11 is applicable
2026-03-31 13:29:57,903 [INFO] Rule:233 - rule FDCAN1_R3 - Alternatepin_1 - if PE1.Mode=FullDuplex, add Pin PB9 is applicable
2026-03-31 13:29:57,903 [INFO] Rule:233 - rule FDCAN1_R3 - Alternatepin_1 - if PE0.Mode=FullDuplex, add Pin PB8 is applicable
2026-03-31 13:29:57,903 [INFO] Rule:233 - rule FDCAN1_R3 - Alternatepin_2 - if PD5.Mode=FullDuplex, add Pin PD1 is applicable
2026-03-31 13:29:57,903 [INFO] Rule:233 - rule FDCAN1_R3 - Alternatepin_2 - if PD4.Mode=FullDuplex, add Pin PD0 is applicable
2026-03-31 13:29:57,903 [INFO] Rule:233 - rule FDCAN1_R4 - Rename Mode FullDuplex into Enable FDCAN_TXFD for pin PA10 is applicable
2026-03-31 13:29:57,903 [INFO] Rule:233 - rule FDCAN1_R4 - Rename Mode FullDuplex into Enable FDCAN_TXFD for pin PA9 is applicable
2026-03-31 13:29:57,903 [INFO] Rule:233 - rule FDCAN1_R4 - Alternatepin_1 - Rename Mode FullDuplex into Enable FDCAN_TXFD for pin PE1 is applicable
2026-03-31 13:29:57,903 [INFO] Rule:233 - rule FDCAN1_R4 - Alternatepin_1 - Rename Mode FullDuplex into Enable FDCAN_TXFD for pin PE0 is applicable
2026-03-31 13:29:57,903 [INFO] Rule:233 - rule FDCAN1_R4 - Alternatepin_2 - Rename Mode FullDuplex into Enable FDCAN_TXFD for pin PD5 is applicable
2026-03-31 13:29:57,903 [INFO] Rule:233 - rule FDCAN1_R4 - Alternatepin_2 - Rename Mode FullDuplex into Enable FDCAN_TXFD for pin PD4 is applicable
2026-03-31 13:29:57,903 [INFO] Rule:233 - rule FDCAN2_R3 - if PD10.Mode=FullDuplex, add Pin PB13 is applicable
2026-03-31 13:29:57,903 [INFO] Rule:233 - rule FDCAN2_R3 - if PD9.Mode=FullDuplex, add Pin PB12 is applicable
2026-03-31 13:29:57,903 [INFO] Rule:233 - rule FDCAN2_R3 - Alternatepin_1 - if PB7.Mode=FullDuplex, add Pin PB6 is applicable
2026-03-31 13:29:57,903 [INFO] Rule:233 - rule FDCAN2_R3 - Alternatepin_1 - if PD9.Mode=FullDuplex, add Pin PB12 is applicable
2026-03-31 13:29:57,903 [INFO] Rule:233 - rule FDCAN2_R4 - Rename Mode FullDuplex into Enable FDCAN_TXFD for pin PD10 is applicable
2026-03-31 13:29:57,903 [INFO] Rule:233 - rule FDCAN2_R4 - Rename Mode FullDuplex into Enable FDCAN_TXFD for pin PD9 is applicable
2026-03-31 13:29:57,903 [INFO] Rule:233 - rule FDCAN2_R4 - Alternatepin_1 - Rename Mode FullDuplex into Enable FDCAN_TXFD for pin PB7 is applicable
2026-03-31 13:29:57,903 [INFO] Rule:233 - rule FDCAN2_R4 - Alternatepin_1 - Rename Mode FullDuplex into Enable FDCAN_TXFD for pin PD6 is applicable
2026-03-31 13:29:57,903 [INFO] Rule:233 - rule USART TxPinLevelInvertParam Mode is applicable
2026-03-31 13:29:57,903 [INFO] Rule:233 - rule USART RxPinLevelInvertParam Mode is applicable
2026-03-31 13:29:57,904 [INFO] Rule:233 - rule USART DataInvertParam Mode is applicable
2026-03-31 13:29:57,904 [INFO] Rule:233 - rule USART SwapParam Mode is applicable
2026-03-31 13:29:57,904 [INFO] Rule:233 - rule USART OverrunDisableParam Mode is applicable
2026-03-31 13:29:57,904 [INFO] Rule:233 - rule USART DMADisableonRxErrorParam Mode is applicable
2026-03-31 13:29:57,904 [INFO] Rule:233 - rule USART MSBFirstParam Mode is applicable
2026-03-31 13:29:57,904 [INFO] Rule:233 - rule Update MwName for USB_DEVICE is applicable
2026-03-31 13:29:57,904 [INFO] Rule:233 - rule Change PWR_Regulator_Voltage_Scale Default Value for RCC  H7 family is applicable
2026-03-31 13:29:57,904 [INFO] Rule:233 - rule UART/USART IPParameter rename Prescaler parameter to ClockPrescaler is applicable
2026-03-31 13:29:57,904 [INFO] Rule:233 - rule UART/USART Prescaler rename Prescaler parameter to ClockPrescaler is applicable
2026-03-31 13:29:57,904 [INFO] Rule:233 - rule TIM1CLockSelection is applicable
2026-03-31 13:29:57,904 [INFO] Rule:233 - rule TIM15CLockSelection is applicable
2026-03-31 13:29:57,904 [INFO] Rule:233 - rule align RCC SDMMC3CLockSelection default value on MP1 is applicable
2026-03-31 13:29:57,904 [INFO] Rule:233 - rule align RCC SDMMC12CLockSelection default value on MP1 is applicable
2026-03-31 13:29:57,904 [INFO] Rule:233 - rule align RCC QSPICLockSelection default value on MP1 is applicable
2026-03-31 13:29:57,904 [INFO] Rule:233 - rule align RCC QSPICLockSelection default value on MP1 is applicable
2026-03-31 13:29:57,904 [INFO] Rule:233 - rule align RCC SPI6CLockSelection default value on MP1 is applicable
2026-03-31 13:29:57,904 [INFO] Rule:233 - rule align RCC LPTIM23CLockSelection default value on MP1 is applicable
2026-03-31 13:29:57,904 [INFO] Rule:233 - rule align RCC LPTIM1CLockSelection default value on MP1 is applicable
2026-03-31 13:29:57,904 [INFO] Rule:233 - rule align RCC USART1CLockSelection default value on MP1 is applicable
2026-03-31 13:29:57,904 [INFO] Rule:233 - rule align RCC USART24CLockSelection default value on MP1 is applicable
2026-03-31 13:29:57,904 [INFO] Rule:233 - rule align RCC USART6CLockSelection default value on MP1 is applicable
2026-03-31 13:29:57,904 [INFO] Rule:233 - rule align RCC UART78CLockSelection default value on MP1 is applicable
2026-03-31 13:29:57,904 [INFO] Rule:233 - rule align RCC USART35CLockSelection default value on MP1 is applicable
2026-03-31 13:29:57,904 [INFO] Rule:233 - rule align RCC SPI45CLockSelection default value on MP1 is applicable
2026-03-31 13:29:57,904 [INFO] Rule:233 - rule align RCC I2C46CLockSelection BCLK value on MP1 is applicable
2026-03-31 13:29:57,904 [INFO] Rule:233 - rule align RCC SPI45CLockSelection default value on MP1 is applicable
2026-03-31 13:29:57,904 [INFO] Rule:233 - rule align RCC I2C12CLockSelection default value on MP1 is applicable
2026-03-31 13:29:57,904 [INFO] Rule:233 - rule align RCC I2C35CLockSelection default value on MP1 is applicable
2026-03-31 13:29:57,904 [INFO] Rule:233 - rule align RCC LPTIM45CLockSelection default value on MP1 is applicable
2026-03-31 13:29:57,904 [INFO] Rule:233 - rule Rename DCMI PIXCK signal is applicable
2026-03-31 13:29:57,904 [INFO] Rule:233 - rule Change Default Value for I2C46CLockSelection MP1 family is applicable
2026-03-31 13:29:57,904 [INFO] Rule:233 - rule Change Default Value for UART for G4, G0 and WB families is applicable
2026-03-31 13:29:57,904 [INFO] Rule:233 - rule Change Default Value for USART for G4, G0 and WB families is applicable
2026-03-31 13:29:57,904 [INFO] Rule:233 - rule Change Default Value for USART for G4 family is applicable
2026-03-31 13:29:57,904 [INFO] Rule:233 - rule Change USART1CLockSelection refparam name for MP1 is applicable
2026-03-31 13:29:57,904 [INFO] Rule:233 - rule Change USART2CLockSelection refparam name for MP1 is applicable
2026-03-31 13:29:57,905 [INFO] Rule:233 - rule Change USART3CLockSelection refparam name for MP1 is applicable
2026-03-31 13:29:57,905 [INFO] Rule:233 - rule Change UART4CLockSelection refparam name for MP1 is applicable
2026-03-31 13:29:57,905 [INFO] Rule:233 - rule Change UART5CLockSelection refparam name for MP1 is applicable
2026-03-31 13:29:57,905 [INFO] Rule:233 - rule Change LPUART1CLockSelection refparam name for MP1 is applicable
2026-03-31 13:29:57,905 [INFO] Rule:233 - rule Change LPTIM1CLockSelection refparam name for MP1 is applicable
2026-03-31 13:29:57,905 [INFO] Rule:233 - rule Change LPTIM2CLockSelection refparam name for MP1 is applicable
2026-03-31 13:29:57,905 [INFO] Rule:233 - rule Change RCC_MCO1Source refparam name for MP1 is applicable
2026-03-31 13:29:57,905 [INFO] Rule:233 - rule Change LSCOSource1 refparam name for MP1 is applicable
2026-03-31 13:29:57,905 [INFO] Rule:233 - rule Change SMPSCLockSelection refparam name for MP1 is applicable
2026-03-31 13:29:57,905 [INFO] Rule:233 - rule Change LPTIM3CLockSelection refparam name for MP1 is applicable
2026-03-31 13:29:57,905 [INFO] Rule:233 - rule Change MPCBB* Default Template Mode to Parameters is applicable
2026-03-31 13:29:57,905 [INFO] Rule:233 - rule Change MPCWM* or MPCBB* Secure Mode to Parameters is applicable
2026-03-31 13:29:57,905 [INFO] Rule:233 - rule Change MPCWM* or MPCBB* No Secure Mode to Parameters is applicable
2026-03-31 13:29:57,905 [INFO] Rule:233 - rule Change TZSC IP Secure Mode to Parameters is applicable
2026-03-31 13:29:57,905 [INFO] Rule:233 - rule Change TZSC IP No Secure Mode to Parameters is applicable
2026-03-31 13:29:57,905 [INFO] Rule:233 - rule Change TZSC IP Privilege Mode to Parameters is applicable
2026-03-31 13:29:57,905 [INFO] Rule:233 - rule Change TZSC IP No Privilege Mode to Parameters is applicable
2026-03-31 13:29:57,905 [INFO] Rule:233 - rule Change TZIC IT Secure Mode to Parameters is applicable
2026-03-31 13:29:57,905 [INFO] Rule:233 - rule Change TZIC IT No Secure Mode to Parameters is applicable
2026-03-31 13:29:57,905 [INFO] Rule:233 - rule Add MPCBB1_NonSecureArea_Start_Address value with referenced to MPCBB1_NonSecureArea_Start value is applicable
2026-03-31 13:29:57,905 [INFO] Rule:233 - rule Add MPCBB2_NonSecureArea_Start_Address value with referenced to MPCBB2_NonSecureArea_Start value is applicable
2026-03-31 13:29:57,905 [INFO] Rule:233 - rule Add MPCWM1_NonSecureArea*_Start_Address value with referenced to MPCWM1_NonSecureArea*_Start value is applicable
2026-03-31 13:29:57,905 [INFO] Rule:233 - rule Add MPCWM2_NonSecureArea*_Start_Address value with referenced to MPCWM2_NonSecureArea*_Start value is applicable
2026-03-31 13:29:57,905 [INFO] Rule:233 - rule Add MPCWM3_NonSecureArea_Start_Address value with referenced to MPCWM3_NonSecureArea_Start value is applicable
2026-03-31 13:29:57,905 [INFO] Rule:233 - rule Change Default Value for PLL1UserDefinedConfig is applicable
2026-03-31 13:29:57,905 [INFO] Rule:233 - rule Change GPIO_PuPd Default Value for USART in async mode is applicable
2026-03-31 13:29:57,905 [INFO] Rule:233 - rule Change SMPSDivider Default Value is applicable
2026-03-31 13:29:57,905 [INFO] Rule:233 - rule OPAMP is applicable
2026-03-31 13:29:57,905 [INFO] Rule:233 - rule LPUART IPParameter rename Prescaler parameter to ClockPrescaler for STM32H7 is applicable
2026-03-31 13:29:57,905 [INFO] Rule:233 - rule LPUART IPParameter rename Prescaler parameter to ClockPrescaler for STM32H7 is applicable
2026-03-31 13:29:57,905 [INFO] Rule:233 - rule LPUART IPParameter rename Prescaler parameter to ClockPrescaler for STM32WB is applicable
2026-03-31 13:29:57,905 [INFO] Rule:233 - rule LPUART IPParameter rename Prescaler parameter to ClockPrescaler for STM32WB is applicable
2026-03-31 13:29:57,905 [INFO] Rule:233 - rule LPUART IPParameter rename Prescaler parameter to ClockPrescaler for STM32G4 is applicable
2026-03-31 13:29:57,905 [INFO] Rule:233 - rule LPUART IPParameter rename Prescaler parameter to ClockPrescaler for STM32G4 is applicable
2026-03-31 13:29:57,905 [INFO] Rule:233 - rule LPUART IPParameter rename Prescaler parameter to ClockPrescaler for STM32L5 is applicable
2026-03-31 13:29:57,905 [INFO] Rule:233 - rule LPUART IPParameter rename Prescaler parameter to ClockPrescaler for STM32L5 is applicable
2026-03-31 13:29:57,905 [INFO] Rule:233 - rule LPUART IPParameter rename Prescaler parameter to ClockPrescaler for STM32G4 is applicable
2026-03-31 13:29:57,905 [INFO] Rule:233 - rule LPUART IPParameter rename Prescaler parameter to ClockPrescaler for STM32G4 is applicable
2026-03-31 13:29:57,905 [INFO] Rule:233 - rule USB device lib V2.5.3 for L0 rename USBD_SUPPORT_USER_STRING parameter to USBD_SUPPORT_USER_STRING_DESC4 is applicable
2026-03-31 13:29:57,906 [INFO] Rule:233 - rule I2SCLockSelection clock entry align is applicable
2026-03-31 13:29:57,906 [INFO] Rule:233 - rule Assign TIMx context if used as SYS timebase is applicable
2026-03-31 13:29:57,906 [INFO] Rule:233 - rule Change GPIO_Pu Default Value for I2C is applicable
2026-03-31 13:29:57,906 [INFO] Rule:233 - rule Change GPIO_Pu Default Value for SMBus is applicable
2026-03-31 13:29:57,906 [INFO] Rule:233 - rule change FDCAN default value is applicable
2026-03-31 13:29:57,906 [INFO] Rule:233 - rule Change mode sai is applicable
2026-03-31 13:29:57,906 [INFO] Rule:233 - rule **Change sai mode is applicable
2026-03-31 13:29:57,906 [INFO] Rule:233 - rule Rename STM32WPAN CFG_BLE_IRK to CFG_BLE_IR is applicable
2026-03-31 13:29:57,906 [INFO] Rule:233 - rule Rename STM32WPAN CFG_BLE_ERK to CFG_BLE_ER is applicable
2026-03-31 13:29:57,906 [INFO] Rule:233 - rule Rename STM32WPAN CFG_BLE_IRK_HEX to CFG_BLE_IR_HEX is applicable
2026-03-31 13:29:57,906 [INFO] Rule:233 - rule Rename STM32WPAN CFG_BLE_ERK_HEX to CFG_BLE_ER_HEX is applicable
2026-03-31 13:29:57,906 [INFO] Rule:233 - rule Adapt Old IOC before rework replace old CORTEX_M33/CORTEX_M55 attributes by the new one. is applicable
2026-03-31 13:29:57,906 [INFO] Rule:233 - rule Rename parametre of RCC RCC_APBDBG_DIV2 to RCC_TIMPRES_DIV2 is applicable
2026-03-31 13:29:57,906 [INFO] Rule:233 - rule Rename DIE493 pin PA10 [PA12] -> PA10 is applicable
2026-03-31 13:29:57,906 [INFO] Rule:233 - rule Rename DIE493 pin PA9 [PA11] -> PA9 is applicable
2026-03-31 13:29:57,906 [INFO] Rule:233 - rule Rename DIE492 PartNumber CPN STM32WBA5MJGHx -> STM32WBA5MMGHx is applicable
2026-03-31 13:29:57,906 [INFO] Rule:233 - rule Rename DIE492 PartNumber  Name STM32WBA5MJGHx -> STM32WBA5MMGHx is applicable
2026-03-31 13:29:57,906 [INFO] Rule:233 - rule Rename DIE492 PartNumber UserName STM32WBA5MJGHx -> STM32WBA5MMGHx is applicable
2026-03-31 13:29:57,906 [INFO] Rule:233 - rule Rename DIE492 PartNumber DeviceId STM32WBA5MJGHx -> STM32WBA5MMGHx is applicable
2026-03-31 13:29:57,906 [INFO] Rule:233 - rule Adapt Old IOC CSI. is applicable
2026-03-31 13:29:57,906 [INFO] Rule:233 - rule Adapt Old IOC DCMIPP. is applicable
2026-03-31 13:29:57,906 [INFO] Rule:233 - rule Adapt Old IOC DCMIPP Mode Parallel. is applicable
2026-03-31 13:29:57,906 [INFO] Rule:233 - rule Adapt Old IOC LTDC. is applicable
2026-03-31 13:29:57,906 [INFO] Rule:233 - rule Rename STM32MP2 RIF Peripheral LTDC RIF.RISUP.LTDC_L0L1.Privilege -> RIF.RISUP.LTDC_L1L2.Privilege is applicable
2026-03-31 13:29:57,906 [INFO] Rule:233 - rule Rename STM32MP2 RIF Peripheral LTDC RIF.RISUP.LTDC_L0L1.Privilege -> RIF.RISUP.LTDC_L1L2.Privilege is applicable
2026-03-31 13:29:57,906 [INFO] Rule:233 - rule Rename STM32MP2 RIF Peripheral LTDC RIF.RISUP.LTDC_L0L1.Lock -> RIF.RISUP.LTDC_L1L2.Lock is applicable
2026-03-31 13:29:57,906 [INFO] Rule:233 - rule Rename STM32MP2 RIF Peripheral LTDC RIF.RISUP.LTDC_L2.Lock -> RIF.RISUP.LTDC_L3.Lock is applicable
2026-03-31 13:29:57,906 [INFO] Rule:233 - rule Adapt the old IOC example for updating the SYS when it is misconfigured. is applicable
2026-03-31 13:29:57,906 [INFO] Rule:233 - rule Rename STM32C09 Mcu.Package LQFP64 -> LQFP48 is applicable
2026-03-31 13:29:57,906 [INFO] Rule:233 - rule Adapt the old IOC example for updating the SYS when it is misconfigured. is applicable
2026-03-31 13:29:57,906 [INFO] Rule:233 - rule Adapt the old IOC example for updating the SYS when it is misconfigured. is applicable
2026-03-31 13:29:57,924 [INFO] DbConfProperties:307 - Apply Compatibility (38/250 Rules)
2026-03-31 13:29:57,954 [INFO] ImportTextPane:234 - (OptionalMessage_ERROR) Unable to find key (Mcu.ThirdPartyNb) in loaded IOC file
2026-03-31 13:29:57,957 [INFO] ImportTextPane:234 - (OptionalMessage_ERROR) Pin34 (VP_RIF_VS_RIF1) cannot be retrieved for this MCU
2026-03-31 13:29:58,030 [INFO] RtosManager:558 - Registered RTOS mode: class=CMSIS, group=RTOS, mode=CMSIS_V1, owner=FREERTOS
2026-03-31 13:29:58,030 [INFO] RtosManager:558 - Registered RTOS mode: class=CMSIS, group=RTOS2, mode=CMSIS_V2, owner=FREERTOS
2026-03-31 13:29:58,030 [INFO] RtosManager:558 - Registered RTOS mode: class=RTOS, group=Core, mode=CMSIS_V1, owner=FREERTOS
2026-03-31 13:29:58,030 [INFO] RtosManager:558 - Registered RTOS mode: class=RTOS, group=Core, mode=CMSIS_V2, owner=FREERTOS
2026-03-31 13:29:58,030 [WARN] ModelIntegratedComponent:184 - Missing modes for component STMicroelectronics:FreeRTOS:0.0.1:STMicroelectronics:RTOS:FreeRTOS:Core:::10.2.0:
2026-03-31 13:29:58,037 [WARN] ModelIntegratedComponent:63 - No mode defined for component null
2026-03-31 13:29:58,037 [WARN] ModelIntegratedComponent:63 - No mode defined for component null
2026-03-31 13:29:58,037 [WARN] ModelIntegratedComponent:63 - No mode defined for component null
2026-03-31 13:29:58,037 [WARN] ModelIntegratedComponent:63 - No mode defined for component null
2026-03-31 13:29:58,037 [WARN] ModelIntegratedComponent:63 - No mode defined for component null
2026-03-31 13:29:58,037 [WARN] ModelIntegratedComponent:63 - No mode defined for component null
2026-03-31 13:29:58,037 [WARN] ModelIntegratedComponent:63 - No mode defined for component null
2026-03-31 13:29:58,037 [WARN] ModelIntegratedComponent:63 - No mode defined for component null
2026-03-31 13:29:58,037 [WARN] ModelIntegratedComponent:63 - No mode defined for component null
2026-03-31 13:29:58,037 [WARN] ModelIntegratedComponent:63 - No mode defined for component null
2026-03-31 13:29:58,037 [WARN] ModelIntegratedComponent:63 - No mode defined for component null
2026-03-31 13:29:58,037 [WARN] ModelIntegratedComponent:63 - No mode defined for component null
2026-03-31 13:29:58,037 [WARN] ModelIntegratedComponent:63 - No mode defined for component null
2026-03-31 13:29:58,037 [WARN] ModelIntegratedComponent:63 - No mode defined for component null
2026-03-31 13:29:58,037 [WARN] ModelIntegratedComponent:63 - No mode defined for component null
2026-03-31 13:29:58,037 [WARN] ModelIntegratedComponent:63 - No mode defined for component null
2026-03-31 13:29:58,037 [WARN] ModelIntegratedComponent:63 - No mode defined for component null
2026-03-31 13:29:58,037 [WARN] ModelIntegratedComponent:63 - No mode defined for component null
2026-03-31 13:29:58,037 [WARN] ModelIntegratedComponent:63 - No mode defined for component null
2026-03-31 13:29:58,038 [WARN] ModelIntegratedComponent:63 - No mode defined for component null
2026-03-31 13:29:58,038 [WARN] ModelIntegratedComponent:63 - No mode defined for component null
2026-03-31 13:29:58,038 [WARN] ModelIntegratedComponent:63 - No mode defined for component null
2026-03-31 13:29:58,038 [WARN] ModelIntegratedComponent:63 - No mode defined for component null
2026-03-31 13:29:58,038 [WARN] ModelIntegratedComponent:63 - No mode defined for component null
2026-03-31 13:29:58,038 [WARN] ModelIntegratedComponent:63 - No mode defined for component null
2026-03-31 13:29:58,038 [WARN] ModelIntegratedComponent:63 - No mode defined for component null
2026-03-31 13:29:58,038 [WARN] ModelIntegratedComponent:63 - No mode defined for component null
2026-03-31 13:29:58,038 [WARN] ModelIntegratedComponent:63 - No mode defined for component null
2026-03-31 13:29:58,038 [WARN] ModelIntegratedComponent:63 - No mode defined for component null
2026-03-31 13:29:58,038 [WARN] ModelIntegratedComponent:63 - No mode defined for component null
2026-03-31 13:29:58,038 [WARN] ModelIntegratedComponent:63 - No mode defined for component null
2026-03-31 13:29:58,038 [WARN] ModelIntegratedComponent:63 - No mode defined for component null
2026-03-31 13:29:58,038 [WARN] ModelIntegratedComponent:63 - No mode defined for component null
2026-03-31 13:29:58,038 [WARN] ModelIntegratedComponent:63 - No mode defined for component null
2026-03-31 13:29:58,038 [WARN] ModelIntegratedComponent:63 - No mode defined for component null
2026-03-31 13:29:58,038 [WARN] ModelPack:524 - Component already loaded: STMicroelectronics:HAL Drivers:0.0.0:STMicroelectronics:Device:STMicro_Driver:XSPI:HAL::0.0.1:HAL_XSPI
2026-03-31 13:29:58,295 [INFO] ThirdPartyModel:298 - Start build external matchings
2026-03-31 13:29:59,565 [INFO] ThirdPartyModel:316 - End build external matchings
2026-03-31 13:29:59,766 [INFO] UtilMem:75 - End LoadConfig() Used Memory: 911709496 Bytes (1073741824)
2026-03-31 13:29:59,882 [WARN] ThirdParty:833 - waiting for thirdparty lock release [change project]
2026-03-31 13:29:59,883 [INFO] ThirdParty:835 - entering critical section [change project]
2026-03-31 13:29:59,883 [INFO] ThirdParty:1030 - CMSIS Pack Vendor :STMicroelectronics X-CUBE-PM33A1 1.0.0
2026-03-31 13:29:59,883 [INFO] ThirdParty:1030 - CMSIS Pack Vendor :STMicroelectronics USBPD 4.1
2026-03-31 13:29:59,883 [INFO] ThirdParty:1030 - CMSIS Pack Vendor :STMicroelectronics USB_HOST 2.0.0
2026-03-31 13:29:59,883 [INFO] ThirdParty:1030 - CMSIS Pack Vendor :STMicroelectronics FP-SNS-MOTENVWB1 1.4.0
2026-03-31 13:29:59,883 [INFO] ThirdParty:1030 - CMSIS Pack Vendor :STMicroelectronics X-CUBE-AZRTOS-F4 1.1.0
2026-03-31 13:29:59,883 [INFO] ThirdParty:1030 - CMSIS Pack Vendor :STMicroelectronics LIBJPEG 8.0.0
2026-03-31 13:29:59,883 [INFO] ThirdParty:1030 - CMSIS Pack Vendor :STMicroelectronics FP-ATR-ASTRA1 2.0.2
2026-03-31 13:29:59,883 [INFO] ThirdParty:1030 - CMSIS Pack Vendor :Avnet-IotConnect X-CUBE-IoTC-DA16k-PMOD 1.0.0
2026-03-31 13:29:59,883 [INFO] ThirdParty:1030 - CMSIS Pack Vendor :STMicroelectronics X-CUBE-SMBUS 2.1.0
2026-03-31 13:29:59,883 [INFO] ThirdParty:1030 - CMSIS Pack Vendor :STMicroelectronics X-CUBE-ISPU 2.1.0
2026-03-31 13:29:59,883 [INFO] ThirdParty:1030 - CMSIS Pack Vendor :STMicroelectronics X-CUBE-IPS 3.2.0
2026-03-31 13:29:59,883 [INFO] ThirdParty:1030 - CMSIS Pack Vendor :STMicroelectronics X-CUBE-ST60 1.0.0
2026-03-31 13:29:59,883 [INFO] ThirdParty:1030 - CMSIS Pack Vendor :STMicroelectronics X-CUBE-NFC12 1.0.0
2026-03-31 13:29:59,884 [INFO] ThirdParty:1030 - CMSIS Pack Vendor :STMicroelectronics X-CUBE-AZRTOS-F7 1.1.0
2026-03-31 13:29:59,884 [INFO] ThirdParty:1030 - CMSIS Pack Vendor :STMicroelectronics X-CUBE-AZRTOS-L5 2.0.0
2026-03-31 13:29:59,884 [INFO] ThirdParty:1030 - CMSIS Pack Vendor :STMicroelectronics USB_DEVICE 2.0.0
2026-03-31 13:29:59,884 [INFO] ThirdParty:1030 - CMSIS Pack Vendor :STMicroelectronics X-CUBE-NFC6 3.1.0
2026-03-31 13:29:59,884 [INFO] ThirdParty:1030 - CMSIS Pack Vendor :STMicroelectronics FP-SNS-MOTENV1 5.1.0
2026-03-31 13:29:59,884 [INFO] ThirdParty:1030 - CMSIS Pack Vendor :STMicroelectronics FreeRTOS 0.0.1
2026-03-31 13:29:59,884 [INFO] ThirdParty:1030 - CMSIS Pack Vendor :Infineon AIROC-Wi-Fi-Bluetooth-STM32 1.7.1
2026-03-31 13:29:59,884 [INFO] ThirdParty:1030 - CMSIS Pack Vendor :STMicroelectronics PDM2PCM 3.3.0
2026-03-31 13:29:59,884 [INFO] ThirdParty:1030 - CMSIS Pack Vendor :STMicroelectronics X-CUBE-AZRTOS-H7 3.4.0
2026-03-31 13:29:59,884 [INFO] ThirdParty:1030 - CMSIS Pack Vendor :STMicroelectronics X-CUBE-DISPLAY 3.0.0
2026-03-31 13:29:59,884 [INFO] ThirdParty:1030 - CMSIS Pack Vendor :STMicroelectronics FP-SNS-MOTENVWB1 1.5.0
2026-03-31 13:29:59,884 [INFO] ThirdParty:1030 - CMSIS Pack Vendor :STMicroelectronics X-CUBE-NFC10 1.0.0
2026-03-31 13:29:59,884 [INFO] ThirdParty:1030 - CMSIS Pack Vendor :STMicroelectronics X-CUBE-BLEMGR 4.0.0
2026-03-31 13:29:59,884 [INFO] ThirdParty:1030 - CMSIS Pack Vendor :STMicroelectronics X-CUBE-FREERTOS 1.3.1
2026-03-31 13:29:59,884 [INFO] ThirdParty:1030 - CMSIS Pack Vendor :STMicroelectronics HAL Drivers 0.0.0
2026-03-31 13:29:59,884 [INFO] ThirdParty:1030 - CMSIS Pack Vendor :STMicroelectronics X-CUBE-ST60 1.1.0
2026-03-31 13:29:59,884 [INFO] ThirdParty:1030 - CMSIS Pack Vendor :emotas I-CUBE-CANOPEN 1.3.0
2026-03-31 13:29:59,884 [INFO] ThirdParty:1030 - CMSIS Pack Vendor :STMicroelectronics MBEDTLS 2.14.1
2026-03-31 13:29:59,884 [INFO] ThirdParty:1030 - CMSIS Pack Vendor :STMicroelectronics X-CUBE-GNSS1 7.1.0
2026-03-31 13:29:59,884 [INFO] ThirdParty:1030 - CMSIS Pack Vendor :STMicroelectronics X-CUBE-TOUCHGFX 4.26.0
2026-03-31 13:29:59,884 [INFO] ThirdParty:1030 - CMSIS Pack Vendor :quantropi X-CUBE-qispace-sdk-base 2.0.0
2026-03-31 13:29:59,884 [INFO] ThirdParty:1030 - CMSIS Pack Vendor :STMicroelectronics FP-SNS-STBOX1 2.1.0
2026-03-31 13:29:59,884 [INFO] ThirdParty:1030 - CMSIS Pack Vendor :STMicroelectronics FP-SNS-STAIOTCFT 1.0.0
2026-03-31 13:29:59,884 [INFO] ThirdParty:1030 - CMSIS Pack Vendor :STMicroelectronics FP-SNS-SMARTAG2 1.2.0
2026-03-31 13:29:59,884 [INFO] ThirdParty:1030 - CMSIS Pack Vendor :STMicroelectronics FP-SNS-FLIGHT1 5.1.0
2026-03-31 13:29:59,884 [INFO] ThirdParty:1030 - CMSIS Pack Vendor :STMicroelectronics X-CUBE-AZRTOS-WL 2.0.0
2026-03-31 13:29:59,884 [INFO] ThirdParty:1030 - CMSIS Pack Vendor :STMicroelectronics X-CUBE-DPower 1.3.0
2026-03-31 13:29:59,884 [INFO] ThirdParty:1030 - CMSIS Pack Vendor :STMicroelectronics FP-SNS-MOTENV1 5.0.0
2026-03-31 13:29:59,884 [INFO] ThirdParty:1030 - CMSIS Pack Vendor :STMicroelectronics USB_DEVICE 1.0.0
2026-03-31 13:29:59,884 [INFO] ThirdParty:1030 - CMSIS Pack Vendor :STMicroelectronics X-CUBE-AZRTOS-H7RS 1.2.0
2026-03-31 13:29:59,884 [INFO] ThirdParty:1030 - CMSIS Pack Vendor :STMicroelectronics X-CUBE-AZRTOS-L4 2.0.0
2026-03-31 13:29:59,884 [INFO] ThirdParty:1030 - CMSIS Pack Vendor :STMicroelectronics ThreadX 0.0.2
2026-03-31 13:29:59,884 [INFO] ThirdParty:1030 - CMSIS Pack Vendor :WES I-CUBE-Cesium 1.3.0
2026-03-31 13:29:59,884 [INFO] ThirdParty:1030 - CMSIS Pack Vendor :STMicroelectronics lwIP 2.1.2
2026-03-31 13:29:59,884 [INFO] ThirdParty:1030 - CMSIS Pack Vendor :STMicroelectronics X-CUBE-SFXS2LP1 4.0.0
2026-03-31 13:29:59,884 [INFO] ThirdParty:1030 - CMSIS Pack Vendor :STMicroelectronics X-CUBE-BLE2 3.3.0
2026-03-31 13:29:59,884 [INFO] ThirdParty:1030 - CMSIS Pack Vendor :Avnet-IOTCONNECT X-CUBE-iotc-st67-sdk 1.0.0
2026-03-31 13:29:59,884 [INFO] ThirdParty:1030 - CMSIS Pack Vendor :STMicroelectronics PDM2PCM 3.2.0
2026-03-31 13:29:59,885 [INFO] ThirdParty:1030 - CMSIS Pack Vendor :STMicroelectronics X-CUBE-ST67W61 1.2.0
2026-03-31 13:29:59,885 [INFO] ThirdParty:1030 - CMSIS Pack Vendor :STMicroelectronics X-CUBE-NFC9 1.0.0
2026-03-31 13:29:59,885 [INFO] ThirdParty:1030 - CMSIS Pack Vendor :wolfSSL I-CUBE-wolfSSL 5.8.0
2026-03-31 13:29:59,885 [INFO] ThirdParty:1030 - CMSIS Pack Vendor :STMicroelectronics X-CUBE-BLE1 7.1.0
2026-03-31 13:29:59,885 [INFO] ThirdParty:1030 - CMSIS Pack Vendor :wolfSSL I-CUBE-wolfMQTT 1.19.2
2026-03-31 13:29:59,885 [INFO] ThirdParty:1030 - CMSIS Pack Vendor :STMicroelectronics USB_DEVICE 3.0.0
2026-03-31 13:29:59,885 [INFO] ThirdParty:1030 - CMSIS Pack Vendor :STMicroelectronics X-CUBE-FREERTOS 1.4.0
2026-03-31 13:29:59,885 [INFO] ThirdParty:1030 - CMSIS Pack Vendor :STMicroelectronics X-CUBE-EEPRMA1 5.2.0
2026-03-31 13:29:59,885 [INFO] ThirdParty:1030 - CMSIS Pack Vendor :STMicroelectronics X-CUBE-BLEMGR 4.1.0
2026-03-31 13:29:59,885 [INFO] ThirdParty:1030 - CMSIS Pack Vendor :STMicroelectronics X-CUBE-AZRTOS-WB 2.0.0
2026-03-31 13:29:59,885 [INFO] ThirdParty:1030 - CMSIS Pack Vendor :STMicroelectronics X-CUBE-GNSS1 7.0.1
2026-03-31 13:29:59,885 [INFO] ThirdParty:1030 - CMSIS Pack Vendor :STMicroelectronics X-CUBE-TOUCHGFX 4.25.0
2026-03-31 13:29:59,885 [INFO] ThirdParty:1030 - CMSIS Pack Vendor :STMicroelectronics X-CUBE-ST67W61 1.1.0
2026-03-31 13:29:59,885 [INFO] ThirdParty:1030 - CMSIS Pack Vendor :STMicroelectronics X-CUBE-AI 10.1.0
2026-03-31 13:29:59,885 [INFO] ThirdParty:1030 - CMSIS Pack Vendor :STMicroelectronics FP-SNS-STBOX1 2.0.0
2026-03-31 13:29:59,885 [INFO] ThirdParty:1030 - CMSIS Pack Vendor :STMicroelectronics X-CUBE-MEMS1 12.0.0
2026-03-31 13:29:59,885 [INFO] ThirdParty:1030 - CMSIS Pack Vendor :STMicroelectronics X-CUBE-STSE01 2.0.0
2026-03-31 13:29:59,885 [INFO] ThirdParty:1030 - CMSIS Pack Vendor :STMicroelectronics X-CUBE-AZRTOS-G0 1.1.0
2026-03-31 13:29:59,885 [INFO] ThirdParty:1030 - CMSIS Pack Vendor :STMicroelectronics X-CUBE-SAFEA1 1.2.2
2026-03-31 13:29:59,885 [INFO] ThirdParty:1030 - CMSIS Pack Vendor :STMicroelectronics X-CUBE-NFC4 3.0.0
2026-03-31 13:29:59,885 [INFO] ThirdParty:1030 - CMSIS Pack Vendor :STMicroelectronics X-CUBE-SUBG2 5.0.0
2026-03-31 13:29:59,885 [INFO] ThirdParty:1030 - CMSIS Pack Vendor :STMicroelectronics X-CUBE-AZRTOS-H7RS 1.1.0
2026-03-31 13:29:59,885 [INFO] ThirdParty:1030 - CMSIS Pack Vendor :STMicroelectronics STM32_WPAN 1.0.0
2026-03-31 13:29:59,885 [INFO] ThirdParty:1030 - CMSIS Pack Vendor :EmbeddedOffice I-CUBE-FS-RTOS 1.0.1
2026-03-31 13:29:59,885 [INFO] ThirdParty:1030 - CMSIS Pack Vendor :STMicroelectronics lwIP 2.0.3
2026-03-31 13:29:59,885 [INFO] ThirdParty:1030 - CMSIS Pack Vendor :Cesanta I-CUBE-Mongoose 7.13.0
2026-03-31 13:29:59,885 [INFO] ThirdParty:1030 - CMSIS Pack Vendor :STMicroelectronics USB_HOST 1.0.0
2026-03-31 13:29:59,885 [INFO] ThirdParty:1030 - CMSIS Pack Vendor :STMicroelectronics X-CUBE-AZRTOS-G4 2.0.0
2026-03-31 13:29:59,885 [INFO] ThirdParty:1030 - CMSIS Pack Vendor :STMicroelectronics X-CUBE-WB05N 2.0.0
2026-03-31 13:29:59,885 [INFO] ThirdParty:1030 - CMSIS Pack Vendor :STMicroelectronics PDM2PCM 3.1.0
2026-03-31 13:29:59,885 [INFO] ThirdParty:1030 - CMSIS Pack Vendor :wolfSSL I-CUBE-wolfTPM 3.8.0
2026-03-31 13:29:59,885 [INFO] ThirdParty:1030 - CMSIS Pack Vendor :wolfSSL I-CUBE-wolfSSH 1.4.20
2026-03-31 13:29:59,885 [INFO] ThirdParty:1030 - CMSIS Pack Vendor :STMicroelectronics X-CUBE-NFC7 2.0.0
2026-03-31 13:29:59,885 [INFO] ThirdParty:1030 - CMSIS Pack Vendor :STMicroelectronics X-CUBE-TCPP 4.2.0
2026-03-31 13:29:59,886 [INFO] ThirdParty:1030 - CMSIS Pack Vendor :RealThread X-CUBE-RT-Thread_Nano 4.1.1
2026-03-31 13:29:59,886 [INFO] ThirdParty:1030 - CMSIS Pack Vendor :STMicroelectronics FP-ATR-SIGFOX1 3.2.0
2026-03-31 13:29:59,886 [INFO] ThirdParty:1030 - CMSIS Pack Vendor :STMicroelectronics X-CUBE-EEPRMA1 5.1.0
2026-03-31 13:29:59,886 [INFO] ThirdParty:1030 - CMSIS Pack Vendor :STMicroelectronics MBEDTLS 2.16.2
2026-03-31 13:29:59,886 [INFO] ThirdParty:1030 - CMSIS Pack Vendor :STMicroelectronics X-CUBE-IPS 3.1.0
2026-03-31 13:29:59,886 [INFO] ThirdParty:1030 - CMSIS Pack Vendor :STMicroelectronics X-CUBE-ALS 1.0.2
2026-03-31 13:29:59,886 [INFO] ThirdParty:1030 - CMSIS Pack Vendor :ITTIA_DB I-CUBE-ITTIADB 8.9.0
2026-03-31 13:29:59,886 [INFO] ThirdParty:1030 - CMSIS Pack Vendor :STMicroelectronics X-CUBE-STSE01 1.0.0
2026-03-31 13:29:59,886 [INFO] ThirdParty:1030 - CMSIS Pack Vendor :portGmbH I-Cube-SoM-uGOAL 1.1.0
2026-03-31 13:29:59,886 [INFO] ThirdParty:1030 - CMSIS Pack Vendor :STMicroelectronics X-CUBE-NFC6 3.2.0
2026-03-31 13:29:59,886 [INFO] ThirdParty:1030 - CMSIS Pack Vendor :STMicroelectronics X-CUBE-ST67W61 1.0.0
2026-03-31 13:29:59,886 [INFO] ThirdParty:1030 - CMSIS Pack Vendor :STMicroelectronics X-CUBE-AI 10.2.0
2026-03-31 13:29:59,886 [INFO] ThirdParty:1030 - CMSIS Pack Vendor :STMicroelectronics ThreadX 1.0.0
2026-03-31 13:29:59,886 [INFO] ThirdParty:1030 - CMSIS Pack Vendor :SEGGER I-CUBE-embOS 1.3.1
2026-03-31 13:29:59,886 [INFO] ThirdParty:1030 - CMSIS Pack Vendor :STMicroelectronics X-CUBE-ALGOBUILD 1.4.0
2026-03-31 13:29:59,886 [INFO] ThirdParty:1030 - CMSIS Pack Vendor :STMicroelectronics X-CUBE-MEMS1 11.3.0
2026-03-31 13:29:59,886 [INFO] ThirdParty:1030 - CMSIS Pack Vendor :STMicroelectronics X-CUBE-TOF1 3.4.3
2026-03-31 13:29:59,886 [INFO] ThirdParty:841 - exiting critical section [change project]
2026-03-31 13:30:00,214 [INFO] PinOutPanel:1589 - setPackage(No Configuration,No Configuration)
2026-03-31 13:30:00,215 [INFO] PinOutPanel:1589 - setPackage(STM32F407VGTx,LQFP100)
2026-03-31 13:30:00,486 [INFO] UtilMem:75 - Before build in PCC Used Memory: 829319232 Bytes (1073741824)
2026-03-31 13:30:00,973 [INFO] UtilMem:75 - After build in PCC Used Memory: 971550456 Bytes (1073741824)
2026-03-31 13:30:01,024 [INFO] IPUIPlugin:80 - create IPUIPlugin
2026-03-31 13:30:01,024 [INFO] IPUIPlugin:80 - create IPUIPlugin
2026-03-31 13:30:01,024 [INFO] IPUIPlugin:80 - create IPUIPlugin
2026-03-31 13:30:01,024 [INFO] IPUIPlugin:80 - create IPUIPlugin
2026-03-31 13:30:01,024 [INFO] IPUIPlugin:80 - create IPUIPlugin
2026-03-31 13:30:01,024 [INFO] IPUIPlugin:80 - create IPUIPlugin
2026-03-31 13:30:01,024 [INFO] IPUIPlugin:80 - create IPUIPlugin
2026-03-31 13:30:01,024 [INFO] IPUIPlugin:80 - create IPUIPlugin
2026-03-31 13:30:01,024 [INFO] IPUIPlugin:80 - create IPUIPlugin
2026-03-31 13:30:01,024 [INFO] IPUIPlugin:80 - create IPUIPlugin
2026-03-31 13:30:01,025 [INFO] IPUIPlugin:80 - create IPUIPlugin
2026-03-31 13:30:01,025 [INFO] IPUIPlugin:80 - create IPUIPlugin
2026-03-31 13:30:01,025 [INFO] IPUIPlugin:80 - create IPUIPlugin
2026-03-31 13:30:01,025 [INFO] IPUIPlugin:80 - create IPUIPlugin
2026-03-31 13:30:01,025 [INFO] IPUIPlugin:80 - create IPUIPlugin
2026-03-31 13:30:01,025 [INFO] IPUIPlugin:80 - create IPUIPlugin
2026-03-31 13:30:01,025 [INFO] IPUIPlugin:80 - create IPUIPlugin
2026-03-31 13:30:01,025 [INFO] IPUIPlugin:80 - create IPUIPlugin
2026-03-31 13:30:01,026 [INFO] IPUIPlugin:80 - create IPUIPlugin
2026-03-31 13:30:01,026 [INFO] IPUIPlugin:80 - create IPUIPlugin
2026-03-31 13:30:01,026 [INFO] IPUIPlugin:80 - create IPUIPlugin
2026-03-31 13:30:01,026 [INFO] IPUIPlugin:80 - create IPUIPlugin
2026-03-31 13:30:01,026 [INFO] IPUIPlugin:80 - create IPUIPlugin
2026-03-31 13:30:01,026 [INFO] IPUIPlugin:80 - create IPUIPlugin
2026-03-31 13:30:01,027 [INFO] IPUIPlugin:80 - create IPUIPlugin
2026-03-31 13:30:01,027 [INFO] IPUIPlugin:80 - create IPUIPlugin
2026-03-31 13:30:01,027 [INFO] IPUIPlugin:80 - create IPUIPlugin
2026-03-31 13:30:01,027 [INFO] IPUIPlugin:80 - create IPUIPlugin
2026-03-31 13:30:01,027 [INFO] IPUIPlugin:80 - create IPUIPlugin
2026-03-31 13:30:01,028 [INFO] IPUIPlugin:80 - create IPUIPlugin
2026-03-31 13:30:01,028 [INFO] IPUIPlugin:80 - create IPUIPlugin
2026-03-31 13:30:01,028 [INFO] IPUIPlugin:80 - create IPUIPlugin
2026-03-31 13:30:01,028 [INFO] IPUIPlugin:80 - create IPUIPlugin
2026-03-31 13:30:01,028 [INFO] IPUIPlugin:80 - create IPUIPlugin
2026-03-31 13:30:01,028 [INFO] IPUIPlugin:80 - create IPUIPlugin
2026-03-31 13:30:01,028 [INFO] IPUIPlugin:80 - create IPUIPlugin
2026-03-31 13:30:01,028 [INFO] IPUIPlugin:80 - create IPUIPlugin
2026-03-31 13:30:01,029 [INFO] IPUIPlugin:80 - create IPUIPlugin
2026-03-31 13:30:01,029 [INFO] IPUIPlugin:80 - create IPUIPlugin
2026-03-31 13:30:01,029 [INFO] IPUIPlugin:80 - create IPUIPlugin
2026-03-31 13:30:01,029 [INFO] IPUIPlugin:80 - create IPUIPlugin
2026-03-31 13:30:01,029 [INFO] IPUIPlugin:80 - create IPUIPlugin
2026-03-31 13:30:01,030 [INFO] IPUIPlugin:80 - create IPUIPlugin
2026-03-31 13:30:01,030 [INFO] IPUIPlugin:80 - create IPUIPlugin
2026-03-31 13:30:01,030 [INFO] IPUIPlugin:80 - create IPUIPlugin
2026-03-31 13:30:01,030 [INFO] IPUIPlugin:80 - create IPUIPlugin
2026-03-31 13:30:01,030 [INFO] IPUIPlugin:80 - create IPUIPlugin
2026-03-31 13:30:01,030 [INFO] IPUIPlugin:80 - create IPUIPlugin
2026-03-31 13:30:01,030 [INFO] IPUIPlugin:80 - create IPUIPlugin
2026-03-31 13:30:01,031 [INFO] IPUIPlugin:80 - create IPUIPlugin
2026-03-31 13:30:01,031 [INFO] IPUIPlugin:80 - create IPUIPlugin
2026-03-31 13:30:01,031 [INFO] IPUIPlugin:80 - create IPUIPlugin
2026-03-31 13:30:01,031 [INFO] IPUIPlugin:80 - create IPUIPlugin
2026-03-31 13:30:01,031 [INFO] IPUIPlugin:80 - create IPUIPlugin
2026-03-31 13:30:01,031 [INFO] IPUIPlugin:80 - create IPUIPlugin
2026-03-31 13:30:01,032 [INFO] IPUIPlugin:80 - create IPUIPlugin
2026-03-31 13:30:01,032 [INFO] IPUIPlugin:80 - create IPUIPlugin
2026-03-31 13:30:01,032 [INFO] IPUIPlugin:80 - create IPUIPlugin
2026-03-31 13:30:01,057 [INFO] ApiDbMcu:532 - Load IP Config File for PDM2PCM
2026-03-31 13:30:01,167 [INFO] CADModel:165 - CPN selected for project levelSTM32F407VGT6
2026-03-31 13:30:01,167 [INFO] CADModel:114 - Register for checkConnection events
2026-03-31 13:30:01,205 [INFO] OpenFileManager:386 - Restore cursor
2026-03-31 13:30:01,571 [INFO] UtilMem:75 - End SaveConfig() Used Memory: 864678064 Bytes (1073741824)
2026-03-31 13:30:01,634 [INFO] UtilMem:75 - End SaveConfig() Used Memory: 885661856 Bytes (1073741824)
2026-03-31 13:30:02,021 [INFO] BlockDiagram:2775 - set Specific Code input for plugin: SYS
2026-03-31 13:30:02,021 [INFO] BlockDiagram:2775 - set Specific Code input for plugin: RCC
2026-03-31 13:30:02,021 [INFO] BlockDiagram:2775 - set Specific Code input for plugin: NVIC
2026-03-31 13:30:02,022 [INFO] BlockDiagram:2775 - set Specific Code input for plugin: GPIO
2026-03-31 13:30:02,023 [INFO] CodeGenerator:892 - code generatio: config db path: /opt/st/stm32cubeide_1.19.0/plugins/com.st.stm32cube.common.mx_6.15.0.202507011659//db/
2026-03-31 13:30:02,276 [INFO] CodeEngine:265 - oldGeneratedFile, /home/sunbeam/Desktop/workspace/RTOS_workspace/009Queues_n_timers/MXTmpFiles/license.tmp_save
2026-03-31 13:30:02,619 [INFO] CodeEngine:289 - Generated code: /home/sunbeam/Desktop/workspace/RTOS_workspace/009Queues_n_timers/MXTmpFiles/license.tmp
2026-03-31 13:30:02,756 [INFO] CodeEngine:265 - oldGeneratedFile, /home/sunbeam/Desktop/workspace/RTOS_workspace/009Queues_n_timers/MXTmpFiles/gpio.tmp_save
2026-03-31 13:30:02,919 [INFO] CodeEngine:289 - Generated code: /home/sunbeam/Desktop/workspace/RTOS_workspace/009Queues_n_timers/MXTmpFiles/gpio.tmp
2026-03-31 13:30:02,970 [INFO] CodeEngine:265 - oldGeneratedFile, /home/sunbeam/Desktop/workspace/RTOS_workspace/009Queues_n_timers/Core/Src/stm32f4xx_it.c_save
2026-03-31 13:30:03,094 [INFO] CodeEngine:289 - Generated code: /home/sunbeam/Desktop/workspace/RTOS_workspace/009Queues_n_timers/Core/Src/stm32f4xx_it.c
2026-03-31 13:30:03,096 [INFO] CodeEngine:265 - oldGeneratedFile, /home/sunbeam/Desktop/workspace/RTOS_workspace/009Queues_n_timers/Core/Inc/stm32f4xx_it.h_save
2026-03-31 13:30:03,168 [INFO] CodeEngine:289 - Generated code: /home/sunbeam/Desktop/workspace/RTOS_workspace/009Queues_n_timers/Core/Inc/stm32f4xx_it.h
2026-03-31 13:30:03,176 [INFO] CodeEngine:265 - oldGeneratedFile, /home/sunbeam/Desktop/workspace/RTOS_workspace/009Queues_n_timers/Core/Src/stm32f4xx_hal_msp.c_save
2026-03-31 13:30:03,309 [INFO] CodeEngine:289 - Generated code: /home/sunbeam/Desktop/workspace/RTOS_workspace/009Queues_n_timers/Core/Src/stm32f4xx_hal_msp.c
2026-03-31 13:30:03,311 [INFO] CodeEngine:265 - oldGeneratedFile, /home/sunbeam/Desktop/workspace/RTOS_workspace/009Queues_n_timers/MXTmpFiles/system.tmp_save
2026-03-31 13:30:03,381 [INFO] CodeEngine:289 - Generated code: /home/sunbeam/Desktop/workspace/RTOS_workspace/009Queues_n_timers/MXTmpFiles/system.tmp
2026-03-31 13:30:03,386 [INFO] CodeEngine:321 - oldGeneratedFile, /home/sunbeam/Desktop/workspace/RTOS_workspace/009Queues_n_timers/Core/Inc/stm32f4xx_hal_conf.h_save
2026-03-31 13:30:03,462 [INFO] CodeEngine:345 - Generated code: /home/sunbeam/Desktop/workspace/RTOS_workspace/009Queues_n_timers/Core/Inc/stm32f4xx_hal_conf.h
2026-03-31 13:30:03,530 [INFO] ApiDbMcu:532 - Load IP Config File for RCC
2026-03-31 13:30:03,536 [INFO] CodeEngine:265 - oldGeneratedFile, /home/sunbeam/Desktop/workspace/RTOS_workspace/009Queues_n_timers/Core/Inc/main.h_save
2026-03-31 13:30:03,629 [INFO] CodeEngine:289 - Generated code: /home/sunbeam/Desktop/workspace/RTOS_workspace/009Queues_n_timers/Core/Inc/main.h
2026-03-31 13:30:03,630 [INFO] CodeEngine:265 - oldGeneratedFile, /home/sunbeam/Desktop/workspace/RTOS_workspace/009Queues_n_timers/Core/Src/main.c_save
2026-03-31 13:30:03,734 [INFO] CodeEngine:289 - Generated code: /home/sunbeam/Desktop/workspace/RTOS_workspace/009Queues_n_timers/Core/Src/main.c
2026-03-31 13:30:04,121 [INFO] ProjectBuilder:3606 - Time for Copy HAL[1] : 20mS.
2026-03-31 13:30:04,126 [INFO] ProjectBuilder:5216 - Project Generator version: 4.7.0-B52
2026-03-31 13:30:04,256 [INFO] ConfigFileManager:1595 - The Die is : DIE413
2026-03-31 13:30:04,266 [INFO] ApiDbMcu:532 - Load IP Config File for FATFS
2026-03-31 13:30:04,286 [INFO] ApiDbMcu:532 - Load IP Config File for FREERTOS
2026-03-31 13:30:04,290 [INFO] ApiDbMcu:532 - Load IP Config File for LIBJPEG
2026-03-31 13:30:04,337 [INFO] ApiDbMcu:532 - Load IP Config File for LWIP
2026-03-31 13:30:04,367 [INFO] ApiDbMcu:532 - Load IP Config File for MBEDTLS
2026-03-31 13:30:04,393 [INFO] ApiDbMcu:532 - Load IP Config File for USB_DEVICE
2026-03-31 13:30:04,403 [INFO] ApiDbMcu:532 - Load IP Config File for USB_HOST
2026-03-31 13:30:04,700 [INFO] LogOutputStream:77 - [STDOUT_REDIRECT] 
2026-03-31 13:30:05,724 [INFO] ProjectBuilder:5496 - Time for Generating toolchain IDE Files: 1597mS.
2026-03-31 13:30:05,724 [INFO] ProjectBuilder:3463 - Time for Copy CMSIS : 0mS.
2026-03-31 13:30:05,725 [INFO] ProjectBuilder:3463 - Time for Copy CMSIS : 0mS.
2026-03-31 13:30:06,460 [INFO] McuFinderGlobals:76 - Set McuFinderConnectedMode to true
2026-03-31 13:30:06,464 [INFO] ApiDb:448 - Save user favorites file /home/sunbeam/.stm32cubeide/favorites.mcus.txt: 0 item(s)
2026-03-31 13:30:06,464 [INFO] ApiDb:452 - User favorites MCUs=[]
2026-03-31 13:30:06,465 [INFO] ApiDb:448 - Save user favorites file /home/sunbeam/.stm32cubeide/favorites.boards.txt: 1 item(s)
2026-03-31 13:30:06,465 [INFO] ApiDb:452 - User favorites Boards=[STM32F407G-DISC1]
2026-03-31 13:30:13,591 [INFO] Gpio:278 - dependency for GPIO []
2026-03-31 13:30:15,457 [INFO] Gpio:278 - dependency for GPIO []
2026-03-31 13:30:39,560 [INFO] UtilMem:75 - End SaveConfig() Used Memory: 910574008 Bytes (1073741824)
2026-03-31 13:30:42,114 [INFO] UtilMem:75 - End SaveConfig() Used Memory: 981163312 Bytes (1073741824)
2026-03-31 13:30:42,258 [INFO] BlockDiagram:2775 - set Specific Code input for plugin: SYS
2026-03-31 13:30:42,258 [INFO] BlockDiagram:2775 - set Specific Code input for plugin: RCC
2026-03-31 13:30:42,258 [INFO] BlockDiagram:2775 - set Specific Code input for plugin: NVIC
2026-03-31 13:30:42,259 [INFO] BlockDiagram:2775 - set Specific Code input for plugin: GPIO
2026-03-31 13:30:42,259 [INFO] CodeGenerator:892 - code generatio: config db path: /opt/st/stm32cubeide_1.19.0/plugins/com.st.stm32cube.common.mx_6.15.0.202507011659//db/
2026-03-31 13:30:42,323 [INFO] CodeEngine:265 - oldGeneratedFile, /home/sunbeam/Desktop/workspace/RTOS_workspace/009Queues_n_timers/MXTmpFiles/license.tmp_save
2026-03-31 13:30:42,385 [INFO] CodeEngine:289 - Generated code: /home/sunbeam/Desktop/workspace/RTOS_workspace/009Queues_n_timers/MXTmpFiles/license.tmp
2026-03-31 13:30:42,436 [INFO] CodeEngine:265 - oldGeneratedFile, /home/sunbeam/Desktop/workspace/RTOS_workspace/009Queues_n_timers/MXTmpFiles/gpio.tmp_save
2026-03-31 13:30:42,502 [INFO] CodeEngine:289 - Generated code: /home/sunbeam/Desktop/workspace/RTOS_workspace/009Queues_n_timers/MXTmpFiles/gpio.tmp
2026-03-31 13:30:42,529 [INFO] CodeEngine:265 - oldGeneratedFile, /home/sunbeam/Desktop/workspace/RTOS_workspace/009Queues_n_timers/Core/Src/stm32f4xx_it.c_save
2026-03-31 13:30:42,598 [INFO] CodeEngine:289 - Generated code: /home/sunbeam/Desktop/workspace/RTOS_workspace/009Queues_n_timers/Core/Src/stm32f4xx_it.c
2026-03-31 13:30:42,599 [INFO] CodeEngine:265 - oldGeneratedFile, /home/sunbeam/Desktop/workspace/RTOS_workspace/009Queues_n_timers/Core/Inc/stm32f4xx_it.h_save
2026-03-31 13:30:42,657 [INFO] CodeEngine:289 - Generated code: /home/sunbeam/Desktop/workspace/RTOS_workspace/009Queues_n_timers/Core/Inc/stm32f4xx_it.h
2026-03-31 13:30:42,662 [INFO] CodeEngine:265 - oldGeneratedFile, /home/sunbeam/Desktop/workspace/RTOS_workspace/009Queues_n_timers/Core/Src/stm32f4xx_hal_msp.c_save
2026-03-31 13:30:42,744 [INFO] CodeEngine:289 - Generated code: /home/sunbeam/Desktop/workspace/RTOS_workspace/009Queues_n_timers/Core/Src/stm32f4xx_hal_msp.c
2026-03-31 13:30:42,745 [INFO] CodeEngine:265 - oldGeneratedFile, /home/sunbeam/Desktop/workspace/RTOS_workspace/009Queues_n_timers/MXTmpFiles/system.tmp_save
2026-03-31 13:30:42,793 [INFO] CodeEngine:289 - Generated code: /home/sunbeam/Desktop/workspace/RTOS_workspace/009Queues_n_timers/MXTmpFiles/system.tmp
2026-03-31 13:30:42,794 [INFO] CodeEngine:265 - oldGeneratedFile, /home/sunbeam/Desktop/workspace/RTOS_workspace/009Queues_n_timers/Core/Src/stm32f4xx_hal_timebase_tim.c_save
2026-03-31 13:30:42,857 [INFO] CodeEngine:289 - Generated code: /home/sunbeam/Desktop/workspace/RTOS_workspace/009Queues_n_timers/Core/Src/stm32f4xx_hal_timebase_tim.c
2026-03-31 13:30:42,862 [INFO] CodeEngine:321 - oldGeneratedFile, /home/sunbeam/Desktop/workspace/RTOS_workspace/009Queues_n_timers/Core/Inc/stm32f4xx_hal_conf.h_save
2026-03-31 13:30:42,950 [INFO] CodeEngine:345 - Generated code: /home/sunbeam/Desktop/workspace/RTOS_workspace/009Queues_n_timers/Core/Inc/stm32f4xx_hal_conf.h
2026-03-31 13:30:42,981 [INFO] CodeEngine:265 - oldGeneratedFile, /home/sunbeam/Desktop/workspace/RTOS_workspace/009Queues_n_timers/Core/Inc/main.h_save
2026-03-31 13:30:43,041 [INFO] CodeEngine:289 - Generated code: /home/sunbeam/Desktop/workspace/RTOS_workspace/009Queues_n_timers/Core/Inc/main.h
2026-03-31 13:30:43,043 [INFO] CodeEngine:265 - oldGeneratedFile, /home/sunbeam/Desktop/workspace/RTOS_workspace/009Queues_n_timers/Core/Src/main.c_save
2026-03-31 13:30:43,161 [INFO] CodeEngine:289 - Generated code: /home/sunbeam/Desktop/workspace/RTOS_workspace/009Queues_n_timers/Core/Src/main.c
2026-03-31 13:30:43,386 [INFO] ProjectBuilder:3606 - Time for Copy HAL[1] : 21mS.
2026-03-31 13:30:43,388 [INFO] ProjectBuilder:5216 - Project Generator version: 4.7.0-B52
2026-03-31 13:30:43,502 [INFO] ConfigFileManager:1595 - The Die is : DIE413
2026-03-31 13:30:44,188 [INFO] ProjectBuilder:5496 - Time for Generating toolchain IDE Files: 796mS.
2026-03-31 13:30:44,189 [INFO] ProjectBuilder:3463 - Time for Copy CMSIS : 1mS.
2026-03-31 13:30:44,189 [INFO] ProjectBuilder:3463 - Time for Copy CMSIS : 0mS.
2026-03-31 13:33:23,049 [INFO] MainUpdater:2872 - connection check result : 10
2026-03-31 13:33:23,049 [INFO] MainUpdater:2872 - connection check result : 10
2026-03-31 13:33:23,072 [INFO] MicroXplorer:468 - Change Database Path : 
2026-03-31 13:33:23,072 [INFO] MicroXplorer:498 - Change Database Version : DB.6.0.150
2026-03-31 13:33:23,078 [ERROR] ProjectManagerView:395 - 
java.lang.NullPointerException: Cannot invoke "javax.swing.JTextField.getText()" because the return value of "java.util.List.get(int)" is null
	at com.st.microxplorer.plugins.projectmanager.gui.ProjectChoiceTab$9.caretUpdate(ProjectChoiceTab.java:2706) ~[filemanager.jar:?]
	at javax.swing.text.JTextComponent.fireCaretUpdate(JTextComponent.java:408) ~[?:?]
	at javax.swing.text.JTextComponent$MutableCaretEvent.fire(JTextComponent.java:4484) ~[?:?]
	at javax.swing.text.JTextComponent$MutableCaretEvent.stateChanged(JTextComponent.java:4506) ~[?:?]
	at javax.swing.text.DefaultCaret.fireStateChanged(DefaultCaret.java:857) ~[?:?]
	at javax.swing.text.DefaultCaret.changeCaretPosition(DefaultCaret.java:1343) ~[?:?]
	at javax.swing.text.DefaultCaret.handleSetDot(DefaultCaret.java:1242) ~[?:?]
	at javax.swing.text.DefaultCaret.setDot(DefaultCaret.java:1223) ~[?:?]
	at javax.swing.text.DefaultCaret$Handler.insertUpdate(DefaultCaret.java:1819) ~[?:?]
	at javax.swing.text.AbstractDocument.fireInsertUpdate(AbstractDocument.java:227) ~[?:?]
	at javax.swing.text.AbstractDocument.handleInsertString(AbstractDocument.java:781) ~[?:?]
	at javax.swing.text.AbstractDocument.insertString(AbstractDocument.java:740) ~[?:?]
	at javax.swing.text.PlainDocument.insertString(PlainDocument.java:131) ~[?:?]
	at javax.swing.text.AbstractDocument.replace(AbstractDocument.java:699) ~[?:?]
	at javax.swing.text.JTextComponent.setText(JTextComponent.java:1725) ~[?:?]
	at com.st.microxplorer.plugins.projectmanager.gui.ProjectChoiceTab.createHeapStackFields(ProjectChoiceTab.java:993) ~[filemanager.jar:?]
	at com.st.microxplorer.plugins.projectmanager.gui.ProjectChoiceTab.buildLinkSettingsPanel(ProjectChoiceTab.java:3813) ~[filemanager.jar:?]
	at com.st.microxplorer.plugins.projectmanager.gui.ProjectChoiceTab.defineWindowsFields(ProjectChoiceTab.java:1987) ~[filemanager.jar:?]
	at com.st.microxplorer.plugins.projectmanager.gui.ProjectChoiceTab.updateSettings(ProjectChoiceTab.java:558) ~[filemanager.jar:?]
	at com.st.microxplorer.plugins.projectmanager.gui.ProjectSettingsPanel.UpdateDialog(ProjectSettingsPanel.java:247) ~[filemanager.jar:?]
	at com.st.microxplorer.plugins.projectmanager.ProjectManagerView.propertyChange(ProjectManagerView.java:392) ~[filemanager.jar:?]
	at java.beans.PropertyChangeSupport.fire(PropertyChangeSupport.java:343) ~[?:?]
	at java.beans.PropertyChangeSupport.firePropertyChange(PropertyChangeSupport.java:335) ~[?:?]
	at java.beans.PropertyChangeSupport.firePropertyChange(PropertyChangeSupport.java:268) ~[?:?]
	at com.st.microxplorer.util.MXPropertyChangeSupport.firePropertyChange(MXPropertyChangeSupport.java:54) ~[STM32CubeMX.jar:?]
	at com.st.microxplorer.mxsystem.MxSystem.closeConfig(MxSystem.java:899) ~[STM32CubeMX.jar:?]
	at com.st.microxplorer.maingui.MainPanel.closeConfig(MainPanel.java:792) ~[STM32CubeMX.jar:?]
	at com.st.microxplorer.plugins.filemanager.engine.OpenFileManager.loadConfigurationFile(OpenFileManager.java:288) ~[filemanager.jar:?]
	at com.st.microxplorer.plugins.filemanager.engine.MainFileManager.userLoadConfig(MainFileManager.java:364) ~[filemanager.jar:?]
	at com.st.microxplorer.plugins.filemanager.engine.MainFileManager.userLoadConfig(MainFileManager.java:342) ~[filemanager.jar:?]
	at com.st.microxplorer.plugins.filemanager.FileManagerView.getSpecificTask(FileManagerView.java:264) ~[filemanager.jar:?]
	at com.st.stm32cube.common.mx.editor.CubeMxEditor.getMxTabbedPaneInstance(CubeMxEditor.java:1198) ~[com.st.stm32cube.common.mx_6.15.0.202507011659/:?]
	at com.st.stm32cube.common.mx.editor.CubeMxEditor$12$1.createSwingComponent(CubeMxEditor.java:1068) ~[com.st.stm32cube.common.mx_6.15.0.202507011659/:?]
	at com.st.stm32cube.common.mx.oss.core.awtswtbridge.EmbeddedSwingComposite.doComponentCreation(EmbeddedSwingComposite.java:492) ~[com.st.stm32cube.common.mx.oss_6.15.0.202507011659/:?]
	at com.st.stm32cube.common.mx.oss.core.awtswtbridge.EmbeddedSwingComposite$4.run(EmbeddedSwingComposite.java:291) ~[com.st.stm32cube.common.mx.oss_6.15.0.202507011659/:?]
	at com.st.stm32cube.common.mx.oss.core.awtswtbridge.AwtEnvironment$2.run(AwtEnvironment.java:166) ~[com.st.stm32cube.common.mx.oss_6.15.0.202507011659/:?]
	at java.awt.event.InvocationEvent.dispatch(InvocationEvent.java:318) ~[?:?]
	at java.awt.EventQueue.dispatchEventImpl(EventQueue.java:773) ~[?:?]
	at java.awt.EventQueue$4.run(EventQueue.java:720) ~[?:?]
	at java.awt.EventQueue$4.run(EventQueue.java:714) ~[?:?]
	at java.security.AccessController.doPrivileged(AccessController.java:400) ~[?:?]
	at java.security.ProtectionDomain$JavaSecurityAccessImpl.doIntersectionPrivilege(ProtectionDomain.java:87) ~[?:?]
	at java.awt.EventQueue.dispatchEvent(EventQueue.java:742) ~[?:?]
	at java.awt.EventDispatchThread.pumpOneEventForFilters(EventDispatchThread.java:203) ~[?:?]
	at java.awt.EventDispatchThread.pumpEventsForFilter(EventDispatchThread.java:124) ~[?:?]
	at java.awt.EventDispatchThread.pumpEventsForHierarchy(EventDispatchThread.java:113) ~[?:?]
	at java.awt.EventDispatchThread.pumpEvents(EventDispatchThread.java:109) ~[?:?]
	at java.awt.EventDispatchThread.pumpEvents(EventDispatchThread.java:101) ~[?:?]
	at java.awt.EventDispatchThread.run(EventDispatchThread.java:90) ~[?:?]
2026-03-31 13:33:23,083 [WARN] ThirdParty:871 - waiting for thirdparty lock release [close project]
2026-03-31 13:33:23,083 [INFO] ThirdParty:873 - entering critical section [close project]
2026-03-31 13:33:23,083 [INFO] ThirdParty:883 - exiting critical section [close project]
2026-03-31 13:33:23,084 [INFO] PinOutPanel:1589 - setPackage(No Configuration,No Configuration)
2026-03-31 13:33:23,095 [WARN] IpParametersView:155 - Warning: This peripheral hasn't parameters
2026-03-31 13:33:23,105 [WARN] MainPanel:289 - <html><b><center>Warning: This peripheral has no parameters to be configured<br></b></html>
2026-03-31 13:33:23,108 [INFO] UtilMem:75 - Begin LoadConfig() Used Memory: 756750648 Bytes (1073741824)
2026-03-31 13:33:23,108 [INFO] MicroXplorer:468 - Change Database Path : 
2026-03-31 13:33:23,108 [INFO] MicroXplorer:498 - Change Database Version : DB.6.0.150
2026-03-31 13:33:23,108 [INFO] OpenFileManager:355 - Change cursor
2026-03-31 13:33:23,123 [INFO] RulesReader:64 - Compatibility file has been processed (317 Rules)
2026-03-31 13:33:23,127 [INFO] Mcu:2029 - Initializing MCU STM32F407V(E-G)Tx STM32F407VGTx STM32F407VGT6
2026-03-31 13:33:23,836 [INFO] Context:786 - Trying to add GPIOservice into a context  which must be forbidden
2026-03-31 13:33:24,362 [INFO] ImportTextPane:234 - (OptionalMessage_ERROR) Pin36 (VP_RIF_VS_RIF1) cannot be retrieved for this MCU
2026-03-31 13:33:24,413 [INFO] RtosManager:558 - Registered RTOS mode: class=CMSIS, group=RTOS, mode=CMSIS_V1, owner=FREERTOS
2026-03-31 13:33:24,413 [INFO] RtosManager:558 - Registered RTOS mode: class=CMSIS, group=RTOS2, mode=CMSIS_V2, owner=FREERTOS
2026-03-31 13:33:24,413 [INFO] RtosManager:558 - Registered RTOS mode: class=RTOS, group=Core, mode=CMSIS_V1, owner=FREERTOS
2026-03-31 13:33:24,413 [INFO] RtosManager:558 - Registered RTOS mode: class=RTOS, group=Core, mode=CMSIS_V2, owner=FREERTOS
2026-03-31 13:33:24,413 [WARN] ModelIntegratedComponent:184 - Missing modes for component STMicroelectronics:FreeRTOS:0.0.1:STMicroelectronics:RTOS:FreeRTOS:Core:::10.2.0:
2026-03-31 13:33:24,429 [WARN] ModelIntegratedComponent:63 - No mode defined for component null
2026-03-31 13:33:24,429 [WARN] ModelIntegratedComponent:63 - No mode defined for component null
2026-03-31 13:33:24,429 [WARN] ModelIntegratedComponent:63 - No mode defined for component null
2026-03-31 13:33:24,429 [WARN] ModelIntegratedComponent:63 - No mode defined for component null
2026-03-31 13:33:24,429 [WARN] ModelIntegratedComponent:63 - No mode defined for component null
2026-03-31 13:33:24,429 [WARN] ModelIntegratedComponent:63 - No mode defined for component null
2026-03-31 13:33:24,429 [WARN] ModelIntegratedComponent:63 - No mode defined for component null
2026-03-31 13:33:24,429 [WARN] ModelIntegratedComponent:63 - No mode defined for component null
2026-03-31 13:33:24,429 [WARN] ModelIntegratedComponent:63 - No mode defined for component null
2026-03-31 13:33:24,429 [WARN] ModelIntegratedComponent:63 - No mode defined for component null
2026-03-31 13:33:24,429 [WARN] ModelIntegratedComponent:63 - No mode defined for component null
2026-03-31 13:33:24,429 [WARN] ModelIntegratedComponent:63 - No mode defined for component null
2026-03-31 13:33:24,429 [WARN] ModelIntegratedComponent:63 - No mode defined for component null
2026-03-31 13:33:24,429 [WARN] ModelIntegratedComponent:63 - No mode defined for component null
2026-03-31 13:33:24,429 [WARN] ModelIntegratedComponent:63 - No mode defined for component null
2026-03-31 13:33:24,429 [WARN] ModelIntegratedComponent:63 - No mode defined for component null
2026-03-31 13:33:24,429 [WARN] ModelIntegratedComponent:63 - No mode defined for component null
2026-03-31 13:33:24,429 [WARN] ModelIntegratedComponent:63 - No mode defined for component null
2026-03-31 13:33:24,429 [WARN] ModelIntegratedComponent:63 - No mode defined for component null
2026-03-31 13:33:24,429 [WARN] ModelIntegratedComponent:63 - No mode defined for component null
2026-03-31 13:33:24,429 [WARN] ModelIntegratedComponent:63 - No mode defined for component null
2026-03-31 13:33:24,429 [WARN] ModelIntegratedComponent:63 - No mode defined for component null
2026-03-31 13:33:24,429 [WARN] ModelIntegratedComponent:63 - No mode defined for component null
2026-03-31 13:33:24,429 [WARN] ModelIntegratedComponent:63 - No mode defined for component null
2026-03-31 13:33:24,429 [WARN] ModelIntegratedComponent:63 - No mode defined for component null
2026-03-31 13:33:24,429 [WARN] ModelIntegratedComponent:63 - No mode defined for component null
2026-03-31 13:33:24,429 [WARN] ModelIntegratedComponent:63 - No mode defined for component null
2026-03-31 13:33:24,429 [WARN] ModelIntegratedComponent:63 - No mode defined for component null
2026-03-31 13:33:24,429 [WARN] ModelIntegratedComponent:63 - No mode defined for component null
2026-03-31 13:33:24,429 [WARN] ModelIntegratedComponent:63 - No mode defined for component null
2026-03-31 13:33:24,429 [WARN] ModelIntegratedComponent:63 - No mode defined for component null
2026-03-31 13:33:24,429 [WARN] ModelIntegratedComponent:63 - No mode defined for component null
2026-03-31 13:33:24,429 [WARN] ModelIntegratedComponent:63 - No mode defined for component null
2026-03-31 13:33:24,429 [WARN] ModelIntegratedComponent:63 - No mode defined for component null
2026-03-31 13:33:24,429 [WARN] ModelIntegratedComponent:63 - No mode defined for component null
2026-03-31 13:33:24,429 [WARN] ModelPack:524 - Component already loaded: STMicroelectronics:HAL Drivers:0.0.0:STMicroelectronics:Device:STMicro_Driver:XSPI:HAL::0.0.1:HAL_XSPI
2026-03-31 13:33:24,639 [INFO] ThirdPartyModel:298 - Start build external matchings
2026-03-31 13:33:25,464 [INFO] ThirdPartyModel:316 - End build external matchings
2026-03-31 13:33:25,625 [INFO] UtilMem:75 - End LoadConfig() Used Memory: 781553504 Bytes (1073741824)
2026-03-31 13:33:25,635 [WARN] ThirdParty:833 - waiting for thirdparty lock release [change project]
2026-03-31 13:33:25,635 [INFO] ThirdParty:835 - entering critical section [change project]
2026-03-31 13:33:25,635 [INFO] ThirdParty:1030 - CMSIS Pack Vendor :STMicroelectronics X-CUBE-PM33A1 1.0.0
2026-03-31 13:33:25,635 [INFO] ThirdParty:1030 - CMSIS Pack Vendor :STMicroelectronics USBPD 4.1
2026-03-31 13:33:25,635 [INFO] ThirdParty:1030 - CMSIS Pack Vendor :STMicroelectronics USB_HOST 2.0.0
2026-03-31 13:33:25,635 [INFO] ThirdParty:1030 - CMSIS Pack Vendor :STMicroelectronics FP-SNS-MOTENVWB1 1.4.0
2026-03-31 13:33:25,635 [INFO] ThirdParty:1030 - CMSIS Pack Vendor :STMicroelectronics X-CUBE-AZRTOS-F4 1.1.0
2026-03-31 13:33:25,635 [INFO] ThirdParty:1030 - CMSIS Pack Vendor :STMicroelectronics LIBJPEG 8.0.0
2026-03-31 13:33:25,635 [INFO] ThirdParty:1030 - CMSIS Pack Vendor :STMicroelectronics FP-ATR-ASTRA1 2.0.2
2026-03-31 13:33:25,635 [INFO] ThirdParty:1030 - CMSIS Pack Vendor :Avnet-IotConnect X-CUBE-IoTC-DA16k-PMOD 1.0.0
2026-03-31 13:33:25,635 [INFO] ThirdParty:1030 - CMSIS Pack Vendor :STMicroelectronics X-CUBE-SMBUS 2.1.0
2026-03-31 13:33:25,635 [INFO] ThirdParty:1030 - CMSIS Pack Vendor :STMicroelectronics X-CUBE-ISPU 2.1.0
2026-03-31 13:33:25,635 [INFO] ThirdParty:1030 - CMSIS Pack Vendor :STMicroelectronics X-CUBE-IPS 3.2.0
2026-03-31 13:33:25,635 [INFO] ThirdParty:1030 - CMSIS Pack Vendor :STMicroelectronics X-CUBE-ST60 1.0.0
2026-03-31 13:33:25,635 [INFO] ThirdParty:1030 - CMSIS Pack Vendor :STMicroelectronics X-CUBE-NFC12 1.0.0
2026-03-31 13:33:25,635 [INFO] ThirdParty:1030 - CMSIS Pack Vendor :STMicroelectronics X-CUBE-AZRTOS-F7 1.1.0
2026-03-31 13:33:25,635 [INFO] ThirdParty:1030 - CMSIS Pack Vendor :STMicroelectronics X-CUBE-AZRTOS-L5 2.0.0
2026-03-31 13:33:25,635 [INFO] ThirdParty:1030 - CMSIS Pack Vendor :STMicroelectronics USB_DEVICE 2.0.0
2026-03-31 13:33:25,635 [INFO] ThirdParty:1030 - CMSIS Pack Vendor :STMicroelectronics X-CUBE-NFC6 3.1.0
2026-03-31 13:33:25,635 [INFO] ThirdParty:1030 - CMSIS Pack Vendor :STMicroelectronics FP-SNS-MOTENV1 5.1.0
2026-03-31 13:33:25,635 [INFO] ThirdParty:1030 - CMSIS Pack Vendor :STMicroelectronics FreeRTOS 0.0.1
2026-03-31 13:33:25,635 [INFO] ThirdParty:1030 - CMSIS Pack Vendor :Infineon AIROC-Wi-Fi-Bluetooth-STM32 1.7.1
2026-03-31 13:33:25,635 [INFO] ThirdParty:1030 - CMSIS Pack Vendor :STMicroelectronics PDM2PCM 3.3.0
2026-03-31 13:33:25,635 [INFO] ThirdParty:1030 - CMSIS Pack Vendor :STMicroelectronics X-CUBE-AZRTOS-H7 3.4.0
2026-03-31 13:33:25,635 [INFO] ThirdParty:1030 - CMSIS Pack Vendor :STMicroelectronics X-CUBE-DISPLAY 3.0.0
2026-03-31 13:33:25,635 [INFO] ThirdParty:1030 - CMSIS Pack Vendor :STMicroelectronics FP-SNS-MOTENVWB1 1.5.0
2026-03-31 13:33:25,635 [INFO] ThirdParty:1030 - CMSIS Pack Vendor :STMicroelectronics X-CUBE-NFC10 1.0.0
2026-03-31 13:33:25,635 [INFO] ThirdParty:1030 - CMSIS Pack Vendor :STMicroelectronics X-CUBE-BLEMGR 4.0.0
2026-03-31 13:33:25,636 [INFO] ThirdParty:1030 - CMSIS Pack Vendor :STMicroelectronics X-CUBE-FREERTOS 1.3.1
2026-03-31 13:33:25,636 [INFO] ThirdParty:1030 - CMSIS Pack Vendor :STMicroelectronics HAL Drivers 0.0.0
2026-03-31 13:33:25,636 [INFO] ThirdParty:1030 - CMSIS Pack Vendor :STMicroelectronics X-CUBE-ST60 1.1.0
2026-03-31 13:33:25,636 [INFO] ThirdParty:1030 - CMSIS Pack Vendor :emotas I-CUBE-CANOPEN 1.3.0
2026-03-31 13:33:25,636 [INFO] ThirdParty:1030 - CMSIS Pack Vendor :STMicroelectronics MBEDTLS 2.14.1
2026-03-31 13:33:25,636 [INFO] ThirdParty:1030 - CMSIS Pack Vendor :STMicroelectronics X-CUBE-GNSS1 7.1.0
2026-03-31 13:33:25,636 [INFO] ThirdParty:1030 - CMSIS Pack Vendor :STMicroelectronics X-CUBE-TOUCHGFX 4.26.0
2026-03-31 13:33:25,636 [INFO] ThirdParty:1030 - CMSIS Pack Vendor :quantropi X-CUBE-qispace-sdk-base 2.0.0
2026-03-31 13:33:25,636 [INFO] ThirdParty:1030 - CMSIS Pack Vendor :STMicroelectronics FP-SNS-STBOX1 2.1.0
2026-03-31 13:33:25,636 [INFO] ThirdParty:1030 - CMSIS Pack Vendor :STMicroelectronics FP-SNS-STAIOTCFT 1.0.0
2026-03-31 13:33:25,636 [INFO] ThirdParty:1030 - CMSIS Pack Vendor :STMicroelectronics FP-SNS-SMARTAG2 1.2.0
2026-03-31 13:33:25,636 [INFO] ThirdParty:1030 - CMSIS Pack Vendor :STMicroelectronics FP-SNS-FLIGHT1 5.1.0
2026-03-31 13:33:25,636 [INFO] ThirdParty:1030 - CMSIS Pack Vendor :STMicroelectronics X-CUBE-AZRTOS-WL 2.0.0
2026-03-31 13:33:25,636 [INFO] ThirdParty:1030 - CMSIS Pack Vendor :STMicroelectronics X-CUBE-DPower 1.3.0
2026-03-31 13:33:25,636 [INFO] ThirdParty:1030 - CMSIS Pack Vendor :STMicroelectronics FP-SNS-MOTENV1 5.0.0
2026-03-31 13:33:25,636 [INFO] ThirdParty:1030 - CMSIS Pack Vendor :STMicroelectronics USB_DEVICE 1.0.0
2026-03-31 13:33:25,636 [INFO] ThirdParty:1030 - CMSIS Pack Vendor :STMicroelectronics X-CUBE-AZRTOS-H7RS 1.2.0
2026-03-31 13:33:25,636 [INFO] ThirdParty:1030 - CMSIS Pack Vendor :STMicroelectronics X-CUBE-AZRTOS-L4 2.0.0
2026-03-31 13:33:25,636 [INFO] ThirdParty:1030 - CMSIS Pack Vendor :STMicroelectronics ThreadX 0.0.2
2026-03-31 13:33:25,636 [INFO] ThirdParty:1030 - CMSIS Pack Vendor :WES I-CUBE-Cesium 1.3.0
2026-03-31 13:33:25,636 [INFO] ThirdParty:1030 - CMSIS Pack Vendor :STMicroelectronics lwIP 2.1.2
2026-03-31 13:33:25,636 [INFO] ThirdParty:1030 - CMSIS Pack Vendor :STMicroelectronics X-CUBE-SFXS2LP1 4.0.0
2026-03-31 13:33:25,636 [INFO] ThirdParty:1030 - CMSIS Pack Vendor :STMicroelectronics X-CUBE-BLE2 3.3.0
2026-03-31 13:33:25,636 [INFO] ThirdParty:1030 - CMSIS Pack Vendor :Avnet-IOTCONNECT X-CUBE-iotc-st67-sdk 1.0.0
2026-03-31 13:33:25,636 [INFO] ThirdParty:1030 - CMSIS Pack Vendor :STMicroelectronics PDM2PCM 3.2.0
2026-03-31 13:33:25,636 [INFO] ThirdParty:1030 - CMSIS Pack Vendor :STMicroelectronics X-CUBE-ST67W61 1.2.0
2026-03-31 13:33:25,636 [INFO] ThirdParty:1030 - CMSIS Pack Vendor :STMicroelectronics X-CUBE-NFC9 1.0.0
2026-03-31 13:33:25,636 [INFO] ThirdParty:1030 - CMSIS Pack Vendor :wolfSSL I-CUBE-wolfSSL 5.8.0
2026-03-31 13:33:25,636 [INFO] ThirdParty:1030 - CMSIS Pack Vendor :STMicroelectronics X-CUBE-BLE1 7.1.0
2026-03-31 13:33:25,636 [INFO] ThirdParty:1030 - CMSIS Pack Vendor :wolfSSL I-CUBE-wolfMQTT 1.19.2
2026-03-31 13:33:25,636 [INFO] ThirdParty:1030 - CMSIS Pack Vendor :STMicroelectronics USB_DEVICE 3.0.0
2026-03-31 13:33:25,636 [INFO] ThirdParty:1030 - CMSIS Pack Vendor :STMicroelectronics X-CUBE-FREERTOS 1.4.0
2026-03-31 13:33:25,636 [INFO] ThirdParty:1030 - CMSIS Pack Vendor :STMicroelectronics X-CUBE-EEPRMA1 5.2.0
2026-03-31 13:33:25,636 [INFO] ThirdParty:1030 - CMSIS Pack Vendor :STMicroelectronics X-CUBE-BLEMGR 4.1.0
2026-03-31 13:33:25,636 [INFO] ThirdParty:1030 - CMSIS Pack Vendor :STMicroelectronics X-CUBE-AZRTOS-WB 2.0.0
2026-03-31 13:33:25,636 [INFO] ThirdParty:1030 - CMSIS Pack Vendor :STMicroelectronics X-CUBE-GNSS1 7.0.1
2026-03-31 13:33:25,636 [INFO] ThirdParty:1030 - CMSIS Pack Vendor :STMicroelectronics X-CUBE-TOUCHGFX 4.25.0
2026-03-31 13:33:25,636 [INFO] ThirdParty:1030 - CMSIS Pack Vendor :STMicroelectronics X-CUBE-ST67W61 1.1.0
2026-03-31 13:33:25,636 [INFO] ThirdParty:1030 - CMSIS Pack Vendor :STMicroelectronics X-CUBE-AI 10.1.0
2026-03-31 13:33:25,636 [INFO] ThirdParty:1030 - CMSIS Pack Vendor :STMicroelectronics FP-SNS-STBOX1 2.0.0
2026-03-31 13:33:25,636 [INFO] ThirdParty:1030 - CMSIS Pack Vendor :STMicroelectronics X-CUBE-MEMS1 12.0.0
2026-03-31 13:33:25,636 [INFO] ThirdParty:1030 - CMSIS Pack Vendor :STMicroelectronics X-CUBE-STSE01 2.0.0
2026-03-31 13:33:25,636 [INFO] ThirdParty:1030 - CMSIS Pack Vendor :STMicroelectronics X-CUBE-AZRTOS-G0 1.1.0
2026-03-31 13:33:25,636 [INFO] ThirdParty:1030 - CMSIS Pack Vendor :STMicroelectronics X-CUBE-SAFEA1 1.2.2
2026-03-31 13:33:25,636 [INFO] ThirdParty:1030 - CMSIS Pack Vendor :STMicroelectronics X-CUBE-NFC4 3.0.0
2026-03-31 13:33:25,636 [INFO] ThirdParty:1030 - CMSIS Pack Vendor :STMicroelectronics X-CUBE-SUBG2 5.0.0
2026-03-31 13:33:25,636 [INFO] ThirdParty:1030 - CMSIS Pack Vendor :STMicroelectronics X-CUBE-AZRTOS-H7RS 1.1.0
2026-03-31 13:33:25,636 [INFO] ThirdParty:1030 - CMSIS Pack Vendor :STMicroelectronics STM32_WPAN 1.0.0
2026-03-31 13:33:25,636 [INFO] ThirdParty:1030 - CMSIS Pack Vendor :EmbeddedOffice I-CUBE-FS-RTOS 1.0.1
2026-03-31 13:33:25,637 [INFO] ThirdParty:1030 - CMSIS Pack Vendor :STMicroelectronics lwIP 2.0.3
2026-03-31 13:33:25,637 [INFO] ThirdParty:1030 - CMSIS Pack Vendor :Cesanta I-CUBE-Mongoose 7.13.0
2026-03-31 13:33:25,637 [INFO] ThirdParty:1030 - CMSIS Pack Vendor :STMicroelectronics USB_HOST 1.0.0
2026-03-31 13:33:25,637 [INFO] ThirdParty:1030 - CMSIS Pack Vendor :STMicroelectronics X-CUBE-AZRTOS-G4 2.0.0
2026-03-31 13:33:25,637 [INFO] ThirdParty:1030 - CMSIS Pack Vendor :STMicroelectronics X-CUBE-WB05N 2.0.0
2026-03-31 13:33:25,637 [INFO] ThirdParty:1030 - CMSIS Pack Vendor :STMicroelectronics PDM2PCM 3.1.0
2026-03-31 13:33:25,637 [INFO] ThirdParty:1030 - CMSIS Pack Vendor :wolfSSL I-CUBE-wolfTPM 3.8.0
2026-03-31 13:33:25,637 [INFO] ThirdParty:1030 - CMSIS Pack Vendor :wolfSSL I-CUBE-wolfSSH 1.4.20
2026-03-31 13:33:25,637 [INFO] ThirdParty:1030 - CMSIS Pack Vendor :STMicroelectronics X-CUBE-NFC7 2.0.0
2026-03-31 13:33:25,637 [INFO] ThirdParty:1030 - CMSIS Pack Vendor :STMicroelectronics X-CUBE-TCPP 4.2.0
2026-03-31 13:33:25,637 [INFO] ThirdParty:1030 - CMSIS Pack Vendor :RealThread X-CUBE-RT-Thread_Nano 4.1.1
2026-03-31 13:33:25,637 [INFO] ThirdParty:1030 - CMSIS Pack Vendor :STMicroelectronics FP-ATR-SIGFOX1 3.2.0
2026-03-31 13:33:25,637 [INFO] ThirdParty:1030 - CMSIS Pack Vendor :STMicroelectronics X-CUBE-EEPRMA1 5.1.0
2026-03-31 13:33:25,637 [INFO] ThirdParty:1030 - CMSIS Pack Vendor :STMicroelectronics MBEDTLS 2.16.2
2026-03-31 13:33:25,637 [INFO] ThirdParty:1030 - CMSIS Pack Vendor :STMicroelectronics X-CUBE-IPS 3.1.0
2026-03-31 13:33:25,637 [INFO] ThirdParty:1030 - CMSIS Pack Vendor :STMicroelectronics X-CUBE-ALS 1.0.2
2026-03-31 13:33:25,637 [INFO] ThirdParty:1030 - CMSIS Pack Vendor :ITTIA_DB I-CUBE-ITTIADB 8.9.0
2026-03-31 13:33:25,637 [INFO] ThirdParty:1030 - CMSIS Pack Vendor :STMicroelectronics X-CUBE-STSE01 1.0.0
2026-03-31 13:33:25,637 [INFO] ThirdParty:1030 - CMSIS Pack Vendor :portGmbH I-Cube-SoM-uGOAL 1.1.0
2026-03-31 13:33:25,637 [INFO] ThirdParty:1030 - CMSIS Pack Vendor :STMicroelectronics X-CUBE-NFC6 3.2.0
2026-03-31 13:33:25,637 [INFO] ThirdParty:1030 - CMSIS Pack Vendor :STMicroelectronics X-CUBE-ST67W61 1.0.0
2026-03-31 13:33:25,637 [INFO] ThirdParty:1030 - CMSIS Pack Vendor :STMicroelectronics X-CUBE-AI 10.2.0
2026-03-31 13:33:25,637 [INFO] ThirdParty:1030 - CMSIS Pack Vendor :STMicroelectronics ThreadX 1.0.0
2026-03-31 13:33:25,637 [INFO] ThirdParty:1030 - CMSIS Pack Vendor :SEGGER I-CUBE-embOS 1.3.1
2026-03-31 13:33:25,637 [INFO] ThirdParty:1030 - CMSIS Pack Vendor :STMicroelectronics X-CUBE-ALGOBUILD 1.4.0
2026-03-31 13:33:25,637 [INFO] ThirdParty:1030 - CMSIS Pack Vendor :STMicroelectronics X-CUBE-MEMS1 11.3.0
2026-03-31 13:33:25,637 [INFO] ThirdParty:1030 - CMSIS Pack Vendor :STMicroelectronics X-CUBE-TOF1 3.4.3
2026-03-31 13:33:25,637 [INFO] ThirdParty:841 - exiting critical section [change project]
2026-03-31 13:33:25,888 [INFO] PinOutPanel:1589 - setPackage(No Configuration,No Configuration)
2026-03-31 13:33:25,888 [INFO] PinOutPanel:1589 - setPackage(STM32F407VGTx,LQFP100)
2026-03-31 13:33:26,040 [INFO] UtilMem:75 - Before build in PCC Used Memory: 943078728 Bytes (1073741824)
2026-03-31 13:33:26,227 [INFO] UtilMem:75 - After build in PCC Used Memory: 989216072 Bytes (1073741824)
2026-03-31 13:33:26,258 [INFO] IPUIPlugin:80 - create IPUIPlugin
2026-03-31 13:33:26,259 [INFO] IPUIPlugin:80 - create IPUIPlugin
2026-03-31 13:33:26,259 [INFO] IPUIPlugin:80 - create IPUIPlugin
2026-03-31 13:33:26,259 [INFO] IPUIPlugin:80 - create IPUIPlugin
2026-03-31 13:33:26,259 [INFO] IPUIPlugin:80 - create IPUIPlugin
2026-03-31 13:33:26,259 [INFO] IPUIPlugin:80 - create IPUIPlugin
2026-03-31 13:33:26,259 [INFO] IPUIPlugin:80 - create IPUIPlugin
2026-03-31 13:33:26,259 [INFO] IPUIPlugin:80 - create IPUIPlugin
2026-03-31 13:33:26,259 [INFO] IPUIPlugin:80 - create IPUIPlugin
2026-03-31 13:33:26,259 [INFO] IPUIPlugin:80 - create IPUIPlugin
2026-03-31 13:33:26,259 [INFO] IPUIPlugin:80 - create IPUIPlugin
2026-03-31 13:33:26,260 [INFO] IPUIPlugin:80 - create IPUIPlugin
2026-03-31 13:33:26,260 [INFO] IPUIPlugin:80 - create IPUIPlugin
2026-03-31 13:33:26,260 [INFO] IPUIPlugin:80 - create IPUIPlugin
2026-03-31 13:33:26,260 [INFO] IPUIPlugin:80 - create IPUIPlugin
2026-03-31 13:33:26,260 [INFO] IPUIPlugin:80 - create IPUIPlugin
2026-03-31 13:33:26,260 [INFO] IPUIPlugin:80 - create IPUIPlugin
2026-03-31 13:33:26,260 [INFO] IPUIPlugin:80 - create IPUIPlugin
2026-03-31 13:33:26,260 [INFO] IPUIPlugin:80 - create IPUIPlugin
2026-03-31 13:33:26,260 [INFO] IPUIPlugin:80 - create IPUIPlugin
2026-03-31 13:33:26,260 [INFO] IPUIPlugin:80 - create IPUIPlugin
2026-03-31 13:33:26,260 [INFO] IPUIPlugin:80 - create IPUIPlugin
2026-03-31 13:33:26,261 [INFO] IPUIPlugin:80 - create IPUIPlugin
2026-03-31 13:33:26,261 [INFO] IPUIPlugin:80 - create IPUIPlugin
2026-03-31 13:33:26,261 [INFO] IPUIPlugin:80 - create IPUIPlugin
2026-03-31 13:33:26,261 [INFO] IPUIPlugin:80 - create IPUIPlugin
2026-03-31 13:33:26,261 [INFO] IPUIPlugin:80 - create IPUIPlugin
2026-03-31 13:33:26,261 [INFO] IPUIPlugin:80 - create IPUIPlugin
2026-03-31 13:33:26,261 [INFO] IPUIPlugin:80 - create IPUIPlugin
2026-03-31 13:33:26,261 [INFO] IPUIPlugin:80 - create IPUIPlugin
2026-03-31 13:33:26,261 [INFO] IPUIPlugin:80 - create IPUIPlugin
2026-03-31 13:33:26,262 [INFO] IPUIPlugin:80 - create IPUIPlugin
2026-03-31 13:33:26,262 [INFO] IPUIPlugin:80 - create IPUIPlugin
2026-03-31 13:33:26,262 [INFO] IPUIPlugin:80 - create IPUIPlugin
2026-03-31 13:33:26,262 [INFO] IPUIPlugin:80 - create IPUIPlugin
2026-03-31 13:33:26,262 [INFO] IPUIPlugin:80 - create IPUIPlugin
2026-03-31 13:33:26,262 [INFO] IPUIPlugin:80 - create IPUIPlugin
2026-03-31 13:33:26,262 [INFO] IPUIPlugin:80 - create IPUIPlugin
2026-03-31 13:33:26,262 [INFO] IPUIPlugin:80 - create IPUIPlugin
2026-03-31 13:33:26,263 [INFO] IPUIPlugin:80 - create IPUIPlugin
2026-03-31 13:33:26,263 [INFO] IPUIPlugin:80 - create IPUIPlugin
2026-03-31 13:33:26,263 [INFO] IPUIPlugin:80 - create IPUIPlugin
2026-03-31 13:33:26,263 [INFO] IPUIPlugin:80 - create IPUIPlugin
2026-03-31 13:33:26,263 [INFO] IPUIPlugin:80 - create IPUIPlugin
2026-03-31 13:33:26,263 [INFO] IPUIPlugin:80 - create IPUIPlugin
2026-03-31 13:33:26,264 [INFO] IPUIPlugin:80 - create IPUIPlugin
2026-03-31 13:33:26,264 [INFO] IPUIPlugin:80 - create IPUIPlugin
2026-03-31 13:33:26,264 [INFO] IPUIPlugin:80 - create IPUIPlugin
2026-03-31 13:33:26,264 [INFO] IPUIPlugin:80 - create IPUIPlugin
2026-03-31 13:33:26,264 [INFO] IPUIPlugin:80 - create IPUIPlugin
2026-03-31 13:33:26,264 [INFO] IPUIPlugin:80 - create IPUIPlugin
2026-03-31 13:33:26,264 [INFO] IPUIPlugin:80 - create IPUIPlugin
2026-03-31 13:33:26,264 [INFO] IPUIPlugin:80 - create IPUIPlugin
2026-03-31 13:33:26,264 [INFO] IPUIPlugin:80 - create IPUIPlugin
2026-03-31 13:33:26,265 [INFO] IPUIPlugin:80 - create IPUIPlugin
2026-03-31 13:33:26,265 [INFO] IPUIPlugin:80 - create IPUIPlugin
2026-03-31 13:33:26,265 [INFO] IPUIPlugin:80 - create IPUIPlugin
2026-03-31 13:33:26,265 [INFO] IPUIPlugin:80 - create IPUIPlugin
2026-03-31 13:33:26,267 [INFO] ApiDbMcu:532 - Load IP Config File for PDM2PCM
2026-03-31 13:33:26,283 [INFO] CADModel:165 - CPN selected for project levelSTM32F407VGT6
2026-03-31 13:33:26,283 [INFO] CADModel:114 - Register for checkConnection events
2026-03-31 13:33:26,321 [INFO] OpenFileManager:386 - Restore cursor
2026-03-31 13:33:55,916 [INFO] DmaTabbedPanel:205 - Cannot restore the selected Tab for DMA
2026-03-31 13:33:56,458 [INFO] Gpio:278 - dependency for GPIO []
2026-03-31 13:34:53,369 [INFO] NvicIntPanel:101 - NVIC parent = com.st.microxplorer.plugins.ip.nvic.MultiNvicIntPanel[,0,0,816x315,layout=javax.swing.BoxLayout,alignmentX=0.0,alignmentY=0.0,border=,flags=9,maximumSize=,minimumSize=,preferredSize=]
2026-03-31 13:34:56,122 [INFO] NvicIntPanel:101 - NVIC parent = com.st.microxplorer.plugins.ip.nvic.MultiNvicIntPanel[,0,0,0x0,invalid,layout=javax.swing.BoxLayout,alignmentX=0.0,alignmentY=0.0,border=,flags=9,maximumSize=,minimumSize=,preferredSize=]
2026-03-31 13:37:36,881 [INFO] UtilMem:75 - End SaveConfig() Used Memory: 780046632 Bytes (1073741824)
2026-03-31 13:37:39,250 [INFO] UtilMem:75 - End SaveConfig() Used Memory: 808880424 Bytes (1073741824)
2026-03-31 13:37:40,103 [INFO] UtilMem:75 - End SaveConfig() Used Memory: 841912592 Bytes (1073741824)
2026-03-31 13:37:40,354 [INFO] BlockDiagram:2775 - set Specific Code input for plugin: SYS
2026-03-31 13:37:40,354 [INFO] BlockDiagram:2775 - set Specific Code input for plugin: RCC
2026-03-31 13:37:40,354 [INFO] BlockDiagram:2775 - set Specific Code input for plugin: RTC
2026-03-31 13:37:40,354 [INFO] BlockDiagram:2775 - set Specific Code input for plugin: NVIC
2026-03-31 13:37:40,354 [INFO] BlockDiagram:2775 - set Specific Code input for plugin: USART
2026-03-31 13:37:40,355 [INFO] BlockDiagram:2775 - set Specific Code input for plugin: GPIO
2026-03-31 13:37:40,355 [INFO] CodeGenerator:892 - code generatio: config db path: /opt/st/stm32cubeide_1.19.0/plugins/com.st.stm32cube.common.mx_6.15.0.202507011659//db/
2026-03-31 13:37:40,442 [INFO] CodeEngine:265 - oldGeneratedFile, /home/sunbeam/Desktop/workspace/RTOS_workspace/009Queues_n_timers/MXTmpFiles/license.tmp_save
2026-03-31 13:37:40,729 [INFO] CodeEngine:289 - Generated code: /home/sunbeam/Desktop/workspace/RTOS_workspace/009Queues_n_timers/MXTmpFiles/license.tmp
2026-03-31 13:37:40,842 [INFO] CodeEngine:265 - oldGeneratedFile, /home/sunbeam/Desktop/workspace/RTOS_workspace/009Queues_n_timers/MXTmpFiles/gpio.tmp_save
2026-03-31 13:37:41,090 [INFO] CodeEngine:289 - Generated code: /home/sunbeam/Desktop/workspace/RTOS_workspace/009Queues_n_timers/MXTmpFiles/gpio.tmp
2026-03-31 13:37:41,302 [INFO] CodeEngine:265 - oldGeneratedFile, /home/sunbeam/Desktop/workspace/RTOS_workspace/009Queues_n_timers/Core/Src/stm32f4xx_it.c_save
2026-03-31 13:37:41,627 [INFO] CodeEngine:289 - Generated code: /home/sunbeam/Desktop/workspace/RTOS_workspace/009Queues_n_timers/Core/Src/stm32f4xx_it.c
2026-03-31 13:37:41,630 [INFO] CodeEngine:265 - oldGeneratedFile, /home/sunbeam/Desktop/workspace/RTOS_workspace/009Queues_n_timers/Core/Inc/stm32f4xx_it.h_save
2026-03-31 13:37:41,783 [INFO] CodeEngine:289 - Generated code: /home/sunbeam/Desktop/workspace/RTOS_workspace/009Queues_n_timers/Core/Inc/stm32f4xx_it.h
2026-03-31 13:37:41,791 [INFO] CodeEngine:265 - oldGeneratedFile, /home/sunbeam/Desktop/workspace/RTOS_workspace/009Queues_n_timers/Core/Src/stm32f4xx_hal_msp.c_save
2026-03-31 13:37:42,040 [INFO] CodeEngine:289 - Generated code: /home/sunbeam/Desktop/workspace/RTOS_workspace/009Queues_n_timers/Core/Src/stm32f4xx_hal_msp.c
2026-03-31 13:37:42,041 [INFO] CodeEngine:265 - oldGeneratedFile, /home/sunbeam/Desktop/workspace/RTOS_workspace/009Queues_n_timers/MXTmpFiles/system.tmp_save
2026-03-31 13:37:42,153 [INFO] CodeEngine:289 - Generated code: /home/sunbeam/Desktop/workspace/RTOS_workspace/009Queues_n_timers/MXTmpFiles/system.tmp
2026-03-31 13:37:42,154 [INFO] CodeEngine:265 - oldGeneratedFile, /home/sunbeam/Desktop/workspace/RTOS_workspace/009Queues_n_timers/Core/Src/stm32f4xx_hal_timebase_tim.c_save
2026-03-31 13:37:42,259 [INFO] CodeEngine:289 - Generated code: /home/sunbeam/Desktop/workspace/RTOS_workspace/009Queues_n_timers/Core/Src/stm32f4xx_hal_timebase_tim.c
2026-03-31 13:37:42,264 [INFO] CodeEngine:321 - oldGeneratedFile, /home/sunbeam/Desktop/workspace/RTOS_workspace/009Queues_n_timers/Core/Inc/stm32f4xx_hal_conf.h_save
2026-03-31 13:37:42,370 [INFO] CodeEngine:345 - Generated code: /home/sunbeam/Desktop/workspace/RTOS_workspace/009Queues_n_timers/Core/Inc/stm32f4xx_hal_conf.h
2026-03-31 13:37:42,413 [INFO] ApiDbMcu:532 - Load IP Config File for RTC
2026-03-31 13:37:42,419 [INFO] ApiDbMcu:532 - Load IP Config File for USART2
2026-03-31 13:37:42,426 [INFO] ApiDbMcu:532 - Load IP Config File for RCC
2026-03-31 13:37:42,434 [INFO] CodeEngine:265 - oldGeneratedFile, /home/sunbeam/Desktop/workspace/RTOS_workspace/009Queues_n_timers/Core/Inc/main.h_save
2026-03-31 13:37:42,549 [INFO] CodeEngine:289 - Generated code: /home/sunbeam/Desktop/workspace/RTOS_workspace/009Queues_n_timers/Core/Inc/main.h
2026-03-31 13:37:42,551 [INFO] CodeEngine:265 - oldGeneratedFile, /home/sunbeam/Desktop/workspace/RTOS_workspace/009Queues_n_timers/Core/Src/main.c_save
2026-03-31 13:37:42,694 [INFO] CodeEngine:289 - Generated code: /home/sunbeam/Desktop/workspace/RTOS_workspace/009Queues_n_timers/Core/Src/main.c
2026-03-31 13:37:42,939 [INFO] ProjectBuilder:3606 - Time for Copy HAL[1] : 33mS.
2026-03-31 13:37:42,943 [INFO] ProjectBuilder:5216 - Project Generator version: 4.7.0-B52
2026-03-31 13:37:43,034 [INFO] ConfigFileManager:1595 - The Die is : DIE413
2026-03-31 13:37:43,041 [INFO] ApiDbMcu:532 - Load IP Config File for FATFS
2026-03-31 13:37:43,063 [INFO] ApiDbMcu:532 - Load IP Config File for FREERTOS
2026-03-31 13:37:43,069 [INFO] ApiDbMcu:532 - Load IP Config File for LIBJPEG
2026-03-31 13:37:43,130 [INFO] ApiDbMcu:532 - Load IP Config File for LWIP
2026-03-31 13:37:43,163 [INFO] ApiDbMcu:532 - Load IP Config File for MBEDTLS
2026-03-31 13:37:43,190 [INFO] ApiDbMcu:532 - Load IP Config File for USB_DEVICE
2026-03-31 13:37:43,198 [INFO] ApiDbMcu:532 - Load IP Config File for USB_HOST
2026-03-31 13:37:44,178 [INFO] ProjectBuilder:5496 - Time for Generating toolchain IDE Files: 1236mS.
2026-03-31 13:37:44,179 [INFO] ProjectBuilder:3463 - Time for Copy CMSIS : 1mS.
2026-03-31 13:37:44,179 [INFO] ProjectBuilder:3463 - Time for Copy CMSIS : 0mS.
2026-03-31 15:44:18,576 [ERROR] LogOutputStream:75 - [STDERR_REDIRECT] 
2026-03-31 21:55:46,297 [INFO] Activator:176 - 


2026-03-31 21:55:46,300 [INFO] Activator:177 - !SESSION log4j initialized
2026-03-31 21:55:51,284 [INFO] LogOutputStream:77 - [STDOUT_REDIRECT] 
2026-03-31 21:55:53,707 [INFO] ApplicationProperties:184 - Using Application install path: /opt/st/stm32cubeide_1.19.0/plugins/com.st.stm32cube.common.mx_6.15.0.202507011659
2026-03-31 21:55:53,728 [INFO] DbMcusXml:78 - Set database path to: /opt/st/stm32cubeide_1.19.0/plugins/com.st.stm32cube.common.mx_6.15.0.202507011659//db//mcu/
2026-03-31 21:55:53,728 [INFO] ApiDb:274 - Set plugin database path to: /opt/st/stm32cubeide_1.19.0/plugins/com.st.stm32cube.common.mx_6.15.0.202507011659//db//plugins/boardmanager/
2026-03-31 21:55:53,729 [WARN] ApiDb:259 - Overriding images path with different value:  => /opt/st/stm32cubeide_1.19.0/plugins/com.st.stm32cube.common.mx_6.15.0.202507011659//db//plugins/mcufinder/images/
2026-03-31 21:55:53,737 [INFO] ApiDb:250 - Set database path to: /home/sunbeam/.stmcufinder/plugins/mcufinder//mcu/
2026-03-31 21:55:53,739 [INFO] DbMcusAds:125 - Set database path to: /home/sunbeam/.stmcufinder/plugins/mcufinder//mcu/
2026-03-31 21:55:54,121 [INFO] CrossReferenceDbSqlite:203 - Set database path to: /home/sunbeam/.stmcufinder/plugins/mcufinder//mcu/cs/
2026-03-31 21:55:54,276 [INFO] RulesReader:64 - Compatibility file has been processed (317 Rules)
2026-03-31 21:55:54,343 [INFO] DbMcusXml:78 - Set database path to: /opt/st/stm32cubeide_1.19.0/plugins/com.st.stm32cube.common.mx_6.15.0.202507011659//db//mcu/
2026-03-31 21:55:54,343 [INFO] ApiDb:274 - Set plugin database path to: /opt/st/stm32cubeide_1.19.0/plugins/com.st.stm32cube.common.mx_6.15.0.202507011659//db//plugins/boardmanager/
2026-03-31 21:55:54,344 [INFO] ApiDb:261 - Set plugin images path to: /opt/st/stm32cubeide_1.19.0/plugins/com.st.stm32cube.common.mx_6.15.0.202507011659//db//plugins/mcufinder/images/
2026-03-31 21:55:54,344 [WARN] DbFile:41 - Overriding database path with different value: /home/sunbeam/.stmcufinder/plugins/mcufinder/ => /home/sunbeam/.stmcufinder/plugins/mcufinder
2026-03-31 21:55:54,344 [INFO] ApiDb:250 - Set database path to: /home/sunbeam/.stmcufinder/plugins/mcufinder//mcu/
2026-03-31 21:55:54,344 [WARN] DbFile:41 - Overriding database path with different value: /home/sunbeam/.stmcufinder/plugins/mcufinder/ => /home/sunbeam/.stmcufinder/plugins/mcufinder
2026-03-31 21:55:54,344 [INFO] DbMcusAds:125 - Set database path to: /home/sunbeam/.stmcufinder/plugins/mcufinder//mcu/
2026-03-31 21:55:54,344 [WARN] DbFile:41 - Overriding database path with different value: /home/sunbeam/.stmcufinder/plugins/mcufinder/ => /home/sunbeam/.stmcufinder/plugins/mcufinder
2026-03-31 21:55:54,344 [WARN] DbFile:41 - Overriding database path with different value: /home/sunbeam/.stmcufinder/plugins/mcufinder/ => /home/sunbeam/.stmcufinder/plugins/mcufinder
2026-03-31 21:55:54,734 [INFO] CrossReferenceDbSqlite:203 - Set database path to: /home/sunbeam/.stmcufinder/plugins/mcufinder//mcu/cs/
2026-03-31 21:55:54,835 [INFO] MainPanel:274 - HeapMemory: 268435456
2026-03-31 21:55:54,960 [INFO] DbMcusXml:78 - Set database path to: /opt/st/stm32cubeide_1.19.0/plugins/com.st.stm32cube.common.mx_6.15.0.202507011659//db//mcu/
2026-03-31 21:55:54,960 [INFO] ApiDb:274 - Set plugin database path to: /opt/st/stm32cubeide_1.19.0/plugins/com.st.stm32cube.common.mx_6.15.0.202507011659//db//plugins/boardmanager/
2026-03-31 21:55:54,961 [INFO] ApiDb:261 - Set plugin images path to: /opt/st/stm32cubeide_1.19.0/plugins/com.st.stm32cube.common.mx_6.15.0.202507011659//db//plugins/mcufinder/images/
2026-03-31 21:55:54,961 [WARN] DbFile:41 - Overriding database path with different value: /home/sunbeam/.stmcufinder/plugins/mcufinder/ => /home/sunbeam/.stmcufinder/plugins/mcufinder
2026-03-31 21:55:54,961 [INFO] ApiDb:250 - Set database path to: /home/sunbeam/.stmcufinder/plugins/mcufinder//mcu/
2026-03-31 21:55:54,961 [WARN] DbFile:41 - Overriding database path with different value: /home/sunbeam/.stmcufinder/plugins/mcufinder/ => /home/sunbeam/.stmcufinder/plugins/mcufinder
2026-03-31 21:55:54,961 [INFO] DbMcusAds:125 - Set database path to: /home/sunbeam/.stmcufinder/plugins/mcufinder//mcu/
2026-03-31 21:55:54,961 [WARN] DbFile:41 - Overriding database path with different value: /home/sunbeam/.stmcufinder/plugins/mcufinder/ => /home/sunbeam/.stmcufinder/plugins/mcufinder
2026-03-31 21:55:54,961 [WARN] DbFile:41 - Overriding database path with different value: /home/sunbeam/.stmcufinder/plugins/mcufinder/ => /home/sunbeam/.stmcufinder/plugins/mcufinder
2026-03-31 21:55:55,247 [INFO] CrossReferenceDbSqlite:203 - Set database path to: /home/sunbeam/.stmcufinder/plugins/mcufinder//mcu/cs/
2026-03-31 21:55:55,276 [INFO] ApplicationProperties:184 - Using Application install path: /opt/st/stm32cubeide_1.19.0/plugins/com.st.stm32cube.common.mx_6.15.0.202507011659
2026-03-31 21:55:55,279 [INFO] PluginManage:196 - Search for loadable plugins [exclusion list=, ]
2026-03-31 21:55:55,281 [INFO] PluginManage:310 - Check plugin analytics
2026-03-31 21:55:55,659 [INFO] AnalyticsPlugin:253 - Accepted Software Licenses: 
2026-03-31 21:55:55,659 [INFO] AnalyticsPlugin:255 - Accepted CMSIS Pack Licenses: 
2026-03-31 21:55:55,659 [INFO] AnalyticsPlugin:257 - Accepted Firmware Licenses: FW.F4.1.28.0
2026-03-31 21:55:55,662 [INFO] PluginManage:359 - Loaded plugin analytics (category:tool,tabindex:-1)
2026-03-31 21:55:55,662 [INFO] PluginManage:310 - Check plugin cadmodel
2026-03-31 21:55:55,667 [INFO] CADModel:105 - Init CAD model plugin
2026-03-31 21:55:55,667 [INFO] PluginManage:359 - Loaded plugin cadmodel (category:power,tabindex:5)
2026-03-31 21:55:55,668 [INFO] PluginManage:310 - Check plugin clock
2026-03-31 21:55:55,676 [INFO] PluginManage:359 - Loaded plugin clock (category:base,tabindex:2)
2026-03-31 21:55:55,677 [INFO] PluginManage:310 - Check plugin ddr
2026-03-31 21:55:55,679 [INFO] PluginManage:359 - Loaded plugin ddr (category:tool,tabindex:6)
2026-03-31 21:55:55,679 [INFO] PluginManage:310 - Check plugin filemanager
2026-03-31 21:55:55,865 [INFO] PluginManage:359 - Loaded plugin filemanager (category:base,tabindex:10)
2026-03-31 21:55:55,865 [INFO] PluginManage:310 - Check plugin ipmanager
2026-03-31 21:55:55,871 [INFO] PluginManage:359 - Loaded plugin ipmanager (category:base,tabindex:5)
2026-03-31 21:55:55,871 [INFO] PluginManage:310 - Check plugin lpbam
2026-03-31 21:55:55,880 [INFO] PluginManage:359 - Loaded plugin lpbam (category:base,tabindex:0)
2026-03-31 21:55:55,880 [INFO] PluginManage:310 - Check plugin memorymap
2026-03-31 21:55:55,893 [INFO] PluginManage:359 - Loaded plugin memorymap (category:base,tabindex:4)
2026-03-31 21:55:55,893 [INFO] PluginManage:310 - Check plugin pinoutandconfiguration
2026-03-31 21:55:55,901 [INFO] PluginManage:359 - Loaded plugin pinoutandconfiguration (category:base,tabindex:1)
2026-03-31 21:55:55,901 [INFO] PluginManage:310 - Check plugin pinoutconfig
2026-03-31 21:55:55,978 [WARN] SupportedApi:132 - Cannot load RTOS API schema: s4s-elt-must-match.1: The content of 'definitions' must match (annotation?, (simpleType | complexType)?, (unique | key | keyref)*)). A problem was found starting at: attribute.
2026-03-31 21:55:56,098 [INFO] PluginManage:359 - Loaded plugin pinoutconfig (category:base,tabindex:0)
2026-03-31 21:55:56,098 [INFO] PluginManage:310 - Check plugin power
2026-03-31 21:55:56,106 [INFO] PluginManage:359 - Loaded plugin power (category:power,tabindex:4)
2026-03-31 21:55:56,107 [INFO] PluginManage:310 - Check plugin projectmanager
2026-03-31 21:55:56,120 [INFO] PluginManage:359 - Loaded plugin projectmanager (category:projectmanager,tabindex:4)
2026-03-31 21:55:56,120 [INFO] PluginManage:310 - Check plugin rif
2026-03-31 21:55:56,128 [INFO] PluginManage:359 - Loaded plugin rif (category:base,tabindex:3)
2026-03-31 21:55:56,129 [INFO] PluginManage:310 - Check plugin thirdparty
2026-03-31 21:55:56,234 [INFO] PluginManage:359 - Loaded plugin thirdparty (category:base,tabindex:-1)
2026-03-31 21:55:56,234 [WARN] IntegrityCheckThread:84 - waiting for thirdparty lock release [integrity check]
2026-03-31 21:55:56,234 [INFO] PluginManage:310 - Check plugin tools
2026-03-31 21:55:56,234 [INFO] IntegrityCheckThread:86 - entering critical section [integrity check]
2026-03-31 21:55:56,235 [INFO] ThirdPartyUpdaterWithRetryManager:70 - Updater plugin not ready yet. [1/15]
2026-03-31 21:55:56,236 [INFO] PluginManage:359 - Loaded plugin tools (category:base,tabindex:7)
2026-03-31 21:55:56,237 [INFO] PluginManage:310 - Check plugin tutovideos
2026-03-31 21:55:56,434 [INFO] PluginManage:359 - Loaded plugin tutovideos (category:base,tabindex:-1)
2026-03-31 21:55:56,434 [INFO] PluginManage:310 - Check plugin updater
2026-03-31 21:55:56,458 [INFO] PluginManage:359 - Loaded plugin updater (category:base,tabindex:12)
2026-03-31 21:55:56,458 [INFO] PluginManage:310 - Check plugin userauth
2026-03-31 21:55:56,462 [INFO] UserAuth:118 - Init User Auth plugin
2026-03-31 21:55:56,463 [INFO] PluginManage:359 - Loaded plugin userauth (category:base,tabindex:14)
2026-03-31 21:55:56,464 [INFO] PluginManage:283 - PluginManage : Loaded plugins [18]
2026-03-31 21:55:56,631 [INFO] PinOutPanel:1589 - setPackage(No Configuration,No Configuration)
2026-03-31 21:55:56,696 [INFO] CADModel:165 - CPN selected for project level
2026-03-31 21:55:56,696 [INFO] CADModel:114 - Register for checkConnection events
2026-03-31 21:55:56,706 [INFO] IPUIPlugin:80 - create IPUIPlugin
2026-03-31 21:55:56,706 [INFO] PluginManager:220 - loadIPPluginJar : add dfsdm
2026-03-31 21:55:56,711 [INFO] IPUIPlugin:80 - create IPUIPlugin
2026-03-31 21:55:56,711 [INFO] PluginManager:220 - loadIPPluginJar : add gfxmmu
2026-03-31 21:55:56,713 [INFO] IPUIPlugin:80 - create IPUIPlugin
2026-03-31 21:55:56,713 [INFO] PluginManager:220 - loadIPPluginJar : add i3c
2026-03-31 21:55:56,716 [INFO] IPUIPlugin:80 - create IPUIPlugin
2026-03-31 21:55:56,716 [INFO] PluginManager:220 - loadIPPluginJar : add sai
2026-03-31 21:55:56,722 [INFO] IPUIPlugin:80 - create IPUIPlugin
2026-03-31 21:55:56,722 [INFO] PluginManager:220 - loadIPPluginJar : add dma
2026-03-31 21:55:56,723 [INFO] IPUIPlugin:80 - create IPUIPlugin
2026-03-31 21:55:56,723 [INFO] PluginManager:220 - loadIPPluginJar : add quadspi
2026-03-31 21:55:56,727 [INFO] IPUIPlugin:80 - create IPUIPlugin
2026-03-31 21:55:56,727 [INFO] PluginManager:220 - loadIPPluginJar : add opamp
2026-03-31 21:55:56,728 [INFO] IPUIPlugin:80 - create IPUIPlugin
2026-03-31 21:55:56,729 [INFO] PluginManager:220 - loadIPPluginJar : add comp
2026-03-31 21:55:56,735 [INFO] IPUIPlugin:80 - create IPUIPlugin
2026-03-31 21:55:56,738 [INFO] PluginManager:220 - loadIPPluginJar : add plateformsettings
2026-03-31 21:55:56,739 [INFO] IPUIPlugin:80 - create IPUIPlugin
2026-03-31 21:55:56,739 [INFO] PluginManager:220 - loadIPPluginJar : add ltdc
2026-03-31 21:55:56,743 [INFO] IPUIPlugin:80 - create IPUIPlugin
2026-03-31 21:55:56,743 [INFO] PluginManager:220 - loadIPPluginJar : add nvic
2026-03-31 21:55:56,745 [INFO] IPUIPlugin:80 - create IPUIPlugin
2026-03-31 21:55:56,745 [INFO] PluginManager:220 - loadIPPluginJar : add fatfs
2026-03-31 21:55:56,749 [INFO] IPUIPlugin:80 - create IPUIPlugin
2026-03-31 21:55:56,749 [INFO] PluginManager:220 - loadIPPluginJar : add gpio
2026-03-31 21:55:56,751 [INFO] IPUIPlugin:80 - create IPUIPlugin
2026-03-31 21:55:56,752 [INFO] PluginManager:220 - loadIPPluginJar : add aes
2026-03-31 21:55:56,757 [INFO] IPUIPlugin:80 - create IPUIPlugin
2026-03-31 21:55:56,757 [INFO] PluginManager:220 - loadIPPluginJar : add mdma
2026-03-31 21:55:56,759 [INFO] IPUIPlugin:80 - create IPUIPlugin
2026-03-31 21:55:56,760 [INFO] PluginManager:220 - loadIPPluginJar : add pdm2pcm
2026-03-31 21:55:56,766 [INFO] IPUIPlugin:80 - create IPUIPlugin
2026-03-31 21:55:56,766 [INFO] PluginManager:220 - loadIPPluginJar : add linkedlist
2026-03-31 21:55:56,769 [INFO] IPUIPlugin:80 - create IPUIPlugin
2026-03-31 21:55:56,769 [INFO] PluginManager:220 - loadIPPluginJar : add usart
2026-03-31 21:55:56,771 [INFO] IPUIPlugin:80 - create IPUIPlugin
2026-03-31 21:55:56,771 [INFO] PluginManager:220 - loadIPPluginJar : add i2c
2026-03-31 21:55:56,773 [INFO] IPUIPlugin:80 - create IPUIPlugin
2026-03-31 21:55:56,773 [INFO] PluginManager:220 - loadIPPluginJar : add lorawan
2026-03-31 21:55:56,776 [INFO] IPUIPlugin:80 - create IPUIPlugin
2026-03-31 21:55:56,776 [INFO] PluginManager:220 - loadIPPluginJar : add usbx
2026-03-31 21:55:56,780 [INFO] IPUIPlugin:80 - create IPUIPlugin
2026-03-31 21:55:56,780 [INFO] PluginManager:220 - loadIPPluginJar : add fmc
2026-03-31 21:55:56,783 [INFO] IPUIPlugin:80 - create IPUIPlugin
2026-03-31 21:55:56,783 [INFO] PluginManager:220 - loadIPPluginJar : add extmemmanager
2026-03-31 21:55:56,788 [INFO] IPUIPlugin:80 - create IPUIPlugin
2026-03-31 21:55:56,789 [INFO] PluginManager:220 - loadIPPluginJar : add freertos
2026-03-31 21:55:56,791 [INFO] IPUIPlugin:80 - create IPUIPlugin
2026-03-31 21:55:56,791 [INFO] PluginManager:220 - loadIPPluginJar : add can
2026-03-31 21:55:56,794 [INFO] IPUIPlugin:80 - create IPUIPlugin
2026-03-31 21:55:56,794 [INFO] PluginManager:220 - loadIPPluginJar : add touchsensing
2026-03-31 21:55:56,796 [INFO] IPUIPlugin:80 - create IPUIPlugin
2026-03-31 21:55:56,796 [INFO] PluginManager:220 - loadIPPluginJar : add tracer_emb
2026-03-31 21:55:56,798 [INFO] IPUIPlugin:80 - create IPUIPlugin
2026-03-31 21:55:56,798 [INFO] PluginManager:220 - loadIPPluginJar : add ucpd
2026-03-31 21:55:56,799 [INFO] IPUIPlugin:80 - create IPUIPlugin
2026-03-31 21:55:56,799 [INFO] PluginManager:220 - loadIPPluginJar : add ts
2026-03-31 21:55:56,800 [INFO] IPUIPlugin:80 - create IPUIPlugin
2026-03-31 21:55:56,801 [INFO] PluginManager:220 - loadIPPluginJar : add tsc
2026-03-31 21:55:56,804 [INFO] IPUIPlugin:80 - create IPUIPlugin
2026-03-31 21:55:56,804 [INFO] PluginManager:220 - loadIPPluginJar : add resmgrutility
2026-03-31 21:55:56,806 [INFO] IPUIPlugin:80 - create IPUIPlugin
2026-03-31 21:55:56,806 [INFO] PluginManager:220 - loadIPPluginJar : add cryp
2026-03-31 21:55:56,809 [INFO] IPUIPlugin:80 - create IPUIPlugin
2026-03-31 21:55:56,809 [INFO] PluginManager:220 - loadIPPluginJar : add openamp
2026-03-31 21:55:56,814 [INFO] IPUIPlugin:80 - create IPUIPlugin
2026-03-31 21:55:56,814 [INFO] PluginManager:220 - loadIPPluginJar : add adc
2026-03-31 21:55:56,816 [INFO] IPUIPlugin:80 - create IPUIPlugin
2026-03-31 21:55:56,816 [INFO] PluginManager:220 - loadIPPluginJar : add spi
2026-03-31 21:55:56,819 [INFO] IPUIPlugin:80 - create IPUIPlugin
2026-03-31 21:55:56,819 [INFO] PluginManager:220 - loadIPPluginJar : add ipddr
2026-03-31 21:55:56,825 [INFO] IPUIPlugin:80 - create IPUIPlugin
2026-03-31 21:55:56,825 [INFO] PluginManager:220 - loadIPPluginJar : add stm32_wpan
2026-03-31 21:55:56,830 [INFO] IPUIPlugin:80 - create IPUIPlugin
2026-03-31 21:55:56,831 [INFO] PluginManager:220 - loadIPPluginJar : add gic
2026-03-31 21:55:56,834 [INFO] IPUIPlugin:80 - create IPUIPlugin
2026-03-31 21:55:56,834 [INFO] PluginManager:220 - loadIPPluginJar : add ddr_ctrl_phy
2026-03-31 21:55:56,835 [INFO] IPUIPlugin:80 - create IPUIPlugin
2026-03-31 21:55:56,835 [INFO] PluginManager:220 - loadIPPluginJar : add genericplugin
2026-03-31 21:55:56,837 [INFO] IPUIPlugin:80 - create IPUIPlugin
2026-03-31 21:55:56,837 [INFO] PluginManager:220 - loadIPPluginJar : add hash
2026-03-31 21:55:56,839 [INFO] IPUIPlugin:80 - create IPUIPlugin
2026-03-31 21:55:56,839 [INFO] PluginManager:220 - loadIPPluginJar : add tim
2026-03-31 21:55:56,840 [INFO] IPUIPlugin:80 - create IPUIPlugin
2026-03-31 21:55:56,841 [INFO] PluginManager:220 - loadIPPluginJar : add radio
2026-03-31 21:55:56,844 [INFO] IPUIPlugin:80 - create IPUIPlugin
2026-03-31 21:55:56,844 [INFO] PluginManager:220 - loadIPPluginJar : add gtzc
2026-03-31 21:55:56,846 [INFO] IPUIPlugin:80 - create IPUIPlugin
2026-03-31 21:55:56,846 [INFO] PluginManager:220 - loadIPPluginJar : add i2s
2026-03-31 21:55:56,848 [INFO] IPUIPlugin:80 - create IPUIPlugin
2026-03-31 21:55:56,848 [INFO] PluginManager:220 - loadIPPluginJar : add dma3
2026-03-31 21:55:56,949 [FATAL] Updater:351 - Updater called before beeing initialized
2026-03-31 21:55:56,976 [INFO] RulesReader:64 - Compatibility file has been processed (317 Rules)
2026-03-31 21:55:56,987 [INFO] RulesReader:64 - Compatibility file has been processed (317 Rules)
2026-03-31 21:55:56,994 [INFO] CADModel:165 - CPN selected for project level
2026-03-31 21:55:56,994 [INFO] CADModel:114 - Register for checkConnection events
2026-03-31 21:55:56,994 [FATAL] Updater:351 - Updater called before beeing initialized
2026-03-31 21:55:56,994 [ERROR] CADModel:125 - Updater not yet initialized, retry later 
2026-03-31 21:55:57,151 [FATAL] Updater:351 - Updater called before beeing initialized
2026-03-31 21:55:57,153 [INFO] CADModel:165 - CPN selected for project level
2026-03-31 21:55:57,153 [INFO] CADModel:114 - Register for checkConnection events
2026-03-31 21:55:57,153 [FATAL] Updater:351 - Updater called before beeing initialized
2026-03-31 21:55:57,153 [ERROR] CADModel:125 - Updater not yet initialized, retry later 
2026-03-31 21:55:57,157 [FATAL] Updater:351 - Updater called before beeing initialized
2026-03-31 21:55:57,253 [FATAL] Updater:351 - Updater called before beeing initialized
2026-03-31 21:55:57,256 [INFO] DbMcusAds:53 - JSON generation date=Thu Mar 05 20:02:52 IST 2026 (1772721172890)
2026-03-31 21:55:57,257 [FATAL] Updater:351 - Updater called before beeing initialized
2026-03-31 21:55:57,291 [WARN] DetailPanel:346 - Failed to get advertising image, set to default
2026-03-31 21:55:57,364 [FATAL] Updater:351 - Updater called before beeing initialized
2026-03-31 21:55:57,366 [FATAL] Updater:351 - Updater called before beeing initialized
2026-03-31 21:55:57,366 [FATAL] Updater:351 - Updater called before beeing initialized
2026-03-31 21:55:57,366 [WARN] DetailPanel:346 - Failed to get advertising image, set to default
2026-03-31 21:55:57,367 [FATAL] Updater:351 - Updater called before beeing initialized
2026-03-31 21:55:57,407 [ERROR] Updater:1198 - MainUpdater not yet initialized. External WinMGr cannot be set.
2026-03-31 21:55:57,409 [INFO] Updater:1134 - Updater Version found : 6.15.0
2026-03-31 21:55:57,427 [INFO] ApplicationProperties:184 - Using Application install path: /opt/st/stm32cubeide_1.19.0/plugins/com.st.stm32cube.common.mx_6.15.0.202507011659
2026-03-31 21:55:58,240 [INFO] MainUpdater:2872 - connection check result : 10
2026-03-31 21:55:58,241 [INFO] MainUpdater:289 - Updater Check For Update Now.
2026-03-31 21:55:58,241 [INFO] MicroXplorer:498 - Change Database Version : DB.6.0.150
2026-03-31 21:55:58,250 [INFO] McuFinderGlobals:63 - Set McuFinder mode to 2 (CubeIDE integrated)
2026-03-31 21:55:58,250 [INFO] UserAuth:171 - activating auth plugin
2026-03-31 21:55:58,255 [INFO] UserAuth:487 - Internet connection configuration mode: 1
2026-03-31 21:55:58,291 [INFO] JxBrowserEngine:152 - Initiate JxBrowser Engine with user profile folder
2026-03-31 21:55:58,478 [INFO] CheckServerUpdateThread:120 - End of CheckServer Thread
2026-03-31 21:55:59,450 [WARN] PackLoader:240 - Cannot read IP mode file for STMicroelectronics.FP-SNS-MOTENVWB1.1.4.0
2026-03-31 21:55:59,460 [WARN] PackLoader:240 - Cannot read IP mode file for STMicroelectronics.FP-ATR-ASTRA1.2.0.2
2026-03-31 21:55:59,469 [WARN] PackLoader:240 - Cannot read IP mode file for STMicroelectronics.X-CUBE-SMBUS.2.1.0
2026-03-31 21:55:59,474 [WARN] PackLoader:240 - Cannot read IP mode file for STMicroelectronics.X-CUBE-ST60.1.0.0
2026-03-31 21:55:59,512 [WARN] PackLoader:240 - Cannot read IP mode file for STMicroelectronics.X-CUBE-AZRTOS-F7.1.1.0
2026-03-31 21:55:59,522 [WARN] PackLoader:240 - Cannot read IP mode file for STMicroelectronics.FP-SNS-MOTENV1.5.1.0
2026-03-31 21:55:59,553 [WARN] PackLoader:240 - Cannot read IP mode file for Infineon.AIROC-Wi-Fi-Bluetooth-STM32.1.7.1
2026-03-31 21:55:59,579 [INFO] WebApp:169 - Instantiating new browser for Auth
2026-03-31 21:55:59,590 [WARN] PackLoader:240 - Cannot read IP mode file for STMicroelectronics.X-CUBE-AZRTOS-H7.3.4.0
2026-03-31 21:55:59,603 [WARN] PackLoader:240 - Cannot read IP mode file for STMicroelectronics.X-CUBE-DISPLAY.3.0.0
2026-03-31 21:55:59,614 [WARN] PackLoader:240 - Cannot read IP mode file for STMicroelectronics.FP-SNS-MOTENVWB1.1.5.0
2026-03-31 21:55:59,623 [WARN] PackLoader:240 - Cannot read IP mode file for STMicroelectronics.X-CUBE-NFC10.1.0.0
2026-03-31 21:55:59,637 [WARN] PackLoader:240 - Cannot read IP mode file for STMicroelectronics.X-CUBE-BLEMGR.4.0.0
2026-03-31 21:55:59,645 [WARN] PackLoader:240 - Cannot read IP mode file for STMicroelectronics.X-CUBE-ST60.1.1.0
2026-03-31 21:55:59,652 [WARN] PackLoader:240 - Cannot read IP mode file for emotas.I-CUBE-CANOPEN.1.3.0
2026-03-31 21:55:59,659 [WARN] PackLoader:240 - Cannot read IP mode file for STMicroelectronics.X-CUBE-GNSS1.7.1.0
2026-03-31 21:55:59,664 [WARN] ConditionMgr:438 - getConditionDescription Invalid condition id : Cortex-A Device cause : null
2026-03-31 21:55:59,677 [WARN] ConditionMgr:1044 - genDependencies : Invalid condition id : Cortex-A Device cause : null
2026-03-31 21:55:59,677 [WARN] ConditionMgr:1044 - genDependencies : Invalid condition id : Cortex-A Device cause : null
2026-03-31 21:55:59,677 [WARN] ConditionMgr:1044 - genDependencies : Invalid condition id : Cortex-A Device cause : null
2026-03-31 21:55:59,686 [WARN] PackLoader:240 - Cannot read IP mode file for STMicroelectronics.FP-SNS-STBOX1.2.1.0
2026-03-31 21:55:59,693 [WARN] PackLoader:240 - Cannot read IP mode file for STMicroelectronics.FP-SNS-SMARTAG2.1.2.0
2026-03-31 21:55:59,697 [WARN] PackLoader:240 - Cannot read IP mode file for STMicroelectronics.FP-SNS-FLIGHT1.5.1.0
2026-03-31 21:55:59,708 [INFO] LogOutputStream:77 - [STDOUT_REDIRECT] 1 : Invalid condition id : UX_CORESTACK_Condition cause : null
2026-03-31 21:55:59,708 [INFO] LogOutputStream:77 - [STDOUT_REDIRECT] 1 : Invalid condition id : UX_CORESTACK_Condition cause : null
2026-03-31 21:55:59,709 [INFO] LogOutputStream:77 - [STDOUT_REDIRECT] 1 : Invalid condition id : UX_CORESTACK_Condition cause : null
2026-03-31 21:55:59,709 [INFO] LogOutputStream:77 - [STDOUT_REDIRECT] 1 : Invalid condition id : UX_CORESTACK_Condition cause : null
2026-03-31 21:55:59,709 [INFO] LogOutputStream:77 - [STDOUT_REDIRECT] 1 : Invalid condition id : UX_CORESTACK_Condition cause : null
2026-03-31 21:55:59,713 [WARN] PackLoader:240 - Cannot read IP mode file for STMicroelectronics.X-CUBE-AZRTOS-WL.2.0.0
2026-03-31 21:55:59,718 [WARN] PackLoader:240 - Cannot read IP mode file for STMicroelectronics.FP-SNS-MOTENV1.5.0.0
2026-03-31 21:55:59,756 [WARN] PackLoader:240 - Cannot read IP mode file for STMicroelectronics.X-CUBE-AZRTOS-H7RS.1.2.0
2026-03-31 21:55:59,775 [WARN] PackLoader:240 - Cannot read IP mode file for WES.I-CUBE-Cesium.1.3.0
2026-03-31 21:55:59,786 [WARN] PackLoader:240 - Cannot read IP mode file for STMicroelectronics.X-CUBE-BLE2.3.3.0
2026-03-31 21:55:59,804 [WARN] PackLoader:240 - Cannot read IP mode file for STMicroelectronics.X-CUBE-NFC9.1.0.0
2026-03-31 21:55:59,811 [WARN] PackLoader:240 - Cannot read IP mode file for wolfSSL.I-CUBE-wolfSSL.5.8.0
2026-03-31 21:55:59,816 [WARN] PackLoader:240 - Cannot read IP mode file for STMicroelectronics.X-CUBE-BLE1.7.1.0
2026-03-31 21:55:59,820 [WARN] PackLoader:240 - Cannot read IP mode file for wolfSSL.I-CUBE-wolfMQTT.1.19.2
2026-03-31 21:55:59,828 [WARN] PackLoader:240 - Cannot read IP mode file for STMicroelectronics.X-CUBE-FREERTOS.1.4.0
2026-03-31 21:55:59,835 [WARN] PackLoader:240 - Cannot read IP mode file for STMicroelectronics.X-CUBE-EEPRMA1.5.2.0
2026-03-31 21:55:59,845 [WARN] PackLoader:240 - Cannot read IP mode file for STMicroelectronics.X-CUBE-ST67W61.1.1.0
2026-03-31 21:55:59,849 [WARN] PackLoader:240 - Cannot read IP mode file for STMicroelectronics.X-CUBE-AI.10.1.0
2026-03-31 21:55:59,933 [WARN] PackLoader:240 - Cannot read IP mode file for STMicroelectronics.X-CUBE-MEMS1.12.0.0
2026-03-31 21:56:00,040 [WARN] PackLoader:240 - Cannot read IP mode file for STMicroelectronics.X-CUBE-AZRTOS-G0.1.1.0
2026-03-31 21:56:00,045 [WARN] PackLoader:240 - Cannot read IP mode file for STMicroelectronics.X-CUBE-SAFEA1.1.2.2
2026-03-31 21:56:00,050 [WARN] PackLoader:240 - Cannot read IP mode file for STMicroelectronics.X-CUBE-NFC4.3.0.0
2026-03-31 21:56:00,056 [WARN] PackLoader:240 - Cannot read IP mode file for EmbeddedOffice.I-CUBE-FS-RTOS.1.0.1
2026-03-31 21:56:00,061 [WARN] PackLoader:240 - Cannot read IP mode file for STMicroelectronics.X-CUBE-WB05N.2.0.0
2026-03-31 21:56:00,064 [WARN] PackLoader:240 - Cannot read IP mode file for wolfSSL.I-CUBE-wolfTPM.3.8.0
2026-03-31 21:56:00,069 [WARN] PackLoader:240 - Cannot read IP mode file for STMicroelectronics.X-CUBE-TCPP.4.2.0
2026-03-31 21:56:00,073 [WARN] PackLoader:240 - Cannot read IP mode file for RealThread.X-CUBE-RT-Thread_Nano.4.1.1
2026-03-31 21:56:00,075 [WARN] PackLoader:240 - Cannot read IP mode file for STMicroelectronics.FP-ATR-SIGFOX1.3.2.0
2026-03-31 21:56:00,080 [WARN] PackLoader:240 - Cannot read IP mode file for STMicroelectronics.X-CUBE-EEPRMA1.5.1.0
2026-03-31 21:56:00,085 [WARN] PackLoader:240 - Cannot read IP mode file for ITTIA_DB.I-CUBE-ITTIADB.8.9.0
2026-03-31 21:56:00,091 [WARN] PackLoader:240 - Cannot read IP mode file for STMicroelectronics.X-CUBE-NFC6.3.2.0
2026-03-31 21:56:00,096 [WARN] PackLoader:240 - Cannot read IP mode file for STMicroelectronics.X-CUBE-ST67W61.1.0.0
2026-03-31 21:56:00,099 [WARN] PackLoader:240 - Cannot read IP mode file for STMicroelectronics.X-CUBE-AI.10.2.0
2026-03-31 21:56:00,117 [WARN] PackLoader:240 - Cannot read IP mode file for SEGGER.I-CUBE-embOS.1.3.1
2026-03-31 21:56:00,175 [WARN] PackLoader:240 - Cannot read IP mode file for STMicroelectronics.X-CUBE-ALGOBUILD.1.4.0
2026-03-31 21:56:00,219 [WARN] PackLoader:240 - Cannot read IP mode file for STMicroelectronics.X-CUBE-MEMS1.11.3.0
2026-03-31 21:56:00,310 [WARN] PackLoader:240 - Cannot read IP mode file for STMicroelectronics.X-CUBE-PM33A1.1.0.0
2026-03-31 21:56:00,321 [WARN] PackLoader:240 - Cannot read IP mode file for STMicroelectronics.X-CUBE-AZRTOS-F4.1.1.0
2026-03-31 21:56:00,326 [WARN] PackLoader:240 - Cannot read IP mode file for Avnet-IotConnect.X-CUBE-IoTC-DA16k-PMOD.1.0.0
2026-03-31 21:56:00,329 [WARN] PackLoader:240 - Cannot read IP mode file for STMicroelectronics.X-CUBE-ISPU.2.1.0
2026-03-31 21:56:00,338 [WARN] PackLoader:240 - Cannot read IP mode file for STMicroelectronics.X-CUBE-IPS.3.2.0
2026-03-31 21:56:00,348 [WARN] PackLoader:240 - Cannot read IP mode file for STMicroelectronics.X-CUBE-NFC12.1.0.0
2026-03-31 21:56:00,360 [WARN] PackLoader:240 - Cannot read IP mode file for STMicroelectronics.X-CUBE-AZRTOS-L5.2.0.0
2026-03-31 21:56:00,368 [WARN] PackLoader:240 - Cannot read IP mode file for STMicroelectronics.X-CUBE-NFC6.3.1.0
2026-03-31 21:56:00,373 [WARN] PackLoader:240 - Cannot read IP mode file for STMicroelectronics.X-CUBE-FREERTOS.1.3.1
2026-03-31 21:56:00,378 [WARN] PackLoader:240 - Cannot read IP mode file for STMicroelectronics.X-CUBE-TOUCHGFX.4.26.0
2026-03-31 21:56:00,383 [WARN] PackLoader:240 - Cannot read IP mode file for STMicroelectronics.FP-SNS-STAIOTCFT.1.0.0
2026-03-31 21:56:00,387 [WARN] PackLoader:240 - Cannot read IP mode file for STMicroelectronics.X-CUBE-DPower.1.3.0
2026-03-31 21:56:00,403 [WARN] ConditionMgr:438 - getConditionDescription Invalid condition id : LAN8742 Phy interface Condition cause : null
2026-03-31 21:56:00,403 [WARN] PackLoader:240 - Cannot read IP mode file for STMicroelectronics.X-CUBE-AZRTOS-L4.2.0.0
2026-03-31 21:56:00,404 [WARN] ConditionMgr:1044 - genDependencies : Invalid condition id : LAN8742 Phy interface Condition cause : null
2026-03-31 21:56:00,405 [WARN] ConditionMgr:1044 - genDependencies : Invalid condition id : LAN8742 Phy interface Condition cause : null
2026-03-31 21:56:00,405 [WARN] ConditionMgr:1044 - genDependencies : Invalid condition id : LAN8742 Phy interface Condition cause : null
2026-03-31 21:56:00,414 [WARN] PackLoader:240 - Cannot read IP mode file for STMicroelectronics.X-CUBE-SFXS2LP1.4.0.0
2026-03-31 21:56:00,422 [WARN] PackLoader:240 - Cannot read IP mode file for STMicroelectronics.X-CUBE-ST67W61.1.2.0
2026-03-31 21:56:00,456 [WARN] PackLoader:240 - Cannot read IP mode file for STMicroelectronics.X-CUBE-BLEMGR.4.1.0
2026-03-31 21:56:00,476 [WARN] ConditionMgr:438 - getConditionDescription Invalid condition id : UX DEVICE CLASS RTOS Condition cause : null
2026-03-31 21:56:00,476 [WARN] ConditionMgr:438 - getConditionDescription Invalid condition id : UX DEVICE CLASS RTOS Condition cause : null
2026-03-31 21:56:00,480 [WARN] PackLoader:240 - Cannot read IP mode file for STMicroelectronics.X-CUBE-AZRTOS-WB.2.0.0
2026-03-31 21:56:00,491 [WARN] ConditionMgr:1044 - genDependencies : Invalid condition id : UX DEVICE CLASS RTOS Condition cause : null
2026-03-31 21:56:00,491 [WARN] ConditionMgr:1044 - genDependencies : Invalid condition id : UX DEVICE CLASS RTOS Condition cause : null
2026-03-31 21:56:00,492 [WARN] ConditionMgr:1044 - genDependencies : Invalid condition id : UX DEVICE CLASS RTOS Condition cause : null
2026-03-31 21:56:00,492 [WARN] ConditionMgr:1044 - genDependencies : Invalid condition id : UX DEVICE CLASS RTOS Condition cause : null
2026-03-31 21:56:00,492 [WARN] ConditionMgr:1044 - genDependencies : Invalid condition id : UX DEVICE CLASS RTOS Condition cause : null
2026-03-31 21:56:00,500 [WARN] PackLoader:240 - Cannot read IP mode file for STMicroelectronics.X-CUBE-GNSS1.7.0.1
2026-03-31 21:56:00,504 [WARN] PackLoader:240 - Cannot read IP mode file for STMicroelectronics.X-CUBE-TOUCHGFX.4.25.0
2026-03-31 21:56:00,509 [WARN] PackLoader:240 - Cannot read IP mode file for STMicroelectronics.FP-SNS-STBOX1.2.0.0
2026-03-31 21:56:00,517 [WARN] PackLoader:240 - Cannot read IP mode file for STMicroelectronics.X-CUBE-STSE01.2.0.0
2026-03-31 21:56:00,528 [WARN] PackLoader:240 - Cannot read IP mode file for STMicroelectronics.X-CUBE-SUBG2.5.0.0
2026-03-31 21:56:00,556 [WARN] PackLoader:240 - Cannot read IP mode file for STMicroelectronics.X-CUBE-AZRTOS-H7RS.1.1.0
2026-03-31 21:56:00,562 [WARN] PackLoader:240 - Cannot read IP mode file for Cesanta.I-CUBE-Mongoose.7.13.0
2026-03-31 21:56:00,582 [WARN] PackLoader:240 - Cannot read IP mode file for STMicroelectronics.X-CUBE-AZRTOS-G4.2.0.0
2026-03-31 21:56:00,588 [WARN] PackLoader:240 - Cannot read IP mode file for wolfSSL.I-CUBE-wolfSSH.1.4.20
2026-03-31 21:56:00,595 [WARN] PackLoader:240 - Cannot read IP mode file for STMicroelectronics.X-CUBE-NFC7.2.0.0
2026-03-31 21:56:00,612 [WARN] PackLoader:240 - Cannot read IP mode file for STMicroelectronics.X-CUBE-IPS.3.1.0
2026-03-31 21:56:00,626 [WARN] PackLoader:240 - Cannot read IP mode file for STMicroelectronics.X-CUBE-ALS.1.0.2
2026-03-31 21:56:00,635 [WARN] PackLoader:240 - Cannot read IP mode file for STMicroelectronics.X-CUBE-STSE01.1.0.0
2026-03-31 21:56:00,644 [WARN] PackLoader:240 - Cannot read IP mode file for portGmbH.I-Cube-SoM-uGOAL.1.1.0
2026-03-31 21:56:00,656 [WARN] PackLoader:240 - Cannot read IP mode file for STMicroelectronics.X-CUBE-TOF1.3.4.3
2026-03-31 21:56:00,670 [INFO] ThirdParty:978 - Integrity check success = true
2026-03-31 21:56:00,671 [INFO] IntegrityCheckThread:100 - exiting critical section [integrity check]
2026-03-31 21:56:00,671 [INFO] IntegrityCheckThread:103 - End integrity checks thread
2026-03-31 21:56:00,677 [INFO] WebApp:463 - Apply proxy settings
2026-03-31 21:56:00,677 [INFO] WebApp:548 - Chromium requires no authentication
2026-03-31 21:56:00,686 [INFO] WebApp:491 - Direct internet connection detected
2026-03-31 21:56:00,706 [INFO] WebApp:900 - Register for checkConnection events
2026-03-31 21:56:00,706 [INFO] WebApp:463 - Apply proxy settings
2026-03-31 21:56:00,706 [INFO] WebApp:548 - Chromium requires no authentication
2026-03-31 21:56:00,707 [INFO] WebApp:491 - Direct internet connection detected
2026-03-31 21:56:00,844 [INFO] WebApp:225 - Starting web application
2026-03-31 21:56:00,844 [INFO] WebApp:593 - Web application path used /opt/st/stm32cubeide_1.19.0/plugins/com.st.stm32cube.common.mx_6.15.0.202507011659/db/plugins/mcufinder/reactClient1/index.html
2026-03-31 21:56:01,709 [INFO] WebApp:191 - Connection restablished
2026-03-31 22:39:18,550 [INFO] WebApp:194 - Connection lost
2026-03-31 22:39:25,014 [INFO] WebApp:191 - Connection restablished
2026-03-31 22:39:28,385 [INFO] WebApp:194 - Connection lost
2026-03-31 22:39:28,652 [INFO] WebApp:191 - Connection restablished
2026-03-31 22:48:03,331 [ERROR] LogOutputStream:75 - [STDERR_REDIRECT] 
